id_developer,developer
1,Valve
2,Respawn
3,Pubg Corporation
4,Pocketpair
5,"Treyarch, Raven Software, Beenox, High Moon Studios, Activision Shanghai, Sledgehammer Games, Infinity Ward, Demonware, Toys For Bob"
6,Amazon Games
7,Game Science
8,Rockstar North
9,Smartly Dressed Games
10,Smilegate Rpg
11,Gaijin Entertainment
12,"Capcom Co., Ltd."
13,Arrowhead Game Studios
14,Digital Extremes
15,"Fromsoftware, Inc."
16,Re-Logic
17,Grinding Gear Games
18,Wallpaper Engine Team
19,Larian Studios
20,Blue Mammoth Games
21,Facepunch Studios
22,Bungie
23,Ubisoft Montreal
24,Wargaming Group Limited
25,"Studio Wildcard, Instinct Games, Efecto Studios, Virtual Basement Llc"
26,Concernedape
27,Endnight Games Ltd
28,My.Games
29,Overkill - A Starbreeze Studio.
30,"Rockstar North, Rockstar Toronto"
31,Eleventh Hour Games
32,Cd Projekt Red
33,Behaviour Interactive Inc.
34,Avalanche Software
35,Vrchat Inc.
36,Innersloth
37,Mediatonic
38,"Gearbox Software, Aspyr (Mac), Aspyr (Linux)"
39,Scs Software
40,Iron Gate Ab
41,Kinetic Games
42,Evil Mojo Games
43,24 Entertainment
44,Tlm Partners
45,Psyonix Llc
46,The Indie Stone
47,Zeekerss
48,Rockstar Games
49,Dice
50,343 Industries
51,Redbeet Interactive
52,Titan Forge Games
53,Tvgs
54,Aurora Studio
55,Maxis
56,"Valofe, Ns Studio"
57,Klei Entertainment
58,Techland
59,No Brakes Games
60,The Fun Pimps
61,Konami
62,Crazy Rocks Studios
63,Daybreak Game Company
64,Crytek
65,Megame Llc
66,Bohemia Interactive
67,Crate Entertainment
68,Colossal Order
69,Taleworlds Entertainment
70,"Firaxis Games, Aspyr (Mac), Aspyr (Linux)"
71,Gamigo Us Inc.
72,Bethesda Game Studios
73,"Dontnod Entertainment, Feral Interactive (Mac), Feral Interactive (Linux)"
74,Owlcat Games
75,Semiwork
76,Coffee Stain Studios
77,Visual Concepts
78,Hopoo Games
79,Ea Canada &Amp; Ea Romania
80,The Behemoth
81,Rogue Planet Games
82,Paradox Development Studio
83,Robtop Games
84,No More Room In Hell Team
85,"Crystal Dynamics, Eidos-Montréal, Feral Interactive (Mac), Nixxes"
86,Hello Games
87,Team Cherry
88,Freejam
89,World Makers
90,Beamng
91,Gone North Games
92,Unknown Worlds Entertainment
93,Clifftop Games
94,Drinkbox Studios
95,"Zorro, Wilnyl, Philip, Thepethen, Skog"
96,"Treyarch, Aspyr (Mac)"
97,Splash Damage
98,Rare Ltd
99,Obsidian Entertainment
100,"Nicalis, Inc., Edmund Mcmillen"
101,Northwood Studios
102,Infinity Ward
103,Pearl Abyss
104,"Arsi ""Hakita"" Patala"
105,Hazelight Studios
106,"Ea Canada, Ea Romania"
107,Saber Interactive
108,Torn Banner Studios
109,Zenimax Online Studios
110,Kunos Simulazioni
111,"Firaxis Games, Feral Interactive (Mac), Feral Interactive (Linux)"
112,Poncle
113,Player First Games
114,"Paradox Development Studio, Paradox Tinto"
115,Playsaurus
116,"Expansive Worlds, Avalanche Studios"
117,Id Software
118,Turtle Rock Studios
119,Dani
120,Kog
121,Broadsword
122,Blender Foundation
123,Playground Games
124,Supergiant Games
125,"Sgtokidoki, Vilaskis, Theliquidhorse"
126,Wube Software Ltd.
127,"Skybox Labs, Hidden Path Entertainment, Ensemble Studios, Forgotten Empires"
128,"Relic Entertainment, Feral Interactive (Mac), Feral Interactive (Linux)"
129,Heroic Leap Games
130,"Creative Assembly, Feral Interactive (Mac), Feral Interactive (Linux)"
131,Tobyfox
132,"343 Industries, Splash Damage, Ruffian Games, Bungie, Saber Interactive"
133,Mega Crit
134,Motion Twin
135,Studio Mdhr Entertainment Inc.
136,Mestiez
137,Nimble Neuron
138,"Introversion Software, Double Eleven"
139,Team Psykskallar
140,Gamepires
141,1047 Games
142,Scopely
143,Cryptic Studios
144,8Floor
145,Team Salvato
146,Sports Interactive
147,Stunlock Studios
148,Fishsoft Llc
149,Ghost Ship Games
150,Ludeon Studios
151,"Valve, Nexon"
152,Yager
153,Io Interactive A/S
154,Respawn Entertainment
155,Fredaikis Ab
156,Tarsier Studios
157,Expansive Worlds
158,Massive Entertainment
159,Running With Scissors
160,Monolith Productions
161,Hyper Hippo Games
162,"Funcom, Inflexion Games"
163,Mintrocket
164,"Ubisoft Montreal, Ubisoft Quebec, Ubisoft Toronto, Blue Byte"
165,Edge Of Reality
166,Void Interactive
167,Little Orbit
168,Bluetwelve Studio
169,Deep Silver Volition
170,Fishing Planet Llc
171,Avalanche Studios
172,Tortuga Team
173,4A Games
174,Eagle Dynamics Sa
175,"Santa Monica Studio, Jetpack Interactive"
176,Targem Games
177,"Ubisoft Quebec, Ubisoft Montreal, Ubisoft Bucharest, Ubisoft Singapore, Ubisoft Montpellier, Ubisoft Kiev, Ubisoft Shanghai"
178,Mob Entertainment
179,Ninja Kiwi
180,Volition
181,Red Hook Studios
182,Sandbox Interactive Gmbh
183,"Victor Solodilov, Denis Novikov"
184,Chucklefish
185,Pandemic Studios
186,Landfall
187,"Infinity Ward, Sledgehammer Games"
188,Square Enix
189,Ghost Games
190,Gaming Corps Ab
191,Tripwire Interactive
192,"Bethesda Game Studios, Virtuos"
193,11 Bit Studios
194,"World'S Edge, Forgotten Empires, Captureage, Tantalus Media, Wicked Witch, Feral Interactive"
195,Frictional Games
196,Jesse Makkonen
197,Subset Games
198,Berserk Games
199,Dodge Roll
200,Vostok Games
201,Centerpoint Gaming
202,Empyrean
203,Treyarch
204,Playdead
205,"Popcap Games, Inc."
206,Recreate Games
207,Standing Stone Games
208,Beat Games
209,Quantic Dream
210,"Insomniac Games, Nixxes Software"
211,Arkane Studios
212,Scott Cawthon
213,Free Lives
214,Ccp
215,"Ubisoft Montreal, Red Storm, Ubisoft Shanghai, Ubisoft Toronto, Ubisoft Kiev"
216,"2K Boston, 2K Australia"
217,Sharkmob Ab
218,Keen Games Gmbh
219,Gearbox Software
220,"Io Interactive A/S, Feral Interactive (Linux), Feral Interactive (Mac)"
221,Landfall West
222,"Darkflow Software, Matter Team"
223,Stumpy
224,Kagami Ⅱ Works
225,Rocksteady Studios
226,Localthunk
227,"Ubisoft Montreal, Red Storm, Shanghai, Toronto, Kiev"
228,Runic Games
229,Sandfall Interactive
230,Keen Software House
231,Youthcat Studio
232,Deaddevstellnolies
233,Bandai Namco Studios Inc.
234,Bend Studio
235,"2K Australia, Gearbox Software, Aspyr (Linux)"
236,Squad
237,"Creative Assembly, Feral Interactive"
238,Fistful Of Frags Team
239,Dennaton Games
240,"Antimatter Games, Tripwire Interactive"
241,Kw Studios
242,"Free Reign Entertainment, Free Reign Entertainment"
243,Fatshark
244,Moon Studios Gmbh
245,Frontier Developments
246,Hidden Variable Studios
247,Telltale Games
248,"Boneloaf, Rocket Science"
249,Playwing Ltd
250,Warhorse Studios
251,Ubisoft
252,"Firaxis Games, Feral Interactive (Linux)"
253,System Era Softworks
254,Muse Games
255,"Netherrealm Studios, Qloc"
256,Atelier 801
257,Grey Havens
258,Vanripper
259,"Ubisoft Paris, Ubisoft Annecy, Ubisoft Bucharest, Ubisoft Montpellier, Ubisoft Milan, Reflections, Ubisoft Belgrade"
260,Colibri Games
261,Frozenbyte
262,Rebuilt Games
263,Axolot Games
264,Expression Games
265,"2K Boston, 2K Australia, Blind Squirrel, Feral Interactive (Mac)"
266,2K Czech
267,"Orteil, Dashnet"
268,Slavic Magic
269,Pixelmouse
270,Relic Entertainment
271,"Madfinger Games, A.S."
272,Flying Wild Hog
273,"Machinegames, Arkane Studios"
274,"Netherrealm Studios, Qloc, Shiver"
275,Raptor Byte
276,Arc System Works
277,"Toadman Interactive, Artplant"
278,Noble Empire Corp.
279,Trion Worlds
280,"Noio, Licorice"
281,Curve Animation
282,Lo-Fi Games
283,Bennett Foddy
284,Bloober Team Sa
285,Conchship Games
286,Red Barrels
287,Anegar Games
288,Crowbar Collective
289,Illfonic
290,Gunfire Games
291,"Fancy Games, Blackbird Interactive"
292,Io-Interactive A/S
293,Booming Tech
294,Sega
295,Blobfish
296,Interplay Inc.
297,"Cygames, Inc."
298,Chromatic Games
299,"Ironclad Games Corporation, Stardock Entertainment"
300,Platinumgames
301,New World Interactive
302,"Ghost Town Games Ltd., Team17"
303,"Crystal Dynamics, Eidos-Montréal, Feral Interactive (Mac), Feral Interactive (Linux), Nixxes"
304,"Irrational Games, Virtual Programming (Linux)"
305,"Imcgames Co.,Ltd."
306,Lucas Pope
307,Triternion
308,Ivory Tower
309,Capcom
310,Crytek Studios
311,Shawn Hitchcock
312,"Studio Wildcard, Grove Street Games, Instinct Games"
313,Rec Room
314,Fntastic
315,"Square Enix, Platinumgames Inc."
316,Hinterland Studio Inc.
317,"Iron Lore Entertainment, Thq Nordic"
318,Criterion Games
319,Leppsoft
320,Playtika Ltd.
321,Webzen Inc.
322,Evil Tortilla Games
323,Straight Back Games
324,鬼谷工作室
325,"Qloc, Fromsoftware, Inc."
326,Starbreeze Studios
327,Stainless Games Ltd.
328,Ensemble Studios
329,Tuxedo Labs
330,Nadeo
331,Rockstar New England
332,Nolla Games
333,Massive Monster
334,Galactic Cafe
335,Rebellion
336,Masangsoft
337,Asobo Studio
338,Numantian Games
339,"Team17, Mouldy Toof Studios"
340,Valofe
341,Robot Entertainment
342,U.S. Army
343,Nokta Games
344,"Codemasters, Feral Interactive (Linux)"
345,Giants Software
346,Shiro Games
347,Doubledutch Games
348,Daniel Mullins Games
349,"Blacklight Interactive, Team17"
350,Nabi Studios
351,"Wb Games Montreal, Splash Damage"
352,"Dragonfly Gf Co., Ltd"
353,Maxis™
354,"Ubisoft Montreal, Massive Entertainment, And Ubisoft Shanghai"
355,Gunfire Reborn Studio
356,Vikingfabian
357,"Carx Technologies, Llc"
358,Ninja Theory
359,Remedy Entertainment
360,"Kaos Studios, Digital Extremes"
361,（Hong Kong）Gkd
362,Kagami Works
363,Peropero
364,Primal
365,Machinegames
366,Wishlist Games
367,"Iceflake Studios, Colossal Order"
368,"World'S Edge, Relic Entertainment, Forgotten Empires, Climax Studios"
369,"Gunfire Games, Vigil Games, Thq Nordic"
370,1939 Games
371,Frvr
372,"Codemasters, Feral Interactive (Linux), Feral Interactive (Mac)"
373,Bioware
374,Rockstar North / Toronto
375,Creepy Jar
376,Bedtime Digital Games
377,Ubisoft Entertainment
378,Novalink
379,Shining Rock Software Llc
380,Campo Santo
381,"Proletariat, Inc."
382,Za/Um
383,Offworld
384,Team Meat
385,Microblast Games
386,"Wiplegames Inc.,"
387,Star Gem Inc.
388,"Team Bondi, Rockstar Leeds"
389,Croteam
390,Arenanet®
391,"Koei Tecmo Games Co., Ltd."
392,Undead Labs
393,Thunder Lotus
394,Double Fine Productions
395,Mike Klubnika
396,"Haemimont Games, Abstraction"
397,"Frontier Developments, Aspyr (Mac)"
398,Imgn.Pro
399,"Maddy Makes Games Inc., Extremely Ok Games, Ltd."
400,Ironward
401,Smg Studio
402,Gsc Game World
403,X-Legend
404,Fabio Ferrara
405,Cyberconnect2 Co. Ltd.
406,Rockstar Studios
407,"The Sims Studio, Maxis"
408,Askiisoft
409,Vigil Games
410,"Eidos Montreal, Feral Interactive (Linux/Mac)"
411,Monomi Park
412,Eidos Montreal
413,Ironoak Games
414,"United Front Games, Feral Interactive (Mac)"
415,"Skybox Labs, Ensemble Studios, Forgotten Empires"
416,Red Dot Games
417,"Spike Chunsoft Co., Ltd."
418,Firaxis Games
419,Freakinware Studios
420,Drakeling Labs
421,Bippinbits
422,"2K Marin, 2K China, Digital Extremes, 2K Australia, Blind Squirrel, Feral Interactive (Mac)"
423,Bay 12 Games
424,"Relic Entertainment, Feral Interactive (Mac/Linux)"
425,Ths
426,2K Marin
427,"Sucker Punch Productions, Nixxes Software"
428,"Fakefish, Undertow Games"
429,Digital Sun
430,Piranha Games Inc.
431,Bethesda Game Studios®
432,Landon Podbielski
433,"One More Level, 3D Realms, Slipgate Ironworks™, All In! Games"
434,Jagex Ltd
435,Netease Games
436,Harebrained Schemes
437,Creaky Corpse Ltd
438,Microsoft Game Studios
439,Gray Matter Studios
440,"Deck Nine, Feral Interactive (Mac), Feral Interactive (Linux)"
441,"Ubisoft Quebec, In Collaboration With Ubisoft Annecy, Bucharest, Kiev, Montreal, Montpellier, Shanghai, Singapore, Sofia, Toronto Studios"
442,Ea Redwood Shores
443,Ronimo Games
444,"Lion Games Co., Ltd."
445,"Eidos-Montréal, Crystal Dynamics, Nixxes, Feral Interactive (Mac), Feral Interactive (Linux)"
446,Blackspot Entertainment
447,Veewo Games
448,Norsfell
449,People Can Fly
450,Bandai Namco Studios
451,Complex Games
452,Freebird Games
453,Naivus Luo
454,Snoutup
455,Devcat
456,"Hangar 13, D3T"
457,Team Fractal Alligator
458,Atlus
459,Pieces Interactive
460,Pocketwatch Games
461,Opneon Games
462,7Th Beat Games
463,Relentless Studios
464,Tango Gameworks
465,Onyx Lute
466,"Noah System, Mgame"
467,Amplitude Studios
468,Ubisoft San Francisco
469,10 Chambers
470,Spearhead Games
471,Dontnod Entertainment
472,Soleil Ltd.
473,"Bioware, Aspyr (Mac)"
474,"Sledgehammer Games, Raven Software"
475,Techworld Communication
476,Nomada Studio
477,Duhndal
478,Openttd
479,Clever Endeavour Games
480,Spiderling Studios
481,Free Reign Entertainment
482,Carbon Games
483,Haemimont Games
484,Ammobox Studios
485,Ddnet Team
486,Futurlab
487,Piranha Bytes
488,Another Axiom Inc.
489,Lavaflame2
490,Ndemic Creations
491,Alex Piola
492,Steel Crate Games
493,Superhot Team
494,"Ubisoft Montreal, Ubisoft Kiev, Ubisoft Shanghai"
495,Greenheart Games
496,Cyberlight Game Studio
497,"Creative Assembly, Feral Interactive (Linux), Feral Interactive (Mac)"
498,"Limbic Entertainment, Realmforge Studios"
499,"Petroglyph, Lemon Sky Studios"
500,Codename Entertainment Inc.
501,"Lion Shield, Llc"
502,Meta Fork
503,Blackmill Games
504,"Eidos-Montréal, Feral Interactive (Mac)"
505,Steelraven7
506,Beamdog
507,Kayanimate
508,Warpfrog
509,Panic Art Studios Ltd
510,Skullcap Studios
511,"Claudiu Kiss, The Irregular Corporation"
512,Ryu Ga Gotoku Studio
513,Dovetail Games
514,Bugbear
515,Motiga Inc.
516,Kyle Seeley
517,Rose-Engine
518,"Skybox Labs, Big Huge Games"
519,Total Mayhem Games
520,"Wemade, Valofe"
521,David Szymanski
522,Systemic Reaction™
523,Illusion Softworks
524,Krisalis Software
525,Blazing Griffin
526,Lamedeveloper
527,"Move Games Co., Ltd."
528,Firefly Studios
529,Lucasarts
530,Pillow Castle
531,Omeda Studios
532,Aihasto
533,Videocult
534,United Front Games
535,Ubisoft Toronto
536,"Creative Assembly, Feral Interactive (Mac)"
537,Sad Panda Studios
538,Ea Canada
539,Playful Corp.
540,"Id Software, Nightdive Studios"
541,Codemasters
542,Noble Muffins
543,Wolcen Studio
544,Osmotic Studios
545,Star Engine Project
546,The Outsiders
547,Brace Yourself Games
548,Electronic Arts
549,Doctor Entertainment Ab
550,Playa Games Gmbh
551,"World'S Edge, Tantalus Media, Forgotten Empires"
552,Dimensional Ink Games
553,"Bat Country Games, Llc"
554,Bossa Studios
555,Acureus
556,Artplay
557,Redaster Studio
558,Neon Giant
559,Snowbird Games
560,Boss Key Productions
561,Starbreeze
562,The Game Kitchen
563,D3T Limited
564,Eugen Systems
565,Petroglyph
566,House House
567,"Grapeshot Games, Instinct Games"
568,"Qloc, Dimps Corporation"
569,Dimps
570,Puffballsunited
571,Southpaw Games
572,Starbreeze Studios Ab
573,Paul Fisch
574,"Edmund Mcmillen, Florian Himsl"
575,"Id Software, Nightdive Studios, Machinegames"
576,Lazy Bear Games
577,Pugstorm
578,Koei Tecmo
579,New Reality Games
580,Next Studios
581,Hi-Rez Studios
582,"Free Games Info, Hyperboreangames"
583,Intiny
584,"Blizzard Entertainment, Inc."
585,Nexon Korea Corporation
586,"Obsidian Entertainment, Wishlist Games"
587,Deck13
588,Neocoregames
589,Mobius Digital
590,Siege Camp
591,Nanjing Aquatrax
592,Ankama Studio
593,"Bohemia Interactive, Josef Šimánek (Retro)"
594,"Jumpstart Games, Inc."
595,Two Point Studios
596,Osumia Games
597,Daedalic Entertainment
598,Four Quarters
599,"Big Huge Games, 38 Studios"
600,Snowblind Studios
601,"2K Marin, 2K China, Digital Extremes, 2K Australia"
602,Mimimi Games
603,Codebrush Games
604,Polytron Corporation
605,Fyqd-Studio
606,Frost Giant Studios
607,"Eric Ruts, Jacob Kooiman"
608,Dotemu
609,Guerrilla
610,Blankmediagames
611,"Space Cat Studios, Snowflame, Back To Basics Gaming"
612,"Sparkypants Studios, Llc"
613,Wyrmbyte
614,Panzar Studio
615,Client/Frontend: Endava  / Backend: Supernimbus
616,South East Games
617,Frogwares
618,Tour De Pizza
619,Fluppisoft Gmbh
620,Egosoft
621,Reperio Studios
622,Thomas Jc Ironmonger
623,Miju Games
624,Hotta Studio
625,Flashbulb
626,Black Salt Games
627,Mrfatcat
628,Unreal Software
629,Hfm Games
630,Consumer Softproducts
631,Łukasz Jakowski
632,Topware Interactive
633,Indoor Astronaut
634,Clock Wizard Games
635,"Crytek, Saber Interactive"
636,Kojima Productions
637,Urban Games
638,Eko Software
639,Badmudstudio
640,Rubberbandgames
641,Sandlot
642,Kadokawa Games / Grasshopper Manufacture
643,"Obsidian Entertainment, Aspyr (Mac, Linux, & Windows Update)"
644,It'S Happening
645,Alawar Stargaze (Warm Lamp Games)
646,"Netherrealm Studios, High Voltage Software"
647,Pixile
648,Creative Assembly
649,Projectmoon
650,City Interactive
651,Gruby Entertainment
652,Jagex Limited
653,Saber Interactive Inc
654,"Kaiko, Vigil Games"
655,Neowiz Bless Studio
656,Ghost Town Games Ltd.
657,Render Cube
658,"Ubisoft Annecy, Ubisoft Montpellier, Ubisoft Kiev"
659,"Toys For Bob, Iron Galaxy Studios"
660,"Gravity, Inc."
661,Milkstone Studios
662,汉家松鼠Han-Squirrel Studio
663,Steel Wool Studios
664,Ion Storm
665,Mossmouth
666,Funcom
667,"Hangar 13, Aspyr (Mac)"
668,Indefatigable
669,"Krafton, Inc."
670,"Xelu, Those Awesome Guys"
671,Hangar 13
672,Stress Level Zero
673,Nine Dots Studio
674,Neople
675,Green Tile Digital
676,Capcom Game Studio Vancouver
677,Runestorm
678,Toontraxx Studios
679,Tt Games
680,Ea Los Angeles
681,Traveller'S Tales
682,Genesz
683,Number None
684,"Traveller'S Tales, Tt Games"
685,Rusty Lake
686,Notgames
687,Hunter Studio
688,Igara Studio
689,Exor Studios
690,Triumph Studios
691,Mundfish
692,"Bandai Namco Studios Inc., Dimps Corporation"
693,"Omocat, Llc"
694,Lunarch Studios
695,Bitbeast Games
696,Gameloft
697,800 North And Digital Ranch
698,Acid Wizard Studio
699,The Chinese Room
700,Lilith
701,"Naughty Dog Llc, Iron Galaxy Studios"
702,Game Grumps
703,Ink Stains Games
704,Tecopark
705,Striking Distance Studios
706,Sujiko
707,Qing Feng Beijing Technology
708,"Microprose Software, Inc"
709,Rpg Video
710,Dankie
711,S2 Games
712,Realmforge Studios
713,Klab Inc.
714,Johan Grönvall
715,"Hologryph, Eerie Guest Studios"
716,Beam Team Games
717,Pine Studio
718,Mechanistry
719,Day 1 Studios
720,Konami Digital Entertainment
721,Sharex Team
722,Matt Dabrowski
723,Winged Cloud
724,Geometa
725,Other Ocean Interactive
726,Fair Games Aps
727,Ci Games
728,Purple Lamp
729,Amistech Games
730,"Thekla, Inc."
731,Gamious
732,Cruderocks
733,Bishop Armstrong
734,"Christian Whitehead, Headcannon, Pagodawest Games"
735,Outerlight Ltd.
736,The Game Bakers
737,Byterunners
738,Lag Studios
739,"Epic Games, Inc."
740,Computer Lunch
741,Black Isle Studios
742,"Mossmouth, Blitworks"
743,Gas Powered Games
744,"Bluehole, Inc."
745,艺龙游戏
746,Team17 Digital Ltd
747,"Blackfoot Studios, Microprose Software"
748,Failbetter Games
749,Sometimes You
750,Double Cross
751,Aether Studios
752,Lionhead Studios
753,Sam Barlow
754,Telltale
755,Infinite Fall
756,Digitalmindsoft
757,"Ubisoft Sofia, Ubisoft Kiev"
758,墨鱼玩游戏
759,Giant Army
760,Piboso
761,Noio
762,Inzoi Studio
763,Oskar Stålberg
764,"Monolith Productions, Inc., Timegate"
765,Rust Ltd.
766,Redcandlegames
767,Xlgames
768,"Gearbox Software, Blind Squirrel Games"
769,"Mojang Studios, ‪Double Eleven"
770,Madbyte Games
771,Glyph Worlds
772,"Fabio Ferrara, Giulia Airoldi"
773,"Kaiko, Big Huge Games, 38 Studios"
774,Thq Nordic Barcelona
775,Kchamp Games
776,Amanita Design
777,Dylan Fitterer
778,Ul Solutions
779,"Wss Playground, Xemono"
780,Reality Pump Studios
781,League Of Geeks
782,Aesir Interactive
783,Grease Monkey Games
784,Hl-Galgame
785,Fantablade Network
786,Xaviant
787,Desertkun
788,Slightly Mad Studios
789,"Grasshopper Manufacture Inc., Supertrick Games, Inc."
790,Bulkhead
791,Robot Gentleman
792,Lilmemes Production
793,Easy Game
794,Rogue Snail
795,"Vicarious Visions, Iron Galaxy Studios"
796,"Orange_Juice, Fruitbat Factory"
797,Radical Entertainment
798,Eleon Game Studios
799,Deadtoast Entertainment
800,"Virtual Heroes, Army Game Studio"
801,Nival
802,Zeboyd Digital Entertainment Llc
803,Blackbird Interactive
804,Detach Entertainment
805,Cyanide Studios
806,Tactical Adventures
807,Portable Moose
808,Toukana Interactive
809,Airship Syndicate
810,Poolians.Com
811,Laminar Research
812,Desconocido
813,"Redemption Road, Pixel Dash Studios"
814,Cellar Door Games
815,Glowstick Entertainment
816,Kixeye
817,Earthwork Games
818,Ska Studios
819,Flanne
820,"Volition, Reactor Zero, Thq Nordic"
821,Weirdbeard
822,Wiple Games
823,5Th Cell Media
824,King Art
825,Maxim Karpenko
826,Donkey Crew
827,Airtight Games
828,Denchisoft
829,"Crystal Dynamics, Eidos-Montréal, Nixxes"
830,Ubisoft Mainz
831,Madruga Works
832,"Monochrome, Inc"
833,Libretro
834,"Monolith Productions, Inc."
835,Blit Software
836,Foulball Hangover
837,Niceplay Games
838,Define Human Studios
839,"Traveller'S Tales, Feral Interactive (Mac)"
840,Toxic Dog
841,Ironhide Game Studio
842,U.Ground Game Studio
843,Easyanticheat Ltd
844,Hopfrog
845,Scavengers Studio
846,Stardock Entertainment
847,Dread Hunger Team
848,Akaba Studio
849,Funday Games
850,5 Lives Studios
851,Phobia Game Studio
852,Ebb Software
853,Rockfish Games
854,"Wangyuan Shengtang Entertainment Technology Co., 上海烛龙信息科技有限公司"
855,Infinity Plus 2
856,甘肃嘉元数字科技有限公司
857,Arkedo
858,Octoshark Studios
859,"Kabam Games, Inc."
860,Divine Games
861,Cursed Studios
862,Easy Day Studios Pty Ltd
863,Blue Byte
864,Big Blue Bubble
865,Ivy Sly
866,"Guerrilla, Nixxes Software"
867,James Bendon
868,"上海烛龙信息科技有限公司, Aurogon Shanghai"
869,Motive
870,养蛋人 Egg Hatcher
871,Visceral Games
872,Berzerk Studio
873,Turn 10
874,Two Star Games
875,Autoattack Games
876,Teeworlds Team
877,Ea Black Box
878,Zachtronics
879,Humble Hearts Llc
880,Small Impact Games
881,2D Boy
882,Asteroid Lab
883,Perfuse Entertainment
884,Exe Games Inc.
885,Future Cat Llc
886,Tunic Team
887,Data Realms
888,"Eek! Games, Llc"
889,Doborog Games
890,Dimps Corporation
891,Stellar Entertainment Limited
892,Lavapotion
893,Terry Cavanagh
894,Mirage Creative Lab
895,Cornered Rat Software
896,Alphasoft Llc
897,Gravity Interactive
898,Gigantic Duck Games
899,Dl Softworks
900,"Pixelshard, Killhouse Games"
901,Neowiz
902,Eggnut
903,"Double Action Factory, Jorge Rodriguez"
904,Mimicryteam
905,Cyanide Studio
906,Humble North
907,Huniepot
908,Valiant
909,Chalcedony Network
910,Kacper Stasiełuk
911,Alexander Bruce
912,"Spike Chunsoft Co., Ltd., Abstraction Games"
913,Destructive Creations
914,Barrel Roll Games
915,Aspyr Studios
916,Pathea Games
917,Draw Distance
918,"Cybercoconut, Fabio Ferrara"
919,Game River
920,Popcap
921,"Snk Corporation, Dotemu"
922,Proxy Studios
923,Jdm4Ik Games
924,"Gearbox Software, Aspyr (Mac)"
925,Evermore Game Studios
926,Kenny Sun
927,Carbine Studios
928,Dead Mage
929,Mckay
930,Spotted Kiwi Interactive
931,Valko Game Studios
932,Vankrupt Games
933,"Edmund Mcmillen, James Interactive, Ridiculon"
934,Cold Iron Studios
935,Godot Engine
936,Crackshell
937,Keizo
938,"Barbedwire Studios, Digitalmindsoft"
939,Overhype Studios
940,"Live Wire, Adglobe"
941,Big Corporation
942,Dojin Otome
943,Cyberconnect2
944,Mr-Software Gbr
945,"Poppermost Productions, Wastedstudios, Crytek"
946,Vulcron
947,Dreamsite Games
948,Tt Games Ltd
949,Back To Basics Gaming
950,The Coalition
951,Subworld
952,Michael Zahniser
953,Hempuli Oy
954,"Snowflame, Back To Basics Gaming"
955,David Moralejo Sánchez
956,Darkflow Software
957,Wicpar
958,Young Horses
959,Sven Co-Op Team
960,"Black Forest Games, Pandemic Studios"
961,Crows Crows Crows
962,Parovoz Animation Studio
963,"Infinity Ward, Beenox, High Moon Studios, Raven Software"
964,Worldwalker Games Llc
965,Lince Works
966,Rgg Studio
967,Redruins Softworks
968,Bulwark Studios
969,Experiment 101
970,Ember Lab
971,Unusualsoft
972,Ycjy Games
973,Killmonday Games Ab
974,Ben Otter
975,Hoplon
976,Heart Machine
977,Anukendev
978,Spicy Horse Games
979,Esea
980,零创游戏(Zerocreationgame)
981,"Rocketeer Games Studio, Llc"
982,Nomad Games
983,"Undefeated Games, Indie-Us Games"
984,Inxile Entertainment
985,Dragonrise Games
986,"Forward Development, Ltd."
987,Microids
988,Zugalu Entertainment
989,Paliverse
990,"Bugbear Entertainment, Zoom Platform Media, Jordan Freeman Group"
991,Giant Squid
992,"Userjoy Technology Co.,Ltd."
993,"Treyarch, Raven Software, High Moon Studios, Beenox, Activision Shanghai, Sledgehammer Games"
994,Crea-Ture Studios Inc.
995,Contingent99
996,Giant Sparrow
997,"Softstar Technology (Beijing) Co.,Ltd"
998,Ubisoft Pune
999,"Deep Silver Volition, High Voltage Software"
1000,Gsq Games
1001,软星科技(Softstarlight)
1002,Volens Nolens Games
1003,Dry Cactus
1004,Super Evil Megacorp
1005,Sloclap
1006,Betadwarf
1007,Alawar
1008,Polymorph Games
1009,Ravenhood Games
1010,Kikiyama
1011,Looking Glass Studios
1012,Planetary Annihilation Inc
1013,Eremite Games
1014,Darkpaw Games
1015,Farsight Studios
1016,Renderise
1017,Rocketwerkz
1018,Quad Games
1019,Ovras Team
1020,Torpor Games
1021,Devil'S Details
1022,"Six Foot, Yager"
1023,Feel Free Games
1024,Artefacts Studio
1025,Home Net Games
1026,Afterthought Llc
1027,Absolut Soft Llc
1028,Anarchy Games
1029,Flippfly Llc
1030,"Dotemu, Guard Crush, Lizardcube"
1031,Vlambeer
1032,Io Interactive
1033,Echtra Inc.
1034,"Gibbing Tree, Llc"
1035,"Pancake Games, Bit Golem"
1036,Pixel Sprout Studios
1037,"Softstar, Domo Studio"
1038,"Bluehole Studio, Inc."
1039,Stephenallen
1040,Broken Circle Studios
1041,Dragonsnow
1042,Supra Games
1043,Innova Co Sarl
1044,Legend Studio
1045,Ishtar Games
1046,Creability
1047,Triiodide Studios
1048,Steel City Interactive
1049,"X1 Software, Awar"
1050,Freie Programme Hohenstein
1051,Dinosaur Polo Club
1052,Playwithfurcifer
1053,The Bearded Ladies
1054,Reiza Studios
1055,"Monstars Inc., Resonair, Stage Games"
1056,Black Tabby Games
1057,Starward Industries
1058,Iobit
1059,Acid Nerve
1060,Attritom7 Productions
1061,Sector D2
1062,Housemarque
1063,"Insomniac Games, Blind Squirrel Games"
1064,"Shub-Niggurath Games, Shopalover"
1065,Shanghai Silvermoon Network Technology Co.Ltd
1066,"Frontier, Aspyr (Mac)"
1067,"Vertigo Games, Jaywalkers Interactive"
1068,Indie Game Group
1069,Suspicious Developments
1070,"Allm Co., Ltd."
1071,Okomotive
1072,Shiying Studio
1073,Silver Dollar Games
1074,Deep Field Games
1075,Sokpop Collective
1076,Lightspeed Studios
1077,Apog Labs
1078,Wildfire Game（无锡野火数字科技有限公司）
1079,Sbug Games
1080,"Nightdive Studios, Monolith Productions"
1081,Goose Minded
1082,Soviet Games
1083,Snail Games Usa
1084,Ghostpie Studio
1085,Skybound Games
1086,Reissad Studio
1087,16Bit Nights
1088,Changyou.Com Limited
1089,Soff Games
1090,"Circle Five Studios, Pub Games"
1091,Spiders
1092,Red Thread Games
1093,北京九鳳信息科技有限公司
1094,4G
1095,Holotech Studios
1096,Thatgamecompany
1097,Klonk Games
1098,Jaspel
1099,Mastercode
1100,"World'S Edge, Forgotten Empires, Tantalus"
1101,Lightmare Studios
1102,Sand Sailor Studio
1103,Team17
1104,Eforb
1105,"Valkyrie Entertainment, Llc"
1106,Behappy Studios
1107,"Blue Byte, Related Designs"
1108,Crystal Dynamics
1109,Snekflat
1110,"Rooster Teeth Games, Farbridge"
1111,Sumo Digital
1112,"Epyx, Inc."
1113,Mihai Morosanu
1114,Wave Games
1115,Google
1116,Cosmic Cow Llc
1117,Yc Games
1118,Doublebee
1119,President Studio
1120,Ghostshark
1121,Pragmatix Ltd
1122,Reakktor Studios
1123,"二色幽紫蝶, Re零同人社"
1124,Fifth Dimension Company
1125,Bankroll Studios
1126,Games By Malcs
1127,Snk Corporation
1128,Blackhole
1129,Almost Human Games
1130,"Piranha Bytes, Thq Nordic"
1131,Mad Otter Games
1132,"Ubisoft Annecy, Ubisoft Belgrade, Ubisoft Kyiv, Ubisoft Pune, Ubisoft Odesa"
1133,Naddic Games
1134,Neko Works
1135,Stoic
1136,Velan Studios
1137,Wolfire Games
1138,Pounce Light
1139,Ion Lands
1140,Raven Software
1141,Beautiful Glitch
1142,陈 世杰
1143,Monolith
1144,Ea - Maxis
1145,"Creative Assembly, Pc Port - Hardlight"
1146,Zombie Panic! Team
1147,Runner Duck
1148,"Sonic Team, Bitbaboon"
1149,D-Pad Studio
1150,"An Productions, Poxpower"
1151,"Traveller'S Tales, Tt Games, Feral Interactive (Mac)"
1152,Atlant Games Ltd
1153,Evga
1154,Big Cheese Studio
1155,Holyday Studios
1156,Cosmic Adventure Squad
1157,Shiny Shoe
1158,Bad Pixel
1159,Shiver Games
1160,Fayju
1161,Smorb Software
1162,"Ubisoft - San Francisco, Ubisoft - Osaka"
1163,Compulsion Games
1164,Amaterasu Software
1165,"French-Bread, Type-Moon, Lasengle Inc., Tamsoft Corporation, Gameloop Inc."
1166,Mages. Inc.
1167,"Dekovir Entertainment, Sibear Games"
1168,"Valofe, Nexon"
1169,Isolated Games
1170,"Grizzlygames, Mythwright"
1171,Randumb Studios
1172,Emmanuel Perrillon
1173,Nils Jakrins
1174,F2Games
1175,"Housemarque, Climax Studios"
1176,Vertigo Gaming Inc.
1177,Katauri
1178,Payload Studios
1179,Sean Young
1180,Limited
1181,Ubisoft Montpellier
1182,Limbic Entertainment
1183,"Codemasters, Feral Interactive (Mac), Feral Interactive (Linux)"
1184,Abbey Games
1185,Nexile
1186,Anvil Game Studios
1187,Vertigo Games America
1188,Boxelware
1189,"Square Enix, Acquire Corp."
1190,Dire Wolf
1191,Awesome Games Studio
1192,Thing Trunk
1193,"Ubisoft Toronto, Ubisoft Montreal, Ubisoft Kyiv, Ubisoft Shanghai, Ubisoft Berlin"
1194,Soulgame Studio
1195,L2 Games
1196,Bytro Labs Gmbh
1197,Brutal Software
1198,Level5 Inc.
1199,Coldwood Interactive
1200,"Carbomb Software, Nova Dimension"
1201,Joey Drew Studios
1202,Agafonoff
1203,Elijah Newman-Gomez
1204,"Boundless Dynamics, Llc"
1205,Dambuster Studios
1206,Yacht Club Games
1207,Image & Form Games
1208,Yeswecamp
1209,"Raven Software, Beenox"
1210,Weltenbauer. Software Entwicklung Gmbh
1211,Invincibles Studio Ltd
1212,Kiddy
1213,Curtis English
1214,Logic Artists
1215,Stillalive Studios
1216,"Bigscreen, Inc."
1217,"Tt Games, Traveller'S Tales"
1218,（Hong Kong）Gkd Game Studio
1219,Abrakam Entertainment Sa
1220,"Falco Software, Laush Dmitriy Sergeevich"
1221,"Flaming Fowl Studios, Saber Interactive"
1222,"Benjamin ""Thingonitsown"" Hauer"
1223,The Farm 51
1224,Maschinen-Mensch
1225,Skydance Interactive
1226,Beawesome Games
1227,Dark Curry S.L.
1228,Foxy Voxel
1229,Unfrozen
1230,Dynamic Pixels
1231,Spacecan
1232,Drago Entertainment
1233,Devika
1234,Ubisoft Paris
1235,Game Smithing Limited
1236,Nobodyshot
1237,Proton Studio Inc
1238,Bureau 81
1239,Eidos-Montréal
1240,Blue Wizard Digital
1241,Sanctum Games
1242,Code Horizon
1243,Mouldy Toof Studios
1244,Blueline Games
1245,Deck Nine
1246,"Shokunin, Thomas M. Visser, Vincent Thiele"
1247,Uplay Online
1248,Smola Game Studio
1249,Hazelight Studio
1250,Defiant Development
1251,Tindalos Interactive
1252,Flow Fire Games
1253,Lightning Man Media
1254,"Capybara, Superbrothers, Jim Guthrie"
1255,Deli Interactive Llc
1256,Radical Fish Games
1257,Bandai Namco Studio Inc.
1258,Empires
1259,Mikhail Maksimov
1260,香港商河洛互動娛樂股份有限公司
1261,Zen Studios
1262,Chasing Carrots
1263,Overborder Studio
1264,Fictiorama Studios
1265,"World'S Edge, Forgotten Empires, Tantalus Media, Captureage, Virtuos Games"
1266,Obb Studio Inc.
1267,Star Vault Ab
1268,Ask Homework
1269,Smart Game Booster
1270,Jforce Games
1271,Midjiwan Ab
1272,Playtonic Games
1273,"Team Ladybug, Wss Playground"
1274,Maiden Gaming Inc.
1275,Fireproof Games
1276,"Square Enix, Toylogic Inc."
1277,Kit9 Studio
1278,"Virtual Basement Llc, Code Headquarters Llc"
1279,Gaming Minds Studios
1280,Campfire Games
1281,Sabotage Studio
1282,Notovia
1283,Hypetrain Digital
1284,Spicyhorse Games
1285,Picroma
1286,Lightspeed Studios™
1287,Titulum Enterprises Limited
1288,Dr Studios
1289,Giant Enemy Crab
1290,Supermassive Games
1291,"Entwell Co., Ltd."
1292,"Jundroo, Llc"
1293,"Codemasters Racing, Feral Interactive (Mac), Feral Interactive (Linux)"
1294,Noisestorm
1295,Reikon Games
1296,Cold Beam Games
1297,Stairway Games
1298,"Tom Create, 株式会社トムクリエイト"
1299,Lafrontier
1300,Npc Studio
1301,Leafy Games
1302,"Nightdive Studios, Irrational Games, Looking Glass Studios"
1303,Goldhawk Interactive
1304,Die Of Death Games
1305,Teyon
1306,Timegate Studios
1307,Ragesquid
1308,"Sparpweed, Codeglue"
1309,Rogue Factor
1310,"Id Software, Avalanche Studios"
1311,Casioqu
1312,Ino-Co Plus
1313,Introversion Software
1314,Igg Singapore Pte. Ltd.
1315,Sukeban Games
1316,Bluebutton Games
1317,Enteri
1318,Killhouse Games
1319,Ubisoft Montréal
1320,Meta Interaction
1321,Undaunted Games
1322,Proletariat Inc.
1323,Indiesolodev
1324,"Valofe, Webzen"
1325,Stegersaurus Software Inc.
1326,Transhuman Design
1327,"Wild Shadow Studios, Deca Live Operations Gmbh"
1328,Artdink
1329,Witch Beam
1330,Marxnet
1331,Juppiomenz
1332,Blankmediagames Llc
1333,Jutsu Games
1334,Old B1Ood
1335,"Warner Bros. Games Montréal, Qloc"
1336,Chris Sawyer Productions
1337,Cabo Studio
1338,Milestone S.R.L.
1339,Grimlore Games
1340,Crafting Legends
1341,Vambear Games
1342,Bare Mettle Entertainment
1343,3Division
1344,Little Green Men Games
1345,"Square Enix, Koei Tecmo Games Co., Ltd."
1346,"Nerve Software, Gearbox Software, Llc"
1347,Tentacle Games
1348,Strange Loop Games
1349,Digital Melody
1350,"Cyberconnect2 Co., Ltd."
1351,Sekerin Productions
1352,Alt Lab
1353,"David Hensley, Alex Quick"
1354,Messhof
1355,Blue Bottle Games
1356,Wonder Potion
1357,Sabotage
1358,Kitfox Games
1359,"Olli Harjola, Otto Hantula, Tom Jubert, Carlo Castellano"
1360,One More Level
1361,Kingsisle Entertainment
1362,Trese Brothers
1363,Cat5Games
1364,Jadon Barnes
1365,"Mercurysteam, Climax Studios"
1366,Azure Flame Studio
1367,Crema
1368,Okyo Games
1369,Troika Games
1370,Big Robot Ltd
1371,Devotid
1372,Brilliant Game Studios
1373,Turning Wheel Llc
1374,Weather Factory
1375,Weappy Studio
1376,Bezbro Games
1377,"New Reality Games, Eduard Mirica"
1378,"Team17 Digital, Ghost Town Games"
1379,Planet Jem
1380,Insayn
1381,"Ensemble Studios, Behaviour Interactive, 343 Industries"
1382,Bithell Games
1383,Dingaling Productions
1384,Greylock Studio
1385,"Nippon Ichi Software, Inc."
1386,Hidden Path Entertainment
1387,Pixel Puzzles
1388,"Subvert Games, Polygon Moon"
1389,Charlie Oscar Lima Tango Interactive Entertainment
1390,Intercept Games
1391,"Coatsink, Grizzlygames, Stage Clear Studios"
1392,The Knights Of Unity
1393,Color Gray Games
1394,"Cloudcade, Inc."
1395,Black Cardioid Games
1396,Mint Age Studios
1397,Ice-Pick Lodge
1398,3F Interactive
1399,Cm Immersive
1400,Perfectly Paranormal
1401,Digitaldna Games
1402,Studio Fizbin
1403,半瓶醋工作室（Half Amateur Studio）
1404,Alister Software
1405,Asymmetric
1406,"Tt Games, Feral Interactive (Mac)"
1407,V1 Interactive
1408,Atomteam
1409,Kt Racing
1410,"Tlön Studios, Ilex Games"
1411,Terrible Toybox
1412,Oddworld Inhabitants
1413,"Ludosity, Fair Play Labs"
1414,Sonic Team
1415,"Ci Games, Deck 13"
1416,Streum On Studio
1417,1-Reality
1418,Mobitech Llc
1419,Playata Gmbh
1420,Konstantin Koshutin
1421,"World Golf Tour, Llc"
1422,Gears For Breakfast
1423,"Idea Factory, Compile Heart, Tamsoft"
1424,Brightrock Games
1425,Redhill Games
1426,Megastorm Games
1427,Rubydev
1428,Hovgaard Games
1429,Core Design
1430,Krillbite Studio
1431,Pyro Studios
1432,Realm Archive
1433,Luis Antonio
1434,Ryseup Studios
1435,"Volens Nolens Games, Nikita P. Chiril G."
1436,"Pilgrim Adventures, Grabthegames Studios"
1437,Other Tales Interactive
1438,Stainless Games
1439,Zero-K Team
1440,Tall Story Studios
1441,Fishing Cactus
1442,91Act
1443,Choice Provisions
1444,Yggdrazil Group Public Company Limited
1445,Fun Dog Studios
1446,Mode 7
1447,@Unepic_Fran
1448,Oleg Skutte
1449,Pipeworks Studios
1450,Eyedentity Games Inc.
1451,Giant Games
1452,Texel Raptor
1453,Softstar Technology(Beijing)
1454,Gentlymad Studios
1455,The Creative Assembly
1456,Ghosthunter
1457,Lugus Studios
1458,Lesley Dodd
1459,"Volition, Kaiko"
1460,Zurvivor
1461,Reverie World Studios
1462,Baroque Decay
1463,Might And Delight
1464,Dancing Dragon Games
1465,Days Of Wonder
1466,Yuzusoft
1467,Rain Games
1468,"Arnaud De Bock, Rémi Forcadell, Alan Zucconi, Calum Bowen, Sectordub"
1469,"Square Enix, Tose Co., Ltd."
1470,Tigames
1471,We'Re Five Games
1472,Team Samoyed
1473,Counterplay Games Inc.
1474,Altfuture
1475,"Pinokl Games, Kverta"
1476,Deconstructeam
1477,"Firaxis Games, Feral Interactive (Mac)"
1478,Double Damage Games
1479,"Saikono, Sokar"
1480,Exagongames
1481,Jsl Entertainment
1482,Toastielabs
1483,Iron Galaxy Studios
1484,Moi Rai Games
1485,Luden.Io
1486,Codemasters Action Studio
1487,Sergey Dovganovskiy
1488,Tribe Studios
1489,Ironwood Studios
1490,Everything Unlimited Ltd.
1491,Fiveamp
1492,Cosmographic Software
1493,Mydockfinder
1494,Sigma Team Inc.
1495,Ramen Vr
1496,"Sonic Team, Hardlight"
1497,Smoking Wolf
1498,Aluba Van+
1499,Egamer
1500,Brave At Night
1501,"落叶岛项目组, 橘子班"
1502,Digitales Interactive
1503,Trepang Studios
1504,Eidos Interactive
1505,Gameprix
1506,Red Beard Games
1507,"Hayden, Rothman"
1508,Pixeltail Games
1509,Nerial
1510,Critical Hit Games
1511,Draw Me A Pixel
1512,Alter Games
1513,Ngd Studios
1514,"Hologryph, Dynamic Pixels"
1515,Valera Entertainment
1516,Ivory Tower In Collaboration With Ubisoft Reflections
1517,"Geoff 'Zag' Keene, Deep Field Games"
1518,Neverjam
1519,Eternal Dream
1520,Khb-Soft
1521,Lighthouse Games Studio
1522,Pupuya Games
1523,Pigravity
1524,Voracious Games
1525,Redro Games
1526,Tomorrow Corporation
1527,Colloseusx
1528,Spellbound
1529,Rdt.32
1530,Savysoda
1531,Jump Over The Age
1532,The Astronauts
1533,The Swordman Studio
1534,Cold Symmetry
1535,Nukgames
1536,Downpour Interactive
1537,Camshaft Software Ltd
1538,"Strelka Games, Yonder"
1539,Teneke Kafalar
1540,Newprojekt
1541,Digixart
1542,"Purple Lamp, Golemlabs"
1543,Kubold
1544,Lion'S Shade
1545,"Wildworks, Inc."
1546,Endgameloop Games
1547,Playsport Games
1548,一个小目标工作室
1549,David Oreilly
1550,David Mulder
1551,Two And A Half Studios
1552,The Battle For Wesnoth Project
1553,"Crespirit, Gemayue"
1554,Slug Disco
1555,Grizzlygames
1556,Fullbright
1557,Redrock Game Studios
1558,Deep Water Studio
1559,Kk Game Studio
1560,Walternate Realities
1561,T3 Entertainment
1562,Delusional Games
1563,Modern Storyteller
1564,Secret Exit Ltd.
1565,Bandai Namco Forge Digitals Inc.
1566,Sirgoose
1567,Crazy Rocks
1568,Brock De Beaubien
1569,Pixiv Inc.
1570,Keen Games
1571,Evil Raptor
1572,Radiant Entertainment
1573,"Virtual Desktop, Inc."
1574,Kudosoft
1575,"Cyberstep, Inc."
1576,Noble Master Llc
1577,Dimension 32 Entertainment
1578,Slipgate Ironworks™
1579,"Ukrainian Bears, Hideo Milos"
1580,Tml-Studios
1581,Bandai Namco Entertainment Inc.
1582,Lucid11 Interactive
1583,Black Pants Studio
1584,Yoogame
1585,Crenetic Gmbh Studios
1586,Gosdev Production
1587,Aspyr
1588,Vector3 Studio
1589,Night School Studio
1590,Power Of 2
1591,"Level Up Labs, Llc"
1592,Nightdive Studios
1593,Digital Cybercherries
1594,"Neosonyx Co., Ltd."
1595,4 I Lab
1596,Don'T Nod
1597,Minmax Games Ltd.
1598,"Double Helix Games, Capcom"
1599,Diminished Studios
1600,"Cookiedev, Ultimate Games S.A."
1601,Mastfire Studios Pty Ltd
1602,"Konami Digital Entertainment Co., Ltd"
1603,Explosive Squat Games
1604,Born Ready Games
1605,Everguild Ltd.
1606,Hidechara
1607,Dreambyte Games
1608,Earthshine
1609,Bad Viking
1610,Cherry Pop Games
1611,Sunny Side Up
1612,"Gravvit Ltd, Forbes  Consult Ltd"
1613,The Parasight
1614,Big Fat Alien
1615,Sdenternet
1616,Flyanvil
1617,Movingblocks
1618,Camex Games
1619,Digital Leisure Inc.
1620,"Tequila Works, S.L."
1621,"Deadpan Games, Gaziter"
1622,Kvltgames
1623,34Bigthings Srl
1624,Easygamestation
1625,Tabletopia
1626,[Geim].Pro
1627,Runeforge Game Studio
1628,Awe Interactive
1629,Adamvision Studios
1630,Redlynx
1631,Meerkat Games Corporation
1632,"1C Game Studios, 777 Studios"
1633,"Stellar Entertainment, Criterion Games"
1634,Nikita Kryukov
1635,Capcom Vancouver
1636,Chronos Unterhaltungssoftware
1637,Azimuth Team
1638,Eggcode
1639,Oneone1
1640,Team Reptile
1641,Inflexion Games
1642,Test3 Projects
1643,"Invictus Games Ltd., Jogara Ltd"
1644,Darksun Studio
1645,Polyarc
1646,Marco Amadei
1647,"Capcom Co., Ltd"
1648,Tate Multimedia
1649,Holotech Studios Inc.
1650,Wanadevstudio
1651,Astronomic Games
1652,"Platinumgames, Little Stone Software"
1653,Frooxius
1654,Tokoronyori
1655,Masthead Studios Ltd
1656,Degenerals S.A.
1657,"Idea Factory Co., Ltd., Compile Heart Co., Ltd., Felistella Co., Ltd."
1658,High North Studios As
1659,Labory
1660,Passtech Games
1661,"Bigbox Vr, Inc."
1662,Chongming Studio
1663,Doctor Shinobi
1664,Rittzler
1665,Zadbox Entertainment
1666,Vaclav Hudec
1667,Toxic Games
1668,Final Form Games
1669,Playflock
1670,Agc
1671,"Tripwire Interactive, Anti Matter Games"
1672,Colepowered Games
1673,Fakt Software
1674,Desktop Daydreams Studios
1675,Bloober Team
1676,Rejected Games
1677,Madout Games
1678,Astrolabe Interactive Inc.
1679,Nearga
1680,14° East
1681,Team17 Software Ltd.
1682,Red Nexus Games Inc.
1683,Pixpil
1684,"Croteam, Timelock Studio"
1685,Hunted Cow Games
1686,"Visual Concepts, Yuke'S Co., Ltd"
1687,Studio Surgical Scalpels
1688,Kovaak Games
1689,Code Club Ab
1690,Simbin
1691,"Jackbox Games, Inc."
1692,The Molasses Flood
1693,Moehaus Co. Ltd
1694,Laumania Aps
1695,Coldgames
1696,Fenix Fire Entertainment
1697,Blackrobe
1698,Catobyte
1699,Blazing Fanfish
1700,Digital Fusion Inc.
1701,Pablo Leban
1702,"Voidpoint, Llc"
1703,Ac Games
1704,Mercurysteam
1705,Tragsoft
1706,Affray Interactive
1707,"Alexey Davydov, Sergey Dvoynikov, Timofey Shargorodskiy, Flazm"
1708,"Iracing.Com Motorsport Simulations, Iracing"
1709,Mi'Pu'Mi Games Gmbh
1710,Shayride Studios
1711,"Lazy Bear Games, Uroboros Games"
1712,Manic Mice
1713,Love In Space
1714,Basically Games
1715,Doom Turtle
1716,Funyoo Games
1717,Code}{Atch
1718,Boom Team
1719,"Double Fine Productions, Shiny Shoe"
1720,"Squanch Games, Inc."
1721,Eq Studios
1722,Thorium
1723,Night Animals
1724,"Dan  Walters, Ceri Williams"
1725,The Elephant Crew
1726,Comongames
1727,Yingpei Games
1728,"Hong Kong Spark Software Technology Co., Limited"
1729,10Tons Ltd
1730,Clever Plays
1731,"Upper One Games, E-Line Media"
1732,"Tt Fusion, Traveller'S Tales"
1733,"Ea - Maxis, Aspyr (Mac)"
1734,Pixelatto
1735,Piedpipers Team
1736,Four Circle Interactive
1737,Ace Team
1738,Samurai Punk
1739,Scienart Games
1740,奇门互娱
1741,Dead Turtle
1742,Ratloop Asia
1743,Tiburon
1744,Pixeye Games
1745,"Best Way, Digitalmindsoft"
1746,"Dual Effect, Abstract Digital"
1747,Angela He
1748,"Bitmonster, Inc."
1749,Nanoo
1750,Jdm4Ik
1751,Bad Vices Games
1752,Rotatipyra
1753,"Team Ninja, Koei Tecmo Games Co., Ltd."
1754,Byte Barrel
1755,Fiddlesticks Games
1756,Fika Productions
1757,Angela Game
1758,Illusion Ray
1759,Sos Sosowski
1760,"Zoe Vartanian, Badru, Isa Hutchinson, Michael Bell"
1761,Puny Human
1762,Placeholder Gameworks
1763,Wrong Organ
1764,"Midgar Studio, Fusty Game"
1765,We Create Stuff
1766,Soccer Manager Ltd
1767,Nomad Assembly
1768,Misc Games
1769,Zero Point Software
1770,Korek Production
1771,Pixel Pointer Studios
1772,Simon Blasen
1773,Three-Sixty Pacific
1774,Svavelstickan
1775,6 Eyes Studio
1776,"Eric Hartman, Ben Garney, Anthony Rotondo"
1777,Studio 397
1778,Battlegoat Studios
1779,Bingobell
1780,Nihon Falcom
1781,Onskull Games
1782,Bu Yi Ltd.
1783,八名木Games
1784,Ztek Studio
1785,Hungry Couch Games
1786,Kloonigames
1787,Eduard Kozadaev
1788,Zloy Krot Studio
1789,Treeform
1790,Tribute Games Inc.
1791,I-Deal Games
1792,Electrovore
1793,Bleakmill
1794,"Plausible Concept, Oskar Stålberg"
1795,Eutechnyx
1796,"Dillon Rogers, David Szymanski, Nate Berens, Thomas Porta"
1797,Inferna Ug (Haftungsbeschränkt)
1798,Keyue Game Studio
1799,Darkbasicsoftwarelimited
1800,"Naughty Dog Llc, Nixxes Software, Iron Galaxy Studios"
1801,Dragonfly
1802,Kaizen Game Works
1803,Gb Patch Games
1804,"Capcom Co., Ltd., Neobards Entertainment Ltd."
1805,滑稽工作室
1806,"Looking Glass Studios, Nightdive Studios"
1807,Stubby Games
1808,Sc Jogos
1809,Invent4 Entertainment
1810,Alda Games
1811,Z4
1812,"Wfs, Inc."
1813,Spooky Doorway
1814,Crystal Shard
1815,Rake In Grass
1816,Space Cat Studios
1817,Creoteam
1818,Breaker Games
1819,Monkeys Lab.
1820,"Gearbox Software, Stray Kite Studios"
1821,Raymond Doerr
1822,"Bloober Team, Anshar Studios"
1823,Jack Tech
1824,Bird Bath Games
1825,"Fivefor Co., Ltd."
1826,Hippo Games
1827,"Next Path Media, Fstr"
1828,"Nicalis, Inc., Studio Pixel"
1829,Guru Games
1830,Neat Corporation
1831,Tpp Studio
1832,Shedworks
1833,4Head Studios
1834,Mister Morris Games
1835,"Pendulo Studios, Ys Interactive"
1836,Infomediji D.O.O.
1837,Burian Media Enterprises
1838,Clockstone
1839,托更的修罗
1840,Tobias Springer
1841,Aleksandr Golovkin
1842,Lwna
1843,Trampolinetales
1844,"Gunpowder Games, Inc., Tideturners"
1845,Positech Games
1846,Носков Сергей
1847,"Stellar Jockeys, Gausswerks"
1848,Parallel Space Inc
1849,"Vanguard Games, 343 Industries"
1850,Eight Points
1851,Ubisoft Paris Studio
1852,Superboss Games
1853,Blueeagle Productions
1854,"Erasmo Cândido Mutemba, Dilto João Banze, Osvaldo Dos Santos Cândido Mutemba"
1855,"Chris Nordgren, Jordi Roca"
1856,Vile Monarch
1857,"Gaslamp Games, Inc."
1858,"The Water Museum, Cockydoody, Abmarnie, Cameron Ginex"
1859,Moppin
1860,Do My Best
1861,Gdt Limited
1862,Somnium Space Ltd.
1863,Microids Studio Paris
1864,Genemesicx
1865,Vitali Kirpu
1866,Hb Studios Multimedia Ltd.
1867,Riverside Sports
1868,Abstractart
1869,Cheesecake Dev
1870,Atomictorch Studio
1871,Odd Bug Studio
1872,Kerberos Productions
1873,Untitled Studio
1874,Duck
1875,Skywall Studios Llc
1876,Angel Matrix
1877,"My Little Planet Ltd, Mucky Foot Productions Ltd"
1878,Fox Dawn
1879,Powerhoof
1880,Byterunners Game Studio
1881,"Pt.Farm Inc., Imperium42®, Llc"
1882,Freehold Games
1883,Fallen Tree Games Ltd
1884,Bone Nail
1885,Revolution Software Ltd
1886,Oxymoron Games
1887,"Chris Hecker, John Cimino"
1888,Bugbyte Ltd.
1889,2Pt Interactive
1890,Team Horay
1891,No Stuck Game Studio
1892,Focus Entertainment
1893,Lillebror
1894,Alientrap
1895,Kiseff
1896,Entrada Interactive Llc
1897,Envision Entertainment
1898,Dandylion
1899,"Just Add Water (Developments), Ltd."
1900,Varagtp
1901,"Atomic Wolf, L.Inc"
1902,Triskell Interactive
1903,Stove Studio
1904,Racing Bros
1905,Campfire Studio
1906,Eduweb
1907,Palindrome Interactive
1908,Grenaa Games
1909,Konfa Games
1910,Snapshot Games Inc.
1911,Freezenova
1912,Brilliant Skies Ltd.
1913,Euphoric Brothers
1914,Vaulted Sky Games
1915,Katauri Interactive
1916,Red Axe Games
1917,Youzu (Singapore) Pte. Ltd.
1918,Arcen Games
1919,Moon Moose
1920,Two Tribes
1921,"Lazy 8 Studios, Https://Lazy8Studios.Com"
1922,Infinite Dreams
1923,Exo Games
1924,Slormite Studios
1925,"Rocketcat Games, Madgarden"
1926,Bob
1927,Retraissance
1928,Black Eye Games
1929,Tobspr Games
1930,Billy Basso
1931,Lvgamedev Llc
1932,Orius Games
1933,Dsgame
1934,Hidden Folks
1935,Tilting Point
1936,Catnip Games
1937,Cloudhead Games Ltd.
1938,Daniel Benmergui
1939,Mana Potion Studios
1940,Hyperstrange
1941,Script
1942,Mantis Games
1943,Runewaker Entertainment
1944,Jackto Studios
1945,Sunseeker Games
1946,"Ravensoft, Id Software"
1947,Fire Sword Studios
1948,Blue Manchu
1949,Tasharen Entertainment Inc.
1950,"Purple Jam, Harry Cooper, Connor Harrison, Jordan Barry"
1951,The Whale Husband
1952,Blue Isle Studios
1953,Trigger Happy Interactive
1954,Pixel Ferrets
1955,"Ty Taylor, Vega Castañeda"
1956,Frozen District
1957,Square Enix Montréal
1958,Rlr Training Inc
1959,Javelin Oü
1960,"Gotcha Gotcha Games, Kadokawa, Yoji Ojima"
1961,Stray Fawn Studio
1962,Noxfall Studios
1963,Thinkingstars
1964,"Wulo Games, Deadbit"
1965,▲ Pyramid Games
1966,Lukewarm Media
1967,Spark Unlimited
1968,Lan - Games Ltd
1969,Limsod Games
1970,"Ubisoft Paris, Red Storm Entertainment"
1971,The Archotek Project Team
1972,"Black Eye Games, Fishtankstudio"
1973,Night Signal Entertainment
1974,Orqa
1975,Sorath
1976,Gradient Studios
1977,Basaltic Studio
1978,"Asteristic Game Studio, Anthony Septim"
1979,Milkbar Lads
1980,Original Fire Games
1981,Wayforward
1982,Beetlewing
1983,Silent Dreams
1984,Door 407
1985,Blue Brain Games
1986,Tanuki Game Studio
1987,Shugasu Gmbh
1988,Moonlit Works
1989,Eidos Studio Hungary
1990,Phew Phew Games
1991,Nimble Giant Entertainment
1992,The Artistocrats
1993,Corroding Games
1994,Nine Rocks Games
1995,Sneaky Yak Studio
1996,"Tomi Maarela, Elias Viglione"
1997,Dried Lemons
1998,Rocketpunch Games
1999,Pun Intended
2000,1C Game Studios
2001,Nezon Production
2002,Mehsoft
2003,Unbroken Studios
2004,Terror Dog Studio
2005,"Pinokl Games, Kverta, Hologryph"
2006,"Snk Games, Elemental Games, Katauri Interactive"
2007,Rucsgames
2008,Ag Media
2009,Elecorn
2010,Remimory
2011,Dorado Games
2012,Games Farm
2013,Duality Games
2014,"Free Lives, Clockwork Acorn"
2015,Piece Of Voxel
2016,Cardboard Computer
2017,"Splash Damage, The Coalition"
2018,Jolly Roger Game
2019,Cats Who Play
2020,Estgames Corp.
2021,Lucky Vr Inc.
2022,Vewo Interactive Inc.
2023,Digital Eclipse
2024,Fishlabs Entertainment Gmbh
2025,Retrific
2026,"Unicube, Team 17 Digital Ltd"
2027,Leaf
2028,Stage-Nana
2029,Mangledmaw Games
2030,Anatoliy Loginovskikh
2031,"Laser Guided Games, Llc"
2032,Xfairx
2033,The Gentlebros
2034,Cakeeatergames
2035,Fun Games For Free
2036,Infuse Studio
2037,重楼工作室
2038,Panache Digital Games
2039,Studio Ii
2040,"Crazydiamond Co., Ltd."
2041,Eden Industries
2042,Nanos Gbr
2043,Imagitec
2044,Gadget Games
2045,Frogmind
2046,Double Coconut
2047,"The Dreamers Guild, Qubyte Interactive"
2048,Hanako Games
2049,Team Soda
2050,"Capcom Game Studio Vancouver, Inc."
2051,Panstasz
2052,"Reflections, A Ubisoft Studio"
2053,Ilmxlab
2054,Xiexe
2055,"H.A.N.D., Inc., Media.Vision Inc."
2056,Punkcake Delicieux
2057,Somasim
2058,Tinogames Inc.
2059,Labyrinthine
2060,"Frontwing, 枕"
2061,Woolf
2062,William Chyr Studio
2063,珠海金山数字网络科技有限公司
2064,"The Chinese Room, Robert Briscoe"
2065,"Aspyr, Crystal Dynamics"
2066,Minovate Hong Kong Limited
2067,Sbn3
2068,New World Computing
2069,Ironsun Studios
2070,Darkstone Digital
2071,Volcanoid
2072,Yetu Game
2073,Rocket Bear Games
2074,Monkeycraft Co. Ltd.
2075,Deadpan Games
2076,Spasman Games
2077,Eat Create Sleep
2078,Supervillain Studios
2079,1C: Maddox Games
2080,Thomas Moon Kang
2081,Meownature
2082,Studiogoupil
2083,"Ocean Drive Studio, Inc."
2084,Buried Signal
2085,Dieselmine
2086,Kyy Games
2087,"Massive Damage, Inc."
2088,Alpha Blend Interactive
2089,"Batterystaple Games, Fire Hose Games"
2090,Virtual Basement Llc
2091,Blazing Bit Games
2092,Sonnori Corp
2093,元气弹工作室(Gd Studio)
2094,Cuddle Code
2095,Magic Design Studios
2096,Llc Rikor Imt
2097,Capybara Games
2098,"Tequila Works, Qloc"
2099,Idoz & Phops
2100,Burst2Flame Entertainment
2101,Psyop
2102,Duion
2103,小团团工作室
2104,1336 Studios
2105,Rail Slave Games
2106,Acquire Corp.
2107,Crazymoo Games
2108,Gleamer Studio
2109,Sharpened Edge Studios
2110,Altar Games
2111,Galaxy Shark Studios
2112,Freakinware Limited
2113,Baked Games
2114,Real Dynamics
2115,Xdevs Ltd
2116,Andrew Willman
2117,Kotake Create
2118,Motorsport Games
2119,Panoramik Inc
2120,Romero Games
2121,Gamehunters
2122,Seithcg
2123,Desert Owl Games Llc
2124,Boss Baddie
2125,Thomas Bowker
2126,Undead Battery
2127,Dnvr Prod
2128,Diggergames
2129,Dead Thread Games
2130,Ustwo Games
2131,Space Slug Studios
2132,Tamsoft
2133,Osmose Studio
2134,Kazakov Oleg
2135,Alt Shift
2136,Cockroach Inc.
2137,Idea Fruition
2138,Albert Espín
2139,Synthetic Domain
2140,Crass Studios
2141,Pugscape
2142,Erik Asmussen
2143,Horn Of The Sea
2144,Blind Sky Studios
2145,"Antanas Marcelionis, Renė Petrulienė"
2146,Bermuda Computer Club
2147,"Transhuman Design, Soldat Team"
2148,Metanet Software Inc.
2149,"Red Duck, Inc."
2150,Konsordo
2151,Slid Studio
2152,"Edmund Mcmillen, Tyler Glaiel"
2153,Personaegame Studio
2154,"Square Enix, Dotemu Sas."
2155,Drift Physics Crew
2156,"Mine Loader Software Co., Ltd."
2157,Necrophone Games
2158,"Fire Source Studio, Sean Cooper"
2159,Doublemoose Games
2160,Quiet River
2161,Aquria
2162,Blendo Games
2163,Really Skinny Nerd
2164,"Vlambeer, Croteam"
2165,Miniboss
2166,Avocavo
2167,Aleksei Abramenko
2168,Minor Key Games
2169,Mainframe Industries
2170,Pis Games
2171,Max Inferno
2172,Interdimensional Games Inc
2173,Osarion
2174,Andrew Rowe
2175,Sauropod Studio
2176,The Brotherhood
2177,Cateia Games
2178,Striped Panda Studios
2179,Nostalgames
2180,Pipliz
2181,Nikita Sozidar
2182,"Idea Factory, Compile Heart, Felistella"
2183,Entertainment Forge
2184,"Quantic Dream, Aspyr Media (Remastered Version)"
2185,Funbang
2186,Caveliquid
2187,Team Amorous
2188,三脚猫
2189,Bolt Blaster Games
2190,"Edgestudios, Fareed"
2191,Radian Simulations Llc
2192,Gamigo Ag
2193,"Gameconnect, Interwave Studios"
2194,Mafi Games
2195,Walnut Llc
2196,Serenity Forge
2197,Kite Games
2198,"Dejobaan Games, Llc, Owlchemy Labs"
2199,Gameclaw Studio
2200,Gratesca
2201,Geography Of Robots
2202,Dreampunks
2203,Hemisphere Games
2204,Spacelight Studio
2205,Cuve Games
2206,Guts Department
2207,Micah Boursier
2208,Reality Pump
2209,"Badfly Interactive, A.S."
2210,Nuke Nine
2211,Demagog Studio
2212,Glassescatgames
2213,Ingame Studios
2214,Animu Game
2215,Toge Productions
2216,"Aniki, Male Union ♂"
2217,Deep Type Games
2218,Mistymountainstudio
2219,Zero Sum Games
2220,Ben Esposito
2221,Trickjump Games Ltd
2222,Electronic Arts - Tiburon
2223,Chance Agency
2224,Hinyari9
2225,"Ares Game Co., Ltd."
2226,"Awaken Realms, Ovid Works"
2227,Hb Studios
2228,Wales Interactive
2229,Jckslap
2230,Modern Dream
2231,Lizardry
2232,Pixel Federation
2233,Joycity
2234,Galaxy Gate
2235,Ctrlmovie
2236,Sirhaian
2237,Behold Studios
2238,Buckshot Software
2239,Stitch Heads Entertainment
2240,Glitch Pitch
2241,Axyos Games
2242,Long Jaunt
2243,Walter Machado
2244,Corbie Games
2245,Gamatron Ab
2246,Sad Socket
2247,Pumpkim
2248,Big Finish Games
2249,Ltg
2250,Astro Hound
2251,Sfb Games
2252,"Creative Games Computer Graphics Corporation, Neon Doctrine"
2253,Hush Interactive
2254,Du&I
2255,Digital Happiness
2256,"Vercidium, Rocket Skeleton"
2257,"Red Storm Entertainment, Ubisoft Montreal"
2258,Questline
2259,Caiys
2260,Dominique Grieshofer
2261,Teotl Studios
2262,Particle Systems Ltd.
2263,Sechan
2264,Dream.Machine
2265,Roll7
2266,Tamsoft Corporation
2267,"Square Enix, Artdink"
2268,Perun Creative
2269,"Con Man Games, Sean Young"
2270,By Aliens L.L.C-Fz
2271,Unigine Corp.
2272,Noclip
2273,Verona Interactive
2274,Bearbonestudio
2275,Cassel Games
2276,Team9
2277,Mojang
2278,Rewindapp
2279,Skunkape Games
2280,Do Games Limited
2281,Cat Play Studio
2282,"Zoink, Thunderful"
2283,"Mighty Rabbit Studios, Gun Interactive"
2284,Broken Rules
2285,Auroch Digital
2286,1C:Inoco
2287,David Stark
2288,Duoduodog
2289,Unfold Games
2290,Frinky
2291,"Shanghai Sunborn Network Technology Co., Ltd."
2292,元气工作室
2293,Pavonis Interactive
2294,Ripple Studio
2295,"Playdek, Inc."
2296,Aurumdust
2297,Psychronic Game Studios
2298,Strange Matter Studios
2299,Ir Studio
2300,Nanningsgames
2301,Howlin' Hugs
2302,Talentplace
2303,Mountains
2304,"Double Eleven, Q-Games Ltd."
2305,Overgroup
2306,冷笑黑妖
2307,Sweet Bandits Studios
2308,Whiskeybarrel Studios
2309,"Sever, Schisma Games"
2310,Acido Cinza
2311,Iceflake Studios
2312,Myco
2313,Santa Goat
2314,Levelhead
2315,Pixel By Pixel Studios Inc.
2316,Taro
2317,Midnight Gaming Studio
2318,Bg Productions
2319,Bkom Studios
2320,"Jordan Mochi, Catchweight Studio"
2321,L. Stotch
2322,Baggy Cat Ltd.
2323,Eyebrow Interactive
2324,Wizarbox
2325,"Gravity Interactive, Inc."
2326,No Code
2327,Stygian Software
2328,Iguanabee
2329,2 Zombie Games
2330,Mind Control Software
2331,Total Arkade Software
2332,Noobz From Poland
2333,Star Drifters
2334,Shifty Chair Games
2335,Schell Games
2336,Mindillusion
2337,Keoken Interactive
2338,"Cheap Fun Games, Forthright Indie Team"
2339,Asteroid Base
2340,Klabater
2341,Takk
2342,Dream Within
2343,Blackpowder Games
2344,Omegames Studio
2345,Studio Seufz
2346,Over The Top Games
2347,Varngamedev
2348,Hamish Dunn
2349,White Rabbit
2350,Mohawk Games
2351,Jonathan Tindell
2352,Namco
2353,Hitbox Team
2354,Misfits Attic
2355,P3 Games
2356,Bombservice
2357,Pinix
2358,Black Forest Games
2359,白玉京工作室
2360,Last Bastion Studios Llc
2361,Platonic Partnership
2362,Wulo Games
2363,Gfx47
2364,Darxdev
2365,Spytihněv
2366,Phenomic
2367,Black Lime Studio
2368,Mannequin Games Llc
2369,Tunnel Vision Games
2370,"Broken Bunny Studios, Inc"
2371,Gun Hit Wonders
2372,Cheerdealers
2373,Le Cartel Studio
2374,Lamina Studios
2375,Flying Robot Studios
2376,"Alpixel Games, Luis Diaz, Gustavo Santos, Albert Fernandez, Tice Thomason"
2377,"Sons Of Welder, Fm Simple Games Studio"
2378,Tb Games
2379,Acke Hallgren
2380,Roope Tamminen
2381,Ocean Software
2382,Winch Gate Property Limited
2383,Night Node
2384,Crytivo
2385,Dark Energy Digital Ltd.
2386,Wolfeye Studios
2387,Jiw-Games
2388,Survios
2389,Andrewmd5
2390,"Rvl Games, Exosyphen Studios"
2391,House On Fire
2392,Denki
2393,Tlön Industries
2394,Ubisoft  Shanghaï
2395,Joy Way
2396,Opus
2397,Shadow Games
2398,"Genki Co., Ltd."
2399,Game-Labs
2400,Hidden Layer Games
2401,Laura Shigihara
2402,Broken Games
2403,Merge Games
2404,Jowood Vienna
2405,Last Boss 88
2406,Squeaky Wheel Studio Inc
2407,Andrew Smith
2408,Matt Roszak
2409,Artifice Studio
2410,Yurii Nikshych
2411,Zombie Studios
2412,Xreal Games
2413,"Crafts & Meister Co., Ltd."
2414,22Cans
2415,The Fool'S Studio
2416,"Dumativa, Cellbit"
2417,"Sumo Digital Ltd, Lucky Mountain Games"
2418,Forgotten Key
2419,Sense Games
2420,Dream Execution
2421,Con Artist Games
2422,Sad Doge
2423,"Gord10, Aslan Game Studio"
2424,Sirlin Games
2425,Spectral Games
2426,No Moon
2427,Ben Reber
2428,Tann
2429,Heartbeat Plus
2430,Troyholman
2431,Highwire Games
2432,Somi
2433,The Fox Knocks
2434,Tfl Games
2435,Diatomic Studios
2436,Rex Pex Games
2437,Mandragora
2438,Marvelous Inc.
2439,Creativeforge Games
2440,Night Light Interactive
2441,Mino_Dev
2442,"Maxestla, Zino"
2443,Mighty Games
2444,Deng Wenqing
2445,Dream Works
2446,Mazen Games
2447,Heliocentric Studios
2448,Terrible Posture Games
2449,Sadsquare Studio
2450,Polybit_Game
2451,Sen
2452,Red Six Development
2453,Double Dagger Studio
2454,Turbolento Games
2455,Wildtangent
2456,Anteater Games
2457,Hibernian Workshop
2458,Stuck In Attic
2459,Old School Games
2460,"Vblank Entertainment, Inc."
2461,9Heads Game Studios
2462,Burak Dabak
2463,Trilum Studios
2464,Combat Waffle Studios
2465,Strange Fire
2466,Forever Entertainment S. A.
2467,△○□× (Miwashiba)
2468,Game Mechanics Llc
2469,Czester16
2470,"Giant Form Entertainment, Llc"
2471,"Trashmasters, Zoom Platform"
2472,Neko Climax Studios
2473,"Screeps, Llc"
2474,"Team Fusion Simulations, 1C: Maddox Games"
2475,Progames Studio
2476,Spacefarer R&D Ltd.
2477,瓦尔基里游戏
2478,Shaikonina Games
2479,Pixel Crow
2480,I-Inferno
2481,Twerk Games®
2482,Marmalade Game Studio Ltd
2483,Cradle Games
2484,Sword & Axe Llc
2485,Attic Entertainment Software
2486,Glass Heart Games
2487,R-Age Llc
2488,Protocol Games
2489,Team Ranger
2490,Bytebin
2491,Saibot Studios
2492,White Star Studio
2493,蒸汽满满工作室
2494,Jordy Lakiere
2495,Ninth Exodus
2496,Game In A Bottle
2497,Dapper Penguin Studios
2498,Imagine Games
2499,Nigoro
2500,Vis-Games
2501,"Mediatonic, Hato Moa"
2502,Blacklight
2503,Skybrave
2504,Splashteam
2505,"Jarbit, Castle Art By Yuriy Gusev"
2506,Vae Victis Games
2507,Elias Steurer (Kelteseth) Tachiom
2508,Snakebite Studios
2509,Wolpertinger Games
2510,Mad Head Games
2511,Nikigames
2512,Atum Software
2513,Coffee Stain North
2514,"Artix Entertainment, Llc"
2515,Utopian World Of Sandwiches
2516,Impressions Games
2517,"Mommy'S Best Games, Croteam"
2518,Dark Day Interactive
2519,"Roll7, Ce-Asia, 505 Games"
2520,Kodots Games
2521,"Adglobe, Live Wire"
2522,"Cyan, Inc."
2523,Afterburner Studios
2524,Bbstudio Inc.
2525,Viking Game Studio
2526,Toster12D3
2527,Playside
2528,Crazy Viking Studios
2529,Puppygames
2530,Edelweiss
2531,Schine Gmbh
2532,Knuckle Cracker
2533,Mym Games Studios
2534,Crenetic
2535,Blue Meridian
2536,Anisoptera Games
2537,"Talesshop Co., Ltd."
2538,Redstone Interactive
2539,Victor Corradi
2540,Poptop
2541,Springloaded
2542,Zenith Blue
2543,9Fingergames
2544,David Schneider
2545,Cornfox & Brothers Ltd.
2546,Elixir Studios
2547,Mash Games
2548,Stanislaw Truchowski
2549,Urnique Studio
2550,Cemil Tasdemir
2551,Retro Forge
2552,Luminite
2553,Typhoon
2554,Jackal_Dev_Test
2555,"Eerie Guest, Tinybuild"
2556,Farsky Interactive
2557,"Idea Factory, Compile Heart"
2558,Like Charlie
2559,Poly Games
2560,Kobsoft Kitti
2561,Madmind Studio
2562,Craze Creative Studios
2563,Maciej Targoni
2564,Black Element
2565,Ubisoft Ivory Tower
2566,Villa Gorilla
2567,Housemade Inc.
2568,Monster And Monster
2569,Vamp He
2570,"Studio Klondike, Team Nekojishi"
2571,Xatrix Entertainment
2572,The Story Mechanics
2573,3D Pixel Art Studio
2574,Wul Game Studio
2575,"Erik Svedäng, El Huervo / Niklas Åkerblad, Tobias Sjögren, Oscar ""Ratvader"" Rydelius, Johannes Gotlén"
2576,Industry Games
2577,"[2.21], Adeline Software"
2578,Eternity Studios
2579,Zov Game Studio
2580,Stainless Games Ltd
2581,Blowfish Studios
2582,Caged Element
2583,"Cygames, Inc., Arc System Works"
2584,Bumpkinbrothers
2585,Steel Mantis
2586,"Petroglyph, Six Foot"
2587,"Invictus Games Ltd., Imagecode"
2588,Gloomywood
2589,Easyways Team
2590,Proton Studio
2591,Aexlab
2592,N-Fusion Interactive
2593,Bounding Box Software Inc.
2594,Spry Fox Llc
2595,Rundisc
2596,Goonswarm Games
2597,Size Five Games
2598,Vagabond Dog
2599,Magic Pixel Kft.
2600,Sixteen Tons Entertainment
2601,Torcado
2602,Dip Online
2603,"Cyanide Studio, Spiders"
2604,Stegalosaurus Game Development
2605,Directive Games Limited
2606,Haydee Interactive
2607,"Yippee! Entertainment, Pyro Studios"
2608,Samar Studio
2609,烟水寒工作室
2610,Iosoccer Team
2611,Samuka Gomes
2612,Heluo Studio
2613,Caveman Studio
2614,Waygetter Electronics
2615,Troy_En
2616,Tigerish Games
2617,Hutlihut Games
2618,Tomoaki Sugeno
2619,Sigono Inc.
2620,"Crows Crows Crows, Squanch Games"
2621,A.Y.Std
2622,"Outpost Games, Inc."
2623,"Nightdive Studios, Westwood Studios"
2624,Bros Before Giraffes
2625,Lino Slahuschek
2626,Abyte Entertainment
2627,S.C. 16 Bit Nights S.R.L.
2628,Jianghu Studio
2629,Rising Star Games
2630,Drixy Games
2631,Novarama
2632,Superku
2633,Ionized Games
2634,Bernt Andreas Eide
2635,Seen Games
2636,Bitcake Studio
2637,Swan
2638,"Wloop777, Anatoliy Loginovskikh"
2639,Oleander Garden
2640,Echo Hall Studios
2641,Vgstudio
2642,"Sphere, Inc."
2643,Digx Studios
2644,Gamesharp
2645,Gamepulse 游戏脉冲
2646,"The Quinnspiracy, Patrick Lindsey, Isaac Schankler"
2647,"Akella, .Dat"
2648,Burning Forest
2649,Gremlin Interactive
2650,Jason Rohrer
2651,Charyb Games
2652,Merixgames
2653,Ed Del Castillo
2654,"Viswanath Atlu, Laurie Banks, Rohan Bhukan, Nick Burnham, Avinash Kalapala, Yash Kapani, Katharine Marsh, Ankur Rathore, Hardit Singh, Anoop Nihar Srinivas, Ryan Guanyuhao Jiang, Robert Zhu"
2655,Fulqrum Games
2656,Paul Marrable
2657,O.T.K Games
2658,"Doodad Games, Ethan Close"
2659,Inusuku
2660,"Big Bang Studio, Swaps4 Productions"
2661,Destinybit
2662,Eridanus Industries
2663,"Mi-Clos Studio, Fibretigre"
2664,Team K
2665,Maulidan Games
2666,17-Bit
2667,Tiger Style
2668,Gaijin Entertainment Corporation
2669,Brave Little Studios
2670,Volga Studios
2671,Chandler Rounsley
2672,Triband
2673,Garage Heathen
2674,1Mb
2675,Fantastic Passion
2676,Rabbiton
2677,Frogdice
2678,北京目标在线科技有限公司
2679,Kilted Camel
2680,Aldorlea Games
2681,"Croteam, Alligator Pit"
2682,Aggro Crab
2683,Ascendant Studios
2684,Jon Gallant
2685,Atmos Games
2686,"Aisten Lab, Dalton Bastos"
2687,"Dodge Roll, Singlecore"
2688,Serellan Llc
2689,Neognosis
2690,G.Reed
2691,"Wise Wizard Games, Llc"
2692,Five-Bn Games
2693,Athena Works
2694,Ballistic Interactive
2695,Wabbaboy
2696,Interwave Studios
2697,Owlchemy Labs
2698,The Dust S.A.
2699,Element Game 微元游戏
2700,Engin Koyuncu
2701,Berezka
2702,Sidhe
2703,"Sam Barlow, Half Mermaid, Furious Bee Limited"
2704,Kaigan Games Oü
2705,Piglion Games
2706,Morteshka
2707,Akiragoya
2708,Alice &Amp; Smith
2709,无人之境
2710,Flump Studios
2711,Studio Plane Toast
2712,"Theresa Duringer, Pete Andstadt"
2713,Brainwash Gang
2714,Joyspark Games
2715,Fulqrum Publishing
2716,Porcelain Fortress
2717,90Games
2718,"Iguana Entertainment, Nightdive Studios"
2719,Stalkeralex
2720,Cryptic Sea
2721,Softstar Entertainment
2722,Victory Lap Games
2723,K Bros Games
2724,Animal Uprising
2725,Big Oof Games Pty Ltd
2726,Colossal Games
2727,Ant.Karlov Games
2728,Wallace Lovecraft
2729,Wastelands Interactive
2730,Fiolasoft Studio
2731,Lostoneteam
2732,Dicesuki
2733,Endlessfluff Games
2734,Invi Games
2735,"Hyperboreangames, Svarog Studios"
2736,Quicktequila
2737,"Terri Vellmann, Doseone"
2738,Vawraek Technology Inc.
2739,Spectrum Games
2740,Huanmos Game
2741,拾英工作室
2742,Frame Break
2743,Headfirst Productions
2744,Ubisoft - San Francisco
2745,Bazooka Tango
2746,"Rockstar Games, Double Eleven"
2747,Angry Mob Games
2748,Double W
2749,Gambrinous
2750,Kaos Studios
2751,Key17 Interactive
2752,Chimeric
2753,Scp: Escape Together Development Team
2754,Goblobin
2755,Cogwheel Software
2756,Airdorf Games
2757,Percepied
2758,Carbon
2759,Human Head Studios
2760,The Battle Grounds Game Development Team
2761,Going Loud Studios
2762,Shumkov Dmitriy
2763,Low Magic Studios
2764,Idigicon
2765,Runewaker
2766,"Bimboosoft Co.,Ltd."
2767,3D Aim Trainer
2768,"Robot Squid, Spilt Milk Studios Ltd"
2769,Strategy Labs
2770,Iblackpen
2771,Threaks
2772,Im•Pro•Vision  Studio
2773,Ubisoft Sofia
2774,Microtaur
2775,Sluggerfly
2776,Nomnomnami
2777,Semaphore
2778,"Future Games, Unknown Identity"
2779,Recoil Games
2780,Business Goose Studios
2781,Team Shifty
2782,"Pentadimensional Games, Sl"
2783,"Toys For Bob, Beenox, Activision Shanghai, Hardsuit Labs, Iron Galaxy Studios"
2784,Comfy Company
2785,Sega Studios Australia
2786,木焱工作室
2787,Panda Indie Studio
2788,Blinkworks Media
2789,Hello There Games
2790,Luminous
2791,Stone Blade Entertainment
2792,Miziziziz
2793,Jasper Byrne
2794,Binogure Studio
2795,Replay Studios
2796,Alon Zubina
2797,Creature Cauldron
2798,Just Fishing Llc
2799,Gdnomad
2800,Ateam Entertainment Inc.
2801,Pivotal Games
2802,Permadeath
2803,Damian Kubiak
2804,Full Control Studios
2805,Plukit
2806,Game Star
2807,Crunchy Games
2808,Frima Studio
2809,Dark Crystal Games
2810,"Fallen Leaf, Black Drakkar Games"
2811,Rootpew
2812,Reactor Zero
2813,Vertigo Games
2814,Axilirate
2815,Geometric Interactive
2816,"Gaijin Games, Choice Provisions"
2817,Quicksilver Software
2818,Randomspin
2819,Halcyon Winds
2820,Odd Meter
2821,Refract
2822,Orion Games
2823,Rob Howland
2824,Adamgryu
2825,Nightbinder
2826,Cavedog Entertainment
2827,Aurogon Shanghai
2828,软星科技（上海）有限公司
2829,Evil Bite
2830,"Quadcom Interactive, Gdt"
2831,Sebagamesdev
2832,"Synapse Games, Chinzilla"
2833,"Goodbyeworld Games, Nice Dream"
2834,Reactive Drop Team
2835,Convoy Games
2836,Dyingcat
2837,Funatics Software
2838,Thankgame.Com
2839,Playmagic
2840,Metropolis Software
2841,Messy Desk Interactive
2842,Thetis Games And Simulators
2843,Line Games Corporation
2844,Dvloper
2845,Bananadev.
2846,Curve Studios
2847,Talvisota Team
2848,Blue Studio
2849,Croteam Vr
2850,Studio Amateur
2851,Giiku Games
2852,Paranoid Interactive
2853,"Dumativa, Castro Brothers"
2854,Deep Silver Fishlabs
2855,"Jamie D, Mixtape Games Uk"
2856,Uber Entertainment
2857,Hammer95
2858,Gamesbraz
2859,Chowbie
2860,Zepetto
2861,"Beijing Litchi Culture Media Co., Ltd."
2862,Pixowl Inc.
2863,Oddonegames
2864,Exbleative
2865,Summerfall Studios
2866,"Kadokawa Corporation, Active Gaming Media Inc."
2867,"Comcept, Inti Creates"
2868,Cylinder Studios
2869,Crematorium Of Time
2870,Dimfrost Studio
2871,Superkami
2872,Section Studios
2873,"Inti Creates Co., Ltd."
2874,Jandusoft
2875,Considera Games Llc
2876,深爪貴族
2877,Yuzhen
2878,Mirage Game Studios
2879,Shangshi Studio
2880,Martin 'Dram' Melichárek
2881,Londer Software
2882,The Strangers
2883,Uncannykiwi Limited
2884,Nosebleed Interactive
2885,Kira Llc
2886,Climax Studios
2887,"Wakefield Studios, Robert Lombardo, Otto Chin, Mattias Holmgren (Morningdew Media)"
2888,Ice Code Games
2889,Cmge
2890,Haiku Games Co
2891,Sample Text Studio
2892,"Trine Studios, G3 Community Patch Team, Mad Vulture Games"
2893,Holy Wow Studios Llc
2894,"Egidijus Bachur, Alexey Davydov"
2895,Z-Software
2896,Lightbulb Crew
2897,Thankcreate Studio
2898,橙光游戏
2899,Tomas Novak
2900,Martin Ivanov
2901,Triangle Studios
2902,Colossal Wreck
2903,"Thq Nordic, Mind Over Matter Studios"
2904,Bevmaxgames
2905,Brandtner
2906,Stefan Kelnberger
2907,Sparkypants
2908,洪荒西行录项目组
2909,Mediator Software
2910,Sdp Games
2911,Rough Kuts
2912,Team Junkfish
2913,"Jongwoo Kim, Erica Lahaie, Fx Bilodeau, Tanya Short"
2914,"Michael Pelletier, Ross Joseph Gardner"
2915,K.Kaiser'S Game Studio
2916,Buckethead Entertainment
2917,Teamsuneat
2918,"Nicalis, Inc."
2919,Myacg Studio
2920,Clover Bite
2921,Metal Head Games
2922,Rage Software
2923,"Redlynx Ltd, Ubisoft  Shanghaï"
2924,High Horse Entertainment
2925,Muha Games
2926,Finish Line Games
2927,G1 Playground
2928,Faton
2929,Fivevolt Games
2930,Live Motion Games
2931,Big Bad Wolf
2932,"Hardsuit Labs, Inc."
2933,Flying Cafe For Semianimals
2934,Dogubomb
2935,Ed Key And David Kanaga
2936,Gaddy Games
2937,Windybeard
2938,Cookiebyte Entertainment
2939,"Codemasters, Feral Interactive (Mac)"
2940,"Mojang Studios, Blackbird Interactive"
2941,Tinybuild
2942,乐子人
2943,Michaela Laws
2944,Visualarts/Key
2945,"Muha Games, Eerie Forest Studio"
2946,Pixelgreeds
2947,Rat Monthly
2948,Ninjalex
2949,"Stardock Entertainment, Oxide Games"
2950,Xinyuan Studio
2951,Spectrum Holobyte
2952,"Rosgosdev, Horny Sea Lions, Rusalka Unreal Labs"
2953,"The Software Farm, Sunlight Games, Sierra Entertainment"
2954,Musa Candir
2955,"Killpixel Games, Slipgate Ironworks"
2956,Projectorgames
2957,Eyad Alshafei
2958,Masshive Media
2959,"Wanin Games, Team Weaver"
2960,Acerola
2961,Yak & Co
2962,Mobilebits
2963,Harvester Games
2964,Overhead Games
2965,Polygon Treehouse
2966,Stevenharmongames
2967,Lunar Ray Games
2968,Zach Tsiakalis-Brown
2969,Koga Tech Limited
2970,Hoochoo Game Studios
2971,"Redlynx, In Collaboration With  Ubisoft Shanghai, Ubisoft Kiev"
2972,Double Helix Games
2973,"Space Wedgie, Llc"
2974,Joshua Chen
2975,Cross-Product
2976,Far From Home
2977,Asicxart
2978,Spider Nest Games
2979,"Wss Playground, Tea_Basira"
2980,Skookum Arts
2981,Aquiris
2982,"The Wall Productions Inc., Meridian4"
2983,Chaos Industries
2984,"Arc System Works, Atlus"
2985,Paintbucket Games
2986,Ubisoft Bordeaux
2987,Pixel Theory Games
2988,Free Range Games
2989,Clockwork Pile
2990,游鲤化龙工作室
2991,Dohi Sweden Ab
2992,"Bna Studios, Llc"
2993,East Side Games
2994,"Aquria Co., Ltd."
2995,中三之家
2996,Dreamworlds
2997,Joshua Krauchi
2998,"Rainbow Studios, Thq Nordic"
2999,"Poptop Software, Breakaway Games, Frog City Software"
3000,Innomen Team
3001,Qcf Design
3002,Mooncube Games
3003,Stormcloud Games Limited
3004,Element Studios
3005,"Coreplay Gmbh, Bigmoon Studios"
3006,Room710Games
3007,Retro Yeti Games
3008,"Uglycat Studios, Sudaka Games"
3009,Other Ocean Emeryville
3010,Awesomeblade
3011,Liquid Entertainment
3012,Yfyx Games
3013,Telepaths Tree
3014,Thylacine Studios
3015,Vdimension
3016,Ambiera E.U.
3017,Wallflower Games
3018,Rising Dragon Studio
3019,"Armature Studio, Llc"
3020,"Zillion Whales, Creat Studios"
3021,Herocraft
3022,Over The Moon
3023,Dreamside Interactive
3024,Poorly Drawn Squid
3025,Warpzone Studios
3026,Illwinter Game Design
3027,Jan Zelený
3028,Minimol Games
3029,Tayanna Studios
3030,Half Asleep
3031,Gojira
3032,"Mixed Realms Pte Ltd, Swag Soft Holdings Pte Ltd"
3033,Clickteam
3034,"Robert Raulus, Mikko Tamper, Antti Allén"
3035,Kindred Games
3036,Bevan Mckechnie
3037,Temple Gates Games
3038,Ice Flames
3039,Zackbellgames
3040,Gy Games
3041,Saltyegg Studio
3042,Mor Museum Inc.
3043,Upstream Arcade
3044,"Formirai Co., Ltd."
3045,Drool
3046,Biotech Gameworks
3047,Blood Eater Games
3048,Super Spin Digital
3049,Onebitbeyond
3050,Juvty Worlds
3051,Icetesy
3052,Fool'S Theory
3053,Chequered Ink Ltd.
3054,Mythologic Interactive
3055,Ocelot Society
3056,Crouch Jump Interactive
3057,Cloak And Dagger Games
3058,Uppercut Games Pty Ltd
3059,Smudged Cat Games Ltd
3060,Leven Liu
3061,Thomas Happ Games Llc
3062,Mojiken
3063,Nom Nom Games
3064,Fireplace Games
3065,Teamnova
3066,Simogo
3067,"Blind Mind Studios, Glacicle"
3068,Bad Button Studio
3069,Andy Law
3070,"Gloac Games, Gloac"
3071,"Games Farm, Artillery"
3072,Everglow Interactive Inc.
3073,"Nightdive Studios, Acclaim Studios Teesside"
3074,Experiment One
3075,"橘子班, 大好网"
3076,Noth
3077,"Tendershoot, Michael Lasch, Thatwhichis Media"
3078,Geoff Keighley
3079,French-Bread
3080,Coolhand Interactive
3081,Nikola Todorovic
3082,Mogdogblog Productions
3083,Axc Games
3084,"Blibloop, Doot"
3085,万象皆春
3086,Handyman Studios
3087,Bullfrog Productions
3088,Scary Bee Llc
3089,Io Games
3090,"Neonovice Co., Ltd., Square Pixels"
3091,Io Entertainment
3092,"Hyperstrange, Creativeforge Games"
3093,Southend
3094,Yevhen8
3095,Npp_Trainer
3096,Gaugepunk Games
3097,Neonstudio Corp.
3098,Fantasy Flight Games
3099,Tomkorp Computer Solutions Inc.
3100,Stunforge
3101,Mokus
3102,Light Brick Studio
3103,Fate Dragon Studio
3104,Desert Interactive
3105,Nick Kestle
3106,Net Dragon
3107,"Dq Team, Hidden Hallow Studio"
3108,Vortex Games
3109,Event Horizon
3110,Loiste Interactive
3111,Benstar
3112,Lucasfim
3113,Warfare Studios
3114,Team Forbidden
3115,Shanghai Huan Zhen Info Tech Ltd
3116,Ludochip
3117,Cwpgames
3118,Clymenia
3119,Estoty
3120,Mesetts
3121,U&Amp;I
3122,Twice Circled
3123,Reborn Games
3124,Team Sneed
3125,Coconut Shavers
3126,Evilcharm Games
3127,Crucial Experiment
3128,"Mismatch Studio, Nicky Case (Originally)"
3129,Navegante
3130,Ticktock Games
3131,可布和常常诶
3132,Umami Tiger (Matthias Linda)
3133,"Imgn.Pro, Fool'S Theory"
3134,Kira
3135,Ironzog
3136,Bouncyrock Entertainment
3137,阿正不经
3138,Gummy Cat
3139,"343 Industries, Vanguard Games"
3140,Out Of The Blue Games
3141,Astrum Lab
3142,Flying Helmet Games
3143,"Durven Studios, Brazmonkey Studio"
3144,亿米米游戏Yimi Game
3145,Spry Fox
3146,Eclipse Game Labs
3147,Jorge Aires
3148,Zeboyd Games
3149,Dymchick1
3150,"Tallboys, Tinybuild"
3151,Lobby Divinus
3152,Rivernotch Game Studio
3153,Dope Games
3154,Zillion Whales
3155,Sinister Systems
3156,Perfect Day Studio
3157,Herocraft Pc
3158,Save All Studio
3159,Piccolo Studio
3160,Codemasters Digital
3161,Nikk F.
3162,Calappa Games
3163,Rayll Studios
3164,Happy Volcano
3165,The Odd Gentlemen
3166,Old Games
3167,Mlmedia
3168,Embers
3169,Games Incubator
3170,Vstep
3171,Cge Digital
3172,Infinite Monkeys Entertainment Ltd.
3173,"Smg Studio, Devm Games"
3174,"Leonard Menchiari, Flying Wild Hog"
3175,Baba Yaga Games
3176,Nitroplus
3177,Sparkypants Studios Llc
3178,Roboatino
3179,Gustavo Carvalho
3180,Shattered Pixel
3181,Sandcastles Studio
3182,Aikesi
3183,Dig Games
3184,Timon Herzog
3185,David Wehle
3186,Fishlicka
3187,Tad Productions Ab
3188,Old Shack Studio
3189,Kitatus Studios
3190,Menic Games
3191,Midhard Games
3192,Prophecy Games
3193,"Snk Corporation, Code Mystics"
3194,Copybugpaste
3195,Weston Bell-Geddes
3196,Sever
3197,"Flashback Games, The Lordz Games Studio"
3198,Phoenix Online Studios
3199,Light Bringer Games Inc.
3200,Magix Software Gmbh
3201,Interceptor Entertainment
3202,Sukerasomero
3203,Pajama Llama Games
3204,"What Pumpkin Games, Inc."
3205,"Clifftop Games, Faravid Interactive"
3206,State Of Play
3207,Matthew Brown
3208,"Asobimo, Inc."
3209,"De Fault, Chard, Richard Campbell"
3210,Mad Studio
3211,Maitan69
3212,"Angels Blue Digital Entertainment, Digitalez"
3213,Suncrash
3214,Cerberus Nz
3215,Gamexel Studio
3216,Minskworks
3217,Droqen
3218,Channel 3 Entertainment
3219,Happy Juice Games
3220,Samurai Games
3221,Open Mid Interactive
3222,Wishfully
3223,101Xp Game Studios
3224,"Snk Corporation, Abstraction Games"
3225,Red Storm Entertainment
3226,Yfc Games
3227,Tdgame Studio
3228,Action Square(Studio Hg)
3229,Oddshot Games
3230,Pavo Studio
3231,Capstone Software
3232,"Cyan Worlds, Inc."
3233,Squareanon
3234,"Zezenia Online, Saucer Software"
3235,Black Shell Games
3236,Liuguowang
3237,Catnip
3238,Coal Supper
3239,"Sastrei Studios, Llc"
3240,Invader Studios
3241,Studio Monolith
3242,Another Story
3243,Grasshopper Manufacture Inc.
3244,"Qloc, Bandai Namco Studios Inc."
3245,Esp Games
3246,Old Moon
3247,Lion Game Lion
3248,Irrational Games
3249,Pingfang Games
3250,Chillyroom
3251,Encircle Games
3252,Playrise Digital Ltd.
3253,Pontypants
3254,Joybits Ltd.
3255,Cleverweek
3256,Hex Entertainment
3257,Endless Loop Studios
3258,"Nostalgia Hound, Pigravity"
3259,Lovely Hellplace
3260,Tuque Games
3261,Sad Owl Studios
3262,Team Woll
3263,"Konami Digital Entertainment Co., Ltd."
3264,Ckolmos Narrative.
3265,Xyak-Xyak
3266,Kevin Ryan
3267,Visai Games
3268,Weed Games
3269,Just Purkey Games
3270,Free Wing
3271,Noumena Studios
3272,Wet Girl
3273,Betagames Group
3274,Ragequit Corporation
3275,Ellinia Games
3276,Krome Studios
3277,Idol Fx
3278,"Terletski Games, Rikanimation"
3279,Gaga
3280,"Factor 5, Lucasarts"
3281,Orange_Juice
3282,Gamexp.Com
3283,"Daedalic Entertainment, Irresponsible Games"
3284,Just2D
3285,Metropolis
3286,Liv Inc
3287,Game Developer X
3288,Vanguard Games
3289,Bigmoon Entertainment
3290,Grabthegames Studios
3291,Obsessionsoft
3292,Busan Sanai Games
3293,Fallen Flag Studio
3294,Ipacs
3295,Endless Project Games
3296,Atomic Kraken
3297,Sugarcane Games
3298,Shorebound Studios
3299,Team Wiby
3300,Take It Studio!
3301,Team Sorcerobe
3302,Robi Studios
3303,The Foregone Syndicate
3304,Lucky Pikinini
3305,Studio Inkyfox
3306,Gallocus
3307,Witching Hour Studios
3308,No Ceiling Games
3309,Omniconnection
3310,Sp Games
3311,Rhinotales
3312,Grin
3313,Cleversan Games
3314,Diezelpower
3315,Triple.B.Titles
3316,Shadowwolf Games
3317,E-Line Media
3318,The Wandering Band Llc
3319,Hitcents
3320,Igor Uduslivii
3321,Black Sea Studios Ltd
3322,Geekspree
3323,Allicorn Games
3324,Jujubee S.A.
3325,Pendulo Studios
3326,狮子
3327,Exosyphen Studios
3328,The 3Do Company
3329,1001 Studio
3330,648工作室
3331,"Dream Operator, Oksana Bula"
3332,Silver Lining Studio
3333,Xdesktopsoft
3334,"Piotr Wolk, Star Drifters"
3335,"Engine Software, Ubisoft Montreal, Ubisoft Chengdu, Ubisoft Pune Production"
3336,New Story Games
3337,"Altspacevr, Inc."
3338,"Midboss, Llc."
3339,Lovely Games
3340,Fruit Postal Service
3341,Aixlab
3342,Increpare Games
3343,Q-Games Ltd.
3344,Net Games Laboratory
3345,Lucas Cavataio
3346,Sharkbird
3347,Siactro
3348,Oblone Software
3349,"The Studio Of Secret6, Inc."
3350,Different Tales
3351,Inverse Game
3352,Joakim Sandberg
3353,Crisis Cleaver
3354,Andy Makes
3355,Emre Erensoy
3356,致意
3357,Red Dwarf Games
3358,Goblinz Studio
3359,"Tony Chan, Hugo Fu"
3360,Kl Games
3361,Nvizzio Creations
3362,Demolidor Studio
3363,Yin Games
3364,30.06 Studios Ltd
3365,Whatboy Games
3366,"Wayforward, Abstraction Games"
3367,"Wales Interactive, Good Gate Media"
3368,"Fyre Games, Conner Rush"
3369,Biart Company Llc
3370,Kyle Pulver
3371,Iron Tower Studio
3372,Sandstorm Studios Inc.
3373,Iriysoft
3374,"インレ, Inre"
3375,Flamebait Games
3376,"Honor Code, Inc."
3377,Pie On A Plate Productions
3378,Rockstar San Diego
3379,"Big Sandwich Games, Stratecade Llc"
3380,Giorgi Abelashvili
3381,Mason Lindroth
3382,Perfect Parallel
3383,Exit Plan Games
3384,Mirillis
3385,Midgar Studio
3386,Nezos Games
3387,Little Big Lee
3388,Mono Studio
3389,Joy Impact
3390,Sobaka Studio
3391,Kevin Wacknov
3392,"Egor Magurin, Eugene Radaev"
3393,Popcannibal
3394,07Th Expansion
3395,Eternal Night Studios
3396,"Wevr, Inc."
3397,天津芸芸科技有限公司
3398,Gupa Games
3399,Cipher Prime Studios
3400,Prideful Sloth
3401,Class Of  2016-2017
3402,Improx Games
3403,Bitfall Studios
3404,Ostrich Banditos
3405,Hakjak
3406,Archpray Inc.
3407,Bravewolf
3408,Gaijin Games
3409,Roboqlo
3410,Umeo Studios
3411,Blackfire
3412,Dobra Studios
3413,Lapovich
3414,Suzuki Suzuzou
3415,Unlimited Fries
3416,Demibug
3417,Neversoft
3418,Black Rock Studio
3419,Ioa Games
3420,Simple Blue
3421,White Dog Games
3422,Hydravision Entertainment
3423,Best Way
3424,B4T Games
3425,Grundislav Games
3426,"Mario Von Rickenbach, Michael Frei"
3427,Notorious Studios
3428,Konnichiwa Games & Media
3429,"Simon Boxer, Twice Different"
3430,Inkle Ltd
3431,"Roel Van Beek, Jurgen Hoogeboom, Joppe De Graaf, Jesper Van Den Ende"
3432,Pysl
3433,Upjers
3434,Restory Studio
3435,Something We Made
3436,"Jw, Kitty, Jukio, Dom"
3437,Ancient Forge Studio
3438,Mega Cat Studios
3439,Tetrascope
3440,Shadow Planet Productions
3441,"Game Arts Co., Ltd., Sickhead Games, Llc"
3442,Interaction Studios
3443,Crocodile And Cactus
3444,Leikir Studio
3445,N3V Games
3446,Y.Kageyama
3447,Shining Gate Software
3448,Vidas Salavejus
3449,Carlsen Games
3450,Ayacat Games
3451,"Blueteak, The Engine Company, Shapes And Lines, Arcturus Interactive, The Quantum Astrophysicists Guild"
3452,Gibar
3453,Roastery Games
3454,Think Arcade
3455,Straight Right
3456,Unicube
3457,Andrew Simon Thomas Llc
3458,Lateralis Heavy Industries
3459,Snoozy Kazoo
3460,Pixelsplit
3461,Mobigrow
3462,Ole Lange
3463,Black Flag Studios
3464,Dan Walters
3465,Almighty Games
3466,Clauzen Entertainment
3467,"Mahhaon, Art-Arcade, Sun Pixel"
3468,Jun Yang
3469,"Paladin Studios, Stormbound Games"
3470,Konstructors
3471,Ritual Entertainment
3472,New80Sgamestudio
3473,Cr3 Studio
3474,Clarus Victoria
3475,Ediogames
3476,Toraiki
3477,"Tecopark, Gemdrops, Inc."
3478,Peanut Button
3479,Kafi
3480,Silentfuture
3481,Nexus Game Studios
3482,Adobe
3483,"Andrewdrumov, Sanke Berdochan"
3484,Cobra Mobile
3485,"Signal Studios, Krome Studios"
3486,Zero Gravity
3487,"Too Kyo Games, Media.Vision Inc."
3488,Lightsoutgames
3489,"B Michael B, Chainwave Games, Blake Gillman"
3490,"Jorgen Games Ltd, Oliver Josh"
3491,"Squeaks D'Corgeh, Cogware Games"
3492,"Hourences, Grip Games"
3493,Active Fungus Studios
3494,"Monumental, Llc"
3495,Shimobashira Workshop
3496,Team Curiosity ✦
3497,Archor Wright
3498,Robert Yang
3499,Flipline Studios
3500,Bitbox Ltd.
3501,"Ludosity, Remar Games"
3502,Excellent Rectangle
3503,Urban Wolf Games Inc.
3504,Кико
3505,Blender Games
3506,I-Illusions
3507,刨冰团工作室
3508,Cyberlore
3509,Team 6 Studios
3510,Polyslash
3511,"Rogueside, Claeysbrothers"
3512,"Saman Bemel-Benrud, Micah Fitch, Tom Lubanovic"
3513,Kylotonn
3514,Twisted Corridor
3515,Foampunch
3516,"Cryptic Sea, Edmund Mcmillen"
3517,Humanature Studios
3518,Terapoly
3519,Team17 Digital
3520,榭季生
3521,Tequila Works
3522,Magnum Scriptum
3523,"高考恋爱委员会, 橘子班"
3524,Spark Plug Games
3525,Cinemax Games
3526,"James Sager Iii, Steve Reynolds, Lokesh Dhanger"
3527,Karat Studios
3528,Lei
3529,Battlecruiser Games
3530,R2 Gamestudio
3531,Cyanide Montreal
3532,Lee Sang
3533,Last Bite Games
3534,Alawar Dreamdale
3535,Mighty Kingdom
3536,Signal Studios
3537,Dut Studio
3538,"Pumpkin Studios, Underdone Gaming, Warzone 2100 Project"
3539,Madison Karrh
3540,Dotbunny
3541,Slant Six Games
3542,Evil Twin Artworks
3543,Sbsoftlab
3544,Girlgames
3545,Neko Game
3546,The Men Who Wear Many Hats
3547,Team Stargazer
3548,Wenkly Studio Sp. Z O.O.
3549,Indomitus Games
3550,Lonely Troops
3551,General Arcade
3552,Longyou Game Studio
3553,Jo-Mei Games
3554,"Jetdogs Studios, Fineway Studios"
3555,"Wishes Ultd., Greg Lobanov, Alexis Dean-Jones, Lena Raine, Madeline Berger, A Shell In The Pit"
3556,So Far So Good
3557,"Koboldgames, Daedalic Entertainment"
3558,Loveshack Entertainment
3559,Softcowgames
3560,Black Lab Games
3561,Hellscape Games
3562,Ganz Studio
3563,Ja Game Studio
3564,Feperd Games
3565,Quadfix Games
3566,"Modern Visual Arts Laboratory, Seo Inseok"
3567,Taranasus
3568,Denis Galanin (Mif2000)
3569,Pelican Party Studios
3570,Ludosity
3571,Sunset Visitor 斜陽過客
3572,4Rtisans
3573,Succubella Games
3574,"Jdm4Ik, Droid Riot"
3575,The Secret Games Company
3576,"Bit Blot, Llc"
3577,Nicholas Rizzo
3578,Pinaattikeitto
3579,Ouadi Huard
3580,Sick Puppies
3581,Sneaky Bastards
3582,Redbedlam
3583,Winning Streak Games
3584,Radiation Blue
3585,Sinned Games
3586,Handelabra Games Inc.
3587,Jason Swisher
3588,Argonautics
3589,Cbgames
3590,红渊
3591,Daniel Jonathan Bourke
3592,Coatsink
3593,Zemunbre
3594,Parta Games Oy
3595,Too Kind Studio
3596,熊窝Dodox
3597,David Amador
3598,Lingrimm
3599,Altar Interactive
3600,"Bit Kid, Inc."
3601,Headhunters Games
3602,"Flying Oak Games, E-Studio"
3603,"「森霊」- Forest Spirit, Lonedev"
3604,Dylan White
3605,Outlands
3606,"Aarne ""Mekaskull"" Hunziker"
3607,Political Games Llc
3608,The Mustard Corporation
3609,Cultic Games
3610,"Anatoliy Loginovskikh, Аlexandr Telminov"
3611,Kurenaibook
3612,"Ian Maclarty, Jon Kerney"
3613,Nimbly Games
3614,T-Bull
3615,"Fat Bomb Studios, Llc"
3616,Shadow Development
3617,The Very Big Fish Games
3618,Vantan Game Academy
3619,Soda Den
3620,Born Ready Games Ltd.
3621,Officialandy
3622,Acute Games
3623,Interactive Fate
3624,"Dejobaan Games, Llc"
3625,Sigonheart Games Llc
3626,Morbidware
3627,Eggtooth Team
3628,Range10 Interactive
3629,5D6 Games
3630,"Alawar, Mirball Games"
3631,"Gabe Cuzzillo, Bennett Foddy, Maxi Boch"
3632,"Jetdogs Studios, Zoom Out Games"
3633,Crazy House
3634,"Bandai Namco Studio, Shift, Qloc"
3635,Moolion
3636,Jam Productions
3637,Sir Bedlam Productions
3638,Digifox
3639,Mehan Games
3640,Trinity Team
3641,Dreamteam Mobile
3642,Sinclair Strange
3643,Kleskby
3644,Reverse Impact
3645,Flavourworks
3646,Yodubzz Studios
3647,Fishcow Studio
3648,Francois Roussel
3649,Infinigon
3650,Eraytek
3651,Felix Laukel
3652,Jasozz Games
3653,"Rudolf Kremers & Alex May, Tuna"
3654,"Neople Inc., Arc System Works, Eighting Co., Ltd."
3655,Laundry Bear Games
3656,Asteroid Game Studio
3657,Origin8 Technologies Ltd.
3658,Wmy Studio
3659,Yifang Studio
3660,"Get Up Games, Iceberg Interactive"
3661,Dipl. Ing. Rolf-Dieter Klein
3662,Three Whales Studio
3663,Synapse Games
3664,Sgalien.Software.Us
3665,Hotloop
3666,Longplay Studios
3667,Cc Arts
3668,Romantic Room
3669,Teku Studios
3670,Alphawing Inc.
3671,Big Loop Studios
3672,Limasse Five
3673,Interior/Night
3674,Tomasz Wacławek
3675,Twowizards
3676,5 Bits Games
3677,Robot Loves Kitty
3678,"James Montgomery, Daniel Paez, Jeff Jackman, Lance Montgomery, Michael Nova"
3679,"Trey Powell, Jason Bond"
3680,Steel Monkeys
3681,Ppc
3682,Florastamine
3683,Eightyeightgames
3684,Megagon Industries
3685,Hyper Games
3686,Metalhead Software Inc.
3687,"Xefier Games, Hillcrest Games Inc."
3688,Magics
3689,Northway Games
3690,Majaja
3691,For Fun Labs
3692,Curfluffle
3693,Chibig
3694,Technomancy Studios
3695,G2Crew
3696,Ascalon Games
3697,Spellgarden Games
3698,Quaint Emerald
3699,Cauldron
3700,Luminy Studios
3701,Mgp Studios
3702,Survivance
3703,Pixelnest Studio
3704,Mighty Rocket Studio
3705,Nerdook Productions
3706,Coronado Games
3707,George Mandell
3708,Matt Newell
3709,Ragged Games
3710,Simon Fredholm
3711,"Hassey Enterprises, Inc."
3712,Lil Hentai Games
3713,Ian Isaro
3714,Delayed Victory
3715,"Bitmap Brothers, Vivid Games"
3716,Decaying Logic
3717,Old School Vibes
3718,Nstuff Entertainment
3719,Oxide Games
3720,"Wishes Ultd., Greg Lobanov, A Shell In The Pit"
3721,Montebearo
3722,"Zaxis Games, B-Evil"
3723,"Phenomic, Thq Nordic"
3724,Kouri
3725,"The Bratans, Smola Game Studio"
3726,Unbound Creations
3727,Camagames
3728,"Grasshopper Manufacture Inc., Engine Software Bv"
3729,Daniel Long
3730,Wolvesville Gmbh & Co. Kg
3731,Magdalenateam
3732,Spooky Squid Games Inc.
3733,Bitrich.Info
3734,Gridpop
3735,Digipen Europe-Bilbao
3736,Al Fine
3737,Nik
3738,Satosha Nakamoti
3739,Jetdogs Studios
3740,The Quadsphere
3741,Vidiludi Games And Entertainment
3742,Gal Mamalya
3743,Whoop Group
3744,Jacob Janerka
3745,Coldrice Games Llc
3746,Nuked Cockroach
3747,Zerobit Games
3748,Raspina Studio
3749,Heartfun
3750,"Trevor Sorensen, Mark Baldwin"
3751,Catos Game
3752,Goricina Productions
3753,Devdan Games
3754,Guiliam
3755,Iubisoft System Srl
3756,Finn Schuuring
3757,Corinthine
3758,Seafront Games
3759,Not A Sailor Studios
3760,"Krita Team, Krita Community Contributors"
3761,Sayan
3762,Rainbow Studios
3763,Cavemanon
3764,Joshua Nuernberger
3765,Fx Games Media
3766,Pixel Titans
3767,Focusd Io
3768,Shroudy Software
3769,"Lucid Games, Aspyr (Linux)"
3770,格林达姆136工程团
3771,Hitech Creations Inc.
3772,Dreampainters
3773,Bizarre Creations
3774,Vorobiov Vadym
3775,Abraham Carreola
3776,Play Cute
3777,Black Shell Media
3778,Trickjump Games
3779,"Paul Hart, Lee Williams, Akupara Games"
3780,Npk Games
3781,Acme Gamestudio
3782,Theta Division
3783,Quasar
3784,White Paper Games
3785,Kaigan Games
3786,Rock Pocket Games
3787,Eugene Zubko
3788,Alexander Cirac Antio
3789,Overseer Games
3790,Counterplay Games Inc
3791,Wessel Stoop
3792,Skrollcat Studio
3793,Checkmaty
3794,Liquid Dragon Studios
3795,Slitherine Ltd.
3796,Ubisoft Romania
3797,Derrick Davison
3798,Nitro Games
3799,Monstrum
3800,Reloaded Studios
3801,Parabole
3802,Rmal
3803,"Cfk Co., Ltd."
3804,Teedoubleugames
3805,"Sewer Cat, Heavy Sheep"
3806,"Armature Studio, Llc, Comcept"
3807,2 Monkeys
3808,Watashi Games
3809,Katsu
3810,Bancyco
3811,Mighty Coconut
3812,Chicken Launcher
3813,Serious Sim
3814,Beautifun Games
3815,Wtfomgames
3816,Gamecan
3817,Idea Factory
3818,Blacc Ski Weekend Industries
3819,Somethingextra
3820,Pencil Test Studios
3821,Goldfire Studios
3822,Dakecraft
3823,L3O Interactive
3824,Michael Todd Games
3825,M506 Tec
3826,Golemlabs
3827,Friedemann
3828,Wormwood Studios
3829,Pumpernickel Studio
3830,Trebuchet
3831,Doinksoft
3832,Coilworks
3833,"Sledgehammer Games, Treyarch, High Moon Studios, Raven Software, Beenox, Demonware"
3834,Reactor Studios
3835,Sketchy Realms
3836,Nepos Games
3837,Ankaar Productions
3838,"Wins_84, Gamebalance"
3839,Night Node Software
3840,Red Team Games
3841,Swing Swing Submarine
3842,"Radial Games Corp, Loren Bednar, Dr. Kimberly Voll, Lindsay Jorgensen"
3843,All In! Games
3844,Storm_Sharks
3845,"Holy Warp, Black Wing Foundation"
3846,Primal Game Studio
3847,Zilong Game Limited
3848,Otl Game
3849,狐の旅路制作组
3850,Siriusstudio
3851,Swordtales
3852,Firedanger Studio
3853,Daniel Linssen
3854,Graphite Lab
3855,Cow Game
3856,Rask
3857,Remedy
3858,Asmodee Digital
3859,Ratloop Games Canada
3860,Three Eyed Games
3861,Fitxr
3862,Wadjet Eye Games
3863,2Sd
3864,"Sansar, Inc"
3865,"Iwplay World Interactive Entertainment Technology Co., Ltd."
3866,上海アリス幻樂団
3867,Itbt Studio
3868,Bold Spirit Game Studio
3869,Radatomic Studios
3870,"Square Enix, D4Enterprise Co.,Ltd."
3871,Neuronhaze
3872,Hidden Crawlspace Studios
3873,Archetype Studios
3874,Chimera Entertainment
3875,So Romantic
3876,Gamedevs For Bernie
3877,Parallel Portal
3878,Simtex
3879,Avallon Alliance
3880,Aliasblack
3881,"Asobism.Co.,Ltd"
3882,Optillusion
3883,Giraffe Lab Llc
3884,Bigosaur
3885,"Weston Mitchell, Pandan Games"
3886,Lumbernauts
3887,Quantized Bit
3888,Loren Lemcke
3889,Chi Entertainment Corp.
3890,Matt Hooper
3891,Niffler Ltd.
3892,Btf
3893,Strange Scaffold
3894,Digital Eel
3895,Artplant
3896,Cleversan Software
3897,喜人一个
3898,Dreamescape
3899,Rival Games Ltd
3900,Cbe Software
3901,"Twinbeard, Inc."
3902,Wonderbelly Games
3903,"Escalation Studios, Four Quarters"
3904,Cold Tea Studio
3905,"Inkle Ltd, Cape Guy Ltd"
3906,Dharker Studios
3907,Flashynurav
3908,Playfusion
3909,Wildwood Game Studios
3910,Washbear Studio
3911,"Cd Projekt Red, Can Explode"
3912,Computer Artworks
3913,Polychroma Games
3914,Crablacksmith Studios
3915,Barnes
3916,Jerseyware Gaming
3917,Rabbit & Bear Studios
3918,Ulysses Games
3919,Infinitap Games
3920,T3Entertainment
3921,Aquaheaven Studios
3922,Sungjunjo
3923,Deck13 Hamburg
3924,Littlefield Studio
3925,Marion Surgical Inc.
3926,Elven Workshop
3927,Adog
3928,"Ωstar, Seikei Production"
3929,Arcane Raise
3930,Yemunetwork
3931,Creobit
3932,Drive Beyond Horizons
3933,Galvanic Games
3934,Team Dots
3935,Punch Punk Games
3936,Santa Ragione
3937,Robert Borghese
3938,Cliffhanger Productions
3939,"Ty Taylor, Spotted Zebra, Justin Nafziger, Vega Castañeda"
3940,Sunil Sutariya
3941,Ripstone
3942,Valsar
3943,Redboon
3944,Bekho Team
3945,10F
3946,Suncyan Studio
3947,Kluge Interactive
3948,"Dan Fornace, Pizza Freak"
3949,Npckc
3950,Magic Fountain Studio
3951,Sushee
3952,Pierre Vandermaesen
3953,Omega Gaming Llc
3954,Freaking Games
3955,Little Bear Studios
3956,It Territory
3957,The_Kiddy
3958,"Mayhem Studios, Zoom Platform Media, Jordan Freeman Group"
3959,Pro Playa Dev
3960,Maqna Interactive Ltda
3961,"Grace Bruxner, Thomas Bowker"
3962,Rubycone
3963,Metalstar Studio
3964,Skirmish Mode Games
3965,属音制作组
3966,Gnisoft
3967,Microprose
3968,Gdstudio
3969,"Tilted Mill Entertainment, Inc."
3970,Dee Dee Creations Llc
3971,Trinket Studios
3972,Tangrin Entertainment
3973,Bit Fox Den
3974,Four Winged Studio
3975,Wonderscope Games
3976,"Yggdrazil Group Co.,Ltd"
3977,Empty Clip Studios
3978,Royal Rudius Entertainment
3979,Fuero Games
3980,Jni Games
3981,Mothership Entertainment Llc
3982,Anima Project
3983,Robotality
3984,Toasty Leaf Ab
3985,"Uaqyt Maсhine, 7Dots"
3986,Alice In Dissonance
3987,"Stepford, Andyland, Milkypossum"
3988,Bulbware
3989,Team Eye 4 Eye
3990,Pikpok
3991,Dusk Wave Arts Llc
3992,Amata Games
3993,Real Co.Ltd
3994,Monkeys Tales Studio
3995,Triple Eye Games
3996,Blind Squirrel Entertainment
3997,Pixel Gangsta Studio
3998,Untame
3999,Fallen Snow Studios
4000,Seedwall
4001,"Ladomu, Angels Blue Digital Entertainment, Digitalez"
4002,Amonga99
4003,Conatus Creative Inc.
4004,Robert Alvarez
4005,"Edmund Mcmillen, James Id"
4006,Norrman Brothers
4007,Edym Pixels
4008,Newgen
4009,Gamezoo Studio
4010,Edvar Studio
4011,Ionfx
4012,"Deceptive Games, Gavin Powell"
4013,Wingjoy Games
4014,Unbegames
4015,"Schell Games, Innersloth, Robot Teddy"
4016,Darjeeling
4017,Helmet Games
4018,Elder Games
4019,Pinblend Studios
4020,North Of Earth
4021,Bsk Games
4022,Omega
4023,Shota Kasai
4024,Kozhakov
4025,All Seeing Eye Games
4026,Domesticated Ant Games
4027,Volok Games
4028,"Radial Games Corp, Dejobaan Games, Llc"
4029,Brave Rabbit Games
4030,Insertdisc5
4031,Sky Machine Studios
4032,Disco Entertainment
4033,Widdershins
4034,The Ito Project
4035,Rootless Studio
4036,Totally Games
4037,Mantaliss
4038,"Games Incubator, Hypnotic Ants"
4039,Dream Reactor
4040,Proximity Games
4041,Technotal
4042,Rosebud Games
4043,Reum Entertainment
4044,Vladimir Shlapak
4045,Lion Sized Studios
4046,Pawel Zajac (Artbarian Games)
4047,Shieldbearer Studios
4048,Anvate Games
4049,"Andrei Cretu, Giacomo Autili, Tomer Barnea"
4050,The Drone Racing League
4051,Black Sea Games
4052,Muifwego
4053,Paweł Mogiła
4054,Tragnarion Studios
4055,Flynn'S Arcade
4056,Games Foundry
4057,Funtime
4058,Altari Games
4059,Altered Orbit Studios
4060,"Rodeo Games, Twistplay"
4061,"Aardman Animations, Digixart"
4062,One Bit Studio
4063,Kiwiwalks
4064,Icy Donut
4065,"Talia Bob Mair, Nicolás Delgado"
4066,Granzella Inc.
4067,"Cygames, Inc., Grounding Inc."
4068,Doublethink Studio
4069,Refugium Games
4070,"Intrepid Studios, Inc."
4071,Excalibur
4072,Games Of Tomorrow Gmbh
4073,Playcoo
4074,Grayfax Software
4075,"Richmakegame, Colin Northway"
4076,Frecle
4077,Peach Pie Productions
4078,黄昏フロンティア
4079,Halfbrick Studios Pty Ltd
4080,Smac Games
4081,Treasure
4082,"Dinamic Software, Imperivm World"
4083,Gibier Games
4084,Ludic Studios
4085,2015
4086,Studio48
4087,Eric L.
4088,Dosane Games
4089,Digital Reality
4090,Blind Recluse
4091,Studio Wasabi
4092,Fourattic
4093,"Kairosoft Co.,Ltd"
4094,"Square Enix, M2 Co., Ltd."
4095,Duoyi
4096,Thunder Devs.
4097,"Nina Demirjian, Sean Park, Sean Porio"
4098,Puzzling Dream
4099,"Milan Kazarka, Jeroen Van Oosten"
4100,Pastagames
4101,Chuck Productions
4102,Shield Break Studios
4103,Wos Development Team
4104,"Arain, Syldris, Azuresouls, Sinacs, Mochislime"
4105,Kitungo Studios
4106,Dale Turner
4107,"Shenzhen Huanjing Technology Co.,Ltd"
4108,Vanimals
4109,Alcedo Games
4110,Daniel Paul Griffin
4111,Soda Game Studio
4112,Leap Studio
4113,Moose Attack Studios
4114,Natsumeatari
4115,"Idle System, Inc."
4116,Strangelight Games
4117,Bulldog Interactive
4118,Thinmatrix
4119,Kukouri
4120,Doublebear Productions
4121,Ovosonico
4122,Hammerfire Interactive
4123,大吉利制作组
4124,Rafael Farias
4125,René Rother
4126,Llama Software
4127,Landauer Games
4128,Soundandfurygames
4129,Kovalim
4130,Anomaly Games
4131,Table 9 Studio
4132,Lychee Game Labs
4133,Polyamorous
4134,Fishermangamedev
4135,Naga Entertainment
4136,"Atomic Fabrik, Cristian Manolachi"
4137,Arrowiz
4138,8A Studio
4139,Lose
4140,Weird And Wry
4141,Tapblaze
4142,Creepy Brothers
4143,Yeo
4144,Fleon Games
4145,Sidequestnz
4146,"Crespirit, Gemayue, Ein Lee"
4147,Lappi Soft
4148,Flashback Games
4149,Latent Malice
4150,Gamelooper
4151,Team Halfbeard
4152,"Ganbarion Co., Ltd."
4153,Coreplay Gmbh
4154,Albino Moose Games
4155,"Ritual Entertainment, Nightdive Studios"
4156,Still Running
4157,Arkavi Studios
4158,Daylight Studios
4159,"Ice-Pick Lodge, General Arcade"
4160,Pgn Inc
4161,Four Leaf Studios
4162,Free Reign Entertainment Llc
4163,Illusion
4164,Antizero Company
4165,"Ubisoft Bulgaria, Ubisoft Montpellier"
4166,Midnight Party
4167,Autotelic Games Llc
4168,"Zimad, Inc."
4169,Massive Development
4170,Akella
4171,Andriy Bychkovskyi
4172,Corebeast Interactive
4173,Innogames
4174,Darkmatter Games
4175,Action Squad Studios
4176,Frogames Sl
4177,Anders Grube Jensen
4178,Big Ant Studios
4179,Invertmouse
4180,Flipswitch Games
4181,Justin Wade
4182,Hypergryph
4183,Battlebrew Productions
4184,Rockodile
4185,Ares Dragonis
4186,Petit Depotto
4187,Phoenix Labs
4188,"Hyde, Inc."
4189,Stegosoft Games
4190,Chaos Minds
4191,Artifex Mundi
4192,Cosmic Logic
4193,Game Studio Inc.
4194,Happy Broccoli Games
4195,Bling Bling Games Gmbh
4196,Kodera Software
4197,Pixel Trickery
4198,"Focka Games, Ilcoin Development Team"
4199,Critters Collective
4200,Fridus
4201,Turquoise Revival Games
4202,Cubic Pie
4203,Forbes Consult Ltd
4204,Milpitians
4205,Nupixo Games
4206,"Good Games, Creobit"
4207,Enki
4208,Nude Maker
4209,Piece Of Cake Studios
4210,Historyaccuratedevelopers
4211,Digitality Games
4212,Joeveno
4213,Maeth
4214,Kinto Games Llc
4215,Bolingogames
4216,Aehmttw (Matei Budiu)
4217,"Zerone Games, Dawson Dewulf"
4218,Super Bit Machine
4219,Alecubicsoft
4220,Netmarble Neo
4221,Singta Inc.
4222,Aden Interactive
4223,Hakababunko
4224,Ultra Ultra
4225,Darkelite Studio Inc
4226,Sentinel Studios
4227,Tin Man Games
4228,Frog Vibes
4229,Deadsteel Studio
4230,Sunblink
4231,Ilogin Studio
4232,"Fancy Fish Games, Snöbox Studio"
4233,Storytaco
4234,Laush Dmitriy Sergeevich
4235,"Alliance Arts, Unknownx"
4236,Cranky Watermelon
4237,Tomyhorst
4238,Fervent
4239,Magnolia Art
4240,Dracula Bytes
4241,Philips P.O.V. Entertainment Group
4242,Foam Entertainment
4243,Xuzhou Getai Trading Co. Ltd
4244,Aratog Llc
4245,Binary Zoo
4246,Rafael Burgos
4247,Carrot Studios
4248,Bird'S Eye Games
4249,Sean Adair Entertainment
4250,Orangesgame Technology Limited
4251,This Game Studio
4252,Axolittle Software
4253,"赤瞳大白猫, 猫尾巴制作组"
4254,"Nihon Falcom, Mastiff"
4255,The Wild Gentlemen
4256,Ranger Game
4257,Petriheart
4258,Laboratstudio
4259,Slimesmile
4260,Allyson De Souza Bacon
4261,Freshly Squeezed
4262,Dynamicnext
4263,Melos Han-Tani
4264,Hothead Games
4265,Arkane Austin
4266,B-Alive Gmbh
4267,Myth Entertainment
4268,"2Oo2, Vn"
4269,Sir-Tech Canada
4270,Mr. Podunkian
4271,Lab Zero Games
4272,Atico
4273,Sleepy Duck
4274,Spiffybit
4275,Pyromancers.Com
4276,Reflect Studios
4277,Null Reference Games
4278,Moral Anxiety Studio
4279,Aivik Llc
4280,Ignatus Zuk And Gonzalo Villagomez
4281,C Prompt Games
4282,Artisan Studios
4283,T.D
4284,No Matter Studios
4285,Italic Pig
4286,Tiny Roar
4287,Nachosama Games
4288,Alkemi
4289,Struckd Ag
4290,Hype Games
4291,西安曼云网络科技有限公司
4292,Aiaz Marx
4293,Vixa Games
4294,Tegridy Made Games
4295,Doomster Entertainment
4296,Rebelia Games
4297,"Team Azule, Lucas Immanuel, Stickle, Max Kearney"
4298,The Simutrans Team
4299,Ritual Reality
4300,Wayward Prophet
4301,Absolutist Ltd.
4302,Sketchy Logic
4303,Wuwei
4304,"Digital Reality, Gyroscope Games"
4305,Neoclassic Games
4306,Indieleague Studio
4307,Kokua Games
4308,嘉兴黑曜石(Jiaxing Obsidian)
4309,"Cavalier Game Studios, Tequila Works"
4310,Wargaming.Net
4311,Lowbirth Games
4312,Vivid Games S.A.
4313,"Boffo Intergalactic Games, Jordan Freeman Group, Rocket Science Games, Segasoft"
4314,Mixamo
4315,Vijuda
4316,Raindance Lx
4317,Nyamyam
4318,Exordium Games
4319,"Frontier Developments, Asobo Studio"
4320,Throughline Games
4321,"Diego Fernandes Malinowsky, Altanir Aparecida Fernandes Malinowsky"
4322,Owned By Gravity
4323,Vi Games Llc
4324,Néotl Empire
4325,Viking Tao
4326,Code Mystics
4327,Bucketplay Inc.
4328,Alastair John Jack
4329,Redeev
4330,The Scholastics
4331,Mackinn7
4332,Ali Irfan Dogan
4333,Chewa
4334,Triomatica Games
4335,Isto Inc.
4336,Thomas Förg Media
4337,"Panda Indie Studio, Wrathschneider"
4338,Pyramid
4339,Locked Door Puzzle
4340,Elephant Games
4341,"Marauder Interactive, Llc"
4342,Awoker Games
4343,Tiny Lab Productions
4344,Simteract
4345,Thorne Games
4346,Ground Shatter
4347,Tupã Games
4348,Sundae Month
4349,Dramatic Labs
4350,Lantern Studio
4351,"Michael Kissinger, Marco Hulden, Shaun Egan, Joshua Marks, Denys Ovsiannykov"
4352,Invisible Walls
4353,"2Chance Projects, Iichan Eroge Team"
4354,Pokerstars Mobile Limited
4355,Revolutionary Games Studio
4356,Create Something Interesting
4357,Crater Studios
4358,Totallynotreptillian
4359,"Leikir Studio, Cyanide Studio"
4360,Blind Mind Studios
4361,Zeiva Inc
4362,Heimo Game Studio
4363,"Yotsubane, Adventure Planning Service"
4364,Csr-Studios
4365,Max Mraz
4366,Rellurealgames
4367,Peaksel
4368,Hongyuan Game
4369,Pilgrim Adventures
4370,Nauris Amatnieks
4371,Roosterlandia
4372,Myth Studio
4373,Dexp
4374,Power Struggle Games
4375,"Strategic Simulations, Doug Wood"
4376,Abstraction Games
4377,Lemonsucker Games
4378,"Capcom U.S.A., Inc."
4379,"Batcholi, Flodksm"
4380,Jinxi
4381,Elite Games Team
4382,Lka
4383,Moonshot Interactive Games
4384,Bigbug Studio
4385,"Serious Sim, Crunching Koalas"
4386,Sc Games
4387,"Ross Winters, Austin Pinzon, Adrian Lannon, Ana Beltran, David Almaguer, Ryan Rosado, Chris Perry, Emily Bannister, Nicolas Kemball-Cook, Doug Fialko, Joel Arroyo"
4388,"The Last Evil Wizard, Nupu Neko Dev"
4389,Nawia Games
4390,Bar Yaari
4391,Rogueside
4392,Deck Nine Games
4393,Vd Games
4394,"Live Motion Games, Frozen Way"
4395,Serious Brew
4396,Fireroot Studios
4397,Ayakashi Games
4398,Final Strike Games
4399,Megapixel Studio S. A.
4400,Boogygames Studios
4401,Leslaw Sliwko
4402,4Fishing
4403,Rrts
4404,Lore Nine
4405,"Grindstone, Triple Hill Interactive, Toko Midori Games"
4406,Shockfront Studios
4407,Robot Riot Ug (Haftungsbeschränkt)
4408,"Narrator, Storia"
4409,Simprose Studios
4410,Mythical City Games
4411,Lights Are Off Llc
4412,Marevo Collective
4413,Animus Interactive Inc
4414,Yuzusoftsour
4415,"Level5 Inc., Qloc"
4416,Pandaupstudio
4417,Kemco
4418,Broken Arms Games
4419,Aidis
4420,Standable
4421,Most Wanted Entertainment
4422,Lizardcube
4423,Byu Animation -  Class Of 2017
4424,Noglyph Games
4425,"Anuman Interactive / Microids, Koalabs"
4426,"Rcg, Myst"
4427,Loading Home
4428,Tudor Sandru
4429,Andre David Dev
4430,Motion Games Studio
4431,Life Forge Team
4432,Vizek
4433,Japanco
4434,"Riposte Games &Amp; Co, Inc"
4435,Ecc Games
4436,Sieidi Ltd
4437,Smilegate Entertainment
4438,"Tequila Works, Abstraction Games"
4439,Ejrgames
4440,"Asobo Studio, Hip Games"
4441,Gameboom Vr
4442,Moonsprout Games
4443,Hiding Spot
4444,Suits &Amp; Sandals
4445,Halfbus
4446,Dan Trimble
4447,Virtys
4448,Tsukuyomic
4449,中子星游戏研究所
4450,"Massive Entertainment – A Ubisoft Studio, Ubisoft Montpellier, Ubisoft Shanghai, Ubisoft Toronto, Ubisoft Düsseldorf, Ubisoft Reflections"
4451,Three Fields Entertainment
4452,Herrero Games
4453,Max Loh
4454,"Andrew Bates, Craig Bentick, Nolan Cunningham, Onomis"
4455,Alessandro Guzzo
4456,Ilmir Nasertdinov
4457,Rebel Rabbit
4458,Talawa Games
4459,Byzantine Games
4460,Flow Studio
4461,Momostorm Entertainment
4462,Loms Studio
4463,8Bitskull
4464,"Idea Factory, Design Factory"
4465,Question
4466,Phantom Compass
4467,Super Walrus Games
4468,Red Soul Games
4469,Coredumping
4470,"Fraoula, Spiky Crumb"
4471,"Nina Freeman, Emmett Butler, Decky Coss, Joni Kittaka"
4472,越青
4473,Drakkar Dev
4474,"Rayhouse Productions, Gamerealmmadness"
4475,Thq Nordic
4476,Bloodious Games
4477,Decent Machine
4478,Ackk Studios
4479,Blind Bird
4480,Christopher V. Costello
4481,Therefore Games
4482,Kristopher Werlinder
4483,上海奇速网络科技有限公司
4484,Dreamlit Inc.
4485,Sernur.Tech
4486,Scarecrow Studio
4487,Vector Bundle
4488,Heartomics
4489,Vreski
4490,Neonchimp Games
4491,"Wavedash Games, Vortex Games"
4492,Koto Games
4493,Pirate Software
4494,Cp Decision
4495,Murudai
4496,Blam! Games Llc
4497,Warp Turtle
4498,Orc Chop Games
4499,Selenophobia
4500,Whitemoon Dreams
4501,Subatomic Studios Llc
4502,Orthogonal Games
4503,Love Conquers All Games
4504,Beenox
4505,Double Eleven
4506,Dusk Dog Studio
4507,Redbeak Games
4508,Dynamic Media Triad
4509,Monster Couch
4510,Swdtech Games
4511,Dddimann
4512,Jarhead Games
4513,Dark Water Studios Ltd
4514,Ephemeral Interaction
4515,Mc2
4516,Uuvana Studios
4517,Sam751021
4518,Harotobira
4519,St Studios
4520,Haggard Games
4521,"Northway Games, Sarah Northway"
4522,Taito Corp.
4523,Studio Pixel
4524,Psychic Software
4525,Bear & Cat Studio
4526,Afterburn
4527,"Xavi Canal, Ben Palgi"
4528,Linked Squad
4529,Tnt Team
4530,Crystal Empire Games
4531,Befun Studio
4532,Brute Force
4533,Ragnarökr Project
4534,Troglobytes Games
4535,"Terrible Posture Games, Grip Digital"
4536,Novect
4537,U-Secret Studio
4538,Torrunt
4539,Dmitry Zheltobriukhov
4540,Tensori
4541,Avenax
4542,The Vectromirror Initiative
4543,Vermillion Digital
4544,Shadow Masters
4545,"L. Stotch, Vladimir Soldatov"
4546,Purple Moss Collectors
4547,Med-Art
4548,Kumi Souls Games
4549,Rava Games
4550,Bs1 & Bslteam
4551,Red Unit Studios
4552,Capriccio
4553,Broken Arrow Games
4554,Studio Evil
4555,Tutgame
4556,Creative Pudding Hungary Llc.
4557,All Yes Good
4558,Team Tetrapod
4559,Panda Studio
4560,"Jason Gertner, Carson Kompon, Yukon Wainczak, Jennifer Kindl"
4561,"Callback, Ln404"
4562,Moonlight Mouse
4563,Browny Application
4564,Oreol
4565,Inbetweengames
4566,"Triverske, Mirror Queen"
4567,Skyshine Games
4568,"Crema, Ggtech Studios"
4569,Ethan Harris-Austin
4570,Origame Digital
4571,Hambug Games
4572,"Team Dyo, Josia Roncancio"
4573,Remoob
4574,Refic Games
4575,Bogosoft
4576,Early Morning Studio
4577,Blackmark Studio
4578,Disquire
4579,Andrew Morrish
4580,Roseportal Games
4581,Grinning Games
4582,Sandbox
4583,Out Of The Park Developments
4584,Patrick Traynor
4585,Megadev
4586,Alambik Studio
4587,Pixwerk
4588,1Bit
4589,Twilight Sonata Studio
4590,God Roll Games
4591,Freedom Factory
4592,Jake Hollands
4593,Zero Mana Studio
4594,Doublehit Games
4595,H5Dev Games
4596,Gravity Garden
4597,Softstar Technology(Shanghai)
4598,Skyhook Games
4599,Saintheiser
4600,Alex Zhang
4601,知行合一
4602,"Square Enix, Gemdrops, Inc."
4603,Single A Games
4604,Game Atelier
4605,Advanced Games B
4606,Voiceattack.Com
4607,"Frontwire Studios, Llc"
4608,"Explosm, Skeleton Crew Studios"
4609,Xii Games
4610,Pds Games
4611,"Gremlin Interactive, The Software Refinery"
4612,New Star Games
4613,Akabaka
4614,Pixel Peanuts
4615,Light Echo
4616,Commandospro
4617,"No Cvt, Blackmuffin"
4618,Puppet Combo
4619,"Beyond-Limits-Games, Fcg"
4620,Jumpship
4621,Krystian Majewski
4622,Draknek & Friends
4623,Ben Nichols
4624,Andrei Ivashentsev
4625,Fourexo Entertainment
4626,Madrock
4627,Digital Art Team
4628,"Ydkr, Semenov Iurii, Aleksandr Golovkin"
4629,Pixelcount Studios
4630,Sierra
4631,Decoded Production
4632,Roest
4633,"Rock Wall Games, Llc"
4634,Good Boys
4635,Zeleniuk
4636,Wild Arts Llc
4637,Maze Theory
4638,灵煦工作室
4639,"2X2 Games, Croteam"
4640,Alchemical Works
4641,"Tendogames Co., Ltd."
4642,Lohsoft
4643,"Square Enix, Xeen Inc."
4644,Homewreckers Studio
4645,White Blanket Games
4646,"Games Farm, 3Division"
4647,"Jandusoft, Eric Rodríguez"
4648,Joe Richardson
4649,Chuhai Labs
4650,Novaquark
4651,Ivan Zanotti'S Mymadnessworks
4652,Antonio Freyre
4653,Knight Owl Games
4654,Hamster On Coke Games
4655,Lost Pilgrims Studio
4656,Chaos
4657,Peachy Keen Games
4658,"Tero Lunkka, Mikko Seppälä"
4659,Atahan Öztürk
4660,3 Sprockets
4661,"Abstraction Games, Wayforward"
4662,Odinsoft Inc.
4663,Old World Studios™
4664,幻想小白工作室
4665,あみそ組
4666,Leakage Games
4667,Capucine Mahieux
4668,Tiny Shiny Things
4669,Junction Point
4670,Sound Slide Team
4671,Heaven Brotherhood
4672,Gamechanger Studio
4673,Nmc Studios
4674,"Haojoy Game, Zjoy Game"
4675,Doublev
4676,Gessler Games
4677,Team Jolly Roger
4678,Qooc Software
4679,Behemutt
4680,Maxeymus Games
4681,"風林火山工作室, 東木酋長"
4682,Toilet Games
4683,Valhalla Cats
4684,Alien Pixel Studios
4685,Wholetone Games
4686,Emika_Games
4687,Spiral Circus Games
4688,Hosted Games
4689,Lsp Game
4690,Shinachiku-Castella
4691,Wave Ecstacy
4692,"Urvogel Games, Llc"
4693,Monster Games
4694,Stormling Studios
4695,Laughing Jackal Ltd
4696,Fury Studios
4697,Merhaba Yazılım
4698,Kava Game Studio
4699,Mindware Studios
4700,Dya Games
4701,"Quinton Reeves, Lee Salzman, Sławomir Błauciak"
4702,"Funselektor Labs Inc., Flippfly"
4703,Nonnobis Games
4704,Code Force
4705,"Buck Games, Antfood"
4706,Qzq Studio
4707,"Adi Zhavo, Project 99 Games"
4708,Gametrek
4709,Anvio
4710,Corvuscorax_Studio
4711,Rodeo Games
4712,Serge Kornew
4713,Acclaim Studios Teesside
4714,Woodland Games
4715,Doghowl Games
4716,Halberd Studios
4717,Firering Studio
4718,Three One Zero
4719,Stray Bombay
4720,Tero Lunkka
4721,Astragon Entertainment
4722,Anate Studio
4723,Ohm Force
4724,Desktoppaints Llc
4725,Thegamingvan
4726,Wizarbox Production
4727,Jellysnow Studio
4728,"Square Enix, Tri-Ace"
4729,Freakzone Games
4730,European Flameworms
4731,Majorariatto
4732,Camel 101
4733,Ko.Dll
4734,"Twin Hearts, Secret Level Studios"
4735,2Darray
4736,One-O-One Games
4737,"Elseware Experience, Benoit Dereau, Mael Vignaux"
4738,Wild Factor
4739,上海班图网络科技有限公司
4740,Vladimir Maslov
4741,猫跑工作室
4742,Zakos Games
4743,One Dreamer Company
4744,Apeiron
4745,"Gotcha Gotcha Games, ゆわか, Kadokawa"
4746,Yeti Trunk
4747,Creative Storm Entertainment
4748,Leo Waters
4749,Vivid Image
4750,Chair Entertainment
4751,Omegasoft
4752,Allgraf
4753,Action Square
4754,Finally Games
4755,"Claudio Norori, Antonio Vargas"
4756,Uab Detis
4757,Overdrive
4758,Colorfulmaxtrix
4759,"Spieleentwicklungskombinat Gmbh, General Arcade"
4760,Lonely Oni Interactive
4761,"Tribe Tea, Stas Shostak, Evgeniy Yudin, Alexzander Protasenya, Ruslan Viter"
4762,Retora Games
4763,Unique Media
4764,"Mydreamforever, Tazdraperm"
4765,Mdickie
4766,Crazy Goat Games
4767,Hamma Studios
4768,Playboom
4769,Bisquitplay
4770,Little Leo Games
4771,Oubliette
4772,N2Games
4773,Moonrise Interactive
4774,Pinterac
4775,Light Vision Interactive
4776,Treefortress Games
4777,Caret Games
4778,Nussygame
4779,Recall Software Inc.
4780,"Relic Entertainment, Thq Nordic"
4781,Beans Rolls
4782,Pixelfade
4783,Whirllaxy Limited
4784,4Ugui
4785,Steppe Hare Studio
4786,Badland Studio
4787,Cubamano
4788,Thunderlime
4789,Ilex Games
4790,Crescent Moon Games
4791,Now Production
4792,Ready To Play
4793,Galaxytrail
4794,Pursuit Games
4795,Team101
4796,Stranga Games
4797,0X0Real Studio
4798,Agharta Studio
4799,Vektro Digital
4800,Late Night Games
4801,Stonebrick Studios
4802,Atom Republic
4803,Mutantleg
4804,Big Z Studios Inc.
4805,God As A Cucumber
4806,Violet Angel Interactive
4807,M2H
4808,Marcelo Barbosa
4809,Mystik'Art
4810,"Brilliance Games, Brilliance"
4811,"Zha7, Phaedruns, Yingke Wu"
4812,Playuntrusted.Com
4813,"Idea Factory, Compile Heart, Sting"
4814,4 Dimension Games
4815,Yodum Games I/S
4816,Gb09
4817,Laputa Labs
4818,Forceight
4819,D&A Studios
4820,Studio N9
4821,Buho Game
4822,Devespresso Games
4823,Pyxeralia Llc
4824,A2 Softworks
4825,Owlet
4826,"Beau Blyth, Evan Hemsley, Nelson Boles, Doseone, Adam Robezzoli, Valentin Seiche"
4827,Insomnia
4828,Press Play
4829,Neuronality
4830,Chondrite Games
4831,Ian Campbell
4832,Nightstuff Games
4833,Michele Pirovano
4834,Rama Studio
4835,Acuze Interactives
4836,Ascaron Entertainment Ltd.
4837,Echo Entertainment
4838,Odin Game Studio
4839,Juggernaut Games
4840,"Wx3 Labs, Llc"
4841,Cranberry Production
4842,Canfish
4843,Greenguy
4844,Random Seed Games
4845,Hong Kong Netease Interactive Entertainment Limited
4846,"Team Chex Quest Hd, Flight School Studio"
4847,Carmine T. Guida
4848,Jonworks Interactive
4849,Alan Edwardes
4850,"Wales Interactive, Good Gate Media, Little Jade Productions"
4851,Fantasize Games
4852,Hybriona Labs
4853,Sakari Games
4854,Gaming Goose Entertainment
4855,"Acceleroto, Inc."
4856,Pixel Forest Games
4857,Bigbread
4858,"Artogon, Jetdogs Studios"
4859,"Presto Studios, Cyan Worlds, Inc."
4860,Drygin Studios
4861,想象颗粒
4862,Oath Games
4863,Matrix Games
4864,"Arvi Teikari, Roope Mäkinen"
4865,Adei Devind
4866,侠客工作室
4867,59 Studio
4868,Neomateria Games Gmbh
4869,Actalogic
4870,Kurokumasoft
4871,System Erasure
4872,Bbc Media Applications Technologies Limited
4873,Asraworks
4874,Plethora Project
4875,Snails Arcade
4876,Igor Rashkuev
4877,"Her Interactive, Inc."
4878,Auntygames
4879,M For Mother
4880,"Duality Games, Glob Games Studio"
4881,William At Oxford
4882,"Nippon Ichi Software, Inc., Systemsoft Beta, Inc."
4883,Elev8 Games
4884,Bohdan Taraba
4885,Roost Games
4886,Pavel Kudinov
4887,Aterdux Entertainment
4888,Rogue Entertainment
4889,Tw Gamedev
4890,Dmytry Lavrov
4891,"Biglight.Games, Xbgzs"
4892,Doghadhouse
4893,Z Studio
4894,Snowhound Games
4895,Examu
4896,System 3
4897,"Codemanu, Endless Coffee"
4898,Humongous Entertainment
4899,Dreadlocks Ltd.
4900,Effectmatrix
4901,Zoink
4902,Technocrat Games
4903,Spell Helix
4904,Monothetic Llc
4905,"Toadman Interactive, Fatshark"
4906,Jason Godbey
4907,Foxie Games
4908,Legend Entertainment
4909,"Jaison Robson Gusava, Sc Jogos"
4910,Lunheim Studios
4911,Anarkis Gaming
4912,Moonbit
4913,Mvr
4914,Pavel Kostin
4915,Great Potion Games
4916,Lyra Creative
4917,Team Summer Nightmare
4918,"Top Right Corner, Yarvo Productions, Paper Crane Games"
4919,Bad Seahorse
4920,Sionois
4921,"Infogrames Europe Sa, Etranges Libellules Studios"
4922,"Mane6, Inc."
4923,"Miles Peter Hatcliff, Harrison Truman, Michelle Lee, Helayna Strohfeldt, Zachary Paternoster, Samuel Weir, Will Thompson"
4924,Emad
4925,Sky9 Games
4926,Ghost Cat Games
4927,Josplays
4928,Stormind Games
4929,Tactic Studios Inc.
4930,It Matters Games
4931,Reentry Games
4932,Hedge Knight Games
4933,Nowhere Studios
4934,Humble Mill
4935,Little Cloud Games
4936,Yangyang Mobile
4937,Kishmish Games
4938,"Mighty Rabbit Studios, Gun Media"
4939,Mind Control Games
4940,"Fabiana Cecin, Niko Ritari, Jani Rivinoja"
4941,Looch Labs
4942,Fermenter Games
4943,Terminal Reality
4944,Turmoil Games
4945,Moon
4946,Ino-Co
4947,Grynsoft
4948,Antagonist
4949,Full Control
4950,"Tiger And Squid, Team17 Digital Ltd"
4951,Underdog Games
4952,Red Cabin Games
4953,Adventurepro Games Llc
4954,Snowed In Studios
4955,Simrail S.A.
4956,Freedomize Studio
4957,Minori
4958,Andy Sztark
4959,Nemo Studios
4960,Integer Games
4961,Nankidai
4962,Dreamer'S Anvil
4963,"Happinet, Matrix"
4964,The-Mark Entertainment
4965,Calvares
4966,Skygoblin
4967,Bowlcut Studios
4968,"Ocr Dev Team, Onur Uça"
4969,Playwood Project
4970,Exato Games Studio
4971,Tap Water Games
4972,Idhas Studios
4973,Cosmo D
4974,Paleno Games
4975,"Green Willow Games, Llc"
4976,Team Instant Defeat
4977,Reply Game Studios
4978,The Station
4979,"Vaka Game Magazine, Makoto Sanada"
4980,Zeppelin Studio
4981,Corrosive Studios Llc
4982,Electric Succubi
4983,Fairplay Studios
4984,Enitvare
4985,Softwarware
4986,"United Independent Entertainment, Crafty Studios"
4987,Saga Planets
4988,Stephen Crabb
4989,Bird In Sky
4990,Rayka Studio
4991,Sonalysts
4992,一寸光年G2工作室
4993,Axis Game Factory Llc
4994,Multicast
4995,Big Boat Interactive
4996,"Ninetail, Dualtail"
4997,Thiago Sousa
4998,Saikono
4999,Tim Rachor
5000,Pera Games
5001,Hong Kong Poinsettia Technology
5002,Goblinz Enterprises Ltd
5003,5Minlab Corp.
5004,Triverske
5005,Balancing Monkey Games
5006,Andre Monteiro
5007,Team Arcana
5008,"Sean Marty, Raphael Marty"
5009,Ota Imon Studios
5010,Raccoons Studio
5011,Wildmonkey
5012,"Stranga Games, Tommahgames"
5013,Frozenshard Games
5014,Made From Strings
5015,Dionic Software
5016,Lizardfactory
5017,Emberstorm Entertainment
5018,Xeip Games
5019,Massive Miniteam
5020,白露社
5021,"Nightdive Studios, Lobotomy Software"
5022,Perfect Random
5023,Split Polygon
5024,World-Loom
5025,2X2 Games
5026,"Sebastian Krzyszkowiak, Konrad Burandt, Paweł Radej"
5027,Egor Olegovich Yakovlev
5028,Scraping Bottom Games
5029,Massive Entertainment – A Ubisoft Studio
5030,Gabriel Priske
5031,秋太虚工作室
5032,Prisma Games L.L.C.
5033,Earthbound Games Ltd.
5034,Team Atma
5035,Ultimo Games
5036,Gizmo Vr Ltd
5037,Sumo Digital Ltd
5038,莓夜工作室
5039,Sysiac Games
5040,Dai Lin Tao
5041,Trophy Games
5042,"Alexey Bokulev, Snowbird Games"
5043,"Astralshift, Visustella"
5044,Sunpeak Games
5045,Team Eleven
5046,Nasty Cat
5047,Xyla Entertainment
5048,Preonus Games
5049,"The Collective, General Arcade"
5050,Xgen Studios
5051,Snowy Ash Games
5052,Imperia Online Jsc
5053,"Sam Barlow, Half Mermaid"
5054,Studio Élan
5055,Ferritelabs
5056,Iridium Studios
5057,Kindman
5058,"Roll7, General Arcade"
5059,Silden
5060,Novice Entertainment Limited
5061,Funny As Hell
5062,Ultravision Interactive
5063,Gamera Interactive
5064,幻想博物馆（Utopia Museum）
5065,Black Potion
5066,Sg Dev
5067,John Wizard
5068,"Bandai Namco Studios Vancouver, Hipster Whale, 3 Sprockets"
5069,Chest Box
5070,Oni Gaming
5071,Ashborne Games
5072,"Sami Maaranen (Creator), Erkka Lehmus (Co-Designer)"
5073,Phenomenon Games
5074,Play:D
5075,Fire Hose Games
5076,Shazysoft
5077,"Nway, Inc"
5078,Tiny Forge Gaming
5079,Leenzee Games
5080,Harmonia Games
5081,"James Sager, Brian Mclendon, Tuomo Untinen, Team Don Corgi, Yamillian, Garrett Wessner, Rob Somerfield, Jacob Wilkins, Janet Banerjee, Sithjester"
5082,『風林火山』工作室
5083,Lifelike Studios
5084,Sparrow Night
5085,Bazitov Mikhail
5086,Jean Onche
5087,Zuijiangyue Game
5088,"Phoenix Online Studios, Pinkerton Road Studio"
5089,Neko Entertainment
5090,Yoyo Games Ltd.
5091,Tape Corps
5092,"Square Enix, Popcap Games, Inc."
5093,Spiderweb Software
5094,Kukouri Mobile Entertainment
5095,肉鸡工作室
5096,N4Ba
5097,Desert Fox
5098,Mobile Co Studios
5099,"Source Byte Sp. Z O.O., Nikodem Świder"
5100,Jakob Delzer
5101,Petr Šimůnek
5102,Team Bitclub
5103,Street Lamp Games
5104,First Games Interactive
5105,Code Avarice
5106,Merle Tester
5107,Ronin Softwork
5108,Gravity Lagoon
5109,William Cheek
5110,"Dasius, Noble Games Studio"
5111,Braden Reddell
5112,Fractal Projects
5113,Clarity Games
5114,Oneshark
5115,98Demake
5116,Viktor
5117,"Koiware, Llc"
5118,Psychotic Psoftware
5119,Igor Krutov
5120,Symmetric Games
5121,Vitor Pêgas
5122,Summitsphere
5123,Kindermann Corp.
5124,"Firefly Studios, Firaxis Games"
5125,Dreamfeel
5126,Dreambig
5127,"Ubik Studios, Stratera Games"
5128,Tamasenco
5129,Devilishgames
5130,Mass Creation
5131,Zeno Rogue
5132,North Lab
5133,Cracked Heads Games
5134,Brandon Brizzi
5135,Huw Millward
5136,Smartmelon Games
5137,Exbyte Studios
5138,Yankuland Games
5139,Freemind S.A.
5140,"Ginga Software Co.,Ltd,"
5141,Andreas Hager Gaming
5142,Kot In Action Creative Artel
5143,Tinymice Entertainment
5144,正人君子杨某人
5145,Gniller
5146,Happy Ray Games
5147,Quadro Delta
5148,Pyrofrogstudos
5149,Phaser Lock Interactive
5150,Aplovestudio
5151,Area 1
5152,"Çağatay Demir, Enes Kaplan"
5153,Dmitry Medvedev
5154,"Rangatang, Glowfish Interactive"
5155,Royal Troupe
5156,Spy On The Wall
5157,Serosoo
5158,Camouflaj
5159,North Modding Company Ab
5160,Dead Drop Studios Llc
5161,Ohnoo Studio
5162,索尼克
5163,Spooky House
5164,Swell Games Llc
5165,Unwonted Studios
5166,Narfox Llc
5167,Rayll
5168,"S.E.R.A. Studio 3D, Dx Gameworks Llc"
5169,Don Wilkins
5170,Spvd
5171,Planet Renox
5172,Horrortheory
5173,Glass Bottom Games
5174,"You Run Ltd, Digitalmania Sa"
5175,Sateda
5176,Borealys Games
5177,Abracadabra Arts
5178,Dark Point Games
5179,"Alexey Khazov, Cristian Ionescu, Lars Van Dorenvanck, Brandon Van Doorn, Joran Vergoessen, Admir Leka"
5180,Praxis Games
5181,Picaresque Games
5182,Moon Lagoon
5183,Emberstone Interactive
5184,Baby Robot Games
5185,Coconut Island Studio
5186,Righteous Hammer Games
5187,Brave Lamb Studio S.A.
5188,"Ilca, Inc."
5189,Phoenix Game Studio
5190,Clock In Dream
5191,Curious Panda Games
5192,Gorilla Sip
5193,Visionary Realms
5194,Srs Games
5195,Arpsel
5196,Teal Fire
5197,Interplay
5198,Endless Suffering
5199,Mixel
5200,Efkey Studios
5201,Climax Studios Ltd.
5202,Maris Ozols
5203,Rad Codex
5204,Blingame
5205,绝汪
5206,Spirit Games
5207,Heuristic Park
5208,M9 Games
5209,Sunhead Games
5210,"Smiling Buddha Games, Llc"
5211,Karnage Gaming
5212,一品阁
5213,Crian Soft
5214,Llc Elpy Games
5215,Blazing Planet Studio
5216,Polearm Studios
5217,Hometopia Inc.
5218,Road Studio S.A.
5219,Square Glade Games
5220,Rhombico Games
5221,Buka Development
5222,Hello John
5223,Julio Oliveira
5224,Perfectly Generic Team
5225,Byolivierb
5226,Triangle Factory
5227,"Another Slime Studio, Ptits Potes N'Co"
5228,Isotx
5229,"Eurocom, Thq Nordic"
5230,"Epic Dreams, Diman Production, Nobodyshot"
5231,The Cat Hive Developers
5232,"Beijing Amazgame Age Internet Technology Co., Ltd."
5233,Global Games
5234,Tjern
5235,Clewcat Games
5236,Dird Games
5237,Zaxiquej
5238,Roenko Games
5239,Panic Ensues Software
5240,"Zhang Fan, Shen Jiawei"
5241,Mnky
5242,Crackpot Entertainment
5243,Anfworks
5244,Alex Francois
5245,Cozy Bee Games
5246,Stunt
5247,Studio Pixel Punk
5248,Immersive Vr Limited
5249,Curse Box Studios
5250,"Wellore, Alawar Entertainment"
5251,Red Redemption
5252,Every Single Soldier
5253,Balcony Softworks
5254,"Studio V, Vlg"
5255,Zar 21
5256,Bacus Studios
5257,#Workshop
5258,Nimonix
5259,Game2Gather
5260,Propulsion Studios
5261,Patryk Taranek
5262,Memetic Games
5263,Digital Tentacle
5264,"Moonlab Studio, Sinkhole Studio"
5265,Yur Inc
5266,Sad Viscacha Studio
5267,Pixel House Games
5268,Buffalo Vision
5269,Rpgvideo
5270,Yawee
5271,Fummy
5272,"Ace Team, Giant Monkey Robot"
5273,Stage Games Inc.
5274,Tuning Mania
5275,Big Red Eight
5276,Chris Mcfarland
5277,Daedalic Studio West
5278,Bhungry
5279,Split Second Games
5280,Tinybuild Riga
5281,Steam Street
5282,Halycon Media Gmbh & Co. Kg
5283,"Memory Of God, Lambic Studios"
5284,Plankwalk Studio
5285,Chilla'S Art
5286,"Alper Gonen, Dogan Dipcin"
5287,"Gem Rose Accent, Corentin Derbré"
5288,"Geoff 'Zag' Keene, Richard Keene"
5289,Geeta Games
5290,"Splendy Interactive, Wales Interactive"
5291,Ternox
5292,Bonsai Games
5293,Desperate Measures
5294,Neverest Games
5295,Digital Dawn Studios
5296,贪婪龙
5297,Studio Nanafushi
5298,Radon Labs
5299,D3T
5300,Bread On Board
5301,Grizzly Wolf Games Llc
5302,Evil Objective
5303,"Štěpán Sedmík, Lukáš Vorlíček"
5304,Watercolor Games
5305,Hanki Games
5306,Dark Blue Games
5307,Full Trek Media
5308,Actoz Soft
5309,Auren Snyder
5310,Matthew Glen
5311,Svantech Studios
5312,Zingfront
5313,Grey Dog Software
5314,Viewapp
5315,Tako Boy Studios Llc
5316,Hermit
5317,Lostwood
5318,Cyberith Gmbh
5319,Netdragon Websoft Inc
5320,Ivan Kulibin
5321,Spoonful Of Wonder
5322,Sawyheartgames
5323,血色双眸
5324,Elvissteinjr
5325,Makopaz
5326,Joongwon Entertainment
5327,Ubisoft Reflections
5328,Elushis
5329,Eternal Stardust Studios
5330,深圳市创源互娱科技有限公司
5331,"Kkk, Qzq Studio"
5332,Alex Olinkiewicz
5333,Kan.Kikuchi
5334,Forgotten
5335,Mrciastku
5336,Softplanet
5337,游戏养家工作室
5338,"Smallbü, Pillow Fight"
5339,Robit Games
5340,Wonderful Days
5341,Gasket Games
5342,Batovi Games
5343,Blake Pierce
5344,"塔克工作室, 毛玮欣Mao Weixin, Dark Studio"
5345,Indiegamemamadev
5346,Cherrymochi
5347,"Pirozhok Studio, Vitaliy Ruzankin"
5348,Nornware Ab
5349,Big Play Games
5350,"Concluse_Dev, T Allen Studios"
5351,Great War Team
5352,K-D Lab
5353,Thibaud Michaud
5354,Playstige Interactive
5355,Bulut Ulu
5356,Dd-Consulting
5357,Core Engage
5358,Amendment One Games
5359,Lasse Zacho Malver
5360,"Smiteworks Usa, Llc"
5361,"French-Bread, Arc System Works"
5362,Virtuaport
5363,"Talia Bob Mair, Angad Matharoo"
5364,Uncommon Utd
5365,Skatanic Studios
5366,地霊研究院
5367,Above And Beyond Technologies
5368,Dlala Studios
5369,Tamationgames
5370,Whalenought Studios
5371,Kyle Thompson
5372,Moonbyte
5373,Inspire Game Studios
5374,Deck 13
5375,Animation Arts
5376,李鸡蛋
5377,Superscarysnakes
5378,Ansdor
5379,Kombits Game Studio
5380,"Rebel Act Studios, Fire Falcom, General Arcade"
5381,Borne Games
5382,"Pantumaca Barcelona, @Carlosgamedev, Dani Navarro, Luka Nieto"
5383,Leiting Interactive
5384,Digitaldna Games Llc
5385,Cumulet Collective
5386,Electric Hat Games Llc.
5387,Crew Lab
5388,Game Distillery S.R.O.
5389,Briganti
5390,Cozy Cabin Studios
5391,Snipefish Entertainment
5392,Mithis Games
5393,"Maui Game Studio, Code Mora"
5394,Blindfold
5395,Flat Cat Games
5396,Captain Games
5397,Flying Oak Games
5398,"Remedy Entertainment, Mountain Sheep, Cornfox & Brothers"
5399,Zootfly
5400,Kheops Studio
5401,"Demibug, Super Pickle Games"
5402,Leo B
5403,Confused Pelican
5404,"Jeff Nusz, Mindful Mammoth"
5405,Micro Factory Games
5406,Garage Monkeys
5407,Krin Juangbhanich
5408,Securemix Llc
5409,Pg_Bassist
5410,Dreadbit
5411,Don Vs Dodo
5412,Sdt Core
5413,Endava
5414,Samharia Studios
5415,Movie Games Lunarium
5416,Lazy Monday Games
5417,Sacada
5418,Brickcream
5419,Minicactus Games
5420,Trident Game Studio
5421,Manic Game Studios
5422,Defold Foundation
5423,Novalogic
5424,Olive Panda Studio
5425,Boxhead Bros.
5426,Chaosmonger Studio
5427,Svarog Studios
5428,Mutiny Software
5429,Devgru-P
5430,Mad Fellows
5431,International Cat Studios
5432,Cle Games
5433,Nodding Heads Games
5434,"Elf Games, Luna2 Studio"
5435,"Limo Games, Broken Arrow Games"
5436,Delusionart Studio
5437,Storybird
5438,Krealit
5439,"Jon Tiburzi, Bevibel Harvey, Philip Gibbons, Marc Cuva"
5440,"Tengu Games Productions, Jdwasabi"
5441,Fractal Phase
5442,Farmergnome
5443,Pirate-Rob
5444,Star-Star Studio
5445,The Secret Pie
5446,Cordless Games Studio
5447,Disparity Games
5448,Jelle Booij
5449,Moongame
5450,Moegame
5451,Playtogether Studio
5452,Oak The Wise
5453,Indiecn
5454,Strange_Indie_Team
5455,"Dreadxp, David Szymanski, Christopher Yabsley, Kira, Philisophic Games, Dan Mcgrath, Torpledook, Abbey 'Scruncho' Smith, Vidas Salavejus, Redact Games, Wayward Preacher, Mr. Pink, Aaron Wise"
5456,Everland Mmo
5457,Microwave Studios
5458,Plushcatboy
5459,Tomás Esconjaureguy
5460,Myou
5461,Sunlight Games
5462,Cortez Productions
5463,Eyefront
5464,Batterystaple Games
5465,Ensenasoft
5466,Aurora Games
5467,Jacksong Studio
5468,Rooftop Panda
5469,Live3D
5470,"Enlightened Realm, Pixelfoot Games"
5471,Vellocet
5472,Ivanovich Games
5473,Waffle Games
5474,Brainseed Factory
5475,Frogsong Studios
5476,Gurj
5477,Handygames
5478,日食网络 Solar Eclipse Studio
5479,Alex Ryan
5480,Estelion
5481,Space Colony Studios
5482,Oxygenstudio
5483,Innerspacevr
5484,Newobject
5485,"Fancy Bytes, Reactor"
5486,Tuatara Games
5487,Archangel Studios
5488,Aprox
5489,Skybox Studio
5490,Foxoft
5491,Twisted Ii Studio
5492,Shaggy Doge
5493,Tap It Games
5494,Ankama Games
5495,"Feverdream Johnny, Drurylain"
5496,"Stratera Games, Cukuto"
5497,Picogram
5498,Bubby Darkstar
5499,Sky Ship Studios
5500,Iteration 11
5501,Batuhan Güner
5502,栖鸾工作室
5503,Serious Bros.
5504,Puppet Master Games
5505,He Saw
5506,"Franek, Max Cahill, Bibiki, Fáyer"
5507,Flo-Server
5508,Jonas Tyroller
5509,Vanyuha
5510,Softwaves
5511,Mino Games
5512,Pichon Games
5513,Digifx Interactive
5514,Raptor Claw Games
5515,"Gamechanger Studio, Toge Productions"
5516,赤月抉择
5517,Planet Alpha Aps
5518,"Lewis Bergin, Gorepixelgames"
5519,An Open Ben
5520,Heats Inc
5521,Windward_Birds
5522,"Horizon Hobby, Llc"
5523,Runserver
5524,Team Terrible
5525,Bottlecube Inc.
5526,Nocturnal Works
5527,Startreming Games
5528,Beyond Khan
5529,Teamwaterfly
5530,Darkdes Labs
5531,Em Games
5532,Ultimate Games S.A.
5533,Funnel Inc.
5534,Mitzi Games
5535,"Yusuf Islam Seyhan, Samet Acar"
5536,Dreamstep
5537,Gambit Games Studio
5538,Crazy Games
5539,Microbird Games
5540,Mykhail Konokh
5541,"Player Of Music Technology Co.,Ltd"
5542,Afog
5543,Rutony Studio
5544,Orpheus'S Dream Team
5545,Apogee Entertainment
5546,"Ellraiser, Tngineers"
5547,Cuppakill
5548,Ps Games
5549,Silver978
5550,"Twin Sails Interactive, Playsoft"
5551,Jacob Dzwinel
5552,Endorphin Studios
5553,Pathfinder8
5554,Jublelemonseed
5555,Stardock
5556,Ballistic Frogs
5557,Milky Tea Studios
5558,Timesymmetry
5559,White Birds Productions
5560,Risingpunch Studio
5561,"Eric Chahi, Dotemu"
5562,Pixeljam
5563,Doshmallow Games
5564,"Abstraction Games, The Bitmap Brothers"
5565,"Dvora Studio Co., Ltd."
5566,Armitage Games
5567,Cold Hours
5568,Liangxiegame
5569,Dog Hoggler
5570,Tin Can Studio
5571,Access Games
5572,Yiti Games
5573,"Team Fray, Mcleodgaming"
5574,Bane Games
5575,Mirowin
5576,Senam Games
5577,Rubicon Development
5578,Something Dark Studios
5579,Frontwing
5580,"Divergent Realities, Llc"
5581,Eleven Puzzles
5582,Undead
5583,Alternativa Game Ltd.
5584,A2Z Interactive
5585,Puhu
5586,Classic Chocolat
5587,Redblack Spade
5588,Travis Miller
5589,Team Eonian
5590,Longmire Studio
5591,Ethrea Dreams
5592,Atorcoppe Games
5593,Sir-Tech
5594,Dreamirl
5595,Mind Over Matter Studios
5596,Pg5-Studio
5597,Sct
5598,Atc Games
5599,Solest Games
5600,Candymakers
5601,Team Isolation
5602,Frank Lucas
5603,Capricia Productions
5604,Awesome Enterprises
5605,我妻寒十
5606,Rumpus
5607,Luis Evaristo Rodriguez Campos
5608,Ice Charge Productions
5609,"Xjennyo, Tooth Lee, Yue, Nari"
5610,Toys For Bob
5611,A Sweet Studio
5612,Artificer
5613,Wolfgangis
5614,Nwo Wars Team
5615,Hyogo Onimushi
5616,Peter Brinson And Kurosh Valanejad
5617,Michael Crowther
5618,Aeternum Game Studios S.L
5619,"Soergame, Kazakov Studios"
5620,Predposledniyrubikon
5621,"Kanawo, Vaka Game Magazine"
5622,Firebrand Games
5623,Zhang Fan
5624,Etherane
5625,Retrope Studios
5626,Fowers Games
5627,Innocent Grey
5628,Faultline Games
5629,Sillysausage
5630,"Visualistic Studios, Llc."
5631,Rocksoft Ltd
5632,I Need Play
5633,"Xaloc Studios, Casual Brothers Ltd."
5634,"Beijing Pixel Software Technology Joint-Stock Co.,Ltd."
5635,Game Maker'S Toolkit
5636,Virtual Heroes
5637,D'Avekki Studios Ltd
5638,Trerplay
5639,Caramel-Mocha Studio
5640,Dimitri Lozovoy
5641,Brawsome
5642,Konnichiwa Games
5643,Yoba Games
5644,Killian M
5645,Danstarr13
5646,Ominous Entertainment
5647,Pulsatrix Studios
5648,Fc Maker
5649,Thinkofgames
5650,"Nuomigame游戏开发工作室, 玖日六叔"
5651,Soma Games
5652,Attu Games
5653,June Strings
5654,"Dave Seaman, Mark Easton"
5655,岛叶游戏
5656,Spektraul Studios
5657,Apex Studio
5658,"Wales Interactive, Good Gate Media, Wayout Pictures, Posterity Entertainment"
5659,Qwiboo Ltd
5660,"Little Rock Games, Indie.Io"
5661,Ultima Games
5662,"Howlingrain, 台灣響雨互娛, 響雨@Osaka"
5663,Regimental Chess Dev.
5664,Vintage Digital Revival
5665,"Chance6 Studios, Llc"
5666,Animyst Games
5667,Altair Game
5668,Rym Games
5669,Johan Scherft
5670,"Gotcha Gotcha Games, Kadokawa"
5671,Duoyi Games
5672,Ydkr
5673,るしまる堂
5674,"Yakir Israel, Adventure4Life Studios"
5675,Schwan Og
5676,Parallax Arts Studio
5677,"Chengdu Jiayihuyu Technology Co.,Lt"
5678,Rmking
5679,High Brazil Studio
5680,Pixelsplit Simulations
5681,Nonline Studios
5682,Malfador Machinations
5683,Hkgamesstudio
5684,Mc Games
5685,Tengsten
5686,Raptor Lab
5687,Snow Girl
5688,Futuremark
5689,Tributary Games
5690,Fjrd Interactive
5691,Lorenzo Entertainment
5692,Dvs
5693,Submersivo Game Studio
5694,Taueon
5695,Two Brain Games
5696,Nikita Kaf Jam Productions
5697,Tequibo
5698,"Pigdoggames,Llc"
5699,"Leonard Menchiari, Iv Productions, Ivan Venturi Productions"
5700,Shifeifan
5701,Zero-G-Racer
5702,Fireglow
5703,The Working Parts
5704,Artless Games
5705,Digital Furnace Games
5706,"Kazarma (Ex-Katapult), Les Kalifas"
5707,Netox
5708,Microsoft Corporation
5709,Zeroworldwide
5710,Fresh3D
5711,Cotton Game
5712,Tricktale
5713,Salo
5714,Never Knows Best
5715,"Old School Vibes, Motion Game Studio"
5716,"Jh12World, Jordan Benoit"
5717,Valorware
5718,Nonadecimal Creative
5719,3X Entertainment Limited
5720,Li Yu Hong
5721,Magicindie
5722,Portal Fantasy
5723,Bark Bark Games
5724,Leaning Tower Studio
5725,Rabotiagi Games
5726,Calme
5727,99Games Online Pvt. Ltd.
5728,Stolen Couch Games
5729,Wildarts Games
5730,Pixel Error
5731,Helemon
5732,Turbulon Interactive
5733,Out Of Time Interactive
5734,Studio Bravarda
5735,"Fatih Karaatli, Kemalcan Ustabasi"
5736,滑稽猫
5737,Noxworld
5738,Galaxy Grove
5739,Celeris
5740,Kiz Studios
5741,Kivano
5742,Pollard Studio Llc
5743,"Ed Farage, Bubu"
5744,Besedka Games Studio
5745,"Obsidian Entertainment, Virtuos Games"
5746,Trispix Studio
5747,Boroborogame
5748,Frostkeep Studios
5749,Ankake Spa
5750,Ranela Games
5751,"Grasshopper Manufacture Inc., Playism"
5752,All Those Moments
5753,"Cottage Street Interactive, Zackavelli"
5754,Kultura Ex Machina
5755,Cresent
5756,The House Of Fables
5757,Ao2Game
5758,Scriptwelder
5759,"Tml-Studios, Pedepe"
5760,Studio Wasp
5761,"Stuffed Wombat, Silkersoft, Lukke, Rollin'Barrel"
5762,Displacement Studios
5763,Calepin Studio
5764,Yuke'S
5765,Scolaro Games
5766,Byking Inc.
5767,Voxel Llc
5768,Renovate Software Ltd
5769,A Grumpy Fox
5770,Viva Games
5771,Two Horizons
5772,Beethoven And Dinosaur
5773,"Idea Factory, Compile Heart, Preapp Partners"
5774,Optizonion
5775,Tale Of Tales
5776,"Vicious Cycle Software, Inc."
5777,Batuhan Guner
5778,Sanuk Games
5779,Colorgrave
5780,Rampage Games
5781,Voxel Tycoon
5782,Socially Awkward Studio Ltd.
5783,St.Games同人游戏社团
5784,Codeforce
5785,"Notovia, Dreamloop Games"
5786,Spiky Caterpillar
5787,Kodo Linija
5788,Dingo Games
5789,Stoic Ent.
5790,Real Invented Studio
5791,Space Onigiri Game Llc
5792,Flux Games
5793,Yezhi
5794,Thenilusss
5795,株式会社Mogura
5796,Cakewalk
5797,"Cat Shine, Meow Run"
5798,A. Strazhev
5799,All Possible Futures
5800,Alec Smith
5801,Revolt And Rebel
5802,Laina Interactive
5803,Smarter Games
5804,Dang!
5805,Alloystove
5806,Mighty Rabbit Studios
5807,Orbital Views
5808,Flat Earth Games
5809,Kuko
5810,Playway S.A.
5811,"Isabelle Dela Torre, José Fernando Gracia, Annaliese Bevan, Poppy De Raad"
5812,Poison The Inkwell
5813,"Spark Unlimited, Comcept Inc., Team Ninja"
5814,Aurion Games
5815,Novak Studios
5816,"Duality Games, Spirit Games Studio"
5817,W.R.K.S Games
5818,Phileday
5819,Brandon Moore
5820,Coldwild Games
5821,Tox² Interactive Gmbh
5822,Dark Star
5823,Rainbow Games
5824,"Games Incubator, Gameformatic S.A."
5825,Papagaye
5826,Mmeu
5827,Graceful Decay
5828,"Swearl, Llc"
5829,Ubisoft Blue Byte
5830,Ragnarok Aesthetic
5831,Hfh Crew
5832,"Nanjing Baiku Network Technology Co., Ltd"
5833,Eastshade Studios
5834,Speedtutor
5835,Brudingo Broductions
5836,Icesitruuna
5837,Domas Sabockis
5838,Us:Track
5839,Burut Ct
5840,Star Garden Games
5841,"City Connection, Zerodiv"
5842,"Studio Hatch Co., Ltd."
5843,Baba Nura
5844,Fifth Column Games
5845,Frood Designs
5846,Light
5847,Ace Maddox
5848,Aquiris Game Studio
5849,Homebased
5850,Yakiniku Banzai
5851,Neopopcorn Corp
5852,Sole Survivor Games
5853,"Mojotouch, Trilobyte Games"
5854,D.K Studio
5855,Tunnel Vision Studio
5856,Stork Game
5857,"That Fish, That Other Fish"
5858,にゅう工房
5859,Blue Omega Entertainment
5860,Samobee Games
5861,Aftabi Games
5862,White Giant Rpg Studios
5863,Binary Fortress Software
5864,Broken Clock
5865,Guard Crush
5866,Pan Gangowski
5867,Cococucumber
5868,Appvator Interactive
5869,Phosphor Games Studio
5870,Casey Donnellan Games Llc
5871,Nikolai Usachev
5872,Phoenixfire Games
5873,T19 Games
5874,Morning Person Games
5875,Sparks Games
5876,Benedikt Glemnitz
5877,Radicalsite Inc.
5878,"Angry Cat Studios, Creatio 49"
5879,Accolade Inc.
5880,Kaleb Wassa
5881,A Crowd Of Monsters
5882,Random Bird Studio
5883,Brandon Mcquay
5884,Gestalt Development Studio
5885,Evil Trout Inc.
5886,Infinity Ape Studios
5887,Longbow Games
5888,Andy Church
5889,Digital Life 数字生命
5890,Cadence Games
5891,Fobti Interactive
5892,Alexander Boiko
5893,Shovsoft
5894,Pixel Prototype
5895,Aksawshin
5896,Frozenpepper S.R.L
5897,Zeal Game Studio
5898,四块二茶会
5899,Makaroll
5900,Scarlet String Studios
5901,Nifflas' Games
5902,Wirion
5903,Tvr Games
5904,Ivr
5905,Tianmu Games
5906,Starrystarry
5907,Sassybot
5908,Dreamgate
5909,Twin Earth
5910,Varsav Game Studios
5911,Aa Mini Games Studio
5912,"Nosse, César Baudry"
5913,Touz
5914,Brain Seal Ltd
5915,Gentleman Squid Studio
5916,Unbalance Corporation
5917,Miniwhale
5918,Studio Pond
5919,Smiiggyb
5920,Extrokold Games
5921,A Nostru
5922,Creamcatgame
5923,Silver Eye Studios
5924,Erebus
5925,"Jetdogs Studios, Indeepop"
5926,Cloaz Studio
5927,Bulba-Games
5928,Team Gotham
5929,Yume
5930,Cybergrotex
5931,Newwestgames
5932,Charlie Brej
5933,Andrew Quist
5934,Yaw Studios
5935,Interplay Entertainment Corp.
5936,Thugzilladev
5937,Unknown Studio
5938,Doble Punch Games
5939,哐哐Team
5940,Techsmith Corporation
5941,Mt Worlds
5942,Awfully Nice Studios
5943,90S Studio
5944,Falling Saints
5945,Lr Studio
5946,New Dev
5947,Atypical Games
5948,Softstar
5949,Mino Entertainment Inc
5950,"Wavevr, Inc."
5951,Blagovest Penev
5952,Manavoid Entertainment
5953,16Air
5954,Upturn Games
5955,Alawar Casual
5956,Marbenx
5957,Gameliner
5958,Rebelephant
5959,"Stovetop, Llc"
5960,"Esquadra,Inc., Rideonjapan"
5961,Blackfield Entertainment Llc
5962,Rocket Flair Studios
5963,General Interactive Co.
5964,Soul Assembly Ltd
5965,Reconnect Software
5966,Keinart Lobre
5967,"Jozef Pavelka, Vlado Ganaj"
5968,Nano Games Sp. Z O.O.
5969,"Tendershoot, A Jolly Corpse"
5970,Ilzard
5971,Wooden Monkeys
5972,Byking
5973,"Themorfeus, Junkhive"
5974,Econg
5975,Emberfish Games
5976,Team Magic Forest
5977,Last Day Of Work
5978,Artless Gallery
5979,Nifflas
5980,Lightninggames
5981,Bhaptics Inc.
5982,Nordcurrent
5983,The Munky
5984,John Szymanski
5985,"Hobo Bunch, Gameparic"
5986,Cordyceps Collective
5987,"Tambouille, Géraud Zucchini, Chariospirale"
5988,Ak Studio
5989,"Mikeypoo'S Games, Roger Levy"
5990,"Nerial, Synaptic Insight Technology Systems"
5991,Peak Angle Team
5992,Yorkshirerifles
5993,Ekuator Games
5994,超厚皮猪猪 Ultra Piggy Studio
5995,1917 Studios
5996,Lucas Molina
5997,Innovation Dream
5998,Pedepe Gbr
5999,Killerfish Games
6000,Okugi Studio
6001,Kindly Beast
6002,Zoë Mode
6003,Nimble Tools
6004,Artery Games
6005,Sensitivity Elf
6006,Wbstudios Games
6007,Tomorrow Arts
6008,"10Th Art Studio, Daring Touch"
6009,Ominux Games
6010,Astro Port
6011,"Vasily Voronkov, Ryan Joseph, Peter Kosyh"
6012,Isy
6013,Gua
6014,Alex Browne
6015,"Fair Games Studio, Noostyche"
6016,Mendoka
6017,Felgc.Gamesdevelopment
6018,Sapphire Dragon Productions
6019,Accidental Queens
6020,Weird Fish
6021,Panicbarn
6022,Moenovel
6023,Michaelarts
6024,"Nippon Ichi Software, Inc., Ph3 Gmbh"
6025,Big Pineapple
6026,Chaos Concept
6027,Plastic Reality Technologies
6028,Tim Conkling
6029,Steelehouse Vr Studios
6030,Game Troopers
6031,Ko_Op
6032,Ms Games
6033,Casen
6034,Unwound Games
6035,Zdf Digital Medienproduktion Gmbh
6036,Izzle
6037,Sheepchat Team
6038,Winterpixel Games
6039,Petite Games
6040,"Alejandro Medina, Rafael Gonzalez-Otoya B., Adrian Blume"
6041,Ngelgames
6042,Small Town Studios
6043,Lucky Pause
6044,Kevin Zhang
6045,Sunsoft
6046,Julian Edison
6047,Feelthere
6048,Bucikpro
6049,Panzer Gaming Studios
6050,"Avernus Software, Art Games Studio S.A."
6051,Candyrocketstudio
6052,Mantisco
6053,"Apus Software, Three Donkeys Llc"
6054,"Hangzhou Xinlan Network Technology Co.,Ltd."
6055,白雨工作室
6056,Date Nighto
6057,Omnis Rector Studios
6058,Kerim Kumbasar
6059,Zoo Corporation
6060,Suiyi Player
6061,Ha Studio Ltd.
6062,哈视奇科技
6063,On5
6064,Miyu.Works
6065,Breakfirst Games
6066,Studio Z 3D
6067,Captain Cool
6068,黑白牛游戏
6069,Raxasoft Games
6070,Velocious Technologies
6071,Bohemian Pulp
6072,Y8.Com
6073,Cinic Games
6074,Monkey-With-A-Bomb
6075,Addictive 247 Games
6076,Roger Barton
6077,Studio Joh
6078,Inworld Ai
6079,Outer Heaven
6080,"Nihon Falcom, Engine Software Bv, Ph3 Gmbh"
6081,Regal Pigeon
6082,"Bashir ""Manliestdev"" Kashalo"
6083,Peoleo Entertainment
6084,"Casualogic, Droid Riot"
6085,"X Plus Co., Ltd."
6086,Slak Games
6087,Vectorstorm Pty Ltd
6088,Kube Games
6089,Trickster Arts
6090,The Stranger
6091,24 Caret Games
6092,"Coby Dox, Chudd Howard"
6093,Seep
6094,Gexagonvr
6095,Altaire
6096,Phime Studio Llc
6097,Boom Games
6098,"Deniz Akgul, Hakan Uludogan"
6099,Arachnid Games
6100,Igor Rykhlevskyi
6101,Cleverraven
6102,Graviteam
6103,Microsoft Studios
6104,Primary Games
6105,Filip Zemljak
6106,Rekka Games
6107,Bootur Games
6108,Unicorn Games Studio
6109,September Games
6110,Joymasher
6111,G-Blood
6112,Dark Machine Games
6113,Bambuseae Games
6114,"L＆K Co., Ltd."
6115,Posa
6116,神族宝
6117,Wolfs Moon Studios
6118,Astralshift
6119,Sine Coda
6120,Sonderland
6121,Oddfellows Software
6122,Fallenleaves
6123,Glumberland
6124,Scott Host
6125,Happygames
6126,Bar Holographic Otaku
6127,"Chengdu Dreamcaller Technology Co.,Ltd"
6128,Angry Demon Studio
6129,Je Software
6130,Steve Wynn
6131,Cometsoft Inc.
6132,Astravelari Llc
6133,Yasric
6134,Dns Development
6135,Eldin Turulja
6136,Trumbus
6137,"Conor Petersen, Thunkspace, Llc"
6138,Affordable Cat
6139,Arbitrary Metric
6140,Studeii
6141,Mad Ram Software
6142,Onionmilk
6143,Shape Shop
6144,Nikita
6145,Kittehface
6146,Coocoosqueaky Games
6147,Neko Work H
6148,Ish Games
6149,Craneballs
6150,Strangely Interactive Ltd
6151,World 2 Studio
6152,Veom Studio
6153,Avantgarden Srl
6154,Jukkaku Games
6155,"Vine, Yacht Club Games"
6156,"Ivan Valeryevich Suvorov, Retroware"
6157,Mad Orange
6158,Yamada
6159,Ag Soft
6160,"Quantum Phoenix Studio, Michail Romanov, Denis Esie, Bogdan Rozymny, Artem Lynev, Artur Samoylenko"
6161,Sparky Studios
6162,Tower Games
6163,Jan Malitschek
6164,Inimages
6165,Nathan Meunier
6166,Devcats
6167,"World-Loom, The House Of Fables"
6168,Eldritch Sword Games
6169,Kinsei Games
6170,Aestronauts
6171,Yahzj Games
6172,Zhang Yuan
6173,Bikouz
6174,Freemergency
6175,Nikita Igorevich Studio
6176,Numinous Games
6177,Mythicowl
6178,"Matt Kap, Nicalis, Inc."
6179,Smu Guildhall
6180,Kuzmin Nikolay
6181,Llc Blini Games
6182,Lesta Studio
6183,Cabbit
6184,Ellie'S Lunchbox
6185,Soul Catapult
6186,7Road
6187,Medungeon Ltd.
6188,Red Fox
6189,"Digital Reality, Grasshopper Manufacture, Gyroscope Games"
6190,Dimitri Kipper
6191,Sebastien Bini
6192,疯王子
6193,Triangle!
6194,Steganographia Games
6195,Teamkrama
6196,"Cherry Pop Games, Perilous Orbit"
6197,Toadman Interactive
6198,Veelhoek Studios
6199,Cult Software
6200,Scientifically Proven
6201,Atooi
6202,Razzart Visual
6203,Realities.Io
6204,100 Stones Interactive
6205,Sam Atlas
6206,Emilios Manolidis
6207,Snowcastle Games
6208,Lemon Squeezy
6209,J6 Games
6210,Roman Uhlig
6211,Ekofi Gaming
6212,Darkling Room
6213,Darktree Game Studio
6214,Sunward Games
6215,Pixfroze
6216,Bioware Corporation
6217,Sillysoft Games
6218,Team Fortune
6219,Wagner Rocha
6220,Cameron Chester
6221,"Anatoliy Loginovskikh, Catherine Svyataya"
6222,Spare Parts Oasis
6223,Lunar Giant
6224,Graceless Games
6225,Douze Dixièmes
6226,Bubble
6227,Savage5609 Games
6228,Synset
6229,Studio Biest
6230,Oates
6231,Superlumen
6232,Screaming Villains
6233,Geamgames
6234,Talpel Games
6235,Blackmoon Design
6236,Mobster
6237,Cicada Games
6238,Falling Ash Games
6239,Laboratory Systems
6240,Force Of Habit
6241,Red Herring Labs
6242,Veslo Games
6243,"Aardman Animations, Mobile Pie, Black Smoke Studios"
6244,Pd Design Studio
6245,Metalladlerstudio
6246,Evening Star
6247,Clinton Hughes
6248,Delphine Software
6249,Vextro
6250,Ipei_Retland
6251,Sharkbomb Studios
6252,Stephane Bottin
6253,Rocket Game
6254,Follow The Fun
6255,"Mitridan, Arakuma Studio"
6256,Charles Games
6257,Wojciech Krupinski
6258,"Compile Heart, Idea Factory"
6259,Daisu Games
6260,"Extra Life Entertainment, Vifth Floor"
6261,Tab Games
6262,Michael Rfdshir
6263,Bit Paradigm
6264,Penny Ghost Studios Llc
6265,Herolabs
6266,Orca Layout
6267,Cube Roots
6268,Strategy First
6269,Imaiina
6270,"Primate Games Co., Ltd."
6271,"Saint-Fun International Co., Ltd."
6272,Caz
6273,Daniel George
6274,U24 Solutions
6275,Hex
6276,"Prometheus Vision Technology Co., Ltd."
6277,Ballistic Moon
6278,Matt Sowards
6279,G. A. Williams
6280,Plazsoft
6281,Free Candy Games
6282,"Kxone, Andrew Drumov, Starmops"
6283,Yai Gameworks
6284,The Station Game Ltd
6285,J. King-Spooner
6286,Highwalls
6287,Phung Games
6288,Allan Chew
6289,Destined Team
6290,"Starknow, 辛小啊"
6291,Cuveet Story
6292,Gino Di Pierro
6293,Eclipse Games
6294,Game Museum
6295,Darkworks
6296,Asantee Games
6297,White Owls Inc.
6298,Retro Affect
6299,Asset Flip Studio
6300,Anarchy Enterprises
6301,"Flo Knödl, Johannes Fischer, Michael Hütter, Christoph Müller, Simon Eberl, Thomas Kern, Lukas Schönwiese"
6302,Tokyo Rpg Factory
6303,Shuffle Up Games
6304,Bambuseaegames
6305,Bluefirearts
6306,Kerberos Productions Inc.
6307,"Revival Productions, Llc"
6308,Indiegiant
6309,Gato Studio
6310,Cipher Hive
6311,Mature Games
6312,Polydigital
6313,Skyreacher Entertainment
6314,"Domo Studio, Softstar Entertainment"
6315,Peter Labick
6316,Wang Wenxi
6317,Art In Heart
6318,Adam Delease
6319,Mmmmmoko
6320,"Lump Of Sugar, Hikari Field"
6321,Pirozhok Studio
6322,青衣工作室
6323,Mages.
6324,Traega Entertainment
6325,Sektahouse
6326,Cool Turtle Games
6327,Ammonite Design Studios Ltd
6328,Joy Everafter Stories
6329,Rock And Roll Gas Station Games
6330,Greendev.
6331,Lightmare Studio
6332,Bingo Studio
6333,Shoho Games
6334,Somber Pixel
6335,"Hako Life, Hako 生活"
6336,Aldorlea
6337,Knight Division Games
6338,"Ken Henson, Tom Motz"
6339,Benjamin Staugaard
6340,Faith Studio Team
6341,"Hanbitsoft, Inc., Imc Games Co.,Ltd."
6342,"Ink Stories, N-Fusion Interactive"
6343,Xdenny
6344,Jaja City
6345,"Damian Sommer, Emily Carroll"
6346,Causal Bit Games Inc.
6347,Yume Creations
6348,Vincent Lade
6349,Soulpotion
6350,Quantum Lion Labs
6351,Refreshertowel Games
6352,Triassic Games
6353,Psy Labs
6354,Nlb Project
6355,Indiegala
6356,Void Studios
6357,"Moss Co., Ltd."
6358,Chernov Vyacheslav
6359,Dexter Team Games
6360,Maxint Llc
6361,11Sheep
6362,Skmaestro
6363,Incognito Interactive
6364,Urse Games
6365,Gabsee
6366,"Leonard Menchiari, Daniele Vicinanzo, Giulio Perrone"
6367,Negafish
6368,Trafala Games®
6369,Fifth One
6370,Ash Game Studio
6371,Inventive Dingo
6372,Team Indev
6373,James K. Isaac
6374,Frozen Dungeon
6375,羲和工作室
6376,Smartbig Corportion
6377,Bug Inventors
6378,Steven Colling
6379,Skymarch Entertainment
6380,Access Software
6381,Magenta Factory
6382,Castle Roaches
6383,红门游戏工作室(Reddoorstudio)
6384,Snow Day Software
6385,"Jason Bowen, Oliver Chappell"
6386,Zeros
6387,David Williamson
6388,Dangerousbob Studio Llc
6389,Brave Giant Ltd
6390,"Ohnoo Studio, Smile"
6391,Daminggede
6392,Wr-Vrg
6393,Weappy Wholesome
6394,The Body Vr Llc
6395,Teamcoil
6396,Bloodirony
6397,Netcore Games
6398,Quantum Phoenix Bucharest
6399,"Imagos Softworks, Subpixel Studios"
6400,David Kaleta
6401,Night Stroll Studio
6402,Brent Seeley
6403,Marafigo Games
6404,Realitybeholder
6405,Studio Aesthesia
6406,B2Expand
6407,Vecfour Digital
6408,Clapperheads
6409,Satsu
6410,Garage Studios
6411,Izhard
6412,Dreamate
6413,Fossettgaming
6414,Chii The Cat
6415,Funplus International Ag
6416,"Kevthedev, Gamesbychris"
6417,Kruger & Flint Productions
6418,Jace Masula
6419,Clickgames
6420,Metaware
6421,Siege Games
6422,Digital Mosaic Games
6423,"Iv Productions, Trinity Team Srl"
6424,Giraffe Cat
6425,Erik Rempen
6426,Turtle Juice
6427,Sigyaad Team
6428,Nabil Mansour
6429,Starinfidel
6430,Basti Games
6431,Basilisk Games
6432,Nekrosoft
6433,Gamedust
6434,Saber Porto Ltd.
6435,Ocean'S Dream
6436,Akhir Pekan Studio
6437,"Big Cube Interactive, Llc"
6438,Feenicks
6439,Strelitziagames
6440,Ptl
6441,"Fm Simple Games Studio, Sons Of Welder, Acid Arrow Studio"
6442,4 Buddies
6443,Lw.C
6444,莞爾の草
6445,Bl-Logic
6446,Immersive Vr Education Ltd.
6447,Hexage
6448,Sólfar Studios
6449,Airstrafe Interactive
6450,Rockgames
6451,Paper Dog
6452,Eternalshadow Studios
6453,Dopplerfrog
6454,Zojoi
6455,Veratrum
6456,Soloq
6457,Theory Georgiou
6458,Steelpan Interactive
6459,Red Limb Studio
6460,Avalon Studios
6461,"Nikita Markin, Artem Basko"
6462,Top3Line S.R.O.
6463,Delirium Tremens Games
6464,Octane Games
6465,High Tower Entertainment
6466,Plush Productions Llc
6467,Frosted Fears Game Studios
6468,Gushi Games
6469,Rws C Team
6470,无忧传媒
6471,Cosmonaut Studios
6472,Movavi Software
6473,Metamorphosis Games
6474,Bootsnake Games
6475,Hamsters Gaming
6476,Blackjard Softworks
6477,Winterspring Games
6478,Cloisters Interactive
6479,Start Warp
6480,Red Beat
6481,Sticks &Amp; Stones
6482,Years
6483,Team Morbid
6484,Karpopper
6485,Beast Games
6486,Maxybom
6487,Electrical Eagle Studio Ltd
6488,Stately Snail
6489,Alawar Entertainment
6490,Kenney
6491,Loser/S
6492,"Aydy, Nikolay Kulesh"
6493,"Tony Muñoz, Dario Carnelutti"
6494,Play2Chill S.A.
6495,Glass Kettle Games
6496,Ibrahim Hisham
6497,Spellbook
6498,Seaborgium Entertainment
6499,Trophy Games Aps
6500,Peatfire Games
6501,"Coldwild Games, Illufinch"
6502,M. Hanka
6503,Carbon Studio
6504,Oracle And Bone
6505,Mgame Corporation
6506,Pixellore Inc
6507,Graoumf
6508,Phantom Projekts
6509,Switchblade Monkeys Entertainment
6510,"Zach Tsiakalis-Brown, Raul Bravo"
6511,Gray Unit
6512,Grid Sage Games
6513,J4Nw
6514,Gray Boss
6515,宁德动游网络科技有限公司
6516,Simula Games
6517,完蛋了的国王
6518,Frostpetal Studio
6519,Serhat Akgul
6520,"Virgin Interactive Entertainment, Priitk"
6521,Rooted Concepts
6522,Luski Game Studio
6523,Matthew Vandevander
6524,Azgames
6525,Bedlam Games
6526,Spintop Games
6527,Zeroscale
6528,Dtp
6529,"Guerrilla Games, Nixxes Software"
6530,Aaron Oldenburg
6531,Adlai Glass
6532,Virtual Arts Studio
6533,Willz
6534,Choice Of Games
6535,Gamesforgames
6536,Kwing Works
6537,Samuvt2
6538,Time To Kill
6539,Plasticity Games
6540,Galaxyverse
6541,Kibou
6542,"X-Legend Entertainment Co., Ltd."
6543,Austin D.
6544,Broken Bear Games
6545,"Daniel Benmergui, Jeremías Babini, Hernán Rozenwasser"
6546,Gtgd
6547,"Alzan Studios, Llc"
6548,Xiof
6549,Mrdoth
6550,Kanmidoko (神海処)
6551,Shark Punch
6552,Mystic Box
6553,Zhongce Games
6554,Peter Moorhead
6555,Rpn Indie Developer
6556,Kai Hutchence
6557,Turtleblaze
6558,Poking Water Games
6559,Digital Reality Software & Playbox
6560,"Wild Ox Studios, Tim Van Kan"
6561,Digital Crafter
6562,William Volk
6563,Playsys
6564,"Mizrab, Capital Digital"
6565,Yulia Games
6566,No One Studios
6567,Gemini Stars Games
6568,"Pewter Games Studios, Lopoly Games"
6569,Anthony Flack
6570,"Far Mills, Mysterytag"
6571,Cantaloupe Kids
6572,"Illfonic, Teravision Games"
6573,Shortbreak Studios S.C.
6574,Yeaboing
6575,Plexus Studio
6576,とらいあんぐる！
6577,Refinery Games
6578,Interactive Stone
6579,Tacs Games Ltd.
6580,Dungeonman Studios
6581,Treplacon Studio
6582,蓬莱飞鱼工作室
6583,Achenar Studios
6584,Butterscotch Shenanigans
6585,Avvanextgen
6586,011 Games
6587,Dmm Games
6588,Russpuppy
6589,"Polaris™ Team, Variable State"
6590,Dazlogstudio
6591,Prortus
6592,Jonathan Brassaud
6593,Damian Schloter
6594,"Liica, Inc."
6595,Wanba Studio
6596,Sailingstudio
6597,Flying Mollusk
6598,Jyamma Games
6599,Five Studios Interactive
6600,"Anton Klock, John Eriksson"
6601,Anchor Inc.
6602,Axel Sonic
6603,"The House Of Fables, Gogii Games"
6604,Poison Dart Frog
6605,Agiriko
6606,Split Light Studio
6607,Kelarly
6608,Perchang
6609,Ifaction Studio
6610,Borzon Studios
6611,Japanfr
6612,Reborn Entertainment
6613,羽良麻セルフ
6614,Gentle Giant
6615,Fading Club
6616,Midnight Mood Studio
6617,"Alex Grade, Gonzeek, Oxeren"
6618,Jonas Dall
6619,"S2 Games, Llc"
6620,Actura Studios
6621,Sophisticated Keppana Enjoyers
6622,Tamashii
6623,Utopia Studio
6624,Elliott Jones
6625,Jardar Solli
6626,Bomb Shelter Games
6627,Spicy Tails
6628,Parallel 45 Games
6629,Happy Tuesday
6630,Goosix Games
6631,Alexis Salazar
6632,Mighty Polygon
6633,Flow Combine
6634,Happy213
6635,The Nameless Epic
6636,Adrien Dittrick
6637,Firemint
6638,Screenhit Studios
6639,柚子丁工作室
6640,Layopi Games
6641,Lavaboots Studios
6642,Ludomotion
6643,Midnightworks
6644,Dustfade
6645,A3D Studio (Solo Developer)
6646,Paul Miell
6647,Mad Virtual Reality Studio
6648,Michal Kruba
6649,Goodline Games
6650,"John Szymanski, Evan Szymanski, David Szymanski"
6651,Alexey 'Cptnsigh'
6652,Finn Sinclair
6653,Absolutely Games
6654,Olderbytes
6655,Greathergames
6656,Voltech
6657,Bagodev Llc
6658,Hataikeda
6659,Dna Army Gaming
6660,Selfcrop Studio
6661,Sylwester Osik
6662,White Ink
6663,"Well Played Studio, Inc"
6664,Moonlit S.A.
6665,Hero Games
6666,Microprose Software
6667,Twisted Pixel Games
6668,Thegrandestine
6669,Space Boat Studios
6670,Byterockers' Games
6671,Byu Animation -  Class Of 2016
6672,Carebot Games
6673,Haruneko Entertainment
6674,Mountain Sheep
6675,Lhoti
6676,Blackridge Entertainment
6677,"Luke Dodds, Midnight Forge Ltd"
6678,Blueside
6679,Hirabbitgame
6680,Dumb ****Ing Horse
6681,Interintellectus Nfp
6682,"Nibb Games, Guimaraf Studio"
6683,Perfect World Games
6684,Pierre Feuille Studio
6685,Kumada Gaon
6686,Niel Widy
6687,"Maciej Targoni, Hamster On Coke Games"
6688,Kisareth Studios
6689,"Metthink, Mattheus Reis Queiroga"
6690,Overflow
6691,Isaac Andrews
6692,Torus Games
6693,Madmind Studio: After Hours
6694,Noto Muteki
6695,Aerolab Studios
6696,Sunscorched Studios
6697,Ambertail Games
6698,Qubicgames
6699,Bumblebee.
6700,Crazyant
6701,"Krome Studios, Inxile Entertainment"
6702,杭州分浪网络科技有限公司
6703,"Rusty Moyher, Shaun Inman, Matt Grimm"
6704,Format Lib: /S
6705,Lawliet
6706,"Ubisoft Paris, Ubisoft Pune"
6707,Brenntkopf Studio Kharkiv
6708,Coolrabbit Games
6709,Zoo Digital Publishing
6710,"G-G-Games, G. Gambrel"
6711,Mariano Jar
6712,Void Ink
6713,Caligari Games
6714,Brain&Brain
6715,Rebellious Software
6716,Zanardi And Liza
6717,"Adventure Soft, Mojotouch"
6718,"Moczan, Little Chmura, Begoña Pereda"
6719,"Grumpyface Studios, Finite Reflection Studios"
6720,Fraser K
6721,Mirari&Co.
6722,"Flick Comp Gmbh, Dot8 Studio"
6723,秋之忧郁
6724,Cat In A Jar Games
6725,Examu Inc.
6726,"Monuments Games, Games Incubator"
6727,Lory Games
6728,Microchelik5000
6729,Marvelsushi
6730,Stealth.Gg
6731,James Patton
6732,Maccima Games Llc
6733,Rick Dope
6734,2Xdal
6735,Bad Seed
6736,Vadim Slyusarev
6737,Beshbarmak Games
6738,Fully Involved Game Studios
6739,Falcon Development
6740,Misoge Inc.
6741,Cascha Games
6742,Madnetic Games
6743,Jollypunch Games
6744,Lineindevs
6745,Afterthought Studios
6746,Pewter Games Studios
6747,Lucasfilm
6748,Mana Games
6749,枝江幻想社
6750,Arcsteel Games
6751,"Mi-Clos Studio, Goblinz Studio, Fibretigre"
6752,Jinvira
6753,Cosmo D Studios
6754,Greenolor Studio
6755,Wayward Design
6756,Bludgeonsoft
6757,Indicava Interactive
6758,"Monstars Inc., Resonair"
6759,Ebi-Hime
6760,Skull Splitter Studios
6761,Ape Tribe Games
6762,Macrojoy
6763,Element Studio
6764,Bionic Ape
6765,Little Chair
6766,Prineside
6767,Binary Brew Studios
6768,Ttk
6769,Uncle Frost Team
6770,Sk Team
6771,Idea Cabin
6772,"Yunus Emre Aydar, Can Telkenaroglu"
6773,Samcolserra
6774,Bacon Bandit Games
6775,Liquid Flower
6776,"Fatbot Games, S. R. O."
6777,Kigyodev
6778,Knife Edge Software
6779,Lazy Flock
6780,Phanom Games
6781,Jam J
6782,Pony
6783,Insgames
6784,Zeruk Studios
6785,Johann Stoltz
6786,Team Tatou
6787,Double Eggs
6788,Hesketh Studios Ltd
6789,Kioop
6790,Coin Operated Games
6791,Magiko Gaming
6792,Godmode Interactive
6793,Weird Johnny Studio
6794,Andrii Bychkovskyi
6795,"Zix Solutions, Weixi Studio"
6796,Bydandans
6797,Lyaaaaa Games
6798,"Sylvain Harlaut, Jeremy"
6799,Colestia
6800,Panguojun
6801,Studio 369
6802,Icehelm
6803,Kiyummi Games
6804,Play Spirit Limited
6805,"Sprite, Nekonyan Ltd."
6806,Truegames
6807,Firedance Games
6808,Horrific Incorporation
6809,"Cobble Games, Disaster Studio"
6810,"Cristian Manolachi, Atomic Fabrik"
6811,Chopin Et Al.
6812,Portal Entertainment
6813,Minus2
6814,"Hamumu Games, Inc."
6815,Ultrabit
6816,Pelikan13
6817,"Kamitsubaki Studio, Studio Lalala"
6818,Lionmoon Ug
6819,"Flashpoint Productions, Nightdive Studios"
6820,"Silverlode Interactive, Wasatch Games"
6821,Caio Flavio
6822,Two Kings 22
6823,Fortell Games
6824,Dragon Vein Studios
6825,Final Boss Entertainment
6826,Little Chicken Game Company
6827,Adam Gallina
6828,"Marvelous, Inc."
6829,Star Maid Games
6830,Brian Cronin
6831,Ln404
6832,Kormishenkov Anton
6833,Super Trampers Studio
6834,"Furyu Corporation, Lancarse Ltd."
6835,Byting Games
6836,False Prophet
6837,Dululu工作室
6838,Big Moustache Games
6839,Jessie Carter
6840,Games And Company
6841,852話
6842,Namnorm
6843,Superstatic
6844,Zoink Games
6845,Vrkiwi
6846,Meer'S
6847,Charles Cochrane
6848,Tender Claws
6849,Dune Clockidy
6850,"Snood, Llc"
6851,Tokyotoon
6852,Big Head Games Ltd
6853,Osome Studio
6854,"If Games, Vertigo Games"
6855,心流工作室（Heart Stream Studio）
6856,Alejandro Hernández Ferrero
6857,Lost Astronaut Studios
6858,Pauloondra
6859,Rock Crow
6860,Hammer Labs
6861,Orlyapps
6862,Holospark
6863,Star Seeker Studio
6864,Vencious Games
6865,Linked Dimensions
6866,Pandacat 熊喵独立游戏
6867,Amrita
6868,Shade Inc.
6869,Triplebricksgames
6870,Apus Software
6871,Gamesfromtheotherside
6872,Little Big Mmo
6873,Snowdon Games
6874,Ccs
6875,Shadow Gengis
6876,Bot Studio For Discord
6877,Surreal Games
6878,Wanech
6879,Netker Inc.
6880,Mikethetech
6881,"2Play, Prasius"
6882,Faravid Interactive
6883,Vlad Cristian
6884,Stanley Lam
6885,Exe Create Inc.
6886,Military Operations
6887,Trilobyte Games
6888,Bitcomposer Games
6889,Glasscannon Studio
6890,Endroad
6891,Oleg Danilov
6892,Navel
6893,Tian Da Hai
6894,上海润梦网络科技有限公司
6895,Azamatika
6896,Last Benevolence
6897,Red Nettle Studio
6898,Daniel Gelber
6899,Yiming
6900,Xperimentalz Games
6901,Nick Helweg
6902,Iurii Coseacov
6903,Pastaspace Interactive
6904,Games For Humans
6905,Wzogi
6906,Radi Art
6907,3000Ad
6908,Blastoid Entertainment
6909,"Eden Games, Hydravision Entertainment"
6910,Top Shelf Studios
6911,Höganäs Spel
6912,4Co
6913,Capitanos
6914,Cinemaware
6915,Catland
6916,Sienture
6917,"Double Thought Studios, Zygobot"
6918,Sln
6919,Patagoniart
6920,Clecota Games
6921,Gameore
6922,"Capturedleek27, Doky"
6923,Mercator
6924,Gogii Games
6925,Turbo Pixel Studios
6926,Vidygames
6927,Balas Games
6928,Lofty Sky Entertainment Inc.
6929,Stoner Tomohito
6930,Terad Games
6931,Paul Schnepf
6932,Thunder Clap
6933,Chimplabs
6934,Gomanga Interactive
6935,Birdisland/Portaplay
6936,Terunon'S Lab
6937,火花工作室
6938,Breakfall
6939,Rotorist Workshop
6940,Ducats Games Studio
6941,New Idea Games
6942,Orata Studio
6943,Perfect Garbage
6944,Pixeltales.Ru
6945,Alexander Voidoc
6946,Lioncode Games
6947,Level 99 Games
6948,Crackedghostgames
6949,"Jerzie, Creobit"
6950,Laps Games
6951,Yustas
6952,Fair Games Studio
6953,"Phun Peeticharoenthum, Wichayuth Luaengtawekul, Noppasin Ngamsanguanprapa, Jeeratumrong Nakpracha, Pawika Khampawong"
6954,Beard Envy
6955,June
6956,Microdeal Ltd.
6957,Oppressive Games
6958,"Guy, Daisy Games"
6959,Long Hat House
6960,Palette
6961,Daon Games
6962,Chaosforge
6963,"Peter Labick, Connor Laux"
6964,Nhtv Breda University Of Applied Sciences
6965,"Square Enix, Bullets"
6966,Cobra Byte Digital
6967,Team Gongmyeong
6968,Manufacture
6969,Brettpenzer123
6970,Kelint
6971,Geniaware Srl
6972,"Studio Hamlin, United Sound, Vurpa"
6973,Cadenza Interactive
6974,Axing
6975,David Price
6976,"Ccc Games, Erabit"
6977,Statera Studio
6978,Toast Interactive
6979,Lost Sock Studio
6980,Madbox Entertainment
6981,Sungazer Software Llc
6982,Alpha Strike Games Limited
6983,Gamershype Productions
6984,Ddrace
6985,Lafterburn Studios
6986,Zandel Media
6987,Sheer Studios
6988,"Wisdom Tree, Inc."
6989,Fullmetal Developer
6990,Heart Core
6991,Insomniac Games
6992,Sourcein Games
6993,Quikgames
6994,Luciano Irrthum
6995,"Mika Mobile, Inc."
6996,Combat Cat Studio
6997,Jaybot7
6998,Funselektor Labs Inc.
6999,Metal Dragon Studio
7000,Bonfire Entertainment
7001,Majic Jungle
7002,Crew Studio Krüger Ug
7003,Finalboss Game Studio
7004,Melpya
7005,Chaos Group Games
7006,Goatdragonstudio
7007,Ethel Chamomile
7008,Esenthel
7009,2Awesome Studio
7010,"Asus Global Pte. Ltd, Moonshine Creation Co., Ltd."
7011,Álvaro García (Binarynonsense)
7012,Waterlily Games
7013,Sierra Lee
7014,Keystone Knight
7015,Tayfun Zeytun
7016,"Act 3 Games, Llc"
7017,东方幕华祭制作组
7018,Steel Arts
7019,"Alan Hazelden, Benjamin Davis"
7020,Kumilgames
7021,Spicytails
7022,"Ross Winters, Jesse Mcnamee, Brianne Ball, Roberto Uribe, Jonathan Tope, Connor Breeding, Ricardo Maldonado, Alexander Powell, Felipe Sanchez, Frances Rosa-Martir, Robert Dixon, Dominic Mercado, Kevin Parker"
7023,Nucleosys
7024,Fluxscopic Ltd.
7025,Sosad
7026,Emre Bulut
7027,Miscellaneum Studios
7028,Twin Sails Interactive
7029,Handle Chaos
7030,A Guilda
7031,Eric Baskin
7032,Intrepid Marmot
7033,Cyberphobx Ltd.
7034,赣州怡玩文化传媒有限公司
7035,Mewton Games
7036,Idea Factory International
7037,Axis Games
7038,Monokel
7039,"Haven Media, Parallel Circles"
7040,Shellpeach
7041,Neighborhood Games
7042,Studio Christmas
7043,"Christopher Chang, Makena Williams"
7044,Kela Van Der Deijl
7045,Royal Plus Games &Amp; Entertainment
7046,Mountain Bird
7047,2Dogs Games Ltd.
7048,Aero Games
7049,Inpatience
7050,Enlight Software Limited
7051,Träumendes Mädchen
7052,Dream Of Omnimaga
7053,"Dennaton Games, Dayjob Studio"
7054,Vovoid Media Technologies Ab
7055,Kiary Games
7056,Hitech Productions
7057,Jae Lee Productions
7058,"Iphigames, Team Abtos"
7059,Raum Studio
7060,Team Cobblestone
7061,"Aether Studios, Ampersandbear"
7062,Onbi
7063,Infinite Interactive
7064,Raw Lion Workshop
7065,Brian Lindenhof
7066,Isojumper
7067,"Dim Bulb Games, Serenity Forge"
7068,Innervoid Interactive
7069,Heaven Studios
7070,Angry Bulls Studio
7071,Heliodor
7072,"A. A. Bills, Rino Ito"
7073,咕咕制作组
7074,Morningstar Game Studio
7075,Flix Interactive
7076,Abylight Barcelona
7077,Three Jacks
7078,Reallybadoldgames
7079,Pan Shen
7080,Agoge Studios
7081,Sergey Domashenkin
7082,"Flyway Games, Inc."
7083,Old Skool Games
7084,Supernice
7085,Wildlife Studios
7086,Ransol Studio
7087,"Tâm Nguyên, Léonard Vaney"
7088,"Cinemax, S.R.O."
7089,Cartoon Game
7090,Kiepska Spółka
7091,Z4G0 And Ivan Venturi Productions
7092,Malicious Tree Games
7093,Riley Geddes
7094,Mastery Vr
7095,"Crazy Dino Game Studio, Felipe Mauricio, Octavio Gomes, Victor Luccas Frey"
7096,İsmail Güngör
7097,Ubisoft Singapore
7098,Heather Flowers
7099,Entwicklerx
7100,Edgeflow Studio
7101,Crypton Future Media
7102,Loren
7103,Utopia Dream Entertainment Alliance (Pty) Ltd - South Africa
7104,梵天游戏
7105,"Vasyl Zadorozhnyi, Volodymyr Koliahin"
7106,Eric Laflamme
7107,Hypersect
7108,Scumhead
7109,Alterverse Inc.
7110,Fasaria World
7111,Rainbow Goats Studio
7112,Tumsi Creative
7113,Neckbolt
7114,Lukas Navratil
7115,Batholith Entertainment
7116,Cyclone Studios
7117,Grounding Inc.
7118,Sunnyview
7119,Trav Nash
7120,Mosquito Cocktail Ltd
7121,Yummi Studio
7122,White Rabbit Games
7123,Egor Rezenov
7124,Happytall Game
7125,"Epicdream Games, 柚元传媒"
7126,Codebase Uab
7127,David Addis
7128,Gamework Studios
7129,Gabriel Maki
7130,Echo Chamber Games
7131,Storyforge Games
7132,Frompy Games
7133,Bbq Games
7134,Smile
7135,"Deep Silver Volition, Sperasoft"
7136,Defroids
7137,Surprising Studio
7138,Pixel Vs Pixel
7139,Celtos
7140,Jery
7141,Ludocraft Ltd.
7142,Blaze Worlds
7143,Whale Peak Games
7144,Quad-Games
7145,Russian Implant Games
7146,"Space Boat Studios, Baked Games"
7147,Bad Bird Studios
7148,Essence Ltd.
7149,"Justin Gourley, Sylvia Jurgens"
7150,Okonnaya Rama
7151,"Alessandro Cristoffer, Guilherme Santiago, Luciano Alcides, Caio White, Dougles Oliveira"
7152,Shentzu
7153,Enemby Games
7154,Dadako
7155,Ida Games
7156,"Joshua Linscott, 1122 Industries"
7157,Microids Studio Lyon
7158,Dimensionless Games
7159,拾遗工作室
7160,Cassandra Wang
7161,[Dramatic Music Plays]
7162,Curiobot
7163,Good Mood Games
7164,Loopymood
7165,Vikintor
7166,Frederik W
7167,The Singleton Foundation
7168,Punkcake Délicieux
7169,One Hamsa
7170,Fair Play Labs
7171,Vector Interactive Pty Ltd
7172,Quick Nail Aristocrat
7173,Bad Ridge Games
7174,"Sergio Matsumoto, Manon 'Stripes' Potier"
7175,Twintertainment
7176,Wadup Games
7177,Lucas Inojosa
7178,Vutune
7179,"Team9, Esquadra,Inc."
7180,Kimidori Soft
7181,"Idea Factory, Frontier Works, Joymoe Interactive Entertainment Limited"
7182,Revolution Industry
7183,星火工造
7184,Nastycloud
7185,Ltdr
7186,Famous Dogg Studios
7187,"Pillow Fight, Worst Girls Games"
7188,Zono
7189,Andylaw
7190,Studio Sai
7191,Mommy'S Best Games
7192,Codrin Bradea
7193,Falcon Games
7194,"Arc System Works, Aplus Co., Ltd."
7195,Subsoap
7196,"+Mpact Games, Llc."
7197,Giant Grey
7198,"Type-Moon, Fuzz Inc."
7199,Her Interactive
7200,"Glyphx Games, Cavetap"
7201,"Golden Dog Interactive, Sas"
7202,Igrodelsky
7203,Klapanom Games
7204,蒐藏馆工作室
7205,Unknown Origin Games Inc
7206,"Mccauley Christian, Kyle Freels"
7207,Shawn Beck
7208,Xiaocai_Test
7209,The Vanished Moths
7210,Shiinayashiro
7211,Acgdt
7212,Joel D.
7213,Woolly Walrus Games
7214,Damulchi
7215,Razar S.R.O.
7216,Ice Beam
7217,Team D-13
7218,Biggety Boss Games
7219,"Drone Champions Ag, Climax Studios"
7220,Cowleyfornia Studios
7221,Manuel Schenk Games
7222,Cathuria Games
7223,Eduard Mirica
7224,Alkonost Team
7225,Qj
7226,Paddle Creek Games
7227,Liminal Logic
7228,Diman Production
7229,C3Sk
7230,Knarl Studio
7231,Bucketplay.Inc
7232,Kiemura Ltd
7233,Data East
7234,Arzola'S
7235,Rubeki Games
7236,Silicon Knights
7237,Squiggly Games
7238,Wicked Studios
7239,Klace
7240,Katapult
7241,Aaron Steed
7242,Mega Boss Game Studio
7243,Monkey Wizard Entertainment
7244,Aventurine Sa
7245,Aneagames
7246,Mobx Gmbh
7247,Paper Games
7248,Oaa (외계인납치작전)
7249,Wano
7250,"Kenneth Caselli, Gianmarco Rocco"
7251,Kiki Games
7252,Bawu Team
7253,No More Sleep
7254,"Piotr Bunkowski, Hades Productions"
7255,M0R Studio
7256,Npms(Number Personal Model Studio)
7257,Arberth Studios
7258,Red Winter Software
7259,Meyer Games
7260,Kody Stone
7261,"仓鼠动力, Args Studio"
7262,"Workroom7, Creobit"
7263,Hyperion Studio Limited
7264,Helium9 Games
7265,Ntronium Games
7266,Vectorpark
7267,Jampacked Games
7268,Gamma Minus
7269,Olipa Games
7270,Real Welders
7271,Mousechief
7272,Corncrow Games
7273,Frog Cult
7274,Jan Zizka
7275,Twisted Universe
7276,4Gency
7277,Zerodiv
7278,Hexwar Games
7279,Yellowduckworks
7280,David Brinkman
7281,Deep Shadows
7282,Blankhans
7283,Studio Drydock Pty Ltd
7284,Sarepta Studio
7285,Np_Conpany
7286,Linksolutions Ltd.
7287,Kgs
7288,Sylvestrina
7289,Outlier
7290,Phosfiend Systems
7291,Eric Thullen
7292,"Xiaocong Yan, Henry Turbedsky"
7293,Badwolf Games
7294,Usagi Store
7295,えいえいっ! 怒った?
7296,Mumbojumbo
7297,Alawar Stargaze
7298,Muzzy Lane
7299,"Namatakahashi, Tsuyomi"
7300,S3 Studio
7301,Inu To Neko
7302,Zakroutil
7303,Riftbreak Software
7304,Shockwork Games
7305,Adi Zhavo
7306,Pixelated Cupcake
7307,Lemma Arts
7308,"Ithiro Sumi, Lucas Perdomo, Lucas Bressan"
7309,Mermaid Vr Inc.
7310,Girlsoul
7311,Fdd Studio
7312,Matt Sowards Games
7313,Realpeach
7314,Pixel Perfect Dude
7315,Robert Weaver
7316,Aerilon Studios
7317,Bruno Freitas
7318,Kexboy
7319,Aheartfulofgames
7320,Aaron Wise
7321,Broken Spear Inc.
7322,Energy Milk
7323,Merxon22
7324,Coin Crew Games
7325,Stephen Scott Day
7326,Team Fugl
7327,Synetic
7328,"Dreadlocks Mobile, Silicon Jelly"
7329,Chara-Ani Corporation
7330,"Aydream Co., Ltd."
7331,11Planning
7332,"Avalanche Software, Heavy Iron Studios"
7333,都要恰饭的
7334,Louys
7335,"Phobia Game Studio, Transhuman Design"
7336,Ali Kaan Başhan
7337,Lunar Great Wall Studios
7338,Vogelfänger
7339,Spicy Horse
7340,Tiny Crow Games
7341,"Friedemann, Noio Games"
7342,"Mahelyk, Jory, Theclassifiedx"
7343,Second Pass Studios
7344,Noface工作室
7345,Exbots
7346,Carbontea
7347,Bandage And Go Studio
7348,Nemesys Games
7349,Mura Interactive
7350,Nicolas Bernard
7351,Green Sauce Games
7352,D3Publisher
7353,Dragonfire Studios
7354,Lost Decade Games
7355,Infogames Europe Sa
7356,Petums
7357,A327Ex
7358,Jjs Games
7359,"Saturn Vr, Nipsapp Gaming Software"
7360,Paul Bird
7361,2Dynamic Games
7362,Shining Pixel Studios
7363,Vertical Skull Games
7364,Honestly Games
7365,Double Door Games
7366,Funny Games
7367,Loria
7368,Game Island
7369,Wilkin Games
7370,Labs Works
7371,St. Michael'S Girls School
7372,Chillax Games Studio
7373,Ste'S Project
7374,Artur Smiarowski
7375,D.E.X. Team
7376,Crazybunch
7377,Grimnir Media
7378,Tolga Ay
7379,Alexander Gromyko
7380,Laser Dog
7381,Dagger Interactive Technologies
7382,Hometeam Gamedev
7383,Alice & Smith
7384,Ars Goetia
7385,Yo_Serjio
7386,Sharf Co.
7387,Hangover Cat Purrroduction
7388,Cannibal Goose
7389,Ff Digital
7390,Celianna
7391,Whirlpool
7392,"Henrique Pegacha, Rafael Lima, Nuno Guerreiro"
7393,Gaming Factory
7394,"夜喵, Allen"
7395,Walt Disney Studios
7396,Bitlife
7397,Neon Tales
7398,Games With Dragons In
7399,Emsroy
7400,Kabloom Interactive
7401,Kurowarellc
7402,Roppy Chop Studios
7403,Bacq Stellan
7404,Rocket Cola Studio
7405,"Hqgames, Hq Games"
7406,Fusen Studio
7407,Pgwave
7408,Rational Social Projects Limited
7409,Codebyfire
7410,Veyeral Games
7411,Overcloud9
7412,"Dream Oni, Valorware"
7413,Game Na Kibun
7414,Kayla.Z
7415,Dedication Games
7416,Sebasa Games
7417,Paul Cuisset
7418,Ecoddr
7419,Huayitianxin
7420,Sierra On-Line
7421,X-Bow Software
7422,Heartbit Interactive
7423,Mad Mimic
7424,Floating Origin Interactive
7425,Rafael Ben-Ari
7426,Magicaltimebean
7427,Terminal Press
7428,Snoddasmannen
7429,The Binary Mill
7430,Failoutgames
7431,Agar3S
7432,Simple
7433,Portcullis Enterprises
7434,Casual Labs
7435,Dojo Games
7436,Asa Project
7437,Marcos S Junqueira
7438,Writegg
7439,Usc Games
7440,Ancient War Studios
7441,Couchfox Games
7442,Top Right Corner
7443,Dreamz Studio
7444,Chronospace
7445,4P0 Informatica
7446,Delta Video Games
7447,Team B.R.O.S.
7448,Angry Rabbit Studios
7449,"Arc System Works, Toybox Inc."
7450,Funghisoft
7451,Elvio Lujan
7452,Anneka Tran
7453,Chumbosoft Llc
7454,Painted Black Games
7455,"Lucid Sight, Inc."
7456,Oleg Shestoperov
7457,"Black Chicken Studios, Inc."
7458,Playito.Com
7459,Heartbeast
7460,Mindthunk
7461,Materik Ab
7462,773
7463,"Alec Smith, Dane Winn"
7464,Rainysoft
7465,Jumpsuit Entertainment Ug (Haftungsbeschränkt)
7466,3Dm_Live_Wallpapers
7467,Pixel Purrfect
7468,Bitten Toast Games Inc.
7469,Dismal Studios
7470,Golden Game Barn
7471,Bethesda Softworks
7472,Primula
7473,Jakal Studios
7474,Codapill
7475,Kyle'S Garage
7476,Smunty Studios
7477,Sweet Dog Studios
7478,Endice Software
7479,Live Wire
7480,"Andrew Teo, Adam Teo"
7481,J. A. Davies
7482,"Party Goose, Digital Crafter"
7483,Bi Kun
7484,Metaverse
7485,Hypersloth
7486,Kaio Meris
7487,Spaces Of Play Ug
7488,Orphic Software
7489,Étienne Périn
7490,Kiss
7491,Jucar
7492,Tragico Media
7493,David Draper Jr
7494,Neobird
7495,Klykbelki
7496,Fugitive Games
7497,"Olde Sküül, Sculptured Software"
7498,Mischief & Mayhem Studios
7499,Wonderful Elephant (Jmtb02)
7500,Reality Twist Gmbh
7501,Azuma
7502,"Yuliy Oneshko, S-Grade"
7503,"Digital Fossil, Eyexapp Play"
7504,The Voices Games
7505,Punx Studios
7506,Projectquestnotes
7507,Fred Wood
7508,Antifreeze Games
7509,可能变不可能
7510,Florin-Marian Hera
7511,Tribus Games Indie
7512,Nippos Studios
7513,Great Idea
7514,Filip Eriksson
7515,Ikigai
7516,"Wxp Games, Llc"
7517,Homebearstudio
7518,Fast Turtle Games
7519,"Foolish Mortals Games, Michael Long"
7520,Four
7521,Cobley Games
7522,Helios Studio
7523,赤瞳大白猫
7524,Foolsroom
7525,Starwind Games
7526,Immersive Vr Education
7527,Leiyun Games
7528,Jamesgamesnz
7529,Lucid Games Ltd
7530,Uruca Game Studio
7531,"Manufractal Studio, Viabo Games"
7532,B-Alive
7533,"Kastriot Sulejmani, Brayden Myers"
7534,Directdoggo
7535,Master Indie
7536,Vinci Games
7537,Onetale Gamez
7538,Insane Dreamers
7539,Dextercoding
7540,Digital Geckos
7541,Alessandro Roberti
7542,Grimbart Tales
7543,Tenth&Hess Games
7544,Splint Games
7545,Heekdevelopment
7546,Chadder Studios
7547,Homegrown Games
7548,Phony Game Studios
7549,Lost Tower Games
7550,Playbrains
7551,Magicbane
7552,Toffee Games
7553,Máté Pribelszky
7554,Appeal Studios
7555,Kaishan
7556,Falco Software
7557,Momo-Pi
7558,"Timushev Vladimir, Composer-Motorin Dmitry (Djinotan)"
7559,Dalaran Game Studio
7560,L Twigger
7561,Creative Vr3D
7562,Laurasia Chronicle
7563,Afiq Suradi
7564,Nobody Gg
7565,Unicore Games Studios
7566,"Nikita ""Ghost_Rus"""
7567,Sixsense Studios
7568,The Bratans
7569,Slay The Dragon!-Team
7570,Rdein
7571,Vrt
7572,Triple Rush Games
7573,Dad Hat Games
7574,Class Of 2019-2020
7575,Dire Quoll
7576,Viperante
7577,Enter Games
7578,"Sketchbook Developments, Fourth State, Sketchbook Games"
7579,Btrain Studio
7580,Vittgen Inc.
7581,Selenion Games
7582,Danny Deer
7583,Jack G
7584,Limbic Entertainment Gmbh
7585,Alioth
7586,Olivierjt
7587,"Ug Virtual Reality Technology Co.,Ltd."
7588,Polytale Games
7589,Fight The Landlord Studio
7590,"Coletivo Vaca Roxa, Vee, Joymasher, Pko Game Studio, Spookids Team, Calangames, Expresso Studios, Pastel Studios, Heavy Sheep, Lastone, Asteristic Game Studio"
7591,Bret Swearengen
7592,Brave Bunny
7593,Magicbenchvn
7594,Darya Noghani
7595,Visual Imagination Software Gbr
7596,Flatfish Games
7597,314 Arts
7598,Lance Games
7599,Gocore
7600,Gamesforfarm
7601,Sideby Interactive
7602,Magnus Games Studio
7603,"Crespirit, Storia, Narrator"
7604,"Chad Cuddigan, Joshua Skelton"
7605,章鱼罐头制作组
7606,Manic Hyena
7607,Moon Punch Studio
7608,Volutian Design
7609,Phosepo
7610,Headware Games
7611,"Mediatonic, Flaming Fowl Studios"
7612,"Indiecn, Silverblade"
7613,Games Distillery S.R.O.
7614,Skip Stone Studios
7615,Cblck
7616,Kel
7617,Falltrand L.W.
7618,"Dry Cactus, Licorice Ehf"
7619,Softlab-Nsk
7620,Marco Tancredi
7621,1C-Avalon
7622,Herobeat Studios
7623,African Boy Keita Studio
7624,R J L Jones
7625,Gamenesis
7626,"Chucklefish, Robotality"
7627,Superstring
7628,Dennis Gallant
7629,风魔工作室
7630,Bitmap Galaxy
7631,Evan Lowery
7632,Super Sly Fox
7633,Qubyte Interactive
7634,Id Card
7635,Project Polish Productions
7636,Balloonsgame
7637,Neil Gilbert Gallardo
7638,Zqz
7639,Mitchware Games
7640,小闲
7641,Digi Mask Games
7642,Mad Jackal Games
7643,"Quicksilver Software, Inc."
7644,Marginal Act
7645,Sherman3D
7646,Monticube
7647,Rigidbody
7648,Chime Corporation
7649,Storm In A Teacup
7650,Fossil
7651,Flat Lab
7652,Citeremis Inc.
7653,Crazypotato Studio
7654,Josh Hill
7655,Boomzap Inc
7656,Mystery City Games Bv
7657,Digital Reef Games
7658,Raresloth
7659,Xendra
7660,"Wgi Gaming, Wgi Gaming"
7661,Anemoessa
7662,Kitsune Estudios Ltda
7663,Soulwarmers Games
7664,Gambridzy
7665,"Crackshell, Croteam"
7666,Splitside Games
7667,Rotten Apple Games
7668,"Dreadxp, David Szymanski, Torple Dook, Lovely Hellplace, Scythe Dev Team, Secret Cow Level, Panstasz, Mahelyk, Daniel Mullins Games, Wither Studios, Akabaka, Vidas Salavejus, Wayward Preacher, John Szymanski, Bathysfear Labs"
7669,Fireblade Software
7670,Ebrain Studio
7671,Cape Copenhagen
7672,Lamecat Studio
7673,The Bitfather
7674,Mas
7675,Spitfire Interactive
7676,Spleen
7677,Nanopiko
7678,Game Logic Studio
7679,Medis Media
7680,Everlasting Games
7681,Big Trouble
7682,Sunfleck Software
7683,Nordic Empire Games
7684,Alan Zucconi
7685,青思游戏
7686,Onigiristudio
7687,Rotateam
7688,Marcin Borkowski
7689,Daniel Snow
7690,"Illucalab, Flipflops, Japanime Digital"
7691,Ambiera
7692,"Toydea, Degica"
7693,Ungame Productor
7694,Nacks Soft
7695,Agustin Vuelta
7696,Manie Solutions Ug
7697,Tenebris Studio
7698,Niels Bauer Games
7699,3Dvisual
7700,Keybol
7701,Ageod
7702,Starwraith 3D Games Llc
7703,Grip Games
7704,Nekopad Studio
7705,"Devoured Studios, Ska Studios"
7706,Earrgames
7707,Ondrej Homola
7708,Dystopia Game Studio
7709,Spyridon Thalassinos
7710,"汉谟拉比炒面, 我的屁是香哒"
7711,Bartek Karczmarczyk
7712,Devil Beetle Games
7713,"Drageus Games S.A., Qubic Games"
7714,So Ro
7715,Hypnos Games
7716,Aad Games
7717,Pixelity Inc.
7718,New Bridge Games
7719,"Warrior General Games, Llc"
7720,Retrostyle Games
7721,Moondrop
7722,"Suzhou Dayu Network Technology Co., Ltd., 蘇州大禹網絡科技有限公司, 苏州大禹网络科技有限公司"
7723,322 Games
7724,R0Kee
7725,Tactical Penguin
7726,Sovietpunk 1991
7727,Chocoarts
7728,Hardy Games
7729,Rocketbrush Games
7730,Patrones & Escondites
7731,Airem
7732,Euro Games Studio
7733,Gaco Games
7734,Matheus Reis
7735,704Games Company
7736,Usurpator Ab
7737,Blank Dream Studios
7738,Humongous Pictures
7739,Rpg Adventures
7740,Peatyturf
7741,Deep Sea Cat
7742,"Jérôme Bodin, Frédéric Simon"
7743,Neojac Entertainment Inc.
7744,Cross Eaglet
7745,Ming Yen Wu
7746,Winter Wolves
7747,Siren Heart Studios
7748,"Aako Inc, Otter Club"
7749,"Jan Place Jakobsen, Kristoffer Juel Friis, Jonas Skjønnemann, Ignacy Grabowski"
7750,Ludo Land
7751,Nightmare Studios
7752,Maverick Game Studio
7753,"Wishes Ultd., Greg Lobanov"
7754,Lisa Voronova
7755,Jachun Digital
7756,"Kiwiforge, Timothy Vincent"
7757,Igindisgames
7758,Svajūnas Žemaitis
7759,Dreamloop Games
7760,[Bracket]Games
7761,"Aaron W. Calhoun, Noah W. Calhoun"
7762,Moebial Studios
7763,Hexgamestudio
7764,"Lrdgames, Inc."
7765,Semidome Inc.
7766,751 Games
7767,Paper Crown Studio
7768,Deodoo
7769,"Type-Moon, Lasengle Inc., Hunex"
7770,橘子班
7771,Bill'S Game
7772,Gnarled Scar Manipulations
7773,Digital Arrow
7774,Occupational Hazard
7775,Huge Robot
7776,Dragon Foundry
7777,Parallel Circles
7778,D.D.Dog
7779,"Scumhead, Mengo"
7780,Oslo Albet
7781,"吃了就睡工作室, 次韵和"
7782,Cryptomnesic
7783,Planescape Game Studio
7784,2Dengine
7785,Lucky Frame
7786,Narriflux
7787,Kinmoku
7788,"Redlynx, Ubisoft Kiev"
7789,Just Sauce Studio
7790,Rainydollgames
7791,Encurio
7792,Ancient Russ
7793,Tayasui
7794,"Acquire Corp., Kaerupanda Inc."
7795,"炉火绘题本, Zhaotianyi"
7796,Joshua Curtis
7797,Noham Games
7798,"Backwoods Entertainment, Application Systems Heidelberg"
7799,Whalegun
7800,"Sieben De Beule (Prozilla), David De Beule"
7801,Casualogic
7802,Trinitybj
7803,Shadowblade Games
7804,Ilya Shepelev
7805,Megafuzz
7806,Trauma
7807,3Dclouds
7808,多年以后的卡米拉
7809,Lee Davidson
7810,Avrillionarts
7811,"Cave Interactive Co.,Ltd."
7812,Nivnan
7813,Valkyria Games
7814,Uncasual Games
7815,Glass Revolver
7816,Pelikan
7817,Smolevn
7818,Ebenit
7819,"Curve Studios, Futurlab"
7820,"Stuffed Wombat, Thorhighheels"
7821,Mooneye Studios
7822,Schmidt Workshops
7823,Nacho Games
7824,Burgee Media
7825,Dashing Cape
7826,Graphphysical
7827,念念而忘(Echofall Studio)
7828,Gocci Studio
7829,Artarproduction
7830,Gameplanet
7831,Secret Base
7832,Kane Carter
7833,Megawobble
7834,Sp-Time
7835,"Poorly Timed Games, Llc"
7836,"Image Power S.A., Roasted Games"
7837,Joyimpact
7838,"Nihon Falcom, Ph3 Gmbh, Engine Software Bv"
7839,Sordar Studios
7840,Toni Domínguez
7841,Lululu Entertainment
7842,Intense
7843,Harsh Agarwal
7844,"Citizenz, Citizenz"
7845,Abandoned House Studios
7846,City Interactive S.A.
7847,"Lootmax Games, Timegate Studios"
7848,Spacefarer Games Ltd
7849,Darker Emerald
7850,Yun Seven
7851,Skonec Entertainment
7852,Eric Provan - Ayyo Games
7853,T_T Games
7854,Psydra Games Llc
7855,Farbworks
7856,Synnergy Circle Games
7857,Allaf Games
7858,"Venris, Evil Gingerbread Studio"
7859,Professional Imagination
7860,東方幕華祭制作组
7861,Andrade Games
7862,Code Wakers
7863,Kombinat
7864,Sc
7865,Evan Kice
7866,Avidly Wild Games
7867,Studio Saizensen
7868,Timberwell 本幺
7869,Aquaplus
7870,Encryptique
7871,Mpower Games Studio
7872,"Supercombo, Inc."
7873,Cbaz Games
7874,Blunt Games
7875,Spidermonk Entertainment
7876,Apex Horizon
7877,7Cats-Team
7878,Live2D Inc.
7879,Gd Studio
7880,Gavra Games
7881,"Harmonix Music Systems, Inc"
7882,Simplevr.Pro
7883,Doridori Studio
7884,Dreamlike
7885,Luoriver Studio-洛神游戏工作室
7886,"Xobermon, Llc"
7887,9Garden
7888,"Eroducate, Mohaelder169"
7889,Vampire Squid
7890,Bov
7891,Coolnames
7892,Titangamedev
7893,Orochi2K
7894,"Culture Attack Studio, Tyler Doak"
7895,Serious Games Interactive
7896,Josh Tam Universe
7897,Panik Arcade
7898,Bekkerdev Studio
7899,"Leap Game Studios, Tiny Ghoul"
7900,Lumiere Studios
7901,Medallion Games
7902,Ambai
7903,Fromlefcourt
7904,Apehardware
7905,Aatlantis Code
7906,Onteca Ltd
7907,Bp
7908,Tomlab Games
7909,Vi Game Forge
7910,Goloso Games
7911,Tomas Sala
7912,Wonderfling
7913,Autonomic Interactive
7914,Nevertheless Studio
7915,Lente
7916,Iron Moose Development
7917,"Yggdrazil Group Public Co., Ltd."
7918,Bobby Two Hands
7919,Finji
7920,Romain Salha
7921,Unlok
7922,Immersed Games
7923,"Spacefarer Games, Jake Stephen Jackson"
7924,"D'Avekki Studios Ltd, Wales Interactive"
7925,Dragon Slumber
7926,Fun Creators
7927,Ludu Arts
7928,Ethan Waite
7929,David Erosa
7930,Pendopo Creations
7931,"Squidpunch Studios, Vincent Ltd"
7932,"Blastmode, Mp2 Games"
7933,David Vogt
7934,Epic Shrimp
7935,Blessing Company
7936,Galactic Workshop
7937,Fluffy Bisons
7938,Midian Design
7939,Noland Studios
7940,Rocket Boy Games
7941,Deilroxentertainment
7942,Старый Билд
7943,Last Spring
7944,Alcachofa Soft
7945,Andonis Gaja
7946,Krzysztof Macias
7947,"Nuchallenger, Hurakanworks"
7948,Miria Studios
7949,N-Game Studios
7950,Main Tank Software
7951,Cute Anime Girls
7952,Ogre Head Studio
7953,Kings And Catapults
7954,Twin Otter Studios
7955,Notional Games
7956,Sof Studios Ltd
7957,Rhino Games
7958,Senscape
7959,Koola
7960,Crasleen Games
7961,"Dejobaan Games, Llc, Popcannibal"
7962,Major Games
7963,50 Rats Games
7964,Indie
7965,Super Awesome Hyper Dimensional Mega Team
7966,Game Freak Inc.
7967,Ultimatedesktop
7968,Dotomchi Games Inc.
7969,Quantum Entanglement Games
7970,"Dimps Corporation, Safari Games Co., Ltd."
7971,The Rooster'S Chess
7972,Alivegamestudio
7973,Parallel Studio
7974,Jim Offerman
7975,Pengonauts
7976,Cublo
7977,Flox Studios
7978,Dm Media
7979,Vrobot
7980,Farbs
7981,Lemondo Games
7982,Dan & Gary Games
7983,Skyline Studio
7984,Zombie Dynamics
7985,Fivemid Studio
7986,Oz
7987,Cowcat
7988,Lkmad
7989,Woodya
7990,Cjbny
7991,Ugly Duckling Games
7992,"Dragami Games, Ltd."
7993,Steve Gal
7994,Seasonbean Team
7995,Kekdot
7996,Soldak Entertainment
7997,Objectif 3D
7998,"Stormregion, Thq Nordic"
7999,Michael Janisch
8000,"Pamela Linares, Gamma Ray Chamber"
8001,Rumr Design
8002,"White Box, Elendely"
8003,Diditopia Games
8004,Infamous Quests
8005,Pure Fps
8006,Fleb
8007,Igo
8008,"Alith Games, Artless Games"
8009,Finndustries
8010,黒子ラボ
8011,"Sichuan Fruit Interactive Technology Co., Ltd."
8012,Jt Interactive Entertainment
8013,Reactorjoy
8014,Peter Todorov
8015,Ureasoft
8016,Mudpike
8017,3000Studio
8018,Kunpo Games
8019,Jib Games
8020,Loneminded
8021,Slizer88
8022,Ben Marks Game Studios
8023,Fergus W
8024,Pixel Chest
8025,Brayang
8026,Future Lighthouse
8027,Nuclear Dog Team
8028,"Konami, Cygames, Inc."
8029,Honeysoft
8030,"Kanngi, Yugkon Union"
8031,"Black Eyed Priest, Henry Hoare"
8032,Rumbora Party Games
8033,Hkon
8034,Derpy Nerd Studios
8035,Alex
8036,Artdink Corporation
8037,Izanabit
8038,Orangepixel
8039,Viexi Games
8040,Hadoque
8041,T-Hex
8042,喵鼎工作室
8043,Primaryorbit
8044,Supine
8045,Flatcoon
8046,Robotronic Games
8047,Coffee Addict Studio
8048,Glowforth
8049,Albert Wiatr
8050,"Anarchy Games, Street'S Game"
8051,Warshark Games
8052,Aleksei Milchakov
8053,深圳市爱玩游戏科技有限公司
8054,Aleksey
8055,Shaggy Dwarf
8056,Sun-Studios
8057,Blueteak
8058,Kronos Digital Entertainment
8059,"General Arcade, Fromsoftware, Inc"
8060,Hammerhead Vr
8061,Timberwolf Studios
8062,Huy Phan
8063,Luois Games
8064,Warptear Entertainment
8065,Afbik Studio
8066,Lucid Dream
8067,[Untitleddev]
8068,Sigmareels
8069,Bovinosoftware
8070,"あみそ組, Bird`Seye"
8071,It'S A Sidegame
8072,Veysel Çınar
8073,"Liquid Bit, Llc, Bumblebear Games, Llc"
8074,Laceee
8075,Everscape Games
8076,None
8077,Smartvr Studio
8078,Walaber Entertainment Llc
8079,Flying Islands Team
8080,Fábio Fontes
8081,"Atom Switch, Inc."
8082,Isaac Lee
8083,Corax_Studios
8084,上海极网工作室
8085,Limitcore.Studio
8086,Broccoli Games
8087,Hiroko Imaki
8088,It Student
8089,Screwfly Studios
8090,Crankshaft Games
8091,Esolutions
8092,Good Games
8093,Softdisk Publishing
8094,Magnesium Ninja
8095,Millenium Project Enterprises
8096,Beavis Soft
8097,Absorbed Studios
8098,Yooper Game Studios Llc
8099,Muzzy Lane Software
8100,"Dark Root Gardeners, Goblinz Studio"
8101,Marplegames
8102,Shubham Rajanwar
8103,Sam Cohle
8104,Firstborn Games
8105,Goatape
8106,Islesofciphar.Com
8107,Gustav
8108,Dark Sky Empire
8109,Black Wing Foundation
8110,Battleham
8111,Redshift Games
8112,Benjamin Rommel Games
8113,Green Lava Studios
8114,"Mokylin Tech. Co.,Ltd"
8115,"Keplerians, Carlos Coronado"
8116,Heat Reborn Dev Team
8117,Science Interactive
8118,Arcade Oven
8119,Evil Empire
8120,"Amaranth Games, Llc"
8121,Rehoga Interactive
8122,Kos Studios
8123,Antuan Johnson
8124,Ocelot
8125,Alice Halley
8126,Pwned Studio
8127,Tom Reason
8128,Az-Art Development Studio
8129,Psytec Games Ltd
8130,Kanapagames
8131,"Asephy, Dementori, Jchoco"
8132,Hiking Mind Studio
8133,Starstrike Studios
8134,Metanaut
8135,3Dinvis Games
8136,Kortegames
8137,"Oricia Games Albi, Oricia Games London"
8138,Jia-Ho Jian
8139,"Kadokawa, Tsukurite."
8140,Vladimir Cholokyan
8141,Fridiculous
8142,"Armchair Interactive, Targon Studios"
8143,No Wand Studios
8144,Toasty
8145,Google Inc.
8146,Big Huge Games Inc
8147,Holon Studios
8148,"Aplus Co., Ltd"
8149,Ivy Road
8150,Monster Tooth Studios
8151,John Paul Grigsby
8152,"Murat Doğançay, Butik Game Studios"
8153,Myceliumgames
8154,Specter Game Studios
8155,Naev Team
8156,Orazgylyjov Davut
8157,Stratagem Blue
8158,Gwydion Llyr Meredydd
8159,Hla Team
8160,"Brace Yourself Games, Tic Toc Studios Inc."
8161,Orlando Santos De Oliveira
8162,Kungfolio
8163,Gamecosm
8164,Electrify
8165,Nightbox
8166,"Artur Games, Music By Darkman007"
8167,Halara Studios
8168,Voyager Softworks
8169,The Nr
8170,J Griffin
8171,Bd Studio Games
8172,Peanut Games
8173,Aleksandar Kuzmanovic Games Inc.
8174,Owl Cave
8175,Emperium Team
8176,Phosphor Games
8177,Hello Bard As
8178,Sky Fallen
8179,"Skobbejak Games, Skermunkel"
8180,Debonosu Works
8181,Alper Gonen
8182,Simbin Studios Ab
8183,Studio Poco
8184,"Izanagigames, Too Kyo Games, Esquadra,Inc."
8185,Noumenon Games
8186,Digital Dreams Entertainment Llc
8187,Noah Lewin
8188,Kasulo Game Studio
8189,Aniki Games
8190,Iazgame
8191,Lodos Games
8192,Fungi
8193,Sengi Games
8194,Dawn Studio
8195,Ligagames
8196,Deric Ruhl
8197,Simpleton
8198,Sizrit
8199,Odd Games
8200,For All To Play
8201,Wolvik Studios
8202,Avisgames
8203,Talecore Studios
8204,Red Obsidian Studio
8205,Somehumbleonion
8206,Sanzaru Games Inc.
8207,Game Hollywood
8208,Resonair
8209,Berg Games
8210,Kool2Play
8211,Fth Games
8212,80Arcade
8213,Hitori De Productions
8214,Galart
8215,Independent Arts Software
8216,Adipson Studio
8217,Drahgoone
8218,Peter Lacalamita
8219,3D Generation
8220,George Alexandros
8221,3D2 Entertainment
8222,Monotone
8223,Squiddershins
8224,Matthew Milne
8225,"Fubenalvo, Sxtheone"
8226,Selfgame
8227,已下架
8228,Wired Dreams Studio
8229,Balnaur
8230,Cushkim
8231,"Square One Games Inc., Black Isle Studios"
8232,Proto1Studios
8233,Nah Yeah Games
8234,Dead Joker
8235,Lokin
8236,David Gallardo
8237,Yokereba Games
8238,Quite Different Mechanics
8239,Berymery
8240,Frog Paw Studios
8241,Stamina-Games
8242,Deep Voodoo Games
8243,Frozenpixel (Fpx)
8244,Voiddev
8245,Veryok
8246,Interstudio
8247,Danil Kalyupa
8248,Level 91 Entertainment
8249,"Torus Games, Pyro Studios"
8250,Drillimation Systems
8251,Seaweaver
8252,Vertical Reach
8253,泉州市兰梦网络科技中心（有限合伙）
8254,Ozani Games
8255,M. Wenzel
8256,Kagaya
8257,Ditd Team
8258,Manalith Studios
8259,"Sounding Stone / 老奉毊, Maoucat Studio / 魔王貓工作室"
8260,Zpink
8261,Elzzap Software
8262,"Azorian, Kron0S_Alexey, Pavel_Balakin"
8263,"The Abbot'S Book, Llc"
8264,Snkl Studio
8265,Private Moon Studios
8266,Fula Fisken
8267,Johnbell
8268,Doublesix
8269,Daniele Doesn'T Matter
8270,Ktx Software
8271,Bankbank
8272,Variable State
8273,Infosuccess3D
8274,Rapid Iterations
8275,Crystallpunk
8276,Geirdev
8277,Exalted Studio
8278,Reanimate Games
8279,Corgi
8280,Gamesare
8281,Gala Lab Corp
8282,Softon Entertainment
8283,Pangea Game Studios
8284,Fngames
8285,"Adamvision Studios, Sneakybox"
8286,Wayupgames
8287,Neutron Star Studio
8288,Archdawn
8289,Black Curtain Studio
8290,Drakhar Studio
8291,Cypron Interactive
8292,Illucalab
8293,Zsj工作室
8294,Retroactive Fort
8295,Spiele-Palast Gmbh
8296,Marcin Priachin
8297,Buding Games
8298,Wioleta Moniuszko
8299,Spaceboy Games
8300,Gg Studio
8301,"Fordays Co.,Ltd."
8302,Mockingbird Softworks
8303,Roencia
8304,Quotix Software
8305,"T-Time Technology Co., Ltd."
8306,Logitech Inc.
8307,Stereo7 Games
8308,Jipang2Games
8309,Createam
8310,Balazs Hrabacsik
8311,Ysh Bigdove
8312,Team Jungle
8313,"Ilja Soutchilin, Tom Berger, Adrian Reichhardt"
8314,New Star Games Ltd.
8315,Picopicosoft
8316,Thatgame Pty Ltd
8317,Campfire Technology Llc
8318,"Holden Boyles, Ciprian Stanciu"
8319,Team Entropy
8320,Glinkie Games Inc.
8321,Moonana
8322,Foggybus
8323,Skilltree Studios
8324,Infinite Bridge
8325,Anton Riot And Co
8326,Pyxeralia
8327,Starworkgc
8328,89Am Studio
8329,Futu Studio
8330,Prospect Games
8331,"正方形劳伦斯, Lawsquare133"
8332,Reason Generator Inc.
8333,Alexander Belik
8334,Deonn Games
8335,Sigur Studio
8336,Espirart Games
8337,Alien Jellyfish
8338,Simulators Live
8339,Black Sheep Games
8340,Madosoft
8341,Tygame
8342,Tad &Amp; Ice Productions
8343,"Q-Games Ltd., Double Eleven"
8344,Gamers For Good
8345,Lovelygames
8346,Chechulin Maxim
8347,Different Gravity Games
8348,Double Dice Games
8349,Phr00T'S Software
8350,深圳墨麟科技股份有限公司
8351,Cyb3R_Gamez
8352,Zaratustra Productions
8353,Busy Bear
8354,Spiderwork Games
8355,Pancakegames
8356,Spinvr.Ca
8357,Rabbit Studios
8358,Dark End Studios
8359,Cleiton Oliveira
8360,Enoops
8361,Zc Games
8362,Bad Logic Studios
8363,Zts Studio
8364,Far Road Games
8365,Game Development Alexander Lamers
8366,Moregames
8367,弃用的商店页面
8368,Ence Gaming Llc
8369,刺沙
8370,Puzzleroo
8371,Space Budgie
8372,Studio Binokle
8373,"Anshar Studios, Bloober Team"
8374,Topcog
8375,Lovigame
8376,"狼烟游戏Studio, 雪糕棒"
8377,Rolling Cat Studio
8378,Katoa Games
8379,Adrovgames
8380,Misfit Village
8381,Paulo Henrique Franqueira
8382,Kong Orange
8383,Laggyluk
8384,Virtuos
8385,Diamond Fox
8386,Xxx_Skipper_Xxx
8387,Vector Unit
8388,Enigma Sp
8389,"Ильямазо, Sad3D"
8390,Schnauzer Schtudios Llc
8391,Dennis Krüger
8392,A3
8393,Canteen
8394,Clockwork Wolf
8395,"Creobit, Workroom7"
8396,G-Mode
8397,Polynetix Studio
8398,Oblion Studio
8399,Beatnik Games
8400,Casper Croes
8401,"Polarbyte Games, Skymap Games"
8402,Nw Games
8403,Virgula Leal
8404,北京星磐科技
8405,Eurocom
8406,"Square Enix, Claytechworks"
8407,Colorfiction
8408,Staron Animation
8409,Digital2 Games
8410,Wolf & Wood Interactive Ltd
8411,Shadowshifters
8412,Team Lantern Llc
8413,Star Dragon
8414,Dreamforge Intertainment
8415,Pixel Machine
8416,Albertnez
8417,Kurb
8418,Worthless Bums
8419,O. Kaya
8420,Studio Koprol
8421,Tomeapp
8422,Test
8423,Gunnar Games
8424,Dez
8425,"Почежерцев Влад, Кашковский Антон, Бурков Никита"
8426,Horgee Games
8427,Teletower Studios
8428,Rat King Entertainment
8429,Spikysnail
8430,银阼
8431,Aslan Game Studio
8432,Pariah Interactive Inc.
8433,Parttimeindie
8434,Habibidev
8435,Maor Dany
8436,Sad Spaghetti Entertainment
8437,Old Eagle
8438,Okaeridev
8439,Siter Skain
8440,Flying Squirrel Entertainment
8441,Arctic Hazard Game Studio A/S
8442,Single Geared Games
8443,Red Meat Games
8444,The Balance Inc
8445,Veiled Ones Team
8446,Cloud5 Studios
8447,Zabbo Games
8448,Kickedmesh
8449,Manipulation Machine
8450,Vona Soft
8451,Koro.Games
8452,"Elf, Shiravune"
8453,Xeno Bits
8454,Oriol Cosp Games
8455,4Fufelz
8456,Rostislavs Lihacs
8457,大聪明工作室
8458,Pet Project Games
8459,Andi Liddell
8460,Xorcerox
8461,Supercube
8462,World War Company
8463,Jleger91
8464,Saltstone Studios
8465,Juicy Beast
8466,Pixelated Milk
8467,Hollowings
8468,Nolo
8469,"Vecube Studio, Spirit Games Studio"
8470,Ichimakes
8471,Ink To Pixels
8472,"Pikselnesia, Rolling Glory Jam"
8473,Mighty Eyes
8474,Skydome Entertainment
8475,Caipirinha Games
8476,Digitaldream
8477,Fangsoft
8478,独立游戏Sun_Official
8479,Soteroapps
8480,Eric Juvi
8481,"Gotcha Gotcha Games, 道楽, Kadokawa"
8482,云瑞同志
8483,Andre Gareis
8484,Platstudio
8485,Wither Games
8486,"Sgttb_Studios, Phanom Games"
8487,Quicksave
8488,Banzaiproject
8489,Sonic-Alpha
8490,Grimorio Of Games
8491,Butterfly
8492,Ice Lava Games
8493,Altered Matter
8494,"No Stuck Game Studio, Crespirit"
8495,Math Tide
8496,Whirlybird Games
8497,Extreme Studios
8498,Retrolab
8499,Mr Bambam
8500,Vestaria Project
8501,不公开
8502,Frogstorm
8503,Dreamlesshero
8504,Bogdan Sychkov
8505,Glee-Cheese Studio
8506,Clay Dragon Games
8507,"James Patton, Clockwork Bird"
8508,Loren Logic
8509,Oddrok
8510,Dnovel
8511,Shuffle Studio
8512,The Droplet Studio
8513,Zelenyuk
8514,"Arc System Works, Dotemu"
8515,"18Light Game Ltd., Funzone Games"
8516,Royal Deal Games
8517,"Guin Entertainment, Llc"
8518,Night Eyes Interactive
8519,Playrix Entertainment
8520,Zgamestudio
8521,Lunatic Works
8522,David Lobser
8523,Giii Holdings Llc
8524,Cherry Co. Studios
8525,Downfallen Team
8526,Looksten Inc.
8527,Sub Orbital Software
8528,"Pixel Quail, Gamera Interactive"
8529,"Silent Bear Studio, Shining Games"
8530,Ryan Laley Games
8531,Tim Oxton
8532,Protoria Studios
8533,Blue Vertex
8534,Toriten Games
8535,Code Spectrum
8536,"Katabasi Studio, Fortuna Imperatore"
8537,"Game Arts Co., Ltd, Sickhead Games, Llc"
8538,黑子游戏
8539,"Thomas Biskup, Jochen Terstiege, Krzysztof Dycha, Lucas Dieguez, Bastian Von Gostomski, Carola Sochiera, Björn Loesing"
8540,Pixel Maniacs
8541,"Tero Lunkka, Gangsta Studios, Blackthug"
8542,Rafale Software
8543,Dawnsbury Studios
8544,Pluto
8545,Gembel Games
8546,Yannick
8547,Montee Games
8548,Shilohgames
8549,Plebeian Studio
8550,Garamonds Studios
8551,Hi-Bit Studios
8552,Exodiac Studios
8553,Produktivkeller Studios
8554,By Mike Robins
8555,Code:Jp
8556,Jf Nova Studio
8557,Sombr Studio
8558,Rakame 7
8559,Drop Bear Bytes
8560,Animation Arts Gmbh
8561,Chronic Logic
8562,Tymon Zgainski
8563,"Rocketsnail, Skyvu"
8564,17Studio
8565,Flying Panjandrum
8566,Spacewalkers
8567,Dino Rocket
8568,上海杜昂网络科技有限公司
8569,Angel Games
8570,"Suuyasha, Lulalaby"
8571,"Manuel Pazos, Daniel Celemín"
8572,"Viscum Key, Nupu Neko Dev"
8573,Brandon Hesslau
8574,Kuroki Yume
8575,The Moon Pirates
8576,Eversim
8577,Groschevaux
8578,Chairkilling
8579,"Oiffy, Wolf & Wood Interactive Ltd"
8580,"Bondo Games, Blake Gillman"
8581,Aaagames
8582,Seaven Studio
8583,"Urban Weaponry, Will Lingard"
8584,Holcomb Entertainment Llc
8585,Strategic Simulations
8586,"Thelaumix Productions, Lukas A. Schopf"
8587,Continental Games
8588,Hanaji Games
8589,Jmc Games
8590,Lwmedia
8591,Crescent Sun
8592,Apptivus
8593,Virtual Craft Studio
8594,Game Dynasty
8595,Phantom8 Studio
8596,Turnopia
8597,Bad Yolk Games
8598,Snowbaby Games
8599,The Tiniest Shark
8600,A2 Game Studio
8601,Red Wasp Design Ltd
8602,Heck
8603,Poppy Works
8604,Yunus Ayyildiz
8605,Dolphinbarn
8606,Anemona Games
8607,Nico Tuason
8608,Phigames
8609,Games From The Abyss
8610,Mayhemcreations
8611,Maxestla
8612,From Soy Sauce Llc
8613,Fearless Games
8614,Sgs Team
8615,Gugames
8616,Denis Esie
8617,Logan Thatcher
8618,Game Dev Garage
8619,Just A Pixel Ltd.
8620,Guidelight Games
8621,Hellbent Games
8622,Grey Alien Games
8623,Pineleaf Studio
8624,Bamboléo Games
8625,Robotpumpkin Games
8626,"Ansh Anand, Tarun Singh"
8627,Trapdoor Inc.
8628,Thomas Evenson
8629,Devs On A Boat
8630,Yeah Us!
8631,3X3.Zero
8632,Pedro Gilabert
8633,Sensorama
8634,成都乐上网络科技有限公司
8635,Aetheric Games
8636,Flying Star Games
8637,Gimmebreak
8638,Ege Sayın
8639,Minakata Dynamics
8640,Claymatic Games
8641,Stonext Games
8642,Psychodev
8643,"Gunfire Games, Thq Nordic"
8644,Optical Override
8645,Khuong Le
8646,Xp Liu
8647,Lionheart Gaming
8648,"Kurtsoft, Fırat Kurt"
8649,"Gogii Games, World-Loom"
8650,Retro Army Limited
8651,Marco S Hampel
8652,Blue Tea Games
8653,Lingon Studios
8654,Wyse Games
8655,Aquastyle
8656,Silver Lemur Games
8657,"Half Full Nelson, Goodby Silverstein And Partners"
8658,Octofox Games
8659,Big Kitty Games
8660,Ramen
8661,Friend & Foe Games
8662,St Platform
8663,The Queen
8664,힉학헉
8665,Hitbear Studio
8666,Mint &Amp; Dough
8667,Driving Force Games
8668,Crispon Games
8669,"Kiwiwalks, Ikinagames"
8670,Exkee
8671,"Liam Hughes, Ryan Cooper"
8672,Icecreammakerstudio
8673,Ryart
8674,Anshar Studios
8675,"Tarso Coelho, Renato Lima"
8676,Frozen Lake Games
8677,Lumineye Limited
8678,Inertia Game Studios
8679,B-Deshi Interactive
8680,Batensan
8681,Cream
8682,Jerome Craig
8683,Headup
8684,樂磚Joy Brick
8685,Kortes
8686,Nava Dev
8687,Quint Studio
8688,Ageofgames
8689,"Emlise, Happysquared, Sunnydaze"
8690,"吃了就睡工作室, 夜神不说话"
8691,Tuesday Society
8692,Draco Guard
8693,Morion Studio
8694,D I S S
8695,Extend Studio
8696,Soxcz
8697,Squid In A Box Ltd
8698,Storysphere
8699,Curious Fate
8700,Cowboy Toad Games
8701,Sugar Rush Studios
8702,Cgcfss
8703,Team Teal
8704,Gravity Neocyon
8705,Ponett
8706,Unexpected
8707,Mokomugame
8708,4Friends Games
8709,"Monkey Moon, Blackmuffin"
8710,Ak Games
8711,Dan Hathaway
8712,Tri-Ace
8713,"Infiniti Sound Imagery Studios, Cine Game Interactive Systems"
8714,Pepolab
8715,Asgame
8716,Aniya Games Studio
8717,Möbler Development Team
8718,Better Than Life
8719,Midnight Status
8720,Petitlegume Studios
8721,48H Studio
8722,Cloudthewolf Games
8723,Non Grata Studio
8724,Bad Dream Games
8725,Hasoyua
8726,202-N Studios
8727,Vestgames
8728,Enjoyplay Ltd
8729,Invenmatic
8730,Rohan Chapman Von Wedel
8731,Tequilabyte Studio
8732,Voxler Games
8733,Monkey Stories
8734,"Studio Voyager, Iguanabee"
8735,Blob Games Studio
8736,"Pixelsaurus Games, Future Crayon"
8737,Dreamway Games
8738,G2 Games
8739,Grey Reality Studios
8740,Crashable Studios
8741,Feral Cat Den
8742,"Anatoliy Loginovskikh, Khud0"
8743,E-Studio
8744,"Angels Blue Digital Entertainment, Ladomu"
8745,Stuka Games Inc
8746,Tag 44/24
8747,Quantumfrog
8748,Nidal Nijm Games
8749,Gobbo Games
8750,Eight Game Studio
8751,Mirinae
8752,A Lone Rat
8753,Scuffed Development
8754,Starodymov
8755,Seastoriesstudio
8756,"Tatrix, Nanalli"
8757,Wichtv Ltd
8758,Twirlbound
8759,Schrolab
8760,Vince Vector
8761,"Lucas Le Slo, Taletronic, Sergi Sabater"
8762,Haven Studios
8763,Gamagora Icom
8764,Dreamlab Xr
8765,"Wevr Inc, Big Red Button Entertainment"
8766,"Aleksandr Mironov, Www.Linkedin.Com/In/Miralexgenn"
8767,Big Green Pillow
8768,Oats Studios
8769,Moonfire Entertainment
8770,Jemchicomac
8771,Mini Goliath
8772,Auralab
8773,Studio Trike
8774,Kt.Software
8775,琉璃花糖制作组
8776,Jeremy Fischer
8777,Minds Eye Productions
8778,"Vacuumdev, Jackerino"
8779,Groove Science Studios
8780,Aygames
8781,Mechanical Boss
8782,Orangutan
8783,Joel Carter
8784,Straylight Entertainment
8785,275
8786,Papaya Studio
8787,Under Three
8788,Entity Medialab
8789,Toy Soldier Studios
8790,Slime Games
8791,Elf Games
8792,Polar Bunny Ltd
8793,二律背反
8794,Bt Studios
8795,Minority Media Inc.
8796,Matt Games
8797,Yann Geffrotin
8798,Games For Girls Oü
8799,"Nikita Ustinov, Nikolay Lazarev"
8800,Yyz Studio
8801,Robert Maners
8802,Dirty Pixel Art
8803,Nile River Software Llc
8804,Appnormals Team
8805,Getrdygames
8806,Luvi Games
8807,"Anatoliy Loginovskikh, Igor Shalimov"
8808,Ys Net
8809,Quince Games
8810,Brenntkopf Development
8811,Wargirl Games
8812,Penrose Studios
8813,Cleanwatersoft
8814,Ilia Kudinov
8815,明枭网络
8816,Aperture Grille
8817,Leonardo The Vinchy
8818,Graveck
8819,Thunderoak Interactive
8820,"Double Fine Productions, React Games"
8821,Thearkitect
8822,Cg Cowboy Studios
8823,Sekai Project
8824,Doekuramori
8825,Ballistic Machine
8826,Simon Roth
8827,Macho Wolf Studio
8828,Arvore
8829,David Mohr Gould
8830,Nitro+Chiral
8831,Epic Llama Games
8832,021Workshop
8833,Kowai Sugoi Studios
8834,Duck Team
8835,Diana Nilsson
8836,"Deer Captain, Esat"
8837,Edible Entertainment
8838,Novasoft Interactive Ltd.
8839,The Future Of Videogames
8840,"Priyam Parikh, Andrew Moran, Jake Stull, Jewel Lim, Niko Korolog, Aaron Bales"
8841,Semisoft
8842,Dreaming Door Studios
8843,Bitmen Studios
8844,Elliptic Games
8845,Jayflgames
8846,"Paul Helman, Sean Scaplehorn"
8847,Indigoblin
8848,Gearhead Studio
8849,弘煜科技事業股份有限公司
8850,Studio08 Development
8851,Sam Ghalili
8852,"Hit'N'Run Digital Studio, Ruzura Interactive"
8853,"Corey Martin, Alan Hazelden, Mari Zand, Zach Soares"
8854,Hongshou Studio
8855,Al-Game
8856,Studio Floris Kaayk
8857,Exalted Guy Interactive
8858,Middle Man Games
8859,Clay Game Studio
8860,Centauri Production
8861,Guiding Hand Software
8862,Ironrib
8863,Iron 27
8864,Punk Labs Llc
8865,Congo Jungle Games
8866,Chunkybox Games
8867,Kubikfoto Gmbh
8868,Tennen-Sozai
8869,Curious Chicken Games
8870,掌烛文化
8871,Rogue Earth Llc
8872,No.25
8873,Gamegarden
8874,Attack Studio
8875,Travellin Cats
8876,Manualgames
8877,Hijong Park
8878,Justin Kroh
8879,Secret Labo
8880,Swyg
8881,"兔子放映部, 喵喵兔放映部, Meow Bunny Studio"
8882,Codemasters Birmingham
8883,Deadline Games
8884,"Colloseusx, Cpmilan"
8885,Case
8886,Happy Hobgoblin
8887,Pictologi
8888,"Michele Buonanno, Veronica Wu, Fabio Porfidia"
8889,Yukiusagi Games
8890,Polyturnedgame
8891,Payoff Technologies
8892,Mokyusoft
8893,Dylan Ramos
8894,Qruppo
8895,Koraku
8896,M36 Games
8897,Liar-Soft
8898,Nihohe Soft
8899,Defroids Team
8900,J. R. Hudepohl
8901,Futurtech
8902,Crystal Depths Studio
8903,"Tikipod, Electric Cafe"
8904,Grip Digital S.R.O.
8905,Hammer & Ravens
8906,Orangeee
8907,Chieftain Artworks
8908,Digital Confectioners
8909,"古德模型, Goodmoxing"
8910,"Tose Co., Ltd."
8911,Micatrix
8912,Michael Hall
8913,Ethan Goldreyer
8914,Dimmdrive Inc.
8915,Mike Bushell
8916,Bakershah
8917,"Softwarware, K-Project"
8918,Silence Game
8919,Plan8
8920,Pipocation Games
8921,Nemeton Singularity Simulations
8922,Anarteam
8923,Xso
8924,Tribe Games
8925,Baileyhausdorff Systems
8926,Daniel Davies
8927,Playcorp Studios
8928,Wellore
8929,Outerminds Inc.
8930,Volcanic Giraffe
8931,Blaze Epic
8932,Fun Punch Games
8933,Zwiebelspiele
8934,Rogue Duck Interactive
8935,"Ahmet Yusuf Yatkın, Yusuf Emre Baysal"
8936,Oppaiman 2D
8937,Gone Mad Studios
8938,Power Parametrics Llc
8939,Iolacorp Studio
8940,Owg Studios
8941,Game Masterminds
8942,De Martini Games
8943,Imperial Interactive
8944,"Ratz 'N' Godz, Storybird Games"
8945,"Csm, Excellente23"
8946,"Troy Miller, Sam Buckley, Aaron Everson, Sam Yeadon, Aro Lee"
8947,Hardcare Games
8948,Fists Of Destiny Games
8949,布衣个人工作室
8950,One Man Behind
8951,Squidgy Soft
8952,"Tinkr, Inc."
8953,Nayuta Studio
8954,Smoothbraindev
8955,Valyutechnik
8956,Chromosphere Games
8957,"Freeworld Developments, Burning Scale Studios"
8958,"Yuki制作组, 崩溃猛犸"
8959,Quavelty Games
8960,杨君朝
8961,Pheenix93
8962,Barking Dogs
8963,Moonmana
8964,Super Mega Team
8965,Platine Dispositif
8966,Disney Interactive
8967,Freethrow
8968,Go Play Games Ltd
8969,Fire Totem Games
8970,Clever Ai
8971,Get(Color) Games
8972,The Office Simulation Dev Team
8973,Anamik Majumdar
8974,Agera Games
8975,Prajna Concepts
8976,Pnumia Entertainment
8977,"Tozai Games, Inc., Esquadra,Inc."
8978,橘音
8979,"Amazevr, Inc"
8980,Bloody Pixel Games
8981,Hangzhou Nezhagames
8982,"Frontier Aja, Cfk Co., Ltd."
8983,"Idea Factory, Frontier Works, Tiny Cactus Studio, Wss Playground"
8984,Lump Of Sugar
8985,Rookbird Games
8986,Jam
8987,Atomic Elbow
8988,Sleepy Siren Studios Llc
8989,Smartplaygames
8990,Space Fractal
8991,Buff Studio
8992,Reddeer.Games
8993,Jon Sudbury Games
8994,Oscar Celestini
8995,Sunjoy Game
8996,3Dduo
8997,Wild Wits
8998,"Monkey Barrel Games, Inc"
8999,Twilight
9000,"Venineth Team, Mort-Art"
9001,"John Szymanski, Evan Szymanski"
9002,Sarajs
9003,Alice Langley
9004,Denzone Games
9005,Cast N Play
9006,Ares Inc.
9007,Ufo Cat Games
9008,Webble Games
9009,Dynamight Studios
9010,Huracan Studio
9011,Lunardream Games
9012,Goldmakesgames
9013,Ifcats
9014,Shellsnore Games
9015,Whale Rock Games
9016,Ikea Communications Ab
9017,Battenberg Software
9018,The Young Socratics
9019,Rondomedia Gmbh
9020,"Norain Games., Jandusoft"
9021,Strike Games
9022,Chlsea
9023,The Fully Arcade
9024,Goonswarm
9025,Nedostudio
9026,Brendon Pywell
9027,"Emerson Design, Inc."
9028,"Paragon Software, Microplay"
9029,Aggrobirdgk
9030,"Acuze Interactives, Winterbyte"
9031,Terngame
9032,Nupuryu No Sato
9033,Appyart Games
9034,Enokippu
9035,Garmory
9036,Caffeineboostergames
9037,Braian Strak
9038,Argus Games
9039,"Bit Planet Games, Llc"
9040,Teatime Research Ltd.
9041,"Moonbite Games, Padaone Games"
9042,Sonoshee
9043,Crocodile Entertainment
9044,Sinn Studio Inc.
9045,Slothladdev
9046,漫森游戏工作室
9047,Jamgames
9048,"Games By Robert, Llc"
9049,"Ageofgames, Untold Games"
9050,Stirfire Studios
9051,Mydearest Inc.
9052,Knowwonder
9053,Greg Wildasin
9054,Ideas Pad
9055,Crayz
9056,Darker Gaming
9057,Blazing Stick
9058,Goex Games
9059,Mario Scarfone
9060,Alblune
9061,Lemix Game
9062,Simofun
9063,Urihimura
9064,Snikkabo As
9065,Hekate
9066,Stikcy Games
9067,Lost Toys Ltd
9068,Permafrost Studio
9069,Red Katana
9070,Dave Gumble
9071,"Innoglow, Stormregion, Thq Nordic"
9072,"Aaron Wise, Vidas Salavejus, Lachlan Shelton, Tobiasm, Voltzgamez, Luke Van Zandt, Elegant Crow, Sulfer, D. Zenith"
9073,Pixel Lion Studios
9074,Skyriver Studios
9075,Shiny Entertainment
9076,Frontier
9077,Windyverse
9078,Michael Flynn
9079,Mikael Bihl
9080,Ddemon Llc
9081,Burst
9082,Andrei Zanoaga
9083,Cubecube Sports Ltd.
9084,Connor Gresko
9085,"Brainstorming Team, Кико"
9086,Indie Wizards
9087,Party For Introverts
9088,Normal Wholesome Games
9089,Nurgo Software
9090,Sleepy Mill Studio
9091,Malumgames
9092,5K Studios
9093,Alon Cohen
9094,Stratera Games
9095,Evagames
9096,Vis - Visual Imagination Software
9097,Crankage Games
9098,Blackartstudios
9099,Diax Arts
9100,Hunny Bunny Studio
9101,Skunkape Interactive
9102,Leaves
9103,Kamina Dimension
9104,"Anchor Inc., Fuzz, Inc."
9105,Soaring Pixels Games
9106,"Sandbox Network, Inc."
9107,Wingware
9108,Junkie
9109,Consala Games
9110,Keenan Kessler
9111,Peartree Games
9112,"Fastgame, Victoria Games"
9113,"Accolade, Inc."
9114,"Ex Nihilo, Arte France"
9115,Andreas Otten
9116,Vexan Studio
9117,Rising Moon Games
9118,Abyssal Studios
9119,Caleb Dunahee
9120,Roko0 (Roman Konyukhov)
9121,Siege And Summons
9122,Ulfsire
9123,Deadlycrow Games
9124,Mapledorm Games
9125,Medicalholodeck.Com
9126,Inception Soft
9127,Rb Wolf Design
9128,Dgma
9129,Skandivania Games
9130,Elvio Luján
9131,Leedonglee
9132,Utw Team
9133,Pihoentertainment
9134,梗植工作室
9135,Goodcrafter
9136,Orzpinez
9137,Whackakey Games
9138,Redzyrro
9139,Northend Games
9140,Xurzerth
9141,Cleardot Games
9142,"Reflexive Entertainment, Black Isle Studios"
9143,Midnight Games Eirl
9144,Jincycle
9145,"Jckslap, Sherlerk, 我師父的徒兒, Eazie"
9146,"Tozai Games, Inc., O-Two Inc., Esquadra,Inc."
9147,Martin Nayeri
9148,9527 Studio
9149,Alexander Goodwin
9150,Siczech Arts
9151,Oryzhon Studios
9152,Encrypt Games
9153,Super Suite Studios
9154,Mango Protocol
9155,Serkan Bakar
9156,Moonlight Productions
9157,Dudindie
9158,Succubus Diary
9159,Sapir Alon
9160,Molegato
9161,Tinymindz
9162,"Angry Games, Total"
9163,Danial Rashidi
9164,Alfagame
9165,Half Moon Game Development
9166,Zach Holbrook
9167,"Nippon Ichi Software, Inc., Engine Software Bv"
9168,Skullcrusher
9169,Death On Sausage
9170,Sleeper Games
9171,Hothouse Creations Ltd
9172,Kujirabo。
9173,Lightning Mark
9174,Tort
9175,Moonseer Vr
9176,Naraven Games
9177,Air Balloon
9178,Goadstool
9179,Flat Software
9180,Outsiderkids
9181,Daydream Software
9182,Screambox Studio
9183,Electrokaplosion Llc
9184,Peltast Software
9185,Samet Mumcu
9186,Winteryear Studios Los Angeles
9187,Dialogue Design
9188,Matt Eshleman
9189,"Capcom, Digital Eclipse"
9190,Joazco
9191,Dreamory
9192,Censored
9193,Louie Inc
9194,Ohsat Games
9195,Vitaminsizdev
9196,Entergram
9197,"Dogan Oral, Dodigamestudios"
9198,Damnskulls
9199,Self Made Miracle
9200,"Sujin Ri, Marcos Arroyo, Seona Lee, Somi Lee, Sohyeon Jeon"
9201,"Alawar Stargaze, Alawar Entertainment"
9202,Costa Blanca Studios
9203,Virzoom
9204,Ambitious Games
9205,Point Bleep Studios
9206,Vulkano Forge
9207,"Antaria, Llc"
9208,Command Development Team
9209,Palmsoft
9210,"木枯組, 木枯リオ"
9211,Webcess
9212,Alex Blintsov
9213,Pomeshkin Valentin Igorevich
9214,5Pm Studio
9215,Flatline
9216,Mardonpol Inc.
9217,Studio 8
9218,Cristian Gonzalez
9219,Kirley Games
9220,Itdl Games
9221,Good Measure Games
9222,Oblivionburn Productions
9223,Francis Coulombe
9224,Uglycoal
9225,Cairn4
9226,Friendmaster2000
9227,Brokkli Labs Llc
9228,Lejunesart
9229,Rift Haven
9230,Fire Biscuit Games
9231,Verterial Flur
9232,Idev Games
9233,Starni Games
9234,Kairoscope
9235,Shaman Games Studio
9236,Spookyfish Games
9237,Hega Studio
9238,Nuko Majin
9239,Esteban Jauregui
9240,Yakov Kotov
9241,Julian Laufer
9242,Master Entertainment
9243,Braingoodgames
9244,Copychaser Games
9245,Aurora Way Studios
9246,Nikita Nefedov
9247,Diamondhenge Entertainment
9248,Cosmo'S Tuxedo
9249,Tasty Stewdios Llc
9250,Pixel Forge Games
9251,Vigilant Addiction Studios
9252,Suqing
9253,Strollart
9254,Evilwind Studio
9255,Madcat Games
9256,Dumaru Inc.
9257,Grabba Guild Games Llc
9258,Stoneworks Games
9259,Neverworks Games
9260,Flazm
9261,Microwave Games
9262,Taylor Marsh
9263,Adventurer'S Tavern
9264,Ledan'S Gift
9265,Barnstorm Games
9266,Find The Lamp Games
9267,Secret Society Games
9268,"Edwin Montgomery, Myshkin Entertainment"
9269,Andrettin
9270,"Shenzhen Simeng Technology Co., Ltd."
9271,Zelart
9272,Sakuraraka
9273,Astral Clocktower Studios
9274,Adam Spragg
9275,Dart Sherman
9276,Liquid Pug
9277,Four Pixels Games
9278,Oxeye Game Studio
9279,Devaddict'S Chat
9280,Black Beach Studio
9281,Burnt Fuse
9282,Faxlab3D
9283,上海闪速软件发展有限公司
9284,Puzzle Box Games
9285,Ayrtech
9286,竹林晚风
9287,Ephiam
9288,Immersive Vr Education Plc
9289,T.F.A.N.C.S.
9290,Dipsi
9291,G-Type
9292,Never Don'T Play
9293,Verlumino Studios Llc
9294,Ehnenu
9295,"Minechan, Neko Machine"
9296,Binary Jellyfish
9297,Ape Marina
9298,Dazzling Divine
9299,Darkphobia Games
9300,2Drp
9301,Districtware Inc.
9302,Gamedevlab
9303,Cyanide
9304,U0U Games
9305,Super Punk Games
9306,Morenori Soft
9307,Not So Boring Games
9308,Irondoor Games
9309,Asylum Entertainment Inc.
9310,Zenz Vr
9311,"Figurehead Studios, Crass Studios"
9312,"Woziwodsky Tomas, Bachraty Marian"
9313,"Andreev Worlds, Gamesforgames"
9314,Fireplay Studio
9315,Picsonix.Studios
9316,Ionut Lucian Achiricioaei
9317,Blindflug Studios Ag
9318,Elektri Inc.
9319,Andrei Fomin
9320,Teawork Dev
9321,Virtexuniverse
9322,"Alasdair Beckett-King, Application Systems Heidelberg"
9323,Setonika Games
9324,Runaroundgames
9325,Berzah Games
9326,Freegamer
9327,Rocwise Entertainment
9328,Arcade Theory
9329,Circle Poison
9330,Nicholas Lives
9331,Trevaz
9332,Karl Wenzel
9333,Igloosoft
9334,"Michael Todd Games, Yazar Media Group Llc"
9335,Great Cogs
9336,Akent
9337,Merlin Beer
9338,Rapscallion
9339,Pribuni
9340,Wonderstruck
9341,Edisonlee55
9342,Dragonflare Studios
9343,Artvostok
9344,Dynken
9345,"C.U.M原创游戏, 幽兰工房"
9346,"Assemble Entertainment, Sierra Entertainment, N-Fusion Interactive"
9347,Brhp
9348,Sean Arnold
9349,3Dpet
9350,Watermelon
9351,Kalla Gameworks
9352,Decent Software Llc
9353,Never Bored
9354,"Sinkhole Studio, Moonlab Studio"
9355,"Chengdu Touch Times Technology Co., Ltd"
9356,Realm Of Alters Limited
9357,"3Dar, Atlas V"
9358,Nihilistic Software
9359,一起来修仙工作室
9360,Caustic Reality
9361,Linked Bits
9362,"Q Switched Productions, Llc"
9363,Secret Plan
9364,The Epiclore
9365,Dmitri Lowell
9366,Rising Sun Interactive
9367,Ibright Games
9368,Antti Juotasniemi
9369,Applique
9370,Cordelia Games
9371,Hof Studios
9372,Online Ocigrup Sl
9373,Tigerqiuqiu
9374,Hapgames
9375,Varlamov5264
9376,"Skinny Jean Death Studios, Porcelain Labs"
9377,Spike Chunsoft Co. Ltd.
9378,Cover Corp.
9379,Bobo The Hobo
9380,Bryce Densmore
9381,Daveyyy
9382,Ctrl Alt Ninja Ltd.
9383,Mad Goblin Games
9384,Dunderware
9385,Bright Developers
9386,Maratus
9387,Brewsterland Studios
9388,Gagonfe
9389,Potatobrain Games
9390,"N4Ba, Notex, A1Esska"
9391,Supermedium
9392,"Vd Games, Propilgames"
9393,不秋草游戏工作室(Bamboo Games)
9394,Impulse Control
9395,"Google Arts And Culture, Makemepulse"
9396,Leisure Police
9397,Jeminie Interactive
9398,"Atlas, Daz"
9399,The Cyber Prophet
9400,Dnzy Games
9401,"Ste Curran, Twistplay"
9402,Southedge Studios
9403,Desert Beagle Studios
9404,Oryon Entertainment
9405,2Ndboss
9406,The Paper Robot
9407,Socko! Entertainment
9408,Playsoft
9409,Daid Games
9410,Not Awful Studio
9411,Session Seven Team
9412,Wegenbartho Games
9413,Hazy Mist Studio
9414,Penpen
9415,Altereyes
9416,"Apocoplay Llc, Ludeme Games, Coreedge Inc"
9417,Blametech
9418,Pineapple Software Management
9419,Centi Games
9420,Visumeca Games
9421,Bn Games
9422,"Short Sleeve Studio, Llc"
9423,Tfgame
9424,Giant Margarita
9425,Lillywelland Inc.
9426,Jkfy
9427,"Enthrean Guardian, Eggion, Stellarnull"
9428,Qunee
9429,Petraguardsoftware.Com
9430,Unhinged Llc
9431,Sigtrap
9432,Mad Sprouts
9433,Lucas Lopes Baroni
9434,Magic Lantern
9435,"Schell Games, Innersloth"
9436,Yanohi Studio
9437,"Syrin Studios, Small Impact Games"
9438,Kyle Obranovic
9439,"Alkaitagi, Perfecthumaninterface"
9440,Mithronix Games
9441,"Frizuo, Starpixel Studios"
9442,Pgames
9443,Ev
9444,Moddedmarionette
9445,Novaq Games
9446,Onemac
9447,Tornagames
9448,Gürkan Gür
9449,Gamerzdan
9450,Chun Y.
9451,Hyperbook Studio
9452,Terrestrial Games Llc
9453,Black Train
9454,Fantasia Studio
9455,Ebb &Amp; Flow Games
9456,Gl33K
9457,"Beep Games, Inc."
9458,Darksciencelab
9459,"Cm, Vinicius"
9460,Goldknights
9461,Magnumizer Game Studio
9462,Fiction Factory Games
9463,Lockedon
9464,Doragon Entertainment
9465,Deimos Games
9466,The Revills Games
9467,Dynamic Dungeons
9468,Codebrew Games Inc.
9469,Shotgun Surgeons
9470,Seenchan Game
9471,Shiboo!
9472,"Bookmark Games, Hexwar Games"
9473,Thunderful Development
9474,Digidiced
9475,Garoa Studios
9476,Mercimek Games
9477,Ripknot Systems
9478,Bandit-1
9479,Gamehouse
9480,Queen Bee Games
9481,"Vaka Game Magazine, Imcyan"
9482,"Virtua Worlds, Llc"
9483,Starfish-Sd Inc
9484,Keron Veal
9485,Xform
9486,Dischan Media
9487,Citizen Of Life Games
9488,"こおりみず, からふるぱーてぃ"
9489,Studio Kit
9490,White Cat
9491,Studio Centurion
9492,Impromptu Games
9493,Lightimpact
9494,"Ludopium, Arte France"
9495,Tomary
9496,Skies Technologies
9497,La Moutarde
9498,It'S Anecdotal
9499,"Emir Suleiman, Tayfun Tuna"
9500,Klp Company
9501,Tri.G
9502,Allocate
9503,Secret Cow Level
9504,"Enlight Software Limited, Perspectx"
9505,Zanrai Interactive
9506,Madeofdinosaurs
9507,Thomas Meduri
9508,Mystive Studios
9509,Sodec Games
9510,"Mercury Stone, Angels Blue Digital Entertainment, Digitalez"
9511,Balloon Studios
9512,Nysko Games Ltd.
9513,Komodobit Games
9514,Legacy Games
9515,Asmodev
9516,Patrice Meneguzzi
9517,"Danbo, Woof"
9518,Hugecalf Studios
9519,Agate
9520,Jiangli
9521,2020 Venture
9522,Gus Jewell
9523,Divine Vision Llc
9524,"妖妖灵制作组, 燃心游戏工作室"
9525,Cygnus Studios
9526,System Prisma
9527,Web Technology Corp.
9528,Chaosoft Games
9529,Protection Games
9530,G5 Software
9531,"Mps Labs, Microprose"
9532,Super Mega Games
9533,Current Games
9534,Lepioid Llc
9535,Fighty Boys Games
9536,Renka
9537,Breaking Fourth
9538,Masterbrain Bytes
9539,Mega Dwarf
9540,两把刷子工作室
9541,Meanastronauts
9542,Reptoid Games
9543,Digital Entertainment
9544,Zarfhome Software
9545,Nolan Games
9546,Simon Eftestol
9547,No Goblin
9548,Signature
9549,Snail-Ninja Studio
9550,迷糊的安安
9551,Soco Games
9552,"Data East, 612 Games"
9553,Sg Data
9554,Ryan Jensen
9555,Hen Wen Studio
9556,Brandon Js Lea
9557,Evlanic Entertainment
9558,Promvi Games
9559,小狗肠
9560,Pizzaquirk
9561,Vs Resolution
9562,Liquid Donkey Games
9563,Lara The Pitbull
9564,Solar Sail Games Ltd
9565,Leap Game Studios
9566,Magic Shot Games
9567,Mert Demir
9568,Ascendancy Games
9569,Vorh Games
9570,Squishy Games
9571,Darklight Studio
9572,Pestoforce
9573,"Helder Pinto, Chozabu (Alex Pb), Novadust Entertainment"
9574,Rosstin Murphy
9575,Sudt Games
9576,Pablo Perez
9577,Elliott Strait
9578,"Rare Reversee, Beaztek"
9579,Blue Ink Games
9580,Pixelante Game Studios
9581,Deranged Octopus Athletics
9582,Zwetan Letschew
9583,Gremlin Interactive Ltd.
9584,Gametomo Team
9585,Sphere Studios
9586,Rock Wale
9587,Armnomads Llc
9588,Stas Shostak
9589,Themastergames
9590,The Moonwalls
9591,Stereo Games S.A.
9592,Brightside Games
9593,Solitaire Forever
9594,Yutaro Tsuyuki
9595,Devil'S Cider Games
9596,Born Lucky Games
9597,Stardust Collective
9598,Crackin Inc.
9599,Istom Games Kft.
9600,Brass Token
9601,Digital Kingdom
9602,Robo Cat
9603,Deerfarm
9604,Btncafe
9605,Quite Ok Games
9606,Lamo Llc
9607,Enjoy Studio S.A.
9608,Isvr北京互联星梦科技有限公司
9609,"John Caruso, Diante Clark"
9610,Eugor Evol
9611,Jimbob Games
9612,Creaty
9613,Ud
9614,Gritstone Games
9615,萌约游戏制作组
9616,Elden Pixels
9617,Mahn-In Studios
9618,Ds-Sans
9619,Otherside Bay Studio
9620,Fround Interactive
9621,Calypsomini
9622,Havishamone Games
9623,Shenaniganz Studio
9624,Procedural Level
9625,Aburasobabiyori
9626,Dark Duo Games
9627,Byyoni Entertainment
9628,Sscteam
9629,Taosx
9630,"Florian Himsl, Rhys510"
9631,Engage Xr Ltd.
9632,Firewalk Studios
9633,Postmod Softworks
9634,Business Tycoon
9635,Orfeas Game Studio
9636,Transient Games
9637,Tallroad Studio
9638,Frogames
9639,Andrew Ayala
9640,Hello Penguin Team Llc
9641,Somnium Games D.O.O.
9642,"Behemutt, Kishimoto Studios"
9643,Big Fat Simulations Inc.
9644,Gfi Russia
9645,Jacob Irwin
9646,Clara Lehenaff
9647,"Madminute Games, Norb Software Development Llc"
9648,Magicpro
9649,Midnight Hub
9650,D.C.S
9651,Spooclemacboogle
9652,Jordan Allen
9653,"Liens, Power Up To Maximum"
9654,Bacon Wrapped Games
9655,Gametrail Studio
9656,Dgtl Dojo
9657,Ahui.Game
9658,Innominate Games
9659,Etirue
9660,Joycrafter
9661,Dali Games
9662,Pippin Games
9663,Epixx.Org
9664,Kuno Hoshiko
9665,Gas Lantern Games
9666,Kingdom Games
9667,玄镜工作室
9668,"Polarityflow, Adrian Zingg"
9669,Biscuitplay
9670,Lal
9671,Cykodd Production
9672,Orangutanlemonk
9673,Weird Bunny
9674,Game Delivery
9675,Skyz Studio
9676,Sandbox Games
9677,Cubeinsquare
9678,Darkstar Games
9679,Sakana Studios
9680,"Charlie Behan, Ciaran Mooney"
9681,David Amado Fernández
9682,Kumakumamanga
9683,O L Y M P U S
9684,Corner Office Games
9685,Hede
9686,"Morningstar Game Studio, Dr. Shameless Cat Games"
9687,Thomas Mackinnon
9688,Retro Craftz Studio
9689,Xeobytegames
9690,R C Knight
9691,Graphium Studio
9692,Grape Pickers
9693,Paulo Vinicius
9694,Unique Development Studios Ab
9695,Cardboard Utopia
9696,Adrian Domagalski
9697,Visualtech48
9698,Dead Shark Triplepunch
9699,Sharkfishfish
9700,Ritual Games
9701,Freezycat
9702,Reavergames
9703,Octavia Blue
9704,Pulse Entertainment
9705,Rexcellent Games
9706,Deimos Interactive
9707,Flatbox Studios
9708,"Startale Games, Petersen Games"
9709,"Maltakreuz, Goodsir"
9710,"月刊湿地帯, Studio Dragonet"
9711,"Maxwolf, Fox"
9712,One Gruel Studio
9713,Shindenken
9714,Digimight
9715,Oudidon
9716,Traxmaster Productions
9717,Underbite Games
9718,Ksym
9719,"Sarah Russell, Jonathan Dana"
9720,Pastel Magic
9721,Stepan Tsokur
9722,Montraluz
9723,Orbital Contingent
9724,Bexide Inc.
9725,Eyemobi Ltd.
9726,Mateusz Skutnik
9727,Deadgrass Games
9728,Tim Kashani
9729,Demon Max
9730,Aitchgames
9731,Aegon Games
9732,Nofio
9733,Revampedpro
9734,Nova-Box
9735,Cyber Rhino Studios
9736,Nemoto Keisuke
9737,Lizsoft
9738,Afil Games
9739,Unhexigon
9740,Glass Knuckle Games
9741,"Right Nice Games, Grip Digital"
9742,Honglizi
9743,Schmidtgames
9744,Xyn Games
9745,Mollyavast
9746,Team2Bit
9747,うんこモリモリ丸
9748,Daniel Heilmeier
9749,Wooden Alien
9750,Team Tyrant
9751,Game Cooks
9752,Se Development
9753,Adam Earlston
9754,Sodaraptor
9755,Nero
9756,"Iggymob Co.,Ltd"
9757,Binary Impact
9758,Mps Labs
9759,Notagamestudio
9760,Zheroisland
9761,Wacha
9762,"Stefan Bauwens, Cindy Ho"
9763,Victor Sette Games
9764,"Srcs, Edge-Games"
9765,Wavr
9766,Tatertlk
9767,Neuralsoft
9768,青竹工作室
9769,Habupain
9770,泽渔制作组
9771,Motijan
9772,"Strawberry Game Studios, Llc"
9773,Wizards Of The Infinite Realms
9774,Qd
9775,B&W
9776,Edandan Studio
9777,Infogrames Multimedia Sa
9778,Kaneva Llc
9779,Double Robot
9780,Stanton Dj
9781,Lazy Bum Games
9782,Hyperbitgore
9783,Peter Lee
9784,Tower Five
9785,Kleitos
9786,Bonereaders
9787,Paper Promises Programming
9788,Electrolyte
9789,Neon Deity Games
9790,Doodlegames
9791,Quanty Bandit
9792,Murilobast
9793,Deepred
9794,Double Zero One Zero
9795,Roelosaurus
9796,"Cuberz, Charileh"
9797,Piko Interactive Llc
9798,Linclo Games
9799,"Genunie Studio, 傅真"
9800,Illusive Reflection
9801,N7T-Games
9802,Polyknight Games
9803,Cleyton Jonnas Da Silva
9804,3Ddd Games
9805,Rosa Special Studio
9806,Skelebun Studios
9807,Coty Getzelman
9808,Never Say Never
9809,Luuuluuul
9810,Youren
9811,Easy Co
9812,Thomas Murphy
9813,Gaming Cats Studio
9814,Early Melon
9815,Cartboard Games
9816,Dreamstorm Studios
9817,Dead Crow
9818,Hq Games
9819,Kiberkreker
9820,Team Ninja Thumbs
9821,Munchkin'S Lair
9822,Salamandra88
9823,"Kaiko, Neon Studios"
9824,Nimbus Games
9825,Anton Pauli
9826,Game Source Studio
9827,Silk Games
9828,Dream Compass
9829,][ Games Inc
9830,Vector Interactive
9831,Monte Cristo
9832,Tymedust Games
9833,Nathan Swedlund
9834,Lateral Games
9835,Sproing
9836,Seec Inc.
9837,Storybird Games
9838,Mzone
9839,Vifth Floor
9840,Graybeard Games
9841,Techcast
9842,Gattai Games
9843,Guinxu
9844,Cat &Amp; Fiddle Games Team
9845,Erik Fast
9846,Packdev
9847,Bitheiro
9848,Heart Art Games
9849,Spinoff Games
9850,Atomic Sun Games
9851,Ivan Pichugin
9852,3Mind Games
9853,Ringlab
9854,Jrc
9855,Sure Why Not?
9856,Gwyn Games Llc
9857,"Gamecrafterteam, Gametomo Co., Ltd."
9858,"Concave Studio, Colorful Media, Emagica"
9859,Arclight Creations
9860,Vm World Studio
9861,"Funny Games Group, Catstudio"
9862,Tissue Inu
9863,Blue Fang
9864,Thiago Fernandes
9865,Cole And Jordan Studios
9866,Awaceb
9867,Youth Game
9868,Brazen Legions
9869,Falling Star Studio
9870,Huochairen Interactive Entertainment
9871,Daniil Tarasau
9872,Nickana Studio
9873,Themisian
9874,Suxamethonium
9875,Good Free Games To Play
9876,Wristwork
9877,"Why485, Microprose Software"
9878,Games By Stitch
9879,Kumkuat Games
9880,Kyle Rodgers
9881,Jonne Ojennus
9882,Omc Games
9883,"Infogrames, Spiral House, Thq Nordic"
9884,Tbjbu2 Originals
9885,Kingchimp
9886,Texelworks
9887,"Bianca Mello, Luciano Mello"
9888,Michael Maresch
9889,Fallenmaster
9890,Coreplay
9891,Supersonic Software
9892,Meta Form
9893,Gravelroad
9894,Black Cactus
9895,Emergence Studio
9896,Timberline Studio
9897,Team Crucible
9898,Pigeondev
9899,Artyom Gudkov
9900,"Schoolfield Games, Llc"
9901,"Archetype Interactive, Andrew And Christopher Kirmse"
9902,From Scratch Studios
9903,Highcastle Studios
9904,Jmg
9905,Covenant.Dev
9906,Dreamsail Games
9907,Jordan
9908,Brutal Muse
9909,Razorworks
9910,Super Hyper Mega
9911,Alpherior
9912,Rc Knight
9913,Jordan Magnuson
9914,Xingxian Net
9915,Bit Loom Games
9916,"Autumn Moon Entertainment, Jordan Freeman Group"
9917,Tonguç Bodur
9918,Hernan Caro Vilaburges
9919,Salangan Games
9920,"David Schmidthoffer, Mae Livingston"
9921,"Castle Pixel, Llc."
9922,Noname Studios
9923,4H Studiolab
9924,Targon Studios
9925,Rainbirth Sl
9926,Madgeargames
9927,Cosdots
9928,Madi Abdykarimov
9929,Yakicl
9930,Rzgames
9931,Studio Clangore
9932,Nfusion Interactive
9933,Justblack
9934,Kebabos
9935,Laserboys3000
9936,Icarus Games
9937,Three Rings Inc.
9938,Eyaura
9939,Runeheads
9940,Zeritum
9941,Shiv
9942,Kc6067
9943,Singingiant
9944,Chc
9945,Tianyu Cao
9946,Liz-Arts
9947,Caps Collective
9948,"Saber Interactive, Redemption Ark"
9949,Bigboot Studios
9950,Celeritas Games
9951,Atapki
9952,Karmagame Hk Limited
9953,Crownbird
9954,"Nalothchris, Swanee734"
9955,Jurax Games
9956,Oleg Sereda
9957,Karosu-Maker
9958,Rival Games
9959,"Beam Software, Melbourne House"
9960,陈世杰
9961,Mountain 81
9962,Imv Studio
9963,Marcial Gutierrez
9964,"Blackthorn Media, Inc."
9965,Dog Vr Game
9966,Bubblebird Studio
9967,Mensa World
9968,Lyrical Games Llc
9969,"温小雨, 畅玩网络"
9970,Catgirllydia
9971,Pixelssoftworks
9972,"Jolly Crouton Media Ltd., Tiny Warrior Games"
9973,Studio Casserole
9974,W2Dk
9975,Ifun4All S.A.
9976,Zy Studio
9977,Olly
9978,K148 Game Studio
9979,Prettysmart Games
9980,Rythane (Jrh)
9981,Sky Giant Studios
9982,Puddledock Games
9983,Keep Games
9984,Luke Matheson
9985,Polyscape Inc.
9986,R.Zero
9987,Edraflame
9988,302 Studio
9989,Black Jacket Studios
9990,Mixedbag Srl
9991,Spheriangames
9992,Moonhood
9993,"Relka Studio, Raphael Chalupowicz"
9994,Motvind Studios
9995,Grip Top Games
9996,Justusgamelab
9997,Practicing01
9998,Alioth Studio
9999,Miltocoal
10000,"ファントムゾーン観測室, ケイエル"
10001,Magnussoft
10002,Reckoner Industries
10003,Lazy Turtle Games
10004,Dimnhouse
10005,Kamichichi
10006,Quad Labs
10007,Binary Tree Studio
10008,Guido Out
10009,しらたまこ
10010,Double Stallion
10011,Gefestgames
10012,Caglar Tas
10013,Ederson Santos Da Silva
10014,Viwo Games
10015,Topskygames
10016,豆丁儿独立游戏工作室
10017,Jan Radtke
10018,Justicepartner Narka
10019,"Beijing Xianfan Culture Co., Ltd."
10020,Viserionstudio
10021,Squareplay Games
10022,"Studio Spektar, Porcupine Parkour"
10023,Oldbut Gold
10024,Furyu Corporation
10025,Noforgetit
10026,"Gumbo Machine, Logical Extremes"
10027,Rafael Senne
10028,Teafortwo
10029,Ablootion Games
10030,Corpse King Games
10031,Moonpod
10032,R'Lyehdev
10033,Staplesvr
10034,The Magician (Jason Gale)
10035,Malzbie Games
10036,"Storyk21674, Stilila, 貓蛋"
10037,Sweepy Games
10038,神经刀游戏工作室
10039,Blazing Orb Llc
10040,Bad Days Game Studios
10041,The Voxel Agents
10042,Bacronym
10043,Billionworlds
10044,Distalsoft
10045,Ranger Studio
10046,Hellride Games
10047,"Gungrounds (Macanga Games J.D.O.O.), Croteam"
10048,Yuumi
10049,Kdv Games
10050,Windmill Games
10051,"Geeky Goblin Games, Llc"
10052,Studio Goya
10053,Koalabs
10054,Tiny Flame Games
10055,Final Screw
10056,Driven Arts
10057,Turbogun
10058,Ranmantaru Games
10059,Delve Interactive
10060,Fractalis
10061,"Mysterytag, Far Mills"
10062,Welland
10063,Poco A Poco
10064,Cosmic_Dust
10065,Brouillard
10066,Roew Rewk
10067,Dragon Whisper Game
10068,Confoundgreatjob
10069,Nerd Monkeys
10070,Cheesemaster Games
10071,Hakan Martin
10072,Twisted Sickle
10073,Ambr
10074,"Blackpixel Studio, Olydri Games"
10075,2Kek Games Bilisim Teknolojileri Anonim Sirketi
10076,Shadow Knights Studio
10077,Studio Oleomingus
10078,Happy Artist Games
10079,Lily Spinel
10080,Ironequal
10081,Anima Games
10082,Yasagure Kitsuenjyo
10083,Elzee
10084,Stage Clear Studios
10085,Bandanakid
10086,Destiny Card
10087,Open World Interactive
10088,Stout Games
10089,开水工作室
10090,天津鑫鱼科技有限公司
10091,Teamtop Games
10092,Cosmoscouts
10093,Metronomik
10094,Blank Interactive
10095,New Companion
10096,Codiwans
10097,Paper Koi Studios
10098,图纳密游戏
10099,Theodie
10100,"Trisoft, Trisoft Legacy"
10101,"Crimp Games, Brieyh'Leai, Chris, Nic, Max, Sean, Alana, Karley"
10102,"Jonas De Carvalho Felinto, Marcelo Eduardo Cabral"
10103,Fabiano Sousa
10104,Sector Z Games
10105,Studio Mori
10106,Anthony Wu
10107,"Meteorise, Honey∞Parade Games"
10108,Unibear Studio
10109,Golden Coin Games
10110,Samer Khatib (Snowconesolid Productions)
10111,Propulsion Games
10112,Mountain And Sea Studio
10113,Big Fish Games
10114,Incuvo
10115,Wuppertaler93
10116,Susadebastet
10117,Jonas Kyratzes
10118,Vanadial
10119,Studio 4D
10120,Morning Glows
10121,Tusk And Paw Games
10122,Drailton Lima De Andrade
10123,End Of The Line Studios
10124,跃玩科技
10125,Qaq Studio
10126,Subtle Games
10127,Jakov Jakov
10128,Simnetic Game
10129,Ggaming
10130,Walk Thru Walls Studios
10131,Lamb Of Game
10132,Riftweaver Game Studio
10133,Erotes Studio
10134,Lobiangames
10135,Yummy Yummy Studio
10136,Ovilex Software
10137,Conrad Nelson
10138,Bissonho
10139,Whitethorn Games
10140,"Grimm Bros, Llc"
10141,Insignis Games
10142,"Square Enix, Human Head Studios"
10143,Cat Rabbit
10144,Oldblood
10145,"Lukas Paul, Gabriel Mittermair"
10146,Rectangle
10147,Lu Qi
10148,Marquis Kurt
10149,Ice9 Games
10150,Marimori
10151,Empty Die Studio
10152,"Ozaak, Inc."
10153,Gravity Games
10154,Michal Piotrowski
10155,"Dicehit, Rogue Duck Interactive"
10156,"Playbrains, Fuel Entertainment"
10157,Gurashop
10158,Activision
10159,Spellbook Creations
10160,Raidho Game Studio
10161,Angry Bunny
10162,Nodayshalleraseyou
10163,"A1Esska, Notex, N4Ba, Admia"
10164,Barzsigames
10165,Wathan
10166,"Brandon Phillips, Tim Porter"
10167,"Muzzy Lane Software, Factus Games"
10168,Eteru Studio
10169,Studio Attic Salt
10170,Streko Graphics
10171,Alvios Games
10172,Whole Hog Games
10173,Fm Studio
10174,Maple Powered Games
10175,Filament Classic
10176,Justjeff
10177,Argo Games
10178,"Accolade, Inc"
10179,Spectracoder
10180,Voofoo Studios
10181,Bony Yousuf
10182,Visual Entertainment And Technologies
10183,Mattis Folkestad
10184,Acmore Games
10185,Wishes Ultd.
10186,Asocial Guarantee
10187,Seminaut Game Studios
10188,Multiverse
10189,One Up Plus Entertainment
10190,"Owned By Gravity, Ulisses Digital"
10191,Lumenox Ehf
10192,Deceptive Games Ltd.
10193,心之初
10194,Wozitdev
10195,Dark Yellow
10196,Chimp
10197,Ben Flavell
10198,"Yohcan Co., Ltd."
10199,Viridino Studios
10200,Lukifah
10201,"Tero Lunkka, Valkeala Software"
10202,Teepee Studios
10203,Sagency
10204,Grin Robot
10205,Sven Möhring
10206,Altairworks
10207,Somewhat Software
10208,Daniele Ferraro
10209,Parseh Game Studio
10210,Nuclear Lunch
10211,Devil Devs Studio
10212,Kasaa Solution
10213,Unlimited Fly Games
10214,Autplay
10215,Pentacle
10216,Pasha Bin
10217,Endless Void Studios
10218,Zxstudio
10219,Mathew Perry
10220,J. J. A
10221,Pathfinder Games
10222,"Cubepotato Games, Thematiaz0"
10223,Drop_Dead_Fred
10224,Titan Gamez
10225,Mca Games
10226,Candleman Games
10227,Bamboo Calculator
10228,Lame Dimension
10229,Mission Critical Studios
10230,Bodroid
10231,Courtney Dawson
10232,Boomer'S Workshop
10233,Blueprint Core
10234,Celikgames
10235,Inverted Souls
10236,"Pj Rivas, Daniel Onstott, Hannah Marquardt, Mitchell Dixon"
10237,Cruise Elroy
10238,Rogue Moon Studios
10239,North Star Studios
10240,"Cosmografik, Novelab, Ex Nihilo, Arte France"
10241,Mischief
10242,Me&Myself Inc
10243,Two Desperados
10244,Blum Entertainment
10245,Namion Games
10246,萝莉的骑士
10247,Justin D Leingang
10248,Incodra
10249,"Rageborn Studio, Llc"
10250,S.O.T.A Games
10251,Indium Entertainment
10252,Gamily Studios
10253,内购人生Pabl
10254,Slr Production Committee
10255,Dtpixelwork
10256,Storm Sharks Production
10257,Spear Soft
10258,Spectral Doe
10259,Retreaux Games
10260,Zihansong
10261,Useless Machines
10262,Physiology With Dr Christian
10263,Rese
10264,Ansimuz Games
10265,Pavel Kopylov
10266,Codelife Studio
10267,Jake Olson
10268,Bryce Bucher
10269,Ghost Track Inc
10270,Ot Vinta
10271,Last Dimension
10272,國王互娛King Interactive
10273,Freeminds
10274,Calvino Noir
10275,Rokay Games
10276,Endless Ritual Assembly
10277,Wontonic Games
10278,Yz
10279,Engin Mercan
10280,_Helix_
10281,Roseverte Mystery
10282,Tiny Mold
10283,Autumn'S Dawn
10284,J. C. Springbourne
10285,Andrew Piper
10286,Prof. Dr. Christoph Minnameier
10287,Bitmap Bureau
10288,Objectonit
10289,"Jiv Jago, Independent Studio"
10290,Vladimir Kudelka
10291,Leadwerks Software
10292,Nerdyyetis
10293,Orthrus Studios
10294,Li Yang
10295,"Leandro Mendoza, Agustin Di Lauro, Sebastian Di Lauro, Mateo Miccino, Alan Pallas, Mauro Bambozzi, Emiliano Martino"
10296,Cetve Llc
10297,Jab Team
10298,Cloodhee
10299,Fluckymachine
10300,Sartorian
10301,Gamers4Gamers Team
10302,Koromosoft
10303,Echoverse Core
10304,Armarti
10305,"Collin, Kaleb, & Jeya"
10306,Game Tsukuru Kun
10307,Taliyah Pottruff
10308,Straka.Studio
10309,Anotherindiegamedev
10310,Maximum Entertainment
10311,The Geometry Boxers
10312,Color Games
10313,Scythe Dev Team
10314,Madia Entertainment
10315,"Old Skull Games, Gamehouse"
10316,Beast Of World
10317,Orange Popcorn
10318,Bananadoggames
10319,Klick Ink L.P.
10320,Studio Paint
10321,"Postpunkpl, Atabiszewski"
10322,Neworderfantasysimulations
10323,Wang Liwen
10324,Flagmanjeremy
10325,Beardy Ramblin Games
10326,Lowe Bros. Studios Llc
10327,Odders Lab
10328,"Square Enix, Sonic Powered"
10329,Dungeon 3D
10330,Simmering Studios
10331,Parange Project
10332,Simagames
10333,White Door Games
10334,"Square Enix, Historia Inc."
10335,Betamaximus-128
10336,Quest Helper Studios
10337,"4Days Lab Co., Ltd."
10338,Mrboscheinen
10339,Blankgamesonline
10340,Pawley Games
10341,Moonlite Software
10342,Toparcadeapps
10343,Flenx
10344,World Map Tycoon
10345,Gamestarters
10346,Falling Star Games
10347,Koyotis Studio
10348,"Ghost Clusters, Nyx Digital Ltd"
10349,Visualnoveler
10350,"Martin Thomas Flury, Mf Works"
10351,Earn Alliance
10352,"Aava Fertsman, Nicholas Gard"
10353,Studio Whisky Tango Inc.
10354,Uniene Team
10355,A Sharp
10356,Hellconx© Studio'S
10357,T4 Interactive
10358,Ape Law
10359,Creat Studio
10360,4886 Studios
10361,Rekall Games
10362,Maltakreuz
10363,Verybigdog
10364,Embrion
10365,T.H.L Games
10366,Coreffect Interactive
10367,Arai Koh Create Office
10368,Maticolotto
10369,"Cream Digital Inc., Be Curious Productions Inc."
10370,Attic Entertainment Software Gmbh
10371,Caden Koehl
10372,Batuhan Ertan
10373,Virtualhere Pty. Ltd.
10374,Lost Marble
10375,库库尔坎游戏工作室
10376,Outsider Games
10377,Andrey Mikheev
10378,Traptics
10379,Queen Birdface Productions
10380,Corey Hardman
10381,Warcave
10382,"Elder Game, Llc"
10383,Madness Way Games
10384,Hotdogdog
10385,Polykid
10386,Owinka
10387,Asgar Knights
10388,Aecrnia
10389,Hondune Games
10390,3D Realms
10391,Rawegg
10392,Why So Serious?
10393,"Boppy Games, Llc"
10394,Wompa Labs
10395,"Nupu Neko Dev, Flat Chest Dev"
10396,Freetimedev
10397,Bongwater Productions
10398,Cannibal Panda Studios
10399,Euphoria Games
10400,Tomato Fantasy Games
10401,"Blacer Studio, Room505"
10402,Didactricks
10403,"Assemble Entertainment, Sierra Entertainment"
10404,Loco Road Team
10405,Bonemeal Productions
10406,Dream Potion Games
10407,Huntah
10408,Yellow Boot Games
10409,Shinobi Man
10410,Tuomo Laine
10411,Constant Rage Games
10412,Joshua Hughes
10413,Trickstar Games
10414,Arrogant Pixel
10415,Lukas Jaeckel
10416,Blazes Games
10417,Open Maw Productions
10418,Emberforge
10419,"Steve ""Khad"" Grant"
10420,"Uki Uki Lab, Concrete Games"
10421,Immersive Division
10422,"Thiemo Bolder, Onemangames"
10423,Catfishbox
10424,Sublime
10425,Nooskewl
10426,World Games Development
10427,Redwhalegames
10428,"Dreams Uncorporated, Syck"
10429,Cuddle Monster Games
10430,Wwo Partners Ltd
10431,Heavy Pepper Inc.
10432,"Tamerlan Satualdypov, Kuko"
10433,Jjthejetplane27
10434,Mcmagic Productions
10435,Nebula Nova Games
10436,Rebel Rebel Studio
10437,Ua Games
10438,Pixel Reef
10439,Actplus Studio
10440,"Space R Studio, Gamesforgames"
10441,Flyover Zone
10442,Rp Studios
10443,Monomyth Games
10444,Fkne
10445,Applimazing
10446,Hariharan S
10447,Byu Animation -  Class Of 2018
10448,"Siddharth Jain, Cameron Marion"
10449,Vg Team
10450,Dogshitstudio
10451,"Bradley Hennessey, Joe Watson"
10452,Rainssong
10453,Blaster
10454,Winterworks Gmbh
10455,William Good
10456,Tic Toc Games
10457,Fat Panda Games
10458,Henry Kucab
10459,Goldengod Games
10460,"Strength In Numbers Studios, Inc"
10461,Leveler Games
10462,Vrillar
10463,Kryakozyabrik Games
10464,Randy Becker
10465,"Locomalito, Gryzor87"
10466,Aim Theory Master
10467,Journey Bound Games
10468,Shrimasis Rout
10469,Anya Segarane
10470,Nyanco Channel
10471,"Ruskija Game Experience, Valkeala Software"
10472,Butterflyware
10473,Igrek Games
10474,"Tyler Myers, Justin Wolf"
10475,独资个人
10476,Symbiosis Games
10477,Team Kgd
10478,Queasy Games
10479,Yaza Games
10480,Dimleteam
10481,Gabriel Interactive
10482,"Anatoliy Loginovskikh, Drop_Dead_Fred"
10483,Shadow Glass Studios Llc
10484,"Blukulélé, Cyrolis Dev"
10485,"Laniatus Games, Idea Fabrik Plc"
10486,Meteoric Games
10487,"Theboys, 430Games, Lunacle"
10488,Gameolic Development Studio
10489,Readgraves
10490,Squatting Penguins
10491,Dan
10492,Ryan Evans
10493,Arrogant Pixel Ltd
10494,Antiproto Studios
10495,Marek Lamos
10496,灰烬天国
10497,Ametist Studio
10498,Makivision Games
10499,Eirteam
10500,Madar Games
10501,"Jonas Manke, Studio Inkyfox"
10502,Slavitica
10503,Poni-Pachet Sy
10504,Evil Indie Games
10505,Shen Jiacheng
10506,The Domaginarium
10507,"M2 Co.,Ltd"
10508,"Emily Pitcher, Ray Hsiao, Alan Guan, Hayden Nuyens, Elizabeth Han, Julia Lee, Wei, Richard Cheng"
10509,一杯烟雨游戏工作室
10510,Worm Animation
10511,Eurocom Entertainment Software
10512,铸城工作室
10513,Mugzone
10514,Mygrandfather Games
10515,Pixel Games Uk
10516,Snowhaven Studios
10517,A44
10518,Airwave Games
10519,Barking Dog Studios
10520,Earthlingo
10521,Two Wild And Crazy
10522,Intersky Studios
10523,Ginger Tree Games
10524,Blyts
10525,Gaptax
10526,Aprico Koubou
10527,Cledson Lopes Marta De Oliveira
10528,"Joneh, Dominik, Bonança, Domi383"
10529,Space Monkey International
10530,Rayark International Limited
10531,Pixel Trapps
10532,Breakover Interactive
10533,Netgames
10534,Dustinaux
10535,Gamemunchers
10536,Stas Paty9Mkin
10537,Dan Smith Studios
10538,Garage Collective Llc
10539,Hörberg Productions
10540,Let'S Go To The Grindhouse
10541,Game Scorpion Inc.
10542,Heart'S Choice
10543,Argent Games
10544,Strikeworks
10545,Indie.Io
10546,Dapper Dog Digital
10547,Ehmprah
10548,Chris Sawyer
10549,Mage Entertainment
10550,"Sleepwalkstudio, 橙光游戏"
10551,Duke Studio
10552,"Celosya Games, Youyou972"
10553,Campus Adn 2018-2019
10554,Tramolly Game
10555,Whitemoor
10556,Hoffnung Haydn
10557,Insane Code
10558,Magiccraft
10559,Bloodcraft Dev
10560,Jake Huhman
10561,Atomic Jelly
10562,Let It Roll Ab
10563,Costek Games
10564,Resolution Games
10565,Cbacademy
10566,Digital Continue
10567,Marc Zimmermann
10568,桑尼游戏(Sunny Game)
10569,Everydayiplay
10570,逼囉啵囉逼
10571,Hailstorm Games
10572,Gumarov Productions
10573,Xitilon
10574,Dark Artz Entertainment
10575,Volition Inc
10576,Space Telescope Science Institute
10577,Redlock Studio
10578,"Kamil Szczepanik, Bartosz Zajkowski"
10579,Winglett Entertainment
10580,Ntt Solmare
10581,微云
10582,Planetary Gears
10583,Lunarcore Games
10584,Xrrawva
10585,Something Classic Games Llc
10586,Vine
10587,Concrete Games
10588,Blqgms
10589,N-Body Solutions
10590,Alienmelon
10591,Zolden Games
10592,Wolfcoder Workshop
10593,D6
10594,Ovid Works
10595,Robot Invader
10596,Strelitziaold
10597,Seldom Ludious
10598,Areo Gaming
10599,Behaviour Interactive
10600,Enki Games
10601,Btd Enterprises Incorporated
10602,"Kevin Maxon, Michael Bell, Zoe Vartanian, Adam Murgittroyd, Meagan Malone, Jeffrey Klinicke, Shadie Hijazi, Jacob Leach, Aron Miller, Isa Hutchinson"
10603,Plot Twist
10604,Yasho Salamander
10605,Exdream
10606,Fugazo
10607,Domuro Soft
10608,"Good Morning, Commander, Allen Trivette, Lee Williams"
10609,Celery Emblem™
10610,Dark Terra Games
10611,Yggdrasil Studio
10612,"Gothic Labs, The Lordz Games Studio"
10613,Grzegorz Slazinski
10614,Skibidi Toilet Games
10615,Tyrone Anderson
10616,Wild Pepper Games
10617,Pluto Vr
10618,Aged Immortals
10619,Numizmatic
10620,Nicepro
10621,Cupcaketime Team
10622,Lemport
10623,Wavebox Labs
10624,Iron Boar Labs Ltd.
10625,Defence Force
10626,Tomagamestudio
10627,Hush Fin Games
10628,Gf Game Studio
10629,Stefan Preuss
10630,Muggle
10631,Super Icon Ltd
10632,Xsgames
10633,Creature Labs
10634,"David Szymanski, John Szymanski"
10635,Dawinstone
10636,Blue Firefly Studio
10637,Purple Thunder Games
10638,Mahdi Bahrami
10639,Paphnutius
10640,"Jonah Gaynor, Snippy Nguyen"
10641,Julian Roeckl
10642,Carl Burton
10643,Featherofthornsgame
10644,Mustafa Celik
10645,Coughe
10646,Ihm Studio
10647,"Way York, Silverblade"
10648,Emberheart Games
10649,Infinity Requiem Studio
10650,Imaginite Ltd
10651,Coward_Watson
10652,"Hermit Games, 2P Games"
10653,Prime Games
10654,Games4Wonders
10655,Gamester
10656,Another Dimension Game Studio
10657,Necroactive
10658,Bluffman
10659,Bytes Of Learning
10660,Stryde Games
10661,"24Frame,Inc."
10662,Urbgames
10663,Master Corporation
10664,Ping Yi Lin
10665,Otherside Studio
10666,Chronicle Games Ltd
10667,Dreamy_Chat
10668,"Buddy Cops, Llc"
10669,For7S
10670,Angelus
10671,吉祥如意工作室
10672,"38,9_Degrees"
10673,"Jeremy, Lone Rabbit"
10674,Icy North Games
10675,"Pax Breslaw, Sergee"
10676,At0M
10677,Fallen Planet Studios
10678,Glass Robot
10679,Superita
10680,"舞刀弄影, 舒尔佳"
10681,Team Thieves
10682,"Sergey Marchenko, Vyacheslav Ozolnieks"
10683,Valtteri Tavast
10684,"Starloop Studios Sl, Kukouri"
10685,Black Cell Og
10686,"Kai Van Ommeren, Sedat Bilen, Niek Oosterbaan, Wesley Kroon, Martijn De Vree, Max Geraci, Plaisir Nzuzi, Kevin Van Huit"
10687,Pi-Dev Bulgaria
10688,Asong
10689,Ready At Dawn
10690,Potentknight
10691,Youkuni
10692,"Kpy3O, Noostyche"
10693,2Bad Games
10694,Md Games
10695,Ratalaika Games S.L.
10696,Marcos Game Dev
10697,Sunny Show
10698,Jeetu Acharya
10699,Polished Games
10700,Mustache Games
10701,Pixe-Late
10702,Xpagame
10703,Soyer
10704,"Turcan Research Systems, Pss"
10705,Mattheus Reis Queiroga
10706,Louis Morel
10707,Dracula'S Cave
10708,Crew Penguin
10709,Sarah Werum
10710,Heatwave Studios
10711,Normunds Petrovs
10712,Systemic Games
10713,Jonatas Duarte
10714,University Of Texas At Austin Saga Lab
10715,Offworld Industries
10716,Gnifrebel Games Ug
10717,Fredrik Kristian Jensen
10718,Zerobyter Games
10719,"Ludeme Games, Sirlin Games"
10720,Missing Digit
10721,"Ville Mönkkönen, Michael Quigley"
10722,Phantasmata Project
10723,小小游戏
10724,Fyn Games
10725,Hyperboreangames
10726,Dinosaur Games
10727,Poly Render Studio
10728,Mopeful Games
10729,Nl Studio
10730,"Nate Sanders, John Kolbek"
10731,Fire Face Corporation
10732,"Nonadecimal Creative, Super Duper Garrett Cooper"
10733,Lfb Studios
10734,Playwrite Studios
10735,Sp Digital Arts Inc.
10736,"Mydreamforever_Old, Life Jumb Dt"
10737,Ampro
10738,5Word Team
10739,Whiteboard Games
10740,Big Boy Games
10741,Mr Crops
10742,Epitasis Games
10743,Wildgrip
10744,Playstark
10745,Binary Station Studio
10746,Creative Concepts
10747,"Kalliros, Diplodocus Games, Siactro"
10748,From0
10749,Isaac Birchmier
10750,Weasel Games
10751,Caden Goodwin
10752,Ey-Studio
10753,No Pest Productions
10754,Genos Studios
10755,Tombasche
10756,Louis Rigaud
10757,Sean O'Connor
10758,Team Grappling Hook
10759,Soraprayer
10760,Mmm
10761,Impermanence Studio
10762,Sinister Design
10763,Chainsawesome Games
10764,"Katie Moses, Sally Nguy, Andrew Purcell, Jessie Aniguid, Xinran Dongfang, Veenna San Felipe, Tyler Liddicoat, Garrett Chavez, Matthew Reed, Ali Zeynalov, Michael Engheta, Mason Taylor, Noah Lu, Angeleen Tan, Yash Dua"
10765,Evc Games
10766,Tayfun Tuna
10767,"吃了就睡工作室, 桃之夭夭"
10768,Scaredy Cat Studios
10769,Firebeast
10770,ミラージュブリンガー
10771,Flova Interactive
10772,Adjective Animal
10773,Crunching Koalas
10774,季末月落
10775,Hunter Hamster
10776,Everythingherbs
10777,Midnight Games
10778,"Nippon Ichi Software, Inc., Codeglue"
10779,Diamosdev
10780,Colorless Spacetime
10781,"David Mulder, Tristan Hartz"
10782,Underflow Studios
10783,Fredrchopin
10784,Dark Light Studio
10785,2 Ton Studios
10786,Trent Kaniuga
10787,Sleepy_Fox_Interactive
10788,Hindpaw Interactive
10789,Ulbe
10790,251 Games
10791,Ninja Robot Dinosaur
10792,Atom Brain Games
10793,Artur Mandas
10794,Paperash Studio
10795,"Atlas V, Novelab, Google Arts &Amp; Culture"
10796,Tripolar Studio
10797,"Trend, Soft Pro"
10798,Intergalactic Education Llc
10799,James Wilder
10800,Oneblock
10801,Onetake_Studio
10802,Vacantknight5
10803,White Guardian Studios Llc
10804,"Bitwave Games, Toaplan"
10805,Torched Hill
10806,Ramify Games
10807,Dgelioncel
10808,Runnex Technology
10809,Enigami
10810,John Scarpias
10811,Bzkg Games
10812,Gigatank 3000
10813,Kx Games
10814,"Peakvox, O-Two Inc."
10815,"Lazy Bear Games, Different Sense Games"
10816,Michael Kiang
10817,Callum Page
10818,Academic Quarter
10819,"Designing Digitally, Inc."
10820,Crystal Game Works
10821,Hmm
10822,Lauro Zanetti Cabral
10823,Imperiarte Games
10824,Crynosaurs
10825,Deertwig Studio
10826,Koex Studio
10827,Cool Smithy Games
10828,Royce Charles Fernandes
10829,"Vyacheslav Ozolnieks, Georgy Studenikin"
10830,Glitch Games
10831,Sam Enright
10832,Winwill工作室
10833,"Litmus Co., Ltd."
10834,Skyjaz Games
10835,Justin Proulx
10836,1C Wireless
10837,Turcan Research Systems
10838,Tectonic Vr
10839,Villainous  Games
10840,Sojourn Interactive
10841,Because Because Games
10842,Kylotonn Entertainment
10843,Secret Level Srl
10844,Hoo-Roo Games
10845,"Falco Software, Kazakovstudios"
10846,Spellbind Studios
10847,Tree'S Game
10848,Five Bn
10849,Dos Jamones
10850,Hijiki
10851,Eric Peterson
10852,Loony Code
10853,"Chaotic Heart Studios, Zygobot"
10854,Icon Interactive
10855,"Ethereal Gem, Llc"
10856,Naked Sky Entertainment
10857,House Of Tales
10858,时空游侠
10859,Yo Fujii
10860,Codelessman
10861,Sekaifrieden
10862,Profenix Studio Srls
10863,Sleepy Sheep
10864,Tofu Studio
10865,Reky Studios
10866,"Righteous Weasel Games, Ignatios Prouctions Llc"
10867,Florian Van Strien
10868,Gaga Games Studio
10869,Games By Lum
10870,Because I Can
10871,Shanghai Yijun Network Info Technologies Inc.
10872,Exscape
10873,Nick Hsu
10874,Hronosgame
10875,Cédric Andreu
10876,Spaceboy
10877,Real Heroes Studio
10878,Farjay.Com
10879,Great Gretuski Studios Llc
10880,Chim Ruoi Games
10881,Mygames
10882,Michael Richard Lannon
10883,Matt Edzenga
10884,Honor Games
10885,"Beam Software Pty., Ltd."
10886,Critical Rabbit
10887,Substance Games
10888,Domyo
10889,Exploit Llc
10890,"Limitless Fun, Llc"
10891,Darkflux Games
10892,Artificial Worlds
10893,Ruskatuli
10894,Hublab
10895,Indie World Order
10896,Jankowski Adam
10897,Strange Shuttle Llc
10898,"Honig Studios, Quantumfrog"
10899,Riovox
10900,Kyle Muntz
10901,Uemesh
10902,Forked Tail Studio
10903,Warfaresims
10904,Nippon Cultural Broadcasting Extend Inc.
10905,A Thousand Myths
10906,Archiact
10907,Platomenti
10908,Artur Rezende
10909,Talehammer
10910,Nate Schmold
10911,Guardhouse
10912,Memes Games
10913,Kaan Bukusoglu
10914,Cindy Pondillo
10915,Golgrot
10916,Virtual Racing Industries Ltd.
10917,Snowblown Studios
10918,Bigfingers
10919,Thiefcat
10920,Yamauchi_Games
10921,Reburn
10922,坤舆科技
10923,Damian Bernardi
10924,Digital Mantis
10925,Joe Pinney
10926,Raiyon Studios Pte Ltd
10927,Retronic Games
10928,Iconik
10929,"Banana Bird Studios, Llc"
10930,"Kainuu Museum, Kajaani University Of Applied Sciences, Finnish Museum Association, Clever Simulation Entertainment"
10931,Squidlit Ink.
10932,重庆环游者网络科技
10933,Turbo Button
10934,Alice Games
10935,Trichotomy
10936,Rusworld
10937,Breakpoint
10938,"David Owens, Sky Yoon, Nelson Nava, David Kinns"
10939,Ajal Game Studio
10940,Hizuki
10941,Unfinished Pixel
10942,Flashdim
10943,Funktronic Labs
10944,Smallmill
10945,Nightlightanimal
10946,D4
10947,Ghost Time Games
10948,Smilegate
10949,Renegade Sector Games
10950,Iron Octopus Productions Inc.
10951,Bartosz Bojarowski
10952,Sinistergames
10953,Gnomic Studios
10954,Waterfoul Studios
10955,"Virtual Uppercut Studios, Yahya Danboos"
10956,Team Cursed Image
10957,"Sparking Games, Fkjaha"
10958,Rabid Beaver Games
10959,Cyber Alice Limited
10960,Hon Team
10961,Uniworlds Game Studios
10962,Mugle Studio
10963,Tessera Studios
10964,Dvir Rochman
10965,Mark Arenz
10966,Dracue Software
10967,Gotcha Gotcha Games
10968,App2Fun
10969,Mark Healey
10970,G-Devs.Com
10971,Nexcentric Games
10972,Scenario Software
10973,Tiny Titan Studios
10974,Head West
10975,Techway
10976,Dozing Bison
10977,Xtonomous Llc
10978,"Sideline Amusements, Gonzo Games"
10979,Dawncraft
10980,Taptroise
10981,"Jmj Interactive, Mårten Jonsson"
10982,Creamative
10983,White Vortex Games
10984,Jackgame
10985,Hoki Wolf Studio
10986,Zouking
10987,Runebox Studios
10988,王容克
10989,Maciej Kuzianik
10990,Zima Software
10991,Newbuild-C
10992,Alersteam
10993,Sc.Wu
10994,Cacafrog Studio
10995,Holmcom
10996,"Tripper_Room, 以絵会友(Ikaikaiyuu)"
10997,Fshark Games
10998,Unknown Sol3 Worker
10999,Lesser Evil Games
11000,Borgia Mango
11001,"Underdog Interactive, Squadron Interactive, Dreamincode B.V."
11002,Forge Reply
11003,Gustav Olsson
11004,Otherside Entertainment
11005,Ijunior
11006,"Ultrashock Gaming Llc, Killbox Graphics"
11007,Ductape Studio
11008,Rogue Sword: Strategy & Adventure Games
11009,Nookcrew
11010,7Dots
11011,En Games
11012,Jonathan Wood
11013,Redcatpig Studio
11014,Davigo Studio
11015,Red Skald
11016,Gokuaku Games
11017,Shibo Games
11018,Parallaxian Pty Ltd
11019,Glurth
11020,Extend Entertainment
11021,Artogon
11022,Skywind Games
11023,Diagrammet Ab
11024,"Thomas Christof, Giovanni Rotondo, Thomas S."
11025,Jesse Carradine
11026,Instant Games Studio
11027,Cnsmini
11028,Nitrome
11029,Anji
11030,Bookstore Simulator
11031,Realmint Ai
11032,Mama Makes Games
11033,Matt Cohen
11034,Sugar Games
11035,Penguin Void Productions
11036,Hardedge Games
11037,Dipi
11038,Studio Ebans
11039,Stroboskop
11040,Fhnbhj
11041,Frymore
11042,神经虾工作组
11043,Forward Instinct
11044,Gobit Games
11045,Long Road Games
11046,Nightshade
11047,Mascot Entertainment
11048,Elleongamer
11049,夢かき屋
11050,Left Flank Games
11051,Gabhel Games
11052,Rocket Jump
11053,Point Five Projects
11054,Aéronie
11055,Hobofeller
11056,Among Giants
11057,Mosaic Mask Studio
11058,Monsterattack
11059,Fabled Game
11060,Conmtrast
11061,Carlos Coronado
11062,"Plusplus Co.,Ltd"
11063,Doublesix Games
11064,The Human Beings
11065,Studio Thunderhorse
11066,Lfr Games
11067,C'S Earth
11068,Space Mace
11069,Gius Caminiti
11070,Tree Men Games
11071,Guxian
11072,"Gutter Arcade, Yellowafterlife"
11073,Tiberius
11074,Quixel
11075,Oneocean Llc
11076,Lumorama
11077,清之鸣
11078,Rocketship
11079,No Bull Intentions
11080,Sicarius
11081,Iurii Batalkin
11082,Heinrich Venter
11083,Monster Lab
11084,Mc2Games
11085,Smokestab
11086,Mekworx
11087,Bumbocsdev
11088,Pikselnesia
11089,Voodoo
11090,Vish
11091,Sawyerk Games
11092,蓝铂工作室
11093,"Joaquin Telleria, Manuel Telleria"
11094,Daniel Da Silva
11095,Arrowfist Games
11096,Artech Studios
11097,Lifetap Studios
11098,Echoboom S.L.
11099,Kiro Games
11100,"Alawar Entertainment, Amegami"
11101,Melonsoda Soft
11102,Innovision
11103,Keyreal
11104,Darenn Keller
11105,Rekim
11106,Ghost In The Cogwheels
11107,Far Seas
11108,"Emprom Game, Wild Kid Games"
11109,Sucurema Gmbh
11110,Inarcade
11111,Deadsignal Studios
11112,Cryo Interactive
11113,Aigi Studios
11114,Actoon Studio
11115,Litty Games
11116,Polina Medyanik
11117,Brainstrainstudios
11118,Skinny Jean Death Studios
11119,77P Studios
11120,"Catgirllydia, Benjer Software"
11121,祥
11122,Team Parafox
11123,Doot
11124,Gunther-Gerben Boxhammer
11125,Zac
11126,Tiedeveloper
11127,Sf Team
11128,Moonblast
11129,"Animalclaw Of Dreams, Refrigerator Game Lovers, Dream Gear"
11130,Nuclear Tales
11131,S.A. Digiworks
11132,Beyter Games Studio
11133,"Brainbox Games, Hip Games"
11134,Lukash
11135,Deep Red Games Ltd.
11136,Ilya Razinkov
11137,Origin8
11138,Airo Games
11139,Innoverse Ltd
11140,Homiebear Studio
11141,Omnirift
11142,Bold Statement Games
11143,Bogdan Padjen
11144,Kether Studio
11145,88Mm
11146,Monkey Moon
11147,Trick27 Studios Limited
11148,Pbmnluv
11149,"Paul Podberezko, Daniil Naletov, Alexander Ahura, Haim Schnitzer"
11150,Sköll Studio
11151,Kidfansclub
11152,Runa Liore Winters
11153,Lingtan Studio
11154,Scorpiniti Bruno
11155,Acerola Software
11156,Cyril Megem
11157,Matt Boyer
11158,Daniel J Roberts
11159,Fun Labs
11160,Zepetto Co.
11161,Yorick Postema
11162,Game Wave Studios
11163,Alchemist Interactive
11164,青岛三脚猫工作室
11165,Solecismic Software
11166,Freedintale Studio
11167,Abstract Software Inc.
11168,Zenith Games
11169,Revulo Games
11170,Tenth Art Studio
11171,Ifthen Software Llc
11172,Students Of Fh Salzburg
11173,Aqwatron
11174,"Eugene Chung, Jimmy Maidens, Terry Kaleas"
11175,Inaccurate Interactive
11176,J.S.Void
11177,Gameart Studio Gmbh
11178,"Mikeypoo'S Games, David Szymanski"
11179,Rückert Broductions
11180,Reload Game Studio
11181,Pixel Cattle Games
11182,Garrett Fuselier
11183,Leonwaan Games
11184,Blue Pixel Games
11185,Indiebug
11186,Team Miaozi
11187,Giant Box Games
11188,Loadupgames.Com
11189,Pandering Entertainment
11190,Artematica Entertainment
11191,Juice Game
11192,Lunatinc
11193,Corpix Games
11194,Rune Skovbo Johansen
11195,Gamigo Publishing Gmbh
11196,Bumblebee
11197,Undeadscout
11198,Schulenburg Software
11199,40 Giants Entertainment
11200,Lupiesoft
11201,Chris Pow
11202,Populus
11203,Eastfog Studios
11204,"东阳开局互动影视有限公司, 上海哈昔互联网科技有限公司"
11205,Caesoose Studios
11206,Yanako Rpgs
11207,Bonusxp
11208,Hio Nakamura
11209,Ddraig House Game Studio Ltd.
11210,Meridian'93
11211,The Deep End Games
11212,"Pow Wow Entertainment Ltd., Purple Lamp Studios"
11213,White Lotus Interactive
11214,South Blue Moon
11215,D247 Games
11216,Flatponies
11217,2Dgamemania
11218,Treexy
11219,Sunday'S Games
11220,"Loud King Studios, Llc"
11221,"Janus Vr, Inc."
11222,Arydk
11223,Paris Stalker
11224,Bossypino
11225,Servg
11226,Elphie
11227,三ノ宮グループ
11228,Create Game (Olegm)
11229,Super Powerup Games
11230,Alestore Inc.
11231,Jackson Clayton
11232,"Dark Polygon Ltda., Jalomot Ltda."
11233,Polymorph
11234,Glorified Studios
11235,Rahman Abdul
11236,Simonelofficial
11237,Norbert Palacz
11238,Unamedpixel
11239,Jacob Mccormick
11240,"Lvhanjian, Fengshuyun"
11241,"Galanti, Vaka Game Magazine"
11242,Moonlightgames
11243,Indie Jon S.
11244,老乌贼工作室
11245,Chark Studio
11246,Hard Shark Games
11247,Befuddlebug
11248,Brogames
11249,Menace Claw Games Studio
11250,New Moon Studio
11251,Oliver Boyce
11252,Hardergaming
11253,Lone Axe Games
11254,Mustafa Caner Tonbul
11255,Spike Nail Studio
11256,Blazingfallgames
11257,Wix Games
11258,"Meatbread,  Virtualvillain"
11259,Crosshud
11260,Blackfox Studios
11261,Jounitus
11262,Bazookafriend
11263,My Dog Zorro
11264,Lee Fuller
11265,"Soaker / 大貍, Maoucat Studio / 魔王貓工作室, Mugeneon / 無限"
11266,Zac Smith
11267,Magic Item Tech
11268,Allen Games
11269,Satur Entertainment
11270,"Sacred Star Team, Miragev"
11271,Sweeping Avalanche Creations
11272,Blackout Games
11273,Digital Sushi
11274,Werfest Software
11275,Pharazen Studios
11276,86岁按时吃饭
11277,"Jordan Pefianco, Filip Budd"
11278,Krasnoshekova Mariya
11279,Hero Blocks Aps
11280,Limbolane
11281,"Atixx, Clorithstudio"
11282,Jiochees
11283,Hyperbolic Llc
11284,Diabolical Mind
11285,"Thinkofgames, The Storytelling Studio"
11286,Shadow Tor Studios
11287,"Coatsink, Secret Lunch"
11288,Team Bapy
11289,Mens Sana Interactive
11290,陌上科技
11291,Jak Wilmot
11292,"Laineus, 真符"
11293,Unseen Interactive
11294,Triscale
11295,Lab132
11296,Naval Warfare Simulations
11297,Digital Dreams Entertainment
11298,Superwyh
11299,Heyjeff
11300,Lions Crayons Games
11301,Gtgame
11302,Dietzribi
11303,Illunsoft
11304,Studio Chien D'Or
11305,Thera Bytes Gmbh
11306,Gaming Insight
11307,Daniel Lochner
11308,Хабебу
11309,Preferred Networks
11310,United Independent Entertainment Gmbh
11311,"Sir-Tech, Madlab Software"
11312,Intensive Exposure Team
11313,John Holmvall
11314,Ashdar Games
11315,Stormz Entertainement
11316,Proper Games
11317,Marcel Strbak
11318,Oct.Works
11319,Nul2 Studio
11320,Dexter Studios
11321,Third Wire Productions
11322,Virussea
11323,"Square Enix, Soleil Ltd."
11324,Through Tunnel
11325,Avantgarde
11326,Tatarabani
11327,Three Gates
11328,Iván Marcelo Pretti
11329,Computerhouse
11330,Burningdust Games
11331,Travian Games Gmbh
11332,Videlectrix
11333,Machine 22
11334,"Yeti, Regista"
11335,Global Dodo Entertainment
11336,8888888 Labs
11337,Experius Vr
11338,Boaz Leshman
11339,Korpus
11340,Moonmuse Entertainment
11341,"Square Enix, Artepiazza"
11342,Spicy Gyro Games
11343,Xiaoxiao Studio
11344,Caffnight Software
11345,Pilotlumpa Gaming
11346,Obscurasoft
11347,Fun Infused Games
11348,Giant Fox Studios
11349,Caravel Games
11350,"Qureate, Orgesta Inc."
11351,Maurizio
11352,Frivolous Business
11353,Nekogameteacher
11354,Exdream Gmbh
11355,Fluffy Kitten Studios
11356,Fun Sponge Games
11357,Tonkan Veed Games
11358,Lynkpin Game
11359,Doppler Interactive
11360,Tag Of Joy
11361,Nightwalker
11362,Praetor Games
11363,Black Market Games
11364,"Pantumaca Barcelona, @Carlosgamedev"
11365,Northernbytes Software
11366,Gerd Kortemeyer Et Al.
11367,"2D Heroes, Ursa Games"
11368,Puuba
11369,Purple Studios
11370,Massdigi
11371,Kaythepianist
11372,Hollow Tree Games
11373,Monogon Games
11374,Eerieadv
11375,Duelboot
11376,Kimys Studio
11377,Honeyslug
11378,"Woblyware, Ratalaika Games S.L."
11379,Brucent Llc
11380,Team Plutinite
11381,Primal Seed
11382,Suckerfree Games
11383,"Darkworks, Spiral House"
11384,"Byzantine Games, The Lordz Games Studio"
11385,"Mindshaft Games, Llc"
11386,Colin Stoddart
11387,"Shavaughn Dacosta, Zygobot"
11388,Jrago Studios
11389,Kumobius
11390,Brent Arnold
11391,Quanhome
11392,Magicdweedoo
11393,Akiyam
11394,Jinthree Studio
11395,Tinkertainment
11396,Unstoppable Pug Studio
11397,Bd Minigames
11398,"Diracripple, Reality Reconstruction Studio"
11399,Taylor Stapleton
11400,Carla51
11401,肥羊
11402,Ryan Silberman
11403,"Chengdu Hezonglianheng Digital Technology Co, Ltd."
11404,"Filipe Acosta, Cozy Creeps Games"
11405,Trasnatech
11406,Stormnebulae
11407,Helloenjoy
11408,Clockwork Origins
11409,Axan Gray
11410,Dnc Games
11411,Alexander Clark
11412,Stepan Vakhtin
11413,Eyespyda Games
11414,Zojin
11415,Adam314
11416,"Del Nordlund, Patrick Flattery, Sebastian Scaini"
11417,Zing Games Inc.
11418,Onu Games
11419,Supreme Gauntlet Games
11420,"Dane Winn, Alec Smith"
11421,World Away Games
11422,Micropsia Games Spa
11423,Livdg Limited
11424,Wnmstudio
11425,Ncard
11426,Iceoffreeze
11427,"Zach Tsiakalis-Brown, George Eracleous, Errol Bucy"
11428,Fortgs
11429,Bufoproject
11430,5 Pillar Wood
11431,Tsgs
11432,Homa Design
11433,芒果互娱
11434,Crow'S Key Studios
11435,孤单工作室
11436,Notte Studio Games S.R.L.S
11437,The Zoo
11438,Pleon Words
11439,Yu Ji Kwang
11440,Danilo Solo Dev
11441,Steeplesoft
11442,猫柚工作室
11443,1M Bits Horde
11444,Sokaikan Ltd
11445,Yao
11446,Artalasky
11447,Paper Board Studios
11448,Sungift Games
11449,Lunarpixel
11450,蛋炒饭
11451,"Chibig, Nukefist"
11452,"Cateia Games,  Autumn Moon Entertainment, Jordan Freeman Group"
11453,"Omnem, Cybersports, Soul Playing Games, Ohm"
11454,Flyleap Studios
11455,Murafka Games
11456,Jacob Kendall
11457,老梅
11458,Turbo Chimp
11459,Lostding
11460,Aquila Industrial
11461,Bristol Street Studios
11462,Giga Grunts
11463,Handsome Games
11464,Alexandre Beaudoin
11465,Leadfollow Games
11466,Non Existent Studios 2
11467,Black Mermaid
11468,Sourena Game Studio
11469,Nuts And Volts Electronics
11470,Selugames
11471,Diego Alonso Martin
11472,"Finn Stüven, Felix Haffke"
11473,Potionworks
11474,Crossy
11475,Techazy
11476,Nooner Bear Studio Llc
11477,Lapovich Team
11478,Ben Thomas
11479,Retsu Teikoku
11480,"Phantom Playworks, Rott N' Flesh"
11481,Brainwashing Games
11482,Oyasumi Workshop
11483,Dowrick Games
11484,Joseph Macdonald
11485,Catfood Mcfly
11486,"Dracue, Co. Ltd"
11487,Deleted
11488,What'S All That Racket
11489,"Nihon Falcom, Ph3 Gmbh"
11490,Extreme Developers
11491,Advance Nine
11492,"Sergeschateau, Sergio Castillo"
11493,Amroy Entertainment
11494,Monu
11495,Rtan
11496,Hermurx
11497,Stp Works
11498,Gamecom Team
11499,Sundew Studios
11500,Seedy Eye Software
11501,Realityarts Studio
11502,The3Daction.Com
11503,Immersion Plus
11504,Treadsoft
11505,Gameprodteam
11506,Imaginationoverflow
11507,Bartosz Bialek
11508,Stonewheat & Sons
11509,"Denis, Ry"
11510,Dawnwing House
11511,Ukz Arts
11512,Ibe Denaux
11513,Hcnone
11514,Myron Games
11515,"Sujin Ri, Yunjeong Yun, Hyein Go, Minsu Ock, Marcos Arroyo, Seona Lee, Sohyeon Jeon"
11516,Sosiskagames
11517,Amfich
11518,东南瓜
11519,Toorai
11520,Waz
11521,Zack Garrett
11522,Damage Control
11523,"Orbus Online, Llc"
11524,Tipsworks
11525,React Games
11526,Reflector Entertainment Ltd.
11527,"Playerzklubvrstudios, Crystalmesh Ug"
11528,Komefukuro
11529,Iron Wolf Studio S.A.
11530,Crespirit
11531,"Digital Yogurt, Ghost Street Games Llc"
11532,Mr. Moo
11533,上海游愉网络
11534,"Stormfront Studios, Strategic Simulations"
11535,Lokator Studio
11536,Wis
11537,Toxtronyx Interactive Gmbh
11538,瞬息万变工作室
11539,Joseph Hewitt
11540,Cydonian Games
11541,Sicilialust Studio
11542,Virtual World Interactive Llc
11543,Bucksoft91
11544,Hitpoint Inc.
11545,Natan Mafra Torres
11546,Quarlellle
11547,Four White Cats
11548,Emir Cerimovic
11549,Simon Au Yeung
11550,Romero Games Ltd.
11551,Deadly Red Cube
11552,Rubber Sword
11553,Hiddenvisions
11554,Grapefrukt Games
11555,Yokaicade
11556,Sailors Moon Studios
11557,Samuel Sales Gomes
11558,Nyamakop
11559,Paradox Terminal
11560,Tenami
11561,Manuel Pasamontes Romera
11562,Brain Fog Studios
11563,Moonray Studios
11564,Paul Windmill-Sear
11565,Rac7 Games
11566,Luxo Interactive
11567,Sylvain Harlaut
11568,Atelier Choice
11569,Keith Burgun Games
11570,Mercurystudio
11571,Bebop Games
11572,Franco Hernandez
11573,Simuverse Interactive
11574,Vrilliant Studios
11575,Strategic Thinking Llc
11576,Mt.Bamboo Village
11577,Markus With Friends
11578,Plain Concepts Corp
11579,Simbryo
11580,Hikergames
11581,Bolverk Games
11582,E Is For Everything Nice
11583,"Hollow Ponds, Richard Hogg"
11584,星飞游戏
11585,Aurelien Regard
11586,Cggames
11587,Jason Lovett
11588,Jason Silver
11589,Ours Agile
11590,Kylix Studio
11591,Wolfey Studios
11592,Bae Team
11593,Poetic
11594,More8Bit
11595,Matt Mcgreevy
11596,Eren Çoban
11597,Gfi
11598,Simon Kattler
11599,Lizardking
11600,La’Cryma
11601,Electrocosmos
11602,Duckbridge
11603,Bonittor Games
11604,Player Legacy
11605,Vanwong
11606,石家庄龙游科技有限公司
11607,Zenovia Interactive
11608,L³
11609,Boar-In-Games
11610,Big Fish Studios
11611,Drthebug
11612,Played With Fire
11613,Rad Team
11614,Maggese
11615,Predrag Lazic
11616,Xerabyte
11617,Star & Moon Romance
11618,Vivi
11619,Twme Studio
11620,Bandit Visual Games
11621,Fun Bits
11622,"Clever Trickster Studio, Clever Trickster Productions"
11623,Idun Interactive
11624,机械神狐教制作组
11625,Kido
11626,Kurlik Kurkil Studios
11627,Josh Presseisen
11628,Mecha Weka
11629,Geexgames
11630,Bolder Games
11631,Dawnblaze Entertainment
11632,Nothing Box
11633,"Tha Ltd., Enhance"
11634,Olivier Monaret
11635,Redsroll
11636,Nico Papalia
11637,Dr. Puzzler
11638,Nicholas Piscioneri
11639,Factkys Studios
11640,Tiliasoft
11641,Hibachi
11642,Ember Paw Games
11643,Devmaru Inc.
11644,Victor Game Studio
11645,Realstone Studio
11646,Kill_Mind_Creator
11647,Sabrina Aridi
11648,Ravenwood Interactive
11649,Sth
11650,Rainstory.Games
11651,Little World Studio
11652,"Unsin Studio, Ejrgames"
11653,Waqudoo
11654,Lk Avalon
11655,Mp Game Studios
11656,David Vinokurov
11657,Teatimeworkshop
11658,Gazzapper Games
11659,Jon
11660,Zach H
11661,Sd
11662,Million On Mars Inc.
11663,Attack Move
11664,Necropolis Studios
11665,False Games Llc
11666,"Dapode, Kilanos Studio, Meltah, 3Li"
11667,Thelostsun Studios
11668,Lemoniedev
11669,Logical Progression Games
11670,Aubega
11671,Outer Planet Studios
11672,Spotted Zebra Software Llc
11673,"Daniel George, Joshua Nelson"
11674,Facundo Aviusso
11675,Slavic Balls
11676,Sweet Dreams Studio
11677,Redwood
11678,Gametornado
11679,Red Mouse Games
11680,Capsule Core
11681,Keroq
11682,Warm Kitten
11683,Le Cortex
11684,Roman
11685,Zentient Games Llc
11686,"Shanghai Superpoint Technology Co.,Ltd."
11687,Neckbeard Games
11688,"Kongregate, Inc."
11689,Jonas Oppliger
11690,Catalina Zavaleta
11691,Mozg Labs
11692,Void Games
11693,Battlegames
11694,"Disrate Studios, Max Fleet"
11695,Subcult Joint Ltd
11696,Morojenoe'S Empire
11697,Mad Labyrinth Studios Llc
11698,Xteam Software Solutions Srls
11699,Merlin'S Attic
11700,Dmm Vr Lab
11701,Overbuilt S.A.
11702,Elothere
11703,Radiance Games
11704,V. N.
11705,Ndogames
11706,"Illystray, Verkme"
11707,Domo Games
11708,"创克游戏工作室, 小创"
11709,S.Y. Games
11710,Ids Games
11711,全战天下
11712,Mars Ind
11713,Kailang Fu
11714,Molloy Studio
11715,Rokaplay
11716,"Unlimited_Deer_, Assm"
11717,Artficial
11718,Super Pixel Games
11719,Clock Drive Games
11720,Ashnell Games
11721,Studio Bean
11722,"Chosuido, 超水道"
11723,Hellshake Yano
11724,Siris Pendrake
11725,Adrian Fox
11726,Playful Armadillo
11727,Endeetree
11728,"Boolat Games, Alawar Entertainment"
11729,Maddnuss Games
11730,Team Black Hat Robot
11731,Bitwise Games
11732,Compact Square Studios
11733,Hero Concept
11734,"Dragon Slumber, Brainoid"
11735,Future Immersive
11736,Pixeduo Studios
11737,Charm Games
11738,Third Impression
11739,Hidden
11740,"Mydream Interactive, Inc"
11741,Beeswax Games
11742,Roxy Constantine
11743,Lexis Numerique
11744,Madlight
11745,Eggion
11746,Strategy Forge S.A.
11747,Nanali Studios
11748,"Nobodyshot, Diman Production"
11749,Nh-Productions
11750,Constant Art
11751,Agrostemma
11752,Studio [Notes.]
11753,Daniel Agerman
11754,拉貢拉斯找金粒
11755,"Kadokawa Corporation, Gotcha Gotcha Games"
11756,Rainbowgame
11757,Kreatin Studios
11758,Eipix Entertainment
11759,Bryengx
11760,"Crunkz, Black Boat Games"
11761,Xinfinity Games
11762,Hunchback Studio
11763,Mk-Ii
11764,Bit Dragon
11765,"Healthcare Vr Innovations, Inc."
11766,Yokcos
11767,Siberian Mouse
11768,Creepy Cute
11769,Petrov Yuriy
11770,"Pixel Constructor, Llc."
11771,"Serhii Khramov, Davyd Moskalenko, Maksym Kanshin"
11772,Mind Grown Software
11773,"Flight School Studio, Mwm Interactive"
11774,The Game Forger
11775,Bluebstopcat
11776,Rivplay
11777,Videojuegos Fermín
11778,Circus Atos
11779,Jade Pixel Games
11780,Inside System
11781,Agglos
11782,Achpile
11783,Nemoria Entertainment
11784,"Lucas Parise, Mind Flayer Studios"
11785,Bearlex Games
11786,Snowflake Studio
11787,Wow Wow Games
11788,Desaccord Art
11789,Pixit Software
11790,Justtomcuk
11791,Yaktronic
11792,Vrwerx
11793,Jessy Lemieux
11794,Studio Spektar
11795,Walk Without Rhythm Games
11796,Cellec Games
11797,Andrew Burke
11798,I Fight Bears
11799,阿道
11800,The Stork Burnt Down
11801,Magic Sandbox
11802,"Leszczynski D Joseph, Bazkreyol"
11803,Polypusher Studios
11804,Okam Studio
11805,"Philip Bak, Niinegames"
11806,"Assemble Entertainment, High Voltage Software"
11807,L&P
11808,"Mario Von Rickenbach, Playables"
11809,Golden Gear Games
11810,"Zerouno Games, Operasoft"
11811,Route 59
11812,Sparse//Gamedev
11813,"Giga, Entergram"
11814,"Pixelated Milk, Retrovibe Games"
11815,Drastic Games
11816,Frankly Dog
11817,Love Mood Studio Limited
11818,Global Delight Technologies Pvt. Ltd.
11819,Mooneaters
11820,Adam Travers
11821,"Tt Games, Double Eleven"
11822,Kasey Ozymy
11823,Jon Nielsen
11824,Mostly Tigerproof
11825,Vdo Games
11826,Item42
11827,Not Yet
11828,"Together  Game, Project Bamboo"
11829,Aikun
11830,Mouse Hat Games
11831,Five Head Games
11832,Outer Brain Studios
11833,"Dotemu, Capybara Games"
11834,John Carline
11835,Playmestudio
11836,5Am Games Gmbh
11837,Imilkowski Dev
11838,"Accidental Queens, Arte France"
11839,Wizard Fu
11840,Gametopia
11841,Dark Inertia Studios
11842,"Thirdverse, Co., Ltd."
11843,"Ravn Studio, Rock Pocket Games, Invictus Games"
11844,Rogalik
11845,Technobrake
11846,Neonight
11847,"Argonauts Interactive, Collectif Nemoïd"
11848,涂途
11849,Brianode
11850,Glaive Games
11851,"Sameframe, Rbl Labs"
11852,Crisp App Studio
11853,Albatros Softworks
11854,Soulware
11855,Katatema
11856,Lithic Entertainment Inc.
11857,Bigmoon Studios
11858,Team Grybanser Fox
11859,Tall Story Games Ltd
11860,"Michael Long, Foolish Mortals Games"
11861,Guidigermano
11862,Hastily Assembled
11863,Xixo Games Studio
11864,Hst Studios
11865,Daniel Henriques
11866,2Dragonsgames
11867,Red Kraken Studio
11868,Zch字母君
11869,Crimson Sequence
11870,"Square Enix, Dokidoki Groove Works"
11871,Fragout
11872,Ludokultur
11873,3:15 Software
11874,Kobra Studio
11875,Male Doll Stories
11876,Avant Games
11877,Slothzilla Games
11878,E.Com
11879,Theciddevgames
11880,Hang Time Studios
11881,Dust Storm Entertainment
11882,Eskentert Productions
11883,Albireo Games
11884,Kerry Batts
11885,Not A Serious Game Studio
11886,Color Brush Studio
11887,Daniel Riley
11888,Duncan Fenn
11889,Corvus Studio Yazilim Anonim Sirketi
11890,Individual
11891,Joseph Bramlett
11892,Amegami
11893,Fenix Studios
11894,Aridide Production
11895,Yexiong
11896,Friday Night
11897,Tails Games
11898,Giant Head
11899,Monkat Studio
11900,"Small Studio By Mac Guff, Atlas V, A_Bahn"
11901,Sky Coder
11902,Patrick Davis
11903,Hannahannagames
11904,"Red Dot Games, Play"
11905,Zombie Zone Germany
11906,One Tap Games
11907,Ds | Voxaol
11908,Soul Forge
11909,Ifgworld
11910,Exlix
11911,Rasmus Ljunggren
11912,苏州天魂网络科技股份有限公司
11913,Start Games
11914,Starquail Games
11915,My Label Game Studio
11916,"Ludometrics, Ltd."
11917,Martin Caine
11918,Blind Alien Productions
11919,Kerry Fawdray
11920,Trent Garlipp
11921,Meatspace Interactive
11922,Mokkograd
11923,Nexxus Drako Multimedia
11924,Kraken Games
11925,Loudscream
11926,Big Way Games
11927,Arsanesia
11928,Virtual Voyagers
11929,First Contact Entertainment
11930,人型ですカオス
11931,"Intermarum, One More Level"
11932,"Oh, A Rock! Studios"
11933,Codemanu
11934,Theclasoft
11935,Norn
11936,Drixxel Soft
11937,Indie Games Studio
11938,"No Ghost, Atlas V"
11939,Kuantuom00
11940,Me.Mento Xr Interactive Ag
11941,Dallaham
11942,Phlarfl
11943,Space Bullet Dynamics Corporation
11944,"Mages. Inc., 5Pb."
11945,Warriorsstudio
11946,007Berd
11947,Cryoshark
11948,Gravity Well Studios
11949,Quadflare Games
11950,Epixr Games Ug
11951,171Dev
11952,Lads Game Studio
11953,Team B Laboratory
11954,Aaron Gilbert
11955,Tiny Lions
11956,Playrock Studios
11957,Isocube Software
11958,"Новый Диск, Lesta Studio"
11959,José Antonio Durá Olmos
11960,Play2Chill
11961,Frag Games
11962,Terror Works
11963,Rolldbox Games
11964,Özkan Say
11965,Blacksea Odyssey
11966,Burning Goat Studio
11967,Tian Chenglong
11968,Evgeny Petrov
11969,Organic 2 Digital Studio
11970,Toastybea
11971,Immersion Game
11972,Funyours
11973,Dream Module Games
11974,Televisor
11975,Foldergeist Studios
11976,Chagas Studios
11977,Shifting Dragon Creative Projects
11978,Solid9 Studio
11979,Schism
11980,"Whited43, Fantsize"
11981,James Prior
11982,Garett A C Hunter
11983,Daniel Hood
11984,Vaki Games
11985,Gerch Interactive
11986,Victor Frankenstein
11987,Finalspark Gamestudios
11988,Kinko Game Studio
11989,Eyepuppet Company
11990,Tvee Games
11991,Brytenwalda
11992,Linkflag
11993,Peter Brinson
11994,Tbjbu2
11995,Shunying
11996,Senshi.Labs
11997,锁眼工作室
11998,Black Dot Studio
11999,"Mike Monroe, Belief Engine"
12000,Chreseeba Games
12001,Oleh Baziv
12002,Windthunder Studio
12003,"Trialis Studios, Ruken Games"
12004,2B_Games
12005,Neilo Inc.
12006,Absorb Reality
12007,Anonymous Penguin Studio
12008,"Wiznwar, Flarb Llc"
12009,Unikogi
12010,Mado
12011,Kubilay Dekin
12012,"Tecron Vr, Infinite Production"
12013,Nervequake Software Inc.
12014,"Jack Le Hamster, Vincent Le Quang"
12015,2Kmagic Studio
12016,Inner Realm Studios
12017,Virtual Sky Interactive
12018,Rtws
12019,"Ongakukan Co.,Ltd."
12020,"Yunus Ayyildiz, Sho Ohhira"
12021,Team Rat Vibes
12022,Ivy Games
12023,"Yle Sandbox, Ragingram Oy"
12024,Fuse Game
12025,4Waystudio
12026,Mindware
12027,Dark Fox
12028,零点世界工作室
12029,Rapt Interactive
12030,Imperium
12031,Frontalschaden_Games
12032,Wolf Holiday
12033,Zindeaxx Games
12034,Rebel Egg Games
12035,Seth Van Heijster
12036,Argonwood
12037,Void5 Ltd
12038,"Morgan Houston, Mm'S Gaming Community Llc"
12039,Prime Studios
12040,Albatross Idea
12041,Videogame Collective
12042,Fantasy Game
12043,"Pipuproductions, Serp"
12044,Lemuria
12045,Mustafa Soltanian Fard Jahromi
12046,Samu
12047,Fabula Game Studio
12048,Endflame
12049,Zombiebytegames
12050,Joynow
12051,Jj Montes
12052,Jumpdrive Studios
12053,Dave Doublee
12054,Matter Games
12055,Trainspotting Studio
12056,"Gaterooze, Ink"
12057,阿柒不爱日期
12058,Hack Dack Soft
12059,Immortal Game Studio
12060,Suzaku
12061,Faith G.
12062,Masterdavicous
12063,"Alexander Van Den Bulck, Harry Lane"
12064,Iosoftware
12065,Alter Games Brasil
12066,Br41Nch1Ld
12067,Cybernate
12068,Princexi
12069,Throw The Warped Code Out
12070,"Guneal, Acid"
12071,Whimsical
12072,Deltarts
12073,Whootgames
12074,Meteorise
12075,Fish Chain Games
12076,Fractured Rogue Studios Llc
12077,Three Dots Games
12078,Ivories Studios
12079,Random Potion Oy
12080,"Blue Tongue Entertainment, Blitworks"
12081,Io Normal
12082,Melovity
12083,Deep Red Limited
12084,Sørb
12085,Cqgame
12086,Disafter Games
12087,Ling Games
12088,Alexis Royce
12089,"Tate Multimedia, Teyon"
12090,Psychoravens
12091,"Windward_Birds, Xnzone"
12092,Eastergoblingames
12093,Silver Wish Games
12094,"Kellenkyo, Instal Entretenimento"
12095,Notheothermatt
12096,Cyparade
12097,Peigesang
12098,Lunar Chili
12099,Innolabs
12100,Aix2 Games
12101,Quadroteam
12102,Egemen Ertugrul
12103,Artstrong Games
12104,Devils Advocate Gaming
12105,Pixel Drip Games
12106,Samuel Crevier
12107,Solid Patterns
12108,Firevector Llc
12109,The Bane Of Asphodel Team
12110,Bean Boy Games
12111,"Conradical Games, Radhood"
12112,Lockedon Games
12113,Team Gizmoid
12114,Lucky Star Studio
12115,Loot Inside
12116,Pixel Perfex
12117,Erochin
12118,Jutek Pixel
12119,We Three Nouns
12120,Tyci
12121,"21C.Ducks Co., Ltd."
12122,"Hollow Games, Daniel Arevalo Rodil"
12123,Amigos 500
12124,Shoe Stealin Studios Llc
12125,Mrsandman
12126,Catsprout
12127,Ben Lega
12128,64Tacos Llc
12129,Bandai Namco Amusement Lab Inc.
12130,Hz3 Software
12131,Fusionplay
12132,Archetype Global
12133,Rg Crew
12134,"2Bigo, Arp Games"
12135,Emilymgames
12136,Ludomancer Studio
12137,Gregory Adam Scott
12138,Cylight Studios
12139,"Flydragon, Kami"
12140,"Kerem Karal, Aydın Hepsevim"
12141,Z Sculpt Entertainment
12142,Zeinaru
12143,Castle Of Blackwater
12144,"Targetpoint Interactive, Holmgard Games"
12145,Ioneo
12146,Winter Night Games
12147,Miomax
12148,Ampersand Game Studios
12149,Florian Voss
12150,Arkenstone Games
12151,Marshall Latimer
12152,Rialab
12153,"End Game Interactive, Inc"
12154,Nickelodeon
12155,Experience Inc.
12156,Playvir Productions
12157,Busy Streets
12158,"Gemdrops, Inc."
12159,Lubiterum
12160,Weaveractive
12161,Outsmart
12162,Nathan Workman
12163,Damp Gnat
12164,Webcore Games
12165,Lostvolbytes
12166,Busking Software
12167,"Squid Shock Studios, Christopher Stair, Trevor Youngquist"
12168,"Colin Wren, Sean Scaplehorn, Wayne Jackson, Jason Mallett"
12169,Fewjix
12170,Badgames
12171,Tim-Jannick Hopp
12172,0_Stamina
12173,Mayni Prod.
12174,Chad R. Banks
12175,Radiangames
12176,Oliver Keppelmüller
12177,Resi
12178,Wrestling Gamers United
12179,Felione1
12180,Tyler Hurd
12181,"Mysterytag, Argali Entertainment"
12182,Tundra
12183,Corrupted Media Productions
12184,Pudding
12185,"Another Dev Company, The Handsome Mesh"
12186,Wazen
12187,Deep Range Studio
12188,B52 Development Team
12189,Potato-Life
12190,"Yohan Launay, Frederic Gaillard"
12191,Games-Up
12192,Arkio Ehf.
12193,Oneonegames
12194,"Yasin Küçük, Vahit Can Yumlu"
12195,"Scorpio Game Co., Ltd."
12196,Luke Muscat
12197,Calthies
12198,"Square Enix, Lancarse Ltd."
12199,"Timothy Ichiyasu, Joshua Rice"
12200,199Centsstudio
12201,Windlimit Studios
12202,Luphi Interactive
12203,Oliver Arett
12204,"High Fidelity, Inc"
12205,Twisted Games
12206,Mikołaj Spychał
12207,Topgame
12208,"Feeel 3D, Jose Alberto Simón Montesinos"
12209,Glove Games
12210,Magnús Andri
12211,Archimedes Nicholas Xia
12212,Notgameyet
12213,Qberty
12214,"Infinite State Games, Projector Studios"
12215,Kâzım Kinci
12216,Quixm Interactive
12217,"Wemadeio, Valofe"
12218,Cannibal Interactive
12219,Julian Schlüntz
12220,Oli Taylor
12221,Webzen Onnet
12222,Nyberius
12223,Log Games Ltd
12224,Focka Games
12225,Areta Watanabe
12226,Crimsonite Games
12227,Ezhaac Studio
12228,Pt. Global Digital Artha
12229,Dirigo Games
12230,Pixelabor
12231,Rsk Entertainment
12232,Estudio Raed Wulf
12233,Rockwater Games
12234,Neo-C Productions L.L.C
12235,Gz.Inc
12236,Alchemy Sheep
12237,Rusimitu
12238,Passion Republic Games
12239,Leaping Turtle
12240,Jötunn Games
12241,Gg
12242,Happyking
12243,Goodgame Studios
12244,Arimac Lanka Private Limited
12245,Invictus Games Ltd.
12246,Niflheim
12247,Yuetang(Xiamen)
12248,"Benjamin Soulé, Mathieu Leyssenne, Yoann Laulan"
12249,Nukepop Games
12250,Windy Games
12251,Thedollargamestore
12252,Bearfoxbear
12253,Sakura River Interactive
12254,Ubisoft Düsseldorf
12255,青春18金魚
12256,"Corefun Studios, Llc"
12257,"Joon, Pol, Muutsch, Char & Torfi"
12258,United Independent Entertainment
12259,Momentum Digital Media Technologies
12260,Wither Studios
12261,Néo-Riki Games
12262,Qute
12263,Talanta Net
12264,Kittehface Software
12265,Helvetica Scenario
12266,7Th Door
12267,"Infinity Co., Ltd."
12268,Yang Sun
12269,Notspark
12270,Pixiangames
12271,S.T-Brothers
12272,Ninja Worufu
12273,Star Losvice
12274,Denneko Yuugi
12275,Mode24
12276,Very Very Little Studio
12277,Stegtech Llc
12278,凌晨大黑狗
12279,Shabi
12280,Polska Lemon Ltd.
12281,Uri Games
12282,"Gotcha Gotcha Games, 湿度ケイ, Kadokawa"
12283,Shaun Hogan
12284,Elixor
12285,"Kevin Hinker, Julia Daxenbichler, Simon Steiner, Jamie Nord, Martin Jenner"
12286,Sixstring Interactive
12287,The Game Bakery
12288,Doppler Creative
12289,Purple Dragon Games
12290,Brainy Studio Llc
12291,Od Game
12292,"Vrideo, Inc."
12293,Ryan Up In Here
12294,Team Lucid Dream
12295,W0Nnafight
12296,Raven Travel Studios
12297,Thousand Games
12298,Lord Imperio
12299,High Tea Frog
12300,呜噜噜游戏
12301,Will Harvey
12302,Il Ya
12303,Cobble Games
12304,Incandescent Games
12305,Beardedbrothers.Games
12306,Five Archers Games
12307,Verbal Chambers
12308,Jaredgames
12309,Bluehope Studios
12310,Thegamecreators
12311,Opala Project
12312,Joon Games
12313,Ilia Morozov
12314,Juggler Games
12315,Wildbus Studio
12316,"Thedreik, Darkdes Labs"
12317,Es4 / Eternal Sphere 4
12318,Canvas+Garden
12319,Not Fun Games
12320,Codya
12321,Dragonbear Studios
12322,Decane
12323,Cogoo
12324,Land Patricio
12325,Colonthree Enterprises
12326,Tadeusz Lorkowski
12327,Sugoi Yellow
12328,Bluespy Studios
12329,"Game Artists, Llc"
12330,Basim Aziz
12331,Guilherme Gonçalves
12332,Shine Research
12333,Marinosdev134
12334,Unitedindie
12335,0 Deer Soft
12336,The Shady Gentlemen
12337,Vaniloput Games
12338,Horror Shop
12339,Gamatic
12340,Bamtang
12341,Pine Games
12342,Steel Peak Games
12343,Lost Guardian Games
12344,New Hell Studios
12345,Nibb Games
12346,Crj Games
12347,Zydrone
12348,Playcademy
12349,Chromeleon Games
12350,Pickle Drugs
12351,Mografi
12352,Rendercode Games
12353,Up Multimedia
12354,Alone Fox Games
12355,Caos Creations
12356,Pancake Games
12357,Didactoons Games
12358,Scorpius Games
12359,Krysle Quinsen
12360,Spacefarer Games Ltd.
12361,D Games
12362,Nick Blake
12363,莉莉恩工作室
12364,Jesse Mccabe
12365,Harkee
12366,Roseverte
12367,Liminal Games
12368,Grandpaw Games
12369,"X10 Games Studios, Inc."
12370,Tudou Games
12371,Mediatale
12372,Casper Forever Digital
12373,Onemanteam
12374,Indie'S Slice
12375,Noise Hunters
12376,"Ahr Ech, Mp2 Games"
12377,Eclipse Interactive
12378,Casgames
12379,"Jozgamer, Hatus Quemuel"
12380,Ziggy Makes Games
12381,Eksperimental Games
12382,Shortbread
12383,Tier 9 Game Studios
12384,Wulum Creative Technology Ltd.
12385,Pekoge-Sutagio
12386,Inngamezstudio
12387,Dailydreams
12388,Kyrylo Kuzyk
12389,Beau Yotka
12390,Imax-Gen
12391,Federico Schliemann
12392,Alex Rose
12393,Talerock
12394,Iful Gs
12395,Game Sunlight
12396,Solo Dev
12397,Tasty Poison
12398,艾斯尼斯
12399,Kerag Elisaar
12400,Rhombus Studios
12401,Polylusion Games
12402,Team Syukino
12403,Weikeduo
12404,魔书科技
12405,Xigma Games
12406,Black Phoenix Studio
12407,Blink
12408,Laoo Studio (Shanghai Ou Ou Xi Network Technology Co. Ltd）
12409,Two Tiny Dice
12410,"Image Works, Vektor Grafix Ltd"
12411,"Fern Nigro, Panos Tzimas"
12412,Re:Code
12413,Esail Ltd.
12414,Really Interactive
12415,Yo252Yo
12416,"Michael Mato, Tj Richardson"
12417,Moon Pub Games
12418,Midi Creations
12419,Plasmabrain Studios
12420,Stephen Walton
12421,Growing Seed Games
12422,Gamegrustudio
12423,Somdy Age
12424,Fast Fall Studios
12425,"Moonrift Entertainment, Leonice Brown-Young Jr"
12426,Guguh
12427,Ionized Studios
12428,Gd Studio Inc
12429,Showbit Entertainment
12430,Charisma Entertainment Limited
12431,Chris Charbonneau
12432,"Rafael Barreto, Mackenzie Kaser"
12433,"Fantasy Flight Publishing, Inc."
12434,Thunder Road Game Studios
12435,Troy Spencer
12436,Ginger Labs Llc
12437,Richard
12438,Nouhidev
12439,Daniel Wright
12440,Abstractive Works
12441,Yakuentei
12442,Golgoth Studio
12443,Bukra Games
12444,Hitheryon Games
12445,Asbo Interactive
12446,成都萌创科技有限公司
12447,Henchman & Goon
12448,Uniocs
12449,Uplay Basketball
12450,Edo Create
12451,"Coilworks, Double Eleven"
12452,Ralien Studios
12453,Tunnel No.73
12454,Loopgame
12455,Growl Interactive
12456,Bunnyhug
12457,Lonelyocelot
12458,Superchop Games
12459,Woodhill Interactive
12460,Nolife Labs
12461,Iletcreativity
12462,Syn-Studio
12463,Kogado Studio
12464,Cd Jones
12465,Fromsoftware
12466,Anatoly Konstantinov
12467,晨风工坊/Dawnwing Shop
12468,7 Keys Studios
12469,Necrocatic Games
12470,Chainsaw Syndicate
12471,"The Moonstorm Clerics, Andre Castro, Russell Matney, Justin Pena, Joe Shahwan, Canberk Sonmezer, Seth Thor, Lucas Wolf"
12472,Winterflood
12473,Oriseus Studios
12474,Level-Buster Studio
12475,Parables Games
12476,Mad About Pandas
12477,Roof Cut Media
12478,Eddie O'Hagan (Katianie)
12479,"Wirion, 7Dots"
12480,U-Room
12481,Reality Magiq
12482,Merson
12483,Tiny Utopia
12484,"Tero Lunkka, Valkeala Software, Blackthug, Ruskija Game Experience"
12485,Team Slippers
12486,Walk With Kings
12487,Panzer Gaming
12488,Team 35
12489,班超工作室
12490,Blake Johnson
12491,Departure Interactive
12492,Gearloose
12493,Tyluk
12494,"Shen Jiawei, Zhang Fan"
12495,Timedrop Studios
12496,Xu Miping
12497,"Beplayer, Art Games Studio S.A."
12498,Cakegames
12499,Ninoo Studio
12500,Serzhantov Aleksandr
12501,Noeye-Soft
12502,Myke Wills
12503,Lgk Games
12504,Happy Max
12505,Guanbees
12506,Vishwakarma Studios
12507,Spilt Milk Studios Ltd
12508,Fuzzybot
12509,Thirtythree
12510,Vertices Software
12511,Augmented Irreality
12512,Gbd
12513,Alexander Semenov
12514,Nevosoft
12515,Meta Sauce
12516,Nilson Carroll
12517,Me Vs Game
12518,Vergiu
12519,"Anri Khachaturov, Artur Manukyan, Arman Petrosyan"
12520,Party Moose Games
12521,Stacks:Engine
12522,Zidong Games
12523,Bbg
12524,"Casey Rowley, Yezac Folletti"
12525,Squeaky Wheel
12526,Panzo Games
12527,"Virtualcast, Inc."
12528,Richmakegame
12529,"Latest Past, Perun Creative"
12530,Bad Coffee Games
12531,Daniel Rychlý
12532,Mystic Sword Gaming
12533,Michael Lückgen
12534,秃鹰组长
12535,Infinite Studio
12536,Dev4All
12537,Bitbasicdev
12538,Iamtagir
12539,Raikon Kitsune
12540,"Gotcha Gotcha Games, フォトショ職人, Kadokawa"
12541,Trigger Labs
12542,8Bits Fanatics
12543,"Hit-Point Co.,Ltd."
12544,Jigsaw Unravel
12545,Plasma Press
12546,659 Records (Pty) Ltd
12547,Odbear Studios
12548,Goober Games
12549,Jbo Media
12550,Rockbee
12551,Team L.U.R.Id Glow
12552,Larkon Studio
12553,Paul Connor
12554,Atomic Wolf
12555,Dinosaur Studio
12556,"Oedipe Games, Oedipe Games"
12557,Tesaks Entertainment S.R.O.
12558,Itamde
12559,Tag Studio
12560,Pepperbox Studios
12561,Shadow Layer Games Llc
12562,Stusse Games
12563,Emergency Entrance Studios
12564,Megafauna Llc
12565,Tom'S Feral Cat Games
12566,"Ubisoft, In Partnership With L'Institut Du Monde Arabe And Iconem"
12567,Mydearest
12568,"Nightdive Studios, Iguana Entertainment"
12569,Phocore Inc.
12570,Retrowave Studios
12571,Must.Iolo
12572,小青蛙妙妙制作组
12573,13Am Games
12574,Level Evil
12575,The Rock Studio
12576,Filios Christou
12577,Kinifigames Llc
12578,"Pinokl Games, Kverta Limited"
12579,阅尘Atlas
12580,Cornutopia Software
12581,Oleg Dammer
12582,Tortuga Xel
12583,"Gotcha Gotcha Games, エイジ・エジェネスタ, Kadokawa"
12584,"Salmon Snake Games, Elmo Mustonen, Hanuli"
12585,Hidden Ocean Games
12586,Oops.K
12587,夜与潜伏者
12588,"Ilinx, Inc."
12589,Martin Kutlak
12590,Semag Games
12591,Molerat Digital Art Ltd.
12592,Pixel Island
12593,88Danuki
12594,Horsegames
12595,Curious Planet
12596,Power Level Studios Inc.
12597,"Circle Ent., Arc System Works, Initory Studio"
12598,Roborar Digital Ltda.
12599,Coreygamedev
12600,Projectm
12601,Playclaritas
12602,Luna Apps
12603,Omega Point Games
12604,Contraband
12605,伤官制作组 Team Uranian
12606,Blue Mountains
12607,David Decraene
12608,Dogenzaka Lab
12609,Phoenixxx Games
12610,"Nfa, Amass"
12611,Dream Pocket Studio
12612,Asakiyumemishi
12613,Inoureyes
12614,"Vector Vr, Llc"
12615,"Red Mount Media, Antarsoft"
12616,Morfeodev
12617,"Aleksandr Soldatov, Leonid Kozhushko"
12618,Lord Puggington Games
12619,Jellyfish Parade
12620,"Patrones & Escondites, Tlr Games"
12621,Casus Ludi
12622,Heiden
12623,"Ayrton, Rafael And Vicente"
12624,永恆艾莉絲工坊
12625,Tmfx Studios
12626,Electric Games
12627,Cocopo
12628,Secretsof
12629,Reverie Foundry
12630,"Telophase Studios, Llc"
12631,Papaonn
12632,Baobab Studios Inc.
12633,Echo Games
12634,Koenigz
12635,Act Zero
12636,Finance Unlocked
12637,Skyline Games
12638,Silversun Pictures
12639,Sleepingmuseum
12640,Everecord
12641,Woodsy Studio
12642,Spawn Point Studios
12643,"Tea Monster Games, Psychicparrot"
12644,2D_猫
12645,Kelkosoft Llc
12646,Sky City
12647,"Josyan, Bibiki, Karv, Gabriel Machado"
12648,Went2Play Llc
12649,"Haiku, Inc"
12650,Lcb Game Studio
12651,Cherryco.Studios
12652,宇智波早苗
12653,Alarm Studio
12654,"Sylphsong, Inc."
12655,Absolute Power Game Studio
12656,Sempiternal Rain
12657,Hashdev
12658,Danicy
12659,Rusmin Sofiz
12660,Please Know More
12661,Peter Knak
12662,3D Realms (Apogee Software)
12663,Sigma Games
12664,Little Bot Studio
12665,Algorocks
12666,Nodamex
12667,Egg Or Chicken Games
12668,Indieplay
12669,Sindie Games
12670,Team Litterbox
12671,Melancholia Studio
12672,Craig Schwarz
12673,Broken Simulation
12674,Otakesan
12675,Umbu Games
12676,Azimut Team
12677,阿龟与阿飞
12678,Amazevr
12679,Bible Games
12680,Twisted Math
12681,Phatrobit
12682,"Zach Tsiakalis-Brown, Keith Bradner"
12683,Vr-Wrg
12684,Flannel Bear Games
12685,Toxicbytegames
12686,"Cavalie_Ro, S.C. 16 Bit Nights S.R.L."
12687,Mew Mew Media
12688,Yumenamakon
12689,Bolt Estudios
12690,Beauties! They'Re All After Me
12691,Fatih Mert
12692,"Soap Interactive, Lion Game Lion"
12693,Harry Gill
12694,Dungeon Games
12695,Rewind Games
12696,Rude Ghost
12697,Oleksandr Stetsenko
12698,Sleepwalking Potatoes
12699,Quit
12700,Game Swing
12701,Pogu Desu
12702,2By3 Games
12703,Red Dev Studio S.A.
12704,Egalitaria Studios
12705,Pixel
12706,Essence Worldcrafter
12707,Maru Project Develop Team
12708,Bright Flask Games
12709,"Cosmic Void, Dave Seaman"
12710,Tall Guy Productions
12711,Adam Mowery
12712,Swain Games
12713,Lev Gogol
12714,Cyberdoesstuff
12715,Wizard Games
12716,Telehorse
12717,Joshua Missile
12718,我的同居女神竟是小姨子
12719,Corestone Games
12720,Cosmic Void
12721,Fuzzy Wuzzy Games Inc.
12722,Jérémie & Thibaut
12723,Mighty Cat
12724,兔狐喵菇工作室
12725,Red Scale Studio
12726,Lumen
12727,Alpha Wave Entertainment
12728,Ais Kacang Studio
12729,Piratecat Games
12730,G5Game
12731,N5 Games
12732,Xinpo Game
12733,"Blue Giraffe, Gamehouse"
12734,Gus Martin
12735,Dream4Team
12736,Toco Games
12737,Bocharov Games
12738,Silver Rat Studios
12739,Limited Run Games
12740,Liugao
12741,Scream In To Void
12742,Frostwood Interactive
12743,Kuma Games
12744,Emerick Gibson
12745,"6 Toad Games, Taletronic"
12746,Xeecee
12747,Glitchr Studio
12748,Akamurasaki Games
12749,Slikey Games
12750,Pwnee Studios
12751,Decemberborn Interactive
12752,Benoit L'Hoest
12753,Alisson Araujo
12754,Incineration Productions
12755,Dtp Entertainment
12756,"云中屋网络科技有限公司, 九霄艺画游戏工作室"
12757,"Lion Core, Magesoft"
12758,Mindprobe Labs
12759,Dowino
12760,Dylan Blake
12761,Reflective Surfaces
12762,Brian Master (脑补大师)
12763,Morepork Games
12764,Yiğit Öztoprak
12765,Lan Jie
12766,Hugepixel
12767,R.A.M. Studios Llc
12768,Loonworks Games
12769,Adc
12770,Tomris Games
12771,Gg Interactive
12772,Robogame Studios
12773,Gz Storm
12774,Hajime Doujin Circle
12775,Golden Dragon Studio
12776,Flying Panjandrum / ふらいんぐパンジャンドラム
12777,Amigo Vr
12778,Room 8 Studio
12779,Game Last Studio
12780,"Gamebryo, Virtual Playground"
12781,Gasmilk Amalgamations
12782,"Sean Smith, Outlaw Games"
12783,Rasul Mono
12784,"Tonia Sanzo, Charles Chiasson, Ethan Schwabe"
12785,"Compile Heart, Idea Factory, Ghostlight Ltd"
12786,United Command ®
12787,"Twisted Words, Llc"
12788,Sea Panda Creative
12789,Final Gambit Llc
12790,Quadape
12791,Redicion Studio
12792,Guipadgon
12793,"Illucalab, Flipflops, Quziralab."
12794,Cbgamedev
12795,红星
12796,"Fei, Leo, Yang"
12797,"Happy Belated Birthday Maxim!, Happy Belated Birthday Maxim!"
12798,Open Roads Team
12799,Terpysaucestudios
12800,Confer Studios
12801,Vnow Games
12802,"Cris Litvin, Hoang Le"
12803,Schirwindt
12804,Eric Lipschutz
12805,"Secret Base, Ratloop Asia"
12806,Draugr
12807,Trickster Games
12808,Icehole Games
12809,Decabry
12810,Hobibit
12811,Bahamun
12812,Supernature Studio
12813,Smokingbear Studio
12814,Kalaoh Games
12815,Tibith
12816,Null Reference Ltd
12817,Parallax
12818,"Netplay, Inc."
12819,Kangaroounderlord
12820,"Anchora Games, Dream Harvesters"
12821,Bastion Studio (Fr)
12822,Ribbongames
12823,Richard Cowgill
12824,Sloppy Joe Studios
12825,Cryptic Comet Games
12826,Ouatte
12827,Sean Walsh
12828,Personal
12829,Wit Studio
12830,"Beijing 1023 Technology Co., Ltd"
12831,Zor Dev
12832,Editmode
12833,One-Bit Punch
12834,Gamearx
12835,Hyde Games
12836,Daniel Coady.
12837,Iconic Studios
12838,Unfinished Games
12839,Baseline Games
12840,Wicky Yu
12841,Whitepeach
12842,"Cyberlore Studios, Inc., Accolade"
12843,Aeonax Studios
12844,Cory Long
12845,Vs Entertaiment
12846,Entheogen Studios Llc
12847,7 Road
12848,Khud0
12849,Funkyzeit Games
12850,Tea & Cake Games
12851,Scarlet Whale
12852,"Volkan Usuğlu, Abdulkerim Yildirim, Emrah Tortuk"
12853,Team Flow
12854,Eluhims Studio
12855,Aldin Dynamics
12856,Factory Play
12857,"Nicholas Novella, Joshua Novella"
12858,Steveclay
12859,Badland Development Studio
12860,Travel And Play
12861,Morphcat Games
12862,I273 Llc
12863,Dire Kitten Games
12864,Invisible Studio
12865,Woblyware
12866,Andrii Prots
12867,Astrophysics
12868,Sonic Shield
12869,Alphatik Inc
12870,Pyrebug Studios
12871,James Mcgowan
12872,红锈雨
12873,Flight School Studio
12874,Grand Engineer Corps
12875,Jumping Pound Games
12876,多极网络
12877,Game Juice Studios
12878,"Vata Games, Artax Games"
12879,Ibrahim Sawfan
12880,Komar Games
12881,Ash And Rust Studios
12882,"Wanin International, Jera"
12883,Segedi Inc.
12884,Frosty Pop
12885,Windam
12886,14 Hours Productions
12887,Yellow Brick Games
12888,A.Filimonov
12889,Catness Game Studios
12890,Nevreal Studios
12891,Kpd
12892,Random Developers
12893,Magic Pie
12894,Fatsheep Studio
12895,"Jeremy Couillard, Chris Parrello"
12896,Ragtagradical
12897,Kokutou Umeboshi
12898,阿达游戏
12899,机迷工作室
12900,Kgourmet
12901,Refactored Games
12902,Palaplay
12903,Gian Luca De Michelis
12904,阿煙
12905,Aegon Games Ltd
12906,9Th.Art
12907,Vhanjadestudios
12908,Soaphog
12909,Lalworks
12910,A13
12911,"Klutzgames, Fleischfilm"
12912,Nexxen Gaming
12913,Reno Gt Young
12914,Bento-Studio
12915,Ark Island Studio
12916,"傅真, Yahu"
12917,Critical Forge
12918,Earthquake Game Studio
12919,Redboygame
12920,Pq Pixels
12921,Creepytoad
12922,Med·Chief
12923,Baron Sengia
12924,Rd Studio
12925,Bad Fox Studios
12926,Louis Protano
12927,Hnstudios
12928,Pixelbark Games
12929,David Montesi Rivas
12930,Yakovlev Vladislav
12931,Scarab Entertainment
12932,Stormbrewers
12933,Lexis Numérique
12934,"Agostinho Dias, Ricardo Reis"
12935,Hyacinthheart
12936,Gameplete
12937,Zentyre
12938,Cstg-小光
12939,Dream Powered Games
12940,Redhorse Studio
12941,Surgent Studios
12942,"Giovanni Marin, Johannes Eski, Vinicius Marchesini, André Costa"
12943,Blebeml
12944,Nyanko Games
12945,Steinbock Games
12946,Hala Mohammed
12947,Waleles
12948,Hammerfall Publishing
12949,Moonstone
12950,Open Sky Studios
12951,Dreamlight Games
12952,The Hyper Carries!
12953,Anti-Pattern Studio
12954,A Shrine Of Ludens
12955,Goodoldman Studio
12956,One Legged Seagull
12957,S Xavier Uy
12958,Lizards Games
12959,Lee Geon Jae
12960,谭浩翔
12961,Fmtc
12962,Mohsin Rizvi
12963,Fearem
12964,"One Or Eight, Team Earthwars"
12965,Mindfield Games
12966,Awn Games
12967,Snowforged Entertainment
12968,上海酷兔网络科技有限公司
12969,Keyboardkrieger
12970,Time Traveling Badger
12971,Smee
12972,Alleyinn
12973,Black Side
12974,Fireball Studios
12975,Original Studios
12976,Beatrice
12977,Cool Beans Productions
12978,Mattia De Berardinis
12979,Ragıp Hatunoğlu
12980,Photon Experience
12981,Fx Games
12982,Dubscr
12983,Cyberphobx
12984,Omnidream Creations
12985,Gentle Troll Entertainment
12986,Fried Octopus
12987,Alyson Thiago Lopes
12988,First Heuristic Games
12989,碎片纪元工作室
12990,Daniel Mcfarline
12991,Yimiao Game
12992,Office 5656
12993,暗De刺客
12994,"Andrew Spalato, Lewis Spalato"
12995,Trailblazer Games
12996,Rev21
12997,"Cloudgate Studio, Inc."
12998,Paulo Sacilotti Junior
12999,Mobiusgames
13000,Eagleeye Games
13001,Appliks Apps Studios
13002,"Soft Brigade, Auk Play"
13003,Ortharion Project
13004,Lange Studios Llc
13005,硬石工作室
13006,Pd_Cgt
13007,"Eray Dinc Studio, Recontact Games"
13008,Jake Peng
13009,Zatun
13010,Hopsbrook Studios
13011,Star Shine Entertainment Pte Ltd
13012,Normal Distribution Llc
13013,"Maks Volegov, Gamesforgames"
13014,Retrorevolution
13015,"Machineman1357, Phanom Games"
13016,Christopher Cinq-Mars Jarvis
13017,Francolins Studio
13018,Kane Entertainment
13019,Ttcx Inc.
13020,Xuanjin Studio
13021,1P2P
13022,Critique Gaming
13023,Synaptic Response
13024,Vendor Trash Games
13025,Diego Rodrigues
13026,Kirun
13027,Shao Lei
13028,"Blue Tea Games, Eipix Entertainment"
13029,Xsspace
13030,Llamasoft Ltd
13031,Digital Monster Collective
13032,Mzonestudio
13033,Derevotyan
13034,Dcgsoft
13035,"Spaceowl Games, Erabit"
13036,Alphanuts
13037,Good Catch Games
13038,Team Clam
13039,Flightyfelon Games Inc.
13040,Black Apple
13041,Hoho Game Studio
13042,Auslogics Software
13043,Abmkf Studio
13044,Mathias Kapelrud
13045,Fw2C.Com
13046,非侠游戏
13047,Choi Jaewook
13048,Examgames
13049,Misterial Games
13050,Cliff
13051,大话江湖
13052,Woodenbulldozerstudio
13053,Naisu
13054,Storkyproduct
13055,Indie_Games_Studio
13056,"Sardos, Turélie"
13057,Daniel Bourke
13058,Wgi Gaming
13059,Jeff Sproul
13060,Michael Gschwandtner
13061,Steamy Buns Games
13062,"Bonus Level Entertainment, Astragon Development"
13063,Jkenterprises
13064,Pyrophysics
13065,"Spicyfuse, Cakesin"
13066,Light Soft
13067,Aquila Games
13068,Assemble Entertainment
13069,Little Denis Games
13070,定期的な宝物
13071,Etranges Libellules Studios
13072,Bits & Beasts
13073,Glowing Eye Games Ltd
13074,Lucid Dreams Studio
13075,Agelvik
13076,"Turtle Cream, Pokpoong Games"
13077,Red Iron Labs
13078,Terletski Games
13079,Pablo Barrón
13080,Waka Games
13081,Bluetale
13082,Christoph Schultz
13083,Xiotex Studios Ltd
13084,Gisa Ferreira
13085,Highground Games
13086,Tomo Camp
13087,Meng Games
13088,Kevin  Ryan
13089,Team In Time
13090,Duckvalley Productions
13091,Maximilian Ritters
13092,Spooky Cat
13093,"Gameformatic S.A., Red Dot Games"
13094,Yitz
13095,Quickbytes Studio
13096,Solluco
13097,Fuse.Fun
13098,Arcupion Art
13099,Ruari O'Sullivan
13100,"Kamil Andrzewski, Łukasz Tabaczkiewicz, Marcin Korzeniewski, Wojciech Ruciński"
13101,Sensen Games
13102,Rémi Adriano
13103,Kidalang
13104,Roman Kondratkov
13105,Fairy Forest
13106,"Blacer Studio, Nikodem Swider"
13107,Comcode
13108,Mad Triangles
13109,Nnゲーム工房
13110,Programancer
13111,Matthew Vimislik
13112,Sammio The Hammio
13113,Arcaludi
13114,Nvyve® Studios
13115,Kepithor Studios
13116,"New Bridge Games, Alawar Entertainment"
13117,Mitorah Games
13118,Self Madev
13119,Mystael Studio
13120,Ota Guchi Field
13121,Quill Yuri
13122,King Brick Games
13123,Crabby Team
13124,"Crescent Moon Games, Cinopt Studios"
13125,Vrdevelopment
13126,Verto Studio Llc
13127,Pyramid Games
13128,Sunny Blaze
13129,Antiquity Studio
13130,Fubenalvo
13131,Tripaw Games
13132,Random Thoughts Entertainment
13133,Team Actors
13134,"Cyborg Syndicate, Llc"
13135,Hcp Games
13136,"Michael Takami, Marcus Olivas, Miles Berman, Finn Depuy, Lance Dennison, Abner Salazar, Jackson Nadler-Block"
13137,Doyodo
13138,Pat Scott
13139,Bee Paradise
13140,"Koro.Games, Blacer Studio"
13141,Limited Input
13142,Creetor
13143,Mind Inside Games
13144,Josh Koenig Games
13145,"Cor Entertainment, Llc"
13146,Cybreath
13147,Frima
13148,Chainsaw Development
13149,Heatpot Games
13150,Fun Square Games
13151,"Kamiena, Katsumi Suenami"
13152,Good Knight Collective
13153,Andrew Ryan Henke
13154,不謹慎Brothers
13155,Kazuhide Oka
13156,A Studios
13157,"Beyourbest, Sl"
13158,Gearfall Studios
13159,Music Inside
13160,Hgisoft
13161,Paul Cooper
13162,Heliongames
13163,"Ixeria, Madbee"
13164,Derik Moretti Da Silveira
13165,"Sokpop Collective, Tom Van Den Boogaart"
13166,Studio Sott
13167,White Willow Games
13168,Mediacity Games
13169,Mythicpenguin
13170,Fruits Of Yggdrasil Studio
13171,Firepillar2
13172,Pointfiveteam
13173,Halissoni
13174,Alekseev
13175,Tt Studios
13176,Burrito Studio
13177,Bbb Games
13178,Joysteak Studios
13179,Wlend
13180,Xo Cat
13181,The Sheep'S Meow
13182,Andrea Demetrio
13183,Tahoe Games
13184,Drunk Bunny Games
13185,Hapiwaku
13186,Tyler Wrigley
13187,Blackchiligoat Studio
13188,Indiesruption
13189,Svgames
13190,Eliot
13191,Cosmo Gatto
13192,Tryhards
13193,Playlearn
13194,Niche Games
13195,Phl Collective
13196,Christian Reuter
13197,Lotus Gamestr
13198,Worthing & Moncrieff
13199,Splendortek
13200,Jonathan Grey
13201,Game Cartel
13202,Borealis
13203,Roman Chumak
13204,Dexter Manning
13205,Fedorov Ilya &Amp; Andrew Konovalov
13206,Applykat
13207,Thecrimsonbulb
13208,Wolfborg Games
13209,Jacob Singer
13210,"Dennis, Simonas, Aliu"
13211,Stray Fox Games
13212,Julia Condemi
13213,"Infiniti Sound Imagery Studios, Cine Game Interactive Systems, Magic World Productions"
13214,Jacob D Lipsky
13215,Paulstephendavis
13216,James Horn
13217,Bluecurse Studios
13218,Wulwartgames
13219,Dead Bug Gaming
13220,Happy Artist
13221,Disturbing Excitement
13222,Poisongames
13223,Grzegorz Korycki
13224,Vasileios Vrouliotis
13225,Vm Gaming Ltd.
13226,Rpg Adventures Team
13227,+Umbrella
13228,"Sarepta Studio As, Teknopilot As"
13229,Backpack Scavenger
13230,Pink Label Games
13231,Steam Blade Games
13232,Kurumi Works
13233,Big Hat Games
13234,Anti-Ded Gamedev
13235,"Sep Horsthuis, Quint Winter"
13236,Featurebug Entertainment
13237,艾露比工作室
13238,Cosmic Picnic
13239,"Rossiya Segodnya, Rialab"
13240,"Gromada, Esdigital Games"
13241,Genova Softworks
13242,Thomas Chia
13243,Ghost Machine
13244,Astrarium Games Ltd.
13245,Guanpeng Chen
13246,"Hot Seat, Ltd"
13247,Nullio Games
13248,Symmetry Dimensions Inc.
13249,Rcmadiax
13250,Kotaro Yoshida
13251,Bug-Studio
13252,Synthetic Vector Studios
13253,Tommy Gun Walrus
13254,Viveport
13255,Zoltán Kucsik
13256,Golden Cup Games
13257,Totem Games
13258,Furylz
13259,Buyaoguan
13260,Axoma Games
13261,Vk
13262,Lasso Games
13263,Protect The King
13264,Play-Em
13265,Moonless Formless
13266,Paweł Dywelski
13267,Enbask Studios
13268,"7A Games, Rarykos"
13269,Www.Superstargames.Co.Uk
13270,S0Trax994
13271,Orbital Express
13272,"Dragonetti, Ghbe Studios"
13273,"Kuko, Mustella Games"
13274,Deskclub Games
13275,Kanashi Studio
13276,Boomz Games
13277,Andreil Game
13278,"Angoo Inc., Sunsoft"
13279,Eldstorm Games
13280,Gogii
13281,Digital Universe
13282,Phantomahawk
13283,Tater Games
13284,Kmhgames
13285,Kda Games
13286,"David Gallardo, Lorenzo Gómez, Paula Cuevas"
13287,Islaoliva Games
13288,Madsushi Games
13289,Autotivity Entertainment
13290,Donato Molino
13291,Pixre
13292,"伟坚, 游戏方程工作室"
13293,Gamecask
13294,Orange Squeeb
13295,"Kenshin Game Studio, Kgs2019"
13296,Crimson Herring Studios
13297,Violet Feature
13298,"Hidden Tower, Seaorama"
13299,Rocketeer Games Studio Llc
13300,Will Bowerman
13301,The Lordz Games Studio
13302,Hepu Pictures Entertainment Company
13303,Stonebrick Studios Ug
13304,Apgal
13305,13-Lab
13306,Pinq Games
13307,Quacky Games
13308,Cinder Cone
13309,Ace Entertainment
13310,Purple Ray Studio
13311,"Licorice Ehf, Studio Evil"
13312,Yobob
13313,"Anatoliy Loginovskikh, Phenechka"
13314,Reza Mirzaei
13315,Fantasy Li
13316,Toccgames
13317,Hot Lava
13318,King Deluxe
13319,Spectral Illusions
13320,Ludum Factorem
13321,Reine Works
13322,Merso Entertainment
13323,Woody'S Games
13324,Ivan Aco
13325,Gvh Universe
13326,Brandon Mccurdy
13327,Frog Collective
13328,Meteorbyte Studios
13329,Magitec
13330,Slothwerks
13331,"Bradley Elam, Colton Bone"
13332,良友茶社
13333,Horrawr
13334,"Instituto De Astrofísica, Puc De Chile"
13335,Beni Games
13336,Disrate Studios
13337,Mreliptik
13338,Tony
13339,Abyss Gameworks
13340,Axon Genesis
13341,Ongmaker熔核工作室
13342,Ben Lunato
13343,Fabiano Naspolini De Oliveira
13344,Qipaworld
13345,Kazakovstudios
13346,Rendlike
13347,A Jolly Corpse
13348,Juncture Media
13349,"Tim Kirkhope, Artavazd Manukyan"
13350,Indiecode Games
13351,Orika Nekoi
13352,Endorth Studio
13353,V645
13354,＼上／
13355,Josiah Tull
13356,Randwerk
13357,Barlow Studio
13358,Wonsub Lee
13359,Barry Herbers
13360,Robotsgames
13361,清泉工作室
13362,Nitrous Butterfly
13363,Serenity Studios
13364,4 Hats
13365,Blockout22
13366,Raininglamppost
13367,Cooljosh3K
13368,Witty Kitty
13369,Vault Interactive
13370,Cpw Games
13371,Alexandre Yoshinaga
13372,1987 Studios
13373,Sea Of Ghosts
13374,Fov
13375,"集英社, Gotcha Gotcha Games"
13376,Studio Chili
13377,Focal Point Game Studio
13378,"Game Devs Studio, Sven S., Marcel S."
13379,Citor3
13380,Vulpoaică Games
13381,Sylen Studio
13382,Art Games
13383,"Furyu Corporation, Engine Software Bv"
13384,"Elhaitham Ashmawy, Mohamed Eshmawy, Nour Ashmawy"
13385,Lozange Lab
13386,Waraní Studios
13387,Salman Shurie
13388,Studio Pork
13389,Orange Hourglass_Games
13390,Bisquit Play
13391,Sneakybox
13392,Quasar Jogos
13393,Hapa Games
13394,Adom Huber
13395,Squinkifer Productions
13396,Examlguy
13397,Relax Minimalism
13398,Gamecraft Studios
13399,2Tainment
13400,Space Cadet Interactive
13401,Contec Games
13402,Maestro Games
13403,だらねこげーむず/Daraneko Games
13404,Hoody Studio
13405,Morbid Software
13406,Nacon Studio Milan
13407,"Trevor Jones, Trevor Jones"
13408,Bytebomb Studios
13409,Enter Skies
13410,Fuzzy Code Studio Llc
13411,Atelier Atic
13412,Lorag Games
13413,Final Boss Editing'S Games
13414,Archotech
13415,Kid'S Revolt
13416,猫台班子工作室 Cat Caboodle
13417,Kartikay Rathi
13418,"Esat, Modular Souls"
13419,Immunity Studios
13420,Fly Studio
13421,茅焱杰
13422,Claymore Game Studios
13423,Nimblebeasts
13424,"[Erka:Es], Darksquid Media"
13425,"Michal Cichra, Andrzej Jarzyna, Steven Willmott"
13426,Little_Amethyst
13427,"Shindenken, Extreme"
13428,Tinydino Games
13429,Caffeine
13430,Titanzzz
13431,"I-Novae Studios, Llc"
13432,"Digital Intergration, Digital Theory Ltd."
13433,7Quark
13434,Apogee Software
13435,Dream Up
13436,Xpathfinder
13437,Fergatroid Studios
13438,Kreamland
13439,Harmonious Games
13440,Padendon
13441,"Bit Golem, Pancake Games, 3T Labs"
13442,Gameus Inc
13443,Falkenbrew
13444,Zhou Yang
13445,Parli Studios
13446,Dobest Studio
13447,Nether Lamp
13448,The Work Club
13449,Mete Ozguz
13450,Team Machiavelli
13451,"Suzumihara, Baron Du Juvénile"
13452,Bonus Level Entertainment
13453,Braindead Broccoli
13454,Hanabira
13455,Napping Penguin
13456,Underdogz
13457,Tenkaigames
13458,Zetsubou
13459,"Donald Brooks Jones, Philip Mallory Jones, Sérgio Vieira, Arnaldo Souza"
13460,Local Space Survey Corps
13461,Slam Away Games
13462,"Wylderzone, Lowkey Gamedev"
13463,Holydevz
13464,Chris Danelon
13465,Monkeytoons
13466,Imperian Online - Hradec
13467,Autarca
13468,"Adam Saltsman, Robin Arnott"
13469,"Binge Gaming Ou, Wastelands Interactive"
13470,Mythic Gaming
13471,Veres
13472,Voxelblade Studio
13473,Imperial Dynamics
13474,Bad Kids Games
13475,Usual Suspects Studios
13476,3D-Aw
13477,Urban Giraffe Games Inc.
13478,Visual Interactive
13479,Pixel Delusion
13480,Carb
13481,Mark J. Lovegrove
13482,Pajos Games
13483,Nivision
13484,Arcwillow
13485,Rovio Entertainment Ltd
13486,Something Edgy
13487,双叶小组
13488,Fair Weather Studios
13489,Itd Collective
13490,"Muharukahana Studio, Cydron"
13491,Gamexy
13492,Dylan Bassett
13493,Skyboy Games
13494,Bynine Studio
13495,Steve Jarman
13496,Andrew Nadanyi
13497,Green Tree Games Llc
13498,Jared Blackburn
13499,Cszgames
13500,L42 Studios
13501,Vyacheslav Shilikhin
13502,Reroll Gaming
13503,Fbrzd
13504,Ngin Limited
13505,Who We Are Games
13506,Rashin Game Studio
13507,Tozukugames
13508,Solshade Games
13509,Kuma Gee
13510,Playwith Inc.
13511,Sean Marty
13512,Artnumeris
13513,Tatamibeya 畳部屋
13514,Megaseven
13515,Honest Chronicle
13516,Novel Tea Games
13517,Silhouette Valley Games
13518,Jpeg Of Pain Games
13519,Talltech Studio
13520,呜噜噜
13521,少年工作室 Juvenile Studio
13522,Downtown Blast
13523,Aastral Dynamics
13524,Number7
13525,Kyden
13526,Dmnt Interactive
13527,Sidelinesim Studios
13528,"Tabot, Inc., Natsume Inc."
13529,"Linky317, Ori"
13530,Infogrames
13531,Powersnake
13532,"Studio Zero Inc., Aerilys"
13533,Acidic Studios
13534,Black Lion Studios
13535,Eugene Tan Jianpeng
13536,Portponky
13537,"Oribe Ware, Codex Studio, Yair Artz"
13538,Moonskull Games
13539,Somer Games
13540,Citadel Games
13541,Zokya Media
13542,Fabraz
13543,Minivisions
13544,Robot Assembly
13545,Bithuffel
13546,Courteam
13547,Hron
13548,Aurelien Regard Games
13549,Starbyte
13550,Omnia Studios
13551,Pisho
13552,Cyberflix Incorporated
13553,黑心小作坊
13554,Funnylocks Corp
13555,Headless Wizard
13556,Pandomime Studio
13557,Nape Games
13558,Insightful Games
13559,Panthera Titanium
13560,Lunasoft
13561,狼皮羊工作室
13562,Embleme Studio
13563,Paper House
13564,Charlie Oscar
13565,Trois7Ème
13566,Liam Mcmains
13567,"Fk Digital, Arc System Works"
13568,"Windarities, Driod Riot"
13569,3D Talo
13570,Riz Ragent
13571,"Rage Software, Jordan Freeman Group"
13572,Lutegames
13573,Joshua Hotchin
13574,Danius
13575,Papermill Games
13576,Gilligames
13577,Menacing Aura Games
13578,Dsdev Games
13579,Raia Software Inc.
13580,Strange Horizons Ltd
13581,Chronicle Bench
13582,No Future
13583,咲熠
13584,Freshwindsoftware
13585,"Wix Games, Mad.Com"
13586,Seespace Labs
13587,Jürgen Hoffmann
13588,Catastrophic_Overload
13589,Unorthodox Studio
13590,Drproject
13591,Jonathan Mulcahy
13592,Blue Cat Studio
13593,Astrodition Development
13594,"Ar Glimpse, Llc"
13595,Flashrush Games
13596,Crystice Softworks
13597,Sliver.Tv
13598,Dudollar
13599,Omegacore
13600,Bauschan Gamez
13601,Kranx Productions
13602,"Newmatic Co., Ltd."
13603,Extra Nice
13604,Please Be Patient
13605,Pavel Zinchenko
13606,Joshua Keith
13607,Popera Studio
13608,David Pierucci
13609,Inazuma Games
13610,Ggs Studio Creation
13611,Rolling Crown
13612,Comp-3 Interactive
13613,Bit Byterz
13614,Jerome Labelle
13615,Gold Turtle Games
13616,Musclebird
13617,Darktree Development
13618,Steedie
13619,"Tombas Tomáš Basovnik, Martin Hoferek"
13620,Primitive Studio
13621,Aquatic Games
13622,烈火
13623,不思議な世界の観光日記
13624,Haha Studio
13625,8Bit
13626,"Conan Mcphee, Joe Assi"
13627,Innovina/Studiokiku
13628,狐一
13629,Wrestler
13630,Asa Studio
13631,"Retrorave, Llc"
13632,Toy Box Lab
13633,Blaze The Star
13634,Self-Developed
13635,Satsuki
13636,Moxie Game Studio
13637,James Dornan
13638,Gabbergames.Com
13639,Chocolate Liberation Front
13640,"Indikator, Bober Bros, Alex Grim, M83 Galaxy, Avocato, Trioskaz, Thesecondleft, Max Specter"
13641,Revolto Software
13642,"Camefrom.Space, Marco Sadowski"
13643,Tg Nord
13644,Nicklas Nygren
13645,Xocus
13646,Ember Wing Games
13647,Gmd13
13648,Free Initiative Games
13649,Coffee Studio
13650,Rocket Jump Technology
13651,Upper Byte
13652,Cold North Games
13653,The Net Champs
13654,Jack Goddard
13655,Pretty Potato Games
13656,Spider Key Games
13657,Berry Berry Niceu
13658,Blestworks
13659,Zever Games
13660,Ghost_Rus Games
13661,Asgleague Studios
13662,Intravenous Software
13663,Crynsystems
13664,Wild Wizard Studios
13665,Ne Games
13666,Ruve Game Studio
13667,Sibling Rivalry Games
13668,Inexplicable Games
13669,Evercats
13670,Lastgame
13671,"Saturn Vr, Nipsapp Game Studios"
13672,Out Of Bounds
13673,Hkgamesstudios
13674,"J. M. Beraldo, Time Galleon"
13675,Itchy Games
13676,弦语蝶梦
13677,Output Enable Studio
13678,Unizza Studio
13679,"Btd Studio Co.,Ltd."
13680,Hybriona Technologies Llp
13681,Donkulosis Labs
13682,胡桃遊戲
13683,Rinober
13684,W&H Game Systems
13685,Braindistrict
13686,Carrion Wave Llc
13687,Gartal Games
13688,Chengcong
13689,"Youth Feather Center, Yfl Studio"
13690,Algoji
13691,Certain Affinity™
13692,Beta 2 Games
13693,Aries
13694,"Inxile Entertainment, Krome Studios"
13695,Shape Space Vr
13696,Super X Studios Llc
13697,Kiro'O Games
13698,Vc
13699,Jareed Dempsey
13700,"Oddscure, Radiodog"
13701,"Konami, Guruguru"
13702,Bad Minions
13703,Breaking Walls
13704,Fragment Production Ltd.
13705,Sponge
13706,Doggottengame
13707,Red Koi Box
13708,Tcs Production
13709,"Kushagra Pratap Singh, Timo Braun"
13710,Secondfox
13711,Dragons
13712,Nate Bit Games
13713,Dreamssoftgames
13714,Vladislav Khorev
13715,Opqam
13716,Tangled Web Games
13717,Totem Entertainment
13718,Moonlight Kids
13719,Rvl Games
13720,Master Bronze Elite
13721,Team Spikkeee
13722,"Farsight Studios, Inc."
13723,Polar Motion
13724,Smart Online Games
13725,Humberto Jiménez Olea
13726,Theprinceofmars
13727,Remnants Of Mosaic
13728,Lola Fisher
13729,Yuuuge Games
13730,随便做做游戏组
13731,James Moulang
13732,Supercap Games Llc
13733,Ziegler Gamedev Gbr
13734,Gotta Go Studios
13735,Will Sykes Games
13736,Random
13737,+7 Software
13738,Luminark
13739,Tykocom
13740,Multiverse Games
13741,Axe Games
13742,Busy B Studios Llc
13743,"Cody Wren, David Tree, Jon Pearce"
13744,Rockwell Studios
13745,Saboteur Game Co.Ltd.
13746,Second Wind Interactive
13747,"Automata Source, Quirkafleeg"
13748,"Metalcat Interactive Co.,Ltd"
13749,Bomber Studio
13750,Bogemic Games
13751,The Lazy Summer
13752,7 Box Games
13753,Pantera Entertainment
13754,Sklorite Studios Llc
13755,High Performance Games
13756,Syrent Games
13757,E-Funsoft Games
13758,Night Walker
13759,Grove Street Games
13760,猫龙游戏
13761,Oldhc
13762,Stalkeralex..
13763,"Mirrorsoft, Pss"
13764,Dosman Games
13765,2Am_Project
13766,Relentless Software
13767,Wesley Reitsma
13768,Immortal Hand Studios
13769,Lionsword
13770,Bruno Bombardi
13771,Kaimaro
13772,Tesondo
13773,"Daring Touch, 10Th Art Studio"
13774,Coffeesnail
13775,Mrcowdisease
13776,Yayapipi
13777,Redkar Devs
13778,"Brin, Freja"
13779,Classy Yak Game Studio
13780,Shazard G Bansraj
13781,Angry Toad Oy
13782,Topstitch Games
13783,"Sarepta Studio, Teknopilot"
13784,Dayn
13785,Indiemaniadev
13786,Spoocle
13787,Pablo Vidaurre Sanz
13788,Plimmerton Games
13789,Victorian Clambake
13790,Ifgames Studio
13791,Bigtapir Games
13792,Genuine Studio
13793,Hazmatwithahat
13794,鸡毛社
13795,Justo Dias
13796,Lavamind
13797,Maraby
13798,Grow Powde
13799,Liu Daohuan
13800,Burrik
13801,Blind Monkey Games
13802,"Jean, Roger123"
13803,Ermedia
13804,Doubles Core
13805,Red Twice Potato
13806,Sandra Moen
13807,Xxxxxxxx
13808,Simple Gaming
13809,Black Death Apps Limited
13810,"Ian, Megan, Maxen"
13811,Bryce Summer
13812,"Amy Li, Mitchell Shannon, Morgan Wesemann, Stacie Mclaury, Tim Arterbury, Trystan Jasperson"
13813,Happy Sphinx Studios
13814,Rikard Swahn
13815,Fazedor De Jogos
13816,Woebegone Interactive Llc
13817,Gamma Ray Chamber
13818,Loco Motion Devs
13819,Skylor Beck
13820,Gami Studio
13821,Curtis Ashford
13822,Home Groan Games
13823,Flapbox Studios
13824,Canari Games
13825,Breno Alexsander
13826,基本操作Playclass
13827,Sakevisual
13828,Sisin Games
13829,Dr Bloc
13830,Cg-Imagine
13831,Pompom
13832,Vi Combo
13833,Deathmofumofu
13834,Mike Gagnon
13835,Charon
13836,Birdydog Studio
13837,"Öbb, Topgames"
13838,Lovely Pretty Ultra Loving You
13839,1010 Games
13840,Lydo Studios
13841,"Spielmannspiel, Bison, Jujibla"
13842,"Plucre Co., Ltd."
13843,Tsukinomizu Project
13844,Drageus Games
13845,Team Lumba
13846,"Raptor Claw Games, Millendream"
13847,Elastic Games
13848,Madskillzgame
13849,Evoluta Studio
13850,Fin Deevy
13851,"Electric Eggplant, Kalani Games, Inc., Hrg (Heirs Of Rube Goldberg), Unity Games"
13852,Charybdis Ltd
13853,Atchio Games
13854,Cybernetic Walrus
13855,Hexadecimalstudios
13856,Amosov Vladyslav
13857,Divovision Games
13858,David Lewis
13859,Raynmakyr
13860,Disco Dog
13861,"Dreamskillz, Hyperstrange"
13862,Snack Games
13863,//Commentout
13864,Spiritelder
13865,うどんぱ
13866,Dmitry Azarov
13867,Steven Silverstein
13868,Piao Jingfu
13869,Triadne
13870,Ribeye Games
13871,Me
13872,Snowrunner Games
13873,Keep Spinning
13874,Bartoš Studio
13875,Vox Mare
13876,Affliction Networks
13877,Yunkai
13878,"Children Of Cyberspace, In-Dialog Collective"
13879,Irox Games
13880,Lamaglama Games
13881,Sonejo Studios
13882,"La Frontera Vr, Zeppelin Tv"
13883,1Cc Games
13884,Play Nicely
13885,Elton Silva
13886,Mildly Professional
13887,Niebla Games
13888,Shining Team
13889,Rabbit Hole Games
13890,Haphazard Studios
13891,Sheriff Games
13892,Aidor Games
13893,Seven Sails Games
13894,Harvey Games
13895,"Createdelic, Llc"
13896,"La Belle Games, Arte France"
13897,"The Dev!, Rockfire Games"
13898,"Daniel Noronha, Gabriel Noronha"
13899,Runwild Entertainment
13900,Oldmoustache Gameworks
13901,Studio Elfriede
13902,Provincia Studio
13903,Adam Stępiński
13904,Martin Bauer
13905,Polyart Studio
13906,"Starloop Studios, Craneballs Studio"
13907,"Midnight Mood Studio, La Belle Games"
13908,Endut Games
13909,616 Games
13910,Essential Power Games
13911,Sandspire Interactive
13912,Red Triangle Games
13913,Red Hedgehog
13914,Han Zhiyu
13915,One Man In A Boat
13916,Erhan Yıldırım
13917,Celestial Gold Studios
13918,Freqtik
13919,"Binx Games, Croteam Incubator, Croteam"
13920,Astralis Games
13921,Tj
13922,Hu Zenan
13923,Cestmir Kocian
13924,Rajacorp
13925,"Foo Vr, Inc."
13926,Shark And Pelican Games
13927,Rumor Games
13928,An-5
13929,Hyultis
13930,Physx Studio
13931,Blokifg
13932,Lunafrost Studio
13933,Catze
13934,Alawar North
13935,02Games
13936,Schwarz Games
13937,"Red Ego Games, Omar Bik"
13938,"Dejobaan Games, Petricore, Inc."
13939,Lock 'N Load Publishing
13940,Pain Pepper
13941,Specialbit Studio
13942,Screwy Lightbulb
13943,Pixleaves
13944,Treon Games
13945,Studio Gamaii
13946,"Flying Fire, Llc"
13947,Fogbound
13948,Vox Studios
13949,Jade Ciderquist
13950,Vertex Pop
13951,Iamrece
13952,Enigma Studio
13953,Thirdpixel Interactive
13954,Johnny Dale Lonack
13955,Rablo Games
13956,Happy Square Productions
13957,"Actually A Game Company, L.L.C"
13958,Tinyatomgames
13959,Vea Games
13960,Sinsisters Studios
13961,Dogpet
13962,Imagit Games
13963,Wish Fang
13964,Suzaku Games
13965,Arcadesindo
13966,Rentaka
13967,Gilded Rune Games
13968,"Appeal Studios, Balio Studio"
13969,Bigzur Games
13970,Literallyeveryone Games
13971,Team Tands Plus
13972,Feemodev
13973,Ef Universe Games Llc
13974,Zac Marvin
13975,Gafafres Studio
13976,Gluten Free Games
13977,Rainmade Games
13978,Cjgames
13979,Silent Games
13980,"Bluedrake42, Lucas Melo"
13981,Triple Topping
13982,Astonia Reborn
13983,Safari Games
13984,New Jerty Developer
13985,Synter Games
13986,Cat-Astrophe Games
13987,Dominik Michalke
13988,Drago Software
13989,Whitesquare Game Studio
13990,Solar Powered Games
13991,The Light Of Science
13992,Llamasoft Ltd.
13993,Talentless Person Games
13994,Alder Games
13995,Mage Studioz
13996,Flower_Official
13997,Far Side Of North Studio
13998,Beat-Fu Studio
13999,A44 Games
14000,Citreat Studio
14001,Tomadan
14002,"Coldwild Games, Vladimir Slav, Helen Nazarenko"
14003,"Dead Level, Mitchelson Brooks, Louis Mctague, Tony Cuni, Emilio Alban, Mary Ellis, Nicolas Witthoeft, Carly Hasson, Daniel Dabdoub, Dylan Rodrigues, Kaelee Feliciano, Joe Colombo, Elliott Bailey-Wills, Edwin Sanchez"
14004,D1One
14005,Glaucus Games
14006,"Ntwo Studio Co., Ltd"
14007,"Jared Gimbel, Kaverini Korp"
14008,Campus Cámara De Sevilla - Centro Fp Superior
14009,"Redlock Studio, Enclave"
14010,Don Pachi
14011,Antler Interactive
14012,Monolith Of Minds
14013,3Di Llc
14014,Bit Golem
14015,Ajané J.K. Célestin
14016,Tamamo Studio
14017,Gatling Goat Studios
14018,Wizbyte Games
14019,"Illfonic, Psyop Games"
14020,1337 Game Design
14021,Brainbox Software
14022,Proteus Studios
14023,Shadow Blade Productions
14024,Avelar Studios
14025,Tankcatgames
14026,"Jsmael Stieger, Manuel Stieger, Andreas Stieger"
14027,Wave Light Games Inc.
14028,Room Games
14029,Devnari
14030,Best Games Collection
14031,Hexdraw
14032,"Taito Corp., M2 Co.,Ltd"
14033,Cubic Survivor Developer
14034,Laughing Machines
14035,Cafe Shiba
14036,"Martin Bartsch, Stephanie Senjuty Bartsch"
14037,Ghost Dog Films
14038,"Klabater, Juggler Games"
14039,青灯独酌
14040,Normerse
14041,Lambdadev
14042,Two Inc
14043,鹊思网络
14044,Poala Productions
14045,Magic
14046,Black Alchemy Games
14047,Nuclear Strawberry
14048,Castleabra Studios
14049,"Alexandre Gilotte, Thierry Gilotte"
14050,Elderstone Studios
14051,Absurdponcho
14052,Dremgames
14053,Legendarylegion
14054,Prots Andrii
14055,Studio Nisse Llc
14056,Boxfox Studios
14057,Cyborn B.V.
14058,Bomb Sequitur Games
14059,Vladimir Pliashkun
14060,Fern Nigro
14061,Miskatonic Studio
14062,Last Quarter Studios
14063,Lawrence Russell
14064,Pardelworks
14065,Darius Immanuel Guerrero
14066,Illyriad Games
14067,Ask_Games
14068,Volition Inc.
14069,Nacon Studio Ghent
14070,Chicken In The Corn
14071,Mateusz Kulis
14072,Metric Empire
14073,"Christopher Anselmo, Fern Nigro"
14074,"Gremlin Interactive, Interplay Entertainment"
14075,Vega Horizon Studio
14076,Motiviti
14077,Souvenir Circ.
14078,Cwh Entertainment
14079,Leaf Boat Studio
14080,喵法自然
14081,Joe Renwick
14082,崔资坦独立游戏Triztan Indiegame
14083,武儒小生
14084,"Xingguo Youyu Fangyuan Network Technology Co., Ltd."
14085,Italo Games
14086,Monkey.Joyful
14087,Puzzled_Squid
14088,"Nightdive Studios, Apogee Software, New Blood Interactive"
14089,Tecmiba
14090,Dave Studio
14091,Andy Howard Games
14092,Awe Games
14093,Cresthelm Studios
14094,Petr Sapozhnikov
14095,Appnori Inc.
14096,Spacepiano Games
14097,"Simon Hischier, Michael Schürmann"
14098,Team Dimension
14099,Emotion Studio
14100,Biart
14101,Dreamatrix
14102,Hitgrab
14103,Quest_Games
14104,Alfa Dynasty
14105,Nyx Digital Ltd
14106,Andrew Heymann
14107,Sleepninja Games
14108,"Mucky Foot Productions Ltd, My Little Planet Ltd"
14109,Cow Corp.
14110,Neon Pink Software Llc
14111,1/2Ofoctahedron
14112,Elite Lords Studios
14113,"Newgen Interactive Software, Corp."
14114,Planet Moon Studios
14115,Light Road Games
14116,Calvin Weibel
14117,Bloodbrothers Studios
14118,Hanoi Studios
14119,Desync Donkeys
14120,David Flossdorf
14121,凝冰剑斩
14122,Don Emídio Navarro Games
14123,Icehead Studio
14124,"Tyler Rogers, David Colson"
14125,Omaj
14126,Newcore Games
14127,"Beach Interactive, Close Studios"
14128,Vallynne
14129,"Big Splash Games, Llc"
14130,Quad Cycles
14131,Çınar'S Art
14132,"Achenar Studios, Danilomacb"
14133,Firebase Industries Ltd.
14134,Kymera Games
14135,Xero Tr-Mmxz
14136,Reija Meriläinen
14137,"Microprose Software, Inc."
14138,Bug-Meister Production
14139,Lockpickle
14140,Circyn Software
14141,12X1 Doze Por Um Studio
14142,Indievision
14143,"Evil Boobs Cult, Firstgamemarket"
14144,Hazardous Software Inc.
14145,P.+
14146,确实是起名苦手
14147,Unreliable Narrators
14148,Katsudou Mangaya
14149,Redgate Entertainment
14150,"Secret Character, Itsaraamata"
14151,"Crim Co., Ltd."
14152,Mikhail Melnikov
14153,Nuriverse
14154,Gingertips Game Studio
14155,Super Fighter Team
14156,Dmnt
14157,"Ram Ram Games, Business Goose Studios"
14158,Red Abyss Software
14159,Jeffgamedev
14160,Feardemic
14161,Vtree Llc
14162,"Vertigo Games, Wolfdog Interactive"
14163,Cake Collective Games
14164,Boombit
14165,Brutal Studio
14166,Little Maxima Llc
14167,Thial
14168,Dtf Games
14169,Hurrycat Studios
14170,Cubyte Games
14171,Studiodobby
14172,October Games
14173,"Pocket Moon Games, Thanathan"
14174,Breadcrumbs Interactive
14175,Seyloj
14176,Playemotionstudios
14177,Class-2
14178,Tap By Tap
14179,"Gn Studios, Gn Studios"
14180,Citadel Studios Inc
14181,N94Games
14182,"Michael Ferrier, Sarah Jane Lapp"
14183,Sealdev
14184,Seventh Heart Studios
14185,Studiogiw
14186,Studio Lintex
14187,Graverobber Foundation
14188,Vision Reelle
14189,"Christopher Yabsley, Stroboskop, Visceralerror, Nikk F., Fyre Games, Roope Tamminen, Shakles, Darkstone Digital, Philisophic Games, Colorfiction, Iwilliams, Matt Reeves, Abbey 'Scruncho' Smith"
14190,Bitnine Studio
14191,Wisdom Tree
14192,Include0
14193,Miroslav Fídler
14194,"Aliasworlds, Amegami, Rionix, Melesta"
14195,Team Redshift
14196,Greeb
14197,"N-Alt Lab, Lepterion, Lancer0076"
14198,Rpics Studio
14199,R-Next
14200,Cold Light Games
14201,Chris Holtshouser
14202,Dupeyron
14203,Sean Tann
14204,Kaniheadcrab
14205,Spokdev
14206,Last Lotus
14207,Ut Studio
14208,Magicfoxg
14209,"Square Enix, Gamestudio Inc., Kai Graphics Inc."
14210,Akky-06'S Lab
14211,9 Eyes Game Studio
14212,"Mtb Design Works, Inc."
14213,"Jetdogs Studios, Corepunch Gamestudio"
14214,Just Amusing Myself Studios
14215,X-Furni
14216,Alex Williams
14217,Marco Games
14218,Illuminated Games
14219,Mayuns Games
14220,Rowen Horton
14221,星愿游戏制作组
14222,Tabbing Tabby
14223,Csm
14224,Senrufu Studios
14225,Spectra Entertainment Inc.
14226,"Out Of The Park Developments, Minos Games"
14227,Despodev
14228,糯米团子工作室
14229,Marcos Raoi
14230,Silver Machine Studios
14231,Ennoble Studios
14232,Jmn
14233,Mindark Pe Ab
14234,"Paul Jessup, Prezumoto, Destroyer851"
14235,Latif Güngör
14236,Bigitec Studio
14237,!Cyberapex (Skagogames)
14238,Mehmet Barış Yıldız
14239,Arcade Injection
14240,The Diamondstorm
14241,Flyaway Studios
14242,Spire Interactive
14243,"Mingyu Information Technology Shanghai Co., Ltd."
14244,"Ani4Bio  Animated, Isiflix Prod."
14245,"Talos Studios, Llc"
14246,Hathos Interactive
14247,Lolcow Games
14248,Dark Star Data
14249,Rubilaxe
14250,Emblematic Group
14251,New Dawn Game Studio
14252,Goathaus Games
14253,Gameloom Studio
14254,Racingo
14255,Egor Magurin
14256,Jason Carter
14257,Nekotokage Games
14258,"Joseph Adams, Madeleine Adams"
14259,Bitfinity
14260,Voler Creative
14261,Firechick
14262,Cape Cosmic
14263,Yebbes Gamestudio
14264,Cody Tierson (Trash Eyes)
14265,Spooky House Studios Ug Haftungsbeschraenkt
14266,Interone Inc.
14267,Mads & Friends
14268,Fate Game Studio
14269,"Nightdive Studios, Lucasarts"
14270,Team Zom Nom
14271,Significant Steak
14272,Eric
14273,Phoenix Game
14274,Achimostawinan Games
14275,Calumnius
14276,Deniz Dzhevatov
14277,Sqgame
14278,Epoching
14279,Joseph Distler
14280,Berksavi
14281,"Argali Entertainment, Wonderland"
14282,广州希普网络科技有限公司
14283,Miya'S Game
14284,Null Exception Studios
14285,阿鹿的Alu
14286,Www.Volkgam.Ru
14287,"Alexander Bogdanov, Alexandrina Svitsyna"
14288,Dynamite Horse
14289,Bulathard
14290,Zmakesgames
14291,Ragna Maya
14292,Pixel Blitz Studios
14293,Victorian Studio
14294,Who Am I Studio
14295,Sekushi Usagi Games
14296,Efficiency
14297,"André Facchinetti, Rafael Rios"
14298,Cypronia
14299,Deer Dream Studios
14300,Deen Games
14301,John Coday
14302,Na3_Anykey
14303,"Fully Illustrated, Darkwind Media"
14304,R4Ptor Studios
14305,"Lewis Spalato, Andrew Spalato"
14306,D.Virus
14307,Dig
14308,Airborne Games
14309,Mergen Games
14310,Suncats
14311,巫师工作室
14312,Smack Down Productions
14313,Angel Carriola
14314,Keaton Applebaum
14315,Pionierwerk
14316,Universal Everything
14317,Emperor
14318,Arttrace
14319,Harsh Khatri
14320,Battlefront
14321,Aleksander Ciesielski
14322,Thierry Brim
14323,Overrun Games
14324,Cozy Village
14325,Justin K. Touchstone
14326,Slice Bar Games
14327,Code Bell
14328,Imran Arafat
14329,Bugra Ozden
14330,High Impact Games
14331,Pier Plowman
14332,Undreamed Games
14333,Ian Delaune
14334,"La Poule Noire, Arte France"
14335,Milky Way
14336,Dmitry
14337,Leaf Team Games
14338,Michail Ostrowski
14339,Ks Studio
14340,Machine Nun
14341,"Flaming Llama Games, Gammera Nest"
14342,Revizorgamestudio
14343,D.N.S.S.
14344,Dpt
14345,A Small Game Ab
14346,Jether
14347,Tribexr Inc.
14348,"The Dead Pixel Society, Llc"
14349,Sakura Mangekyou
14350,Uvarov Andrei
14351,Brett Rogers
14352,Brain Bombers
14353,On3D Studios
14354,Five Mind Creations
14355,Lightworker Games
14356,"Colnelius, Albin Bernhardsson"
14357,Rais Z.
14358,Alex Luna
14359,Simon Says: Play!
14360,The Random Generator Expert
14361,Ingamemechanics
14362,Ti-Max & Mat
14363,Indy Lion Studios
14364,Trapstar Games
14365,Winged Pixel Inc.
14366,Grab Games
14367,Avix Games
14368,Creartoria
14369,Luciano Pino Games
14370,Matt Sayer
14371,Damage State
14372,Phantom Studio
14373,Rising Pixel
14374,Fasold Publishing
14375,Softwaves Mini
14376,Mtr
14377,Galen Games
14378,Defrost Games
14379,Huang Mei Zhao
14380,Spire Studio
14381,Del7In
14382,Ihor Kalinin
14383,Thatcarrotfella
14384,Mana Wings
14385,Ulon
14386,Sensei Games
14387,Pigasus Games
14388,Wayward Thoughts Interactive
14389,Pink Rabbit
14390,Point & Pixel Adventures
14391,Shimmersoft
14392,Akabeisoft2
14393,Kicksome Entertainment
14394,Windforce
14395,Yunus Sevin
14396,Bridget Hillje
14397,Chashu Entertainment
14398,Iskra
14399,Gundes
14400,Shanghai Xunxin
14401,Metalmana Games Ltd.
14402,Play Wireless
14403,Larkylabs
14404,Matt Lloyd
14405,Ievo
14406,Undercoders
14407,Robust Games
14408,Anvilbird Interactive
14409,Kwakwagames
14410,Nichita Ciuprin
14411,Tinycorp
14412,Pathos Interactive
14413,Blossom Games
14414,Sangwoon Jin
14415,Chehraz
14416,Tenco
14417,Dust Scratch Games
14418,Lonhong Team
14419,Kyonbu
14420,"Aagh Games, Llc"
14421,Pinochet Lab
14422,Izyan
14423,Ankokumarimo
14424,Landmark Digital Productions
14425,"Maxestla, Mathieu"
14426,Ozan Sen
14427,Virtualage
14428,"Всж, Ozon671Games"
14429,Detalion
14430,Spaghetti Code Ltd
14431,"Miltonius Arts, Llc"
14432,Llyr Ap Cenydd
14433,修仙传
14434,Autumn Moon
14435,Richard Bueno
14436,Unknown People Lab
14437,Odencat
14438,"Skybrave, Edvard Stokstad"
14439,"Xitilon, Thedreik, Gerzera, Xeneder"
14440,Casey Clyde
14441,Red Fox Studios
14442,Blue Commands
14443,Fujicubesoft
14444,James Mearman
14445,"Jenny Chen, Changcheng Fu, Hunter Huynh, Miranda Liu, Eric Shen"
14446,Recall Studios
14447,Dan_D
14448,The Light Sword Team
14449,Akos Makovics
14450,Nonfictional Games
14451,Kuno Interactive
14452,Solohack3R Studios
14453,Brenton Wildes
14454,Nicholas Hiller
14455,4Tale Production
14456,Wasatch Games
14457,Gamerealmmadness
14458,Don Yasa Crew
14459,Kristopher Poulin-Thibault
14460,Bitlock Studio
14461,Independentart
14462,Buffalo Buffalo Buffalo
14463,Magnetic Realms
14464,Juan Jose Garrido Gomez
14465,Wantgamestudio
14466,Baptiste Degryse
14467,"Jans Dev Team, Finngames"
14468,"魁塔工作室, 不语游戏设计工作室"
14469,"Alawar, Whalebox Studio"
14470,Axis Studios
14471,Pixel Night
14472,Aoca Game Lab
14473,Wisecat
14474,Post Mortem Pixels
14475,Lavabird
14476,Twen
14477,Morningstar Studios
14478,Davioware And Quazi
14479,Dafu Studio
14480,505 Pulse
14481,Neko Cloud
14482,No-Brain Studio
14483,Otaku
14484,Ikimasho
14485,Iscreamdye
14486,Wildprophecy
14487,Rymentz
14488,Autumn Pioneer
14489,Lastcall Studio
14490,Hinge Games Ltd.
14491,Lxxii
14492,"Level 9 Computing, Pss"
14493,Tinzone Games
14494,Gromov Studio
14495,Sumo Studio
14496,Lumatap Llc
14497,Svsdgames
14498,Smart Systems Technology Incorporated
14499,"Overcloud9, Phantasm Games"
14500,"Somoga,  Inc., Sims Co. Ltd."
14501,Disillusion Dev
14502,Ecc Games S.A.
14503,Hosthood Studio
14504,光鸽
14505,Origamihero Games
14506,Jugilus
14507,Fivedead Interactive Inc.
14508,Mksm Design Llc
14509,摸鱼猫工作室
14510,Artii Games Llc
14511,Fly & Wing Studio
14512,Gray Mantis
14513,"Mujo Games, Stuffed Wombat"
14514,Ackosmic Games
14515,Lunar Rooster
14516,开翼网络
14517,"Balaber1Yl, B52 Development Team"
14518,Justus Yew
14519,Peace
14520,"Buka Development, Saturn Plus"
14521,Leimonya
14522,Binary Helix
14523,Drowsy Whale
14524,Pablo Rodriguez
14525,"Object Software, Zoom Platform Media, Jordan Freeman Group"
14526,Floodcore Team
14527,Maverickmatryoshka
14528,Sodigital
14529,Guts United
14530,Kajak Games
14531,Fluffy Bunny Studios
14532,D.W.S.
14533,Mikayden Gutierrez
14534,"Talha Kaya, Kayabros"
14535,Luca Favano
14536,上海宏境启博科技有限公司
14537,Cleveland Mark Blakemore
14538,Bubble Bus Software
14539,Denys Rudyi Games
14540,Dolores Entertainment
14541,Danieldavisgames
14542,Soliloquy Games
14543,"La\Va, Nicolai Clemmensen, Gabriele Cirulli"
14544,大雪原工作室
14545,"Joindots, Silentfuture"
14546,Recontact Games
14547,Lonely Boy Studio Inc.
14548,Huindie
14549,Delapaix
14550,"Wales Interactive, Interflix Media"
14551,Inciti Games
14552,Blackturn Ltd
14553,Silesia Games Sp. Z O.O.
14554,Elephant Arts
14555,Antoine Aubin
14556,Happy Art Club
14557,Bada Games
14558,Astrid Ztar
14559,Aotmgufhcmrigudnoe
14560,Ice And Fire Isle Studio
14561,Chudsoft
14562,18Light Game Ltd.
14563,Duxomnia
14564,Zaxtorgames
14565,星环游戏
14566,Techhome
14567,5Th Planet Games Development Aps
14568,Tisnart
14569,Osaris Games
14570,Thejamiryu
14571,Jaklub
14572,Kenisoft Game Studio
14573,Nofuel Games
14574,George Manavalan
14575,Ifio Studio
14576,Animicgame
14577,Docksonwedge
14578,Black Sun Games Inc.
14579,Big Inc. Co. Llc.
14580,Tense Games
14581,"Samurai Punk, Nicholas Mcdonnell"
14582,Nerd Kingdom Inc.
14583,Quasardeep
14584,Jammed Up Studios
14585,Md Studio
14586,Alpha Six Productions
14587,"Wesley Heberle, Kaian Vargas"
14588,Goodzeit Ug
14589,Anguis Game Studio
14590,Fizzostia
14591,Ryan Boc
14592,Griffin G. Salazar
14593,Erdos Xuelian Future Technology
14594,Orangegames
14595,Xefier Games Inc.
14596,"Sólfar Studios, Rvx"
14597,Flightless Squid Studios
14598,Back To Games
14599,Team Replay
14600,Igarashi
14601,Two More Games
14602,Twindrills
14603,Blazing Badger
14604,Waytoyaatra Company
14605,Bizi Games
14606,Devious Technologies
14607,Old Keyboard
14608,"Jochen Heizmann, Emmanuel Henné"
14609,Vittorio Romeo
14610,"Mojotouch, Adventure Soft"
14611,199 Cents Studio
14612,Figure Fantasy
14613,Arcane Bay Labs
14614,Lost Bazaar Developers
14615,Gral
14616,Oriolus Software Gmbh
14617,Soraki
14618,Pitigamedev
14619,Guilherme Giacomini
14620,"Nise-Eikoku Studio, Cubetype"
14621,"Robotrage, Maldonacho"
14622,Frontline: Games Series
14623,飞麦菌
14624,Gravity Shenanigans
14625,Fuzzy Pixel Game Studio
14626,Tea Leaf Studios
14627,Anotherworld Gmbh
14628,Draw Games Developers
14629,Upsilongames
14630,"Sergiopoverony, Nick Urs"
14631,Lionbite Games
14632,Cavebrave
14633,"Nicolás Recabarren, Tomás Batista"
14634,"Dreadxp, Torple Dook, Adam Pype & Viktor Kraus, Kira, Corpsepile, Breogan Hackett, Redact Games, Modus Interactive, Basalt Tower, Blood Machine, Bryce Bucher, Dirigo Games, Moya Horror, Wayward Preacher, Amon26"
14635,Silver
14636,Andy Brophy
14637,Meekrab Games
14638,William Wofford
14639,Gwe Games
14640,Chaogames
14641,Sascha Hartleb
14642,Pinta Studios
14643,Puzzle Lab
14644,Jiwoo Lee
14645,"Cxcy Co.,Ltd"
14646,Rob Ager
14647,Gamedia
14648,Korion Interactive
14649,Ludact
14650,Rubén Arranz
14651,Christoph Frey
14652,Dark Arc Games
14653,Italian Party Of Indie Developer
14654,Nikola Bulj
14655,Bplusgames
14656,Radikate
14657,"Gammera Nest, Nacho Rodríguez"
14658,Xpellgames
14659,Nelset
14660,Nalu Zou
14661,Ourlastspring
14662,Eternity Games
14663,Funny Face Games
14664,Shenzhen Beanvr Technology Co.Ltd
14665,Archive Entertainment
14666,Rafal Grabos
14667,Windfield Games
14668,Jakob Vidal
14669,Pocket Trap
14670,Dragons Eye Studio
14671,Misteryjay89
14672,Epiphany Games
14673,"Meteorwing, Meteorsakito"
14674,Frosted Wings Studio
14675,Mc Game
14676,Void Knight Games
14677,Nullpointer Games
14678,Pleasingfungus Games
14679,"Fang'S Lab, Flatcoon"
14680,"Tachi, Vaka Game Magazine"
14681,Pyrodactyl
14682,Long Wing Studio
14683,Saintxi
14684,Jox Studio
14685,No Strike
14686,Bew Games
14687,Ultimate Walrus
14688,E-Funsoft
14689,Gkeylab
14690,20 Watt Games
14691,Propilgames
14692,Estenio Garcia
14693,Kadokawa Corporation
14694,Robert Wahler
14695,Tomotoro
14696,Spacedaisy Studio
14697,Ithaqua Labs
14698,蝴蝶互动信息技术有限公司
14699,Egutidze
14700,Niles Sankey
14701,Hunted Cow Studios
14702,Spacemyfriend
14703,Remtairy
14704,Ironcode Gaming
14705,Aiueokompany
14706,Nekomata Games Llc
14707,Benedict Ide
14708,"Melos Han-Tani, Marina Kittaka"
14709,Hyper'Sthene
14710,Wily Pumpkin
14711,Patron Ibrahim
14712,Darts Games
14713,Karsten Todnem
14714,"Skycat Games, Bumblebee."
14715,"Drew Warner, Isaak Gaffney"
14716,Magic Cube
14717,Slam Productions Ltd
14718,.Gravity
14719,Black Fishmaker
14720,Qloc
14721,Room122
14722,Indiedevdan
14723,Shadowink Designs
14724,Aspih Dev
14725,R8 Games Ltd
14726,Karuna
14727,Itamu
14728,Nekotofuurin
14729,Alex V
14730,Ridgeline Studios Llc
14731,Roger Kaffer
14732,Wmgames
14733,"Dreamstep, Wild Kid Games"
14734,Fabian Jarrett
14735,Pinhead Games
14736,Hera Games
14737,8Monkey Labs
14738,Foxsox Games
14739,"Softwool, Cauê Henrique, Cuca"
14740,Vethergen
14741,"Metthink, Matheus Reis Queiroga"
14742,Epsilon Games
14743,Green-Eyed Taxi
14744,Blockcode Games
14745,Connor Ullmann
14746,Dogwood Gaming
14747,Beliberda Games
14748,Drierwhisper729
14749,Osarisgames
14750,Made In Mavis
14751,Sleepy Sentry
14752,"Breaking Dimensions, Polygon Dust Entertainment Ltd."
14753,Tsn Entertainment
14754,Games For May
14755,Spektor
14756,"Silky'S Plus Wasabi, Silky’S Plus Alpha"
14757,Syberstudio
14758,Studio Don Quixote
14759,热区网络
14760,Blue Entropy Studios
14761,Stephan Birkl
14762,Dillyframe
14763,Bilge
14764,Simpals Llc
14765,Superlou
14766,路
14767,"Pinhead Games, Aalgar Productions"
14768,Shiningcloud Studio
14769,"Silent S Studios, Llc"
14770,Yellowegg Game Studios
14771,Rakesh Malik
14772,Shell Productions
14773,Studio Sterneck
14774,Cowboy
14775,Sofa Mauve Studio Inc.
14776,Sunray Games
14777,Studio Burning Eyes
14778,Odious Studios Llc
14779,"John Morris, Emily Jean Richardson"
14780,Katelyst
14781,Rock Nano Global
14782,3D Avenue
14783,Rumata Lab
14784,Aslak
14785,Cm Softworks
14786,Superstruct
14787,"Birchtree, Generalissimo Birchimus, Captain Birchia, Lieutenant Soli Deo Gloria, The Zfc Defined Set Of All Developers Of The Birchian 6D Metaverse Inside The 5Th Phase Of The Birchian Universe, After Setember Of 2024."
14788,Krz
14789,John Borkowski
14790,Andrew Bykov
14791,Team Monad
14792,Kite &Amp; Lightning
14793,Petrus-Games
14794,Quite Good
14795,Pixyul
14796,Sk Games
14797,Addonius Productions
14798,Chillswitch Games
14799,Three Swords Studio
14800,Second Reality
14801,"River Twice Co., Ltd."
14802,Lino Rabolini
14803,Fixer Games
14804,Roman Shuvalov
14805,Mass Game Devs
14806,Arika
14807,一只零零发工作室
14808,"Rebel Games, Team6 Game Studios"
14809,Tainted Pact
14810,Redsen Game
14811,Dwall Games
14812,Zhang Lidong
14813,"Joe Sullivan, Brookwood Games"
14814,Alejandro Moreno
14815,Pimpgamestudio
14816,Xxaloserxx
14817,Automatongroup
14818,Dotoyou Games
14819,Peevasseeq Games
14820,Paper Cult
14821,Realm Of Cubes Creations
14822,Kelkk
14823,Linkup
14824,Cozy Game Pals
14825,Vulgat
14826,Wydawnictwo Dagiel
14827,Delicious Software
14828,Magory.Net
14829,"独立游戏开发组：, 萌逗, Joy"
14830,Torna Games
14831,Surprised Hotdog Limited
14832,"Neofid Studios, Nindo"
14833,Philippe Schober
14834,Jon Prestidge
14835,Dancing Developers
14836,"Dnovel, Freeanimals_Software"
14837,Coal Valley Games
14838,Erroneouscreationist
14839,Maestro Cinetik
14840,Ben Fredericks [Collaborations]
14841,"Atomic Breath, Frazack"
14842,Meadow Studios
14843,"Serhii Khramov, Dmytro Pohrebnyi, Ivan Shutko, Illia Ustenko"
14844,Icopad
14845,Mrgold
14846,Engage Pixel
14847,Secret Lab 72
14848,Arcticfox223
14849,Z. Bill
14850,Bigwednesday
14851,Smoodlez
14852,Focus Code Ltd
14853,"Hangzhou Wookart Technology Co.,Ltd."
14854,Big Sky Software Llc
14855,Fengfeng
14856,凯撒工作室
14857,Mariluzaria
14858,Rouhana
14859,易远游戏
14860,Quick Click Games
14861,"Mauris, Tech-5 Ug"
14862,Immersion
14863,Redox Entertainment Inc
14864,Paranoid Productions
14865,Phoenix Interactive Studio
14866,"Jeremy Evers, Negspect, Inc."
14867,Idleclick Games
14868,Konotoko
14869,Damon Smith
14870,Joynowstudio
14871,Skydevilpalm
14872,Shaman Games
14873,Alexander Mirdzveli
14874,Stop-Tussin
14875,Kaloyan Kaludov
14876,Second Variety Games
14877,Eudaimon Games
14878,Blooming Buds Studio
14879,"坤舆科技, 一冉影视"
14880,Cowboy Color
14881,"Termeno, S.R.O."
14882,Grey Gods
14883,"Retrelon Games, Llc"
14884,"Flashpoint Games, Llc"
14885,Dawenyu
14886,Shalini Deb
14887,Thomas Höfer
14888,Klode
14889,Ruskija Game Experience
14890,Gopstop Interactive
14891,"Mages. Inc., 5Pb., Experience Inc."
14892,Big Scorch
14893,Epic Byte Studios
14894,"Shandong Jerei Digital Technology Co.,Ltd."
14895,Texic
14896,Voxeled Studios
14897,James Earl Cox Iii
14898,Stdio_934
14899,Illius
14900,Sushi_Soft
14901,Rose Arcana Games
14902,Clay Peterson
14903,Dilui
14904,Cookielegends
14905,Secret Door
14906,Alterstaff Inc.
14907,Swizzzle
14908,Cody Penn
14909,Pon Pon Games
14910,Joymania Development
14911,Yellow Dot
14912,Q-Cumber Factory
14913,Phantom 8 Studio
14914,Brandon Weeks
14915,Paintedreality
14916,Oceandeep Network
14917,Casual Arts
14918,Team Zandarkan
14919,Luke Toons
14920,Snap Finger Click
14921,Odeum
14922,Fullbrik Games
14923,Schlawutzco Extreme Gaming
14924,Sumalab
14925,Tingthing
14926,Megapop
14927,Spark5
14928,Mario Papadopoulos
14929,Aftnareld
14930,Yeyinggame
14931,のっぽ
14932,Harun Yusuf Şahin
14933,Shenandoah Studio
14934,Space Dog
14935,Alimolistudio
14936,Wizard Dudes
14937,Warped Tales
14938,Aj Ordaz Games
14939,Ab Studio
14940,Josep Monzonis Hernandez
14941,Moustache Cabal
14942,Ariah Studios
14943,Impawsible Games
14944,Hhgame
14945,Gaming Minds
14946,Man Up Time
14947,Sharkgame
14948,Diego Ras
14949,"Gamechanger Studio, Neon Doctrine"
14950,Mankind
14951,"Spark Plug Games, Llc"
14952,Virtual Rabbit Studio
14953,Ask Games
14954,Red Cattus
14955,Isaaczhang
14956,Funcybear
14957,Elbencraft
14958,David Pateti
14959,Infinitus Studios
14960,Zgold
14961,"Rionix, Alawar Entertainment"
14962,Cloudy Games Llc
14963,Cybershoes
14964,Discocargames
14965,拾光创梦
14966,Simonschreibt
14967,Deanforge
14968,Bonion Games
14969,Aguspr
14970,Nps努力
14971,Lemondo Entertainment
14972,Cien Studio
14973,Piotr Kowalski
14974,Music Breath
14975,Crazyrrroc
14976,Ponywolf
14977,Nomnomstudio
14978,Technolomics
14979,"Crania Games, Göktuğ Ülvan"
14980,Dopterra
14981,Crazysoft Limited
14982,Atd
14983,Well Played
14984,"Synapticswitch, Llc"
14985,"Thedreik, Xeneder"
14986,Metricminds Gmbh & Co Kg
14987,Sleepingfrog
14988,"Storm Man Games, Keegan Speidel"
14989,Thorium Games
14990,Pawstream Games
14991,Yatagarasu Dev Team
14992,Vodkademo?
14993,Vimes Entertainment
14994,Evgiz
14995,Heydeck Games
14996,Brucefilm
14997,Actpng
14998,Antti Mannisto
14999,"Loomiarts, Fehorama Filmes"
15000,Mercury Game Studio
15001,Vain Media Llc
15002,Blindsight Games Llc
15003,Aroko Game Studio
15004,Cheetah Mobile Inc.
15005,Bonnate
15006,Titouan Millet
15007,Gachisoft
15008,Potato10
15009,Papertip Studio
15010,Vision Interactive
15011,Jzps Games
15012,Tamerlan Satualdypov
15013,Mike Wigen
15014,Magichouse
15015,Ladder Games
15016,Christian Bommert
15017,Levall Games Ab
15018,"Infogrames Entertainment Sa, Gremlin Interactive"
15019,Anawiki Games
15020,Skuhataagyall Dev
15021,Swarog Games
15022,Hat Games
15023,"Jon Lamont, Jon Braun"
15024,Monkeyfactory Media
15025,Wooshido
15026,"David Söderström, Mikaela Marti, Evelyn Petterson"
15027,Ttlcic
15028,Gabriel Lopez
15029,Jim Best
15030,Connoradever
15031,Pugsley Llc
15032,Drashvr Llc
15033,Valentin Supiot
15034,8Bitlab
15035,武汉幻狮科技有限公司
15036,Veatryzlon-Zegod
15037,Bottled Games Interactive
15038,Princesseuh
15039,Indie/Anon Games
15040,Vision Forge Team
15041,Xingchunfang
15042,Electric Falcon Llc
15043,热泉 Redspring
15044,Datura Games
15045,Alexey Suslin
15046,Penguinet
15047,Alpheratz Games
15048,Peacock Dreams Games
15049,Studio215
15050,Girl Software
15051,Lemon Curd Games
15052,Next Level Video Games Llc
15053,Mathieu Pronovost
15054,Balti Calarasi
15055,Lizardwish
15056,"Talia Bob Mair, Matt Garnett, Braden Banning"
15057,Odd Comet Games
15058,Dalibor Kamnjanac
15059,Hellyeah!
15060,Preloaded
15061,Mrzapps
15062,Alaska
15063,Scott Mcclusky
15064,Signsine
15065,Ofer Rubinstein
15066,"Unk Games, Abdullah, Mortatha"
15067,Wrf Studios
15068,Novaerc
15069,"Fred Grant Studios, Fred Grant"
15070,Tuesday Quest
15071,炎黄工作室
15072,Logan Timelierg Eberly
15073,Game For Games
15074,"Happymeal Inc., Esquadra,Inc."
15075,Verediana Games
15076,Davide Sassoli
15077,League Factory
15078,Heroic Fantasy Games Dot Com
15079,Tower Up Studios
15080,Hayo Van Reek
15081,Nick
15082,Arquoia
15083,Thunder Perfect Witchcraft
15084,Ali Soltanian Fard Jahromi
15085,White_Rabbit_Games
15086,J
15087,"Seedgames Co., Ltd."
15088,Kazo Studio
15089,Boat Anchor Games
15090,Nsc Creative
15091,Bcqt
15092,Igor Litvinsky
15093,Metal Heart Game Studios
15094,Mediocrity Interactive
15095,"Cécile Amstad, James Lennon, Lindsay Orsini, Himanshu Chaudhary, Hunter Kyle"
15096,白日梦
15097,Bay Games
15098,"Frinky, Frosty"
15099,Nomina Games
15100,Epic Llama
15101,Bitslo
15102,Erwin Wolf
15103,Mikanbatake
15104,Contraddiction Games
15105,Horizon Studio
15106,Futurevisionsgames
15107,Cabbusoft
15108,788 Garage Studio
15109,S.R.S Interactive
15110,Byking Rookies
15111,Desync Studios
15112,"Fern Nigro, Christopher Anselmo, Daniel Marques"
15113,Hatrabbit Entertainment
15114,Aberrator
15115,"Everplay Interactive, Blow And Try Again, Rocketcat Games"
15116,Ludogram
15117,Starsystemstudios
15118,Play Native Entertainment
15119,Borrowed Light Studios
15120,"Julian Edison, Grayson Dew"
15121,Digital Bento
15122,Halva Studio
15123,Adam Tarnowski
15124,The Sun Will Rise Team
15125,Cubical Drift
15126,Pixel Prophecy
15127,Rsupport Inc.
15128,Taner Games
15129,Dog Theory
15130,High And Wide
15131,Fun Cradle
15132,Acidicduck
15133,Himalaya Studios
15134,置雨制作组
15135,Thug Rabbit Games
15136,A To Play Ltd
15137,Lovegame
15138,Nivlacart
15139,"Tero Lunkka, Valkeala Software, Ntstudios"
15140,"Kit Gardner, Sam Robinson, Holly Gardner, Jason Runkel, Tommy Yoder, Josh Perusse"
15141,Garapa Studio
15142,Tmesis Studio
15143,Hashbang Games
15144,"Ata Türkoğlu, Canberk Demir"
15145,Score Studios Llc
15146,Zerpfa
15147,Edwin Ochieng' Nyaluogo
15148,Hunter Tintera
15149,"Hirn Im Glas, Iirmchen, Irmo"
15150,Rj Workshop
15151,Jonathan Coryn
15152,"Maoucat Studio / 魔王貓工作室, Sounding Stone / 老奉毊"
15153,"Food Dream Factory, 萌豆游戏"
15154,Runelight Owl
15155,Itera Laboratories
15156,Space Plunge
15157,Overon Station
15158,Peregrin Developers
15159,Deerriver
15160,Aaron Saluk
15161,Stationgames
15162,Pixelhive
15163,Gibbous Pig Games
15164,Blackmouth Games
15165,Koreez
15166,Mr.Valik
15167,Nineplus Studio
15168,Doublecherry Ltd
15169,Lost Rabbit Digital
15170,Hardball Games Ltd
15171,Blast Programming
15172,冰凌
15173,Oleksandr Savostianov
15174,3D Factory
15175,Sandorhq
15176,Lndfrr
15177,Xtornado Games
15178,Powerburger
15179,Subtle Blend Software
15180,Reddot Games
15181,Claws Up Games
15182,Adrian Ubiorski
15183,Cosmic Edge Gaming
15184,Nations Software
15185,宁夏华夏西部影视城有限公司
15186,Cankut Keskin
15187,Abn Studio Inc.
15188,Sb Games World
15189,Sirius Games
15190,Alander Studio
15191,"Alternative Software Ltd, Involution Team"
15192,Jacksong13
15193,Underdoor
15194,Da Bongo Studio
15195,Andorf Games
15196,Fossil Games
15197,Exquisite Games
15198,Goobers Secret
15199,Reanimato.Rus
15200,Illo Games
15201,Suminell Studios
15202,Neon Flamingo Games
15203,Kény Bigny
15204,Muzt Die Studios
15205,Acram Digital
15206,Caracal Games
15207,Goblinagerie
15208,Frutgames
15209,Jco
15210,"Rpax, Gpc"
15211,Gosha Games
15212,"Hannibalnotdead, Gamesforfarm"
15213,Doorway Mountain Studios
15214,Staples Vr
15215,Pixelcircuit
15216,Plagen Shiki
15217,Whamgames
15218,Critical Games
15219,Jumpcore Productions
15220,Jl Apps
15221,Kurayami Yume Games
15222,Vespertine Digital
15223,Hunex
15224,"Cinétévé Experience, Backlight, Tape"
15225,Wss Playground
15226,Teamb
15227,Mellowstudios
15228,Paperseven Ltd
15229,Oi Games
15230,No Sleep Software Ltd.
15231,Electronic Paradise
15232,Iskonsko Studio
15233,Waterpepper Games
15234,Nyakuza Games
15235,Ben 'Yahtzee' Croshaw
15236,"Chris Johnson, Chris Larkin"
15237,Ruairi
15238,"Interabang Entertainment, Spoony Bard Productions"
15239,Isotope 244 Llc
15240,Fold Up Studios
15241,Mini It
15242,Sieg Lu
15243,Riff Studios
15244,Label This
15245,"Chard, De Fault, Richard Campbell"
15246,Rudefrog Studios
15247,Apple Cider
15248,Tang Ganlin
15249,"Andy Sum, Marcus Grambau"
15250,"Mareffy, Mareffy'S Games"
15251,Fabrice Magdanz
15252,Zestyts
15253,"Silverware Games, Inc."
15254,Meepower
15255,Borisoft
15256,"Grasshopper Manufacture Inc., Active Gaming Media Inc."
15257,Swiftkraft
15258,"Un Je Ne Sais Quoi, Umanimation"
15259,Plaguenurse
15260,"Duncan Perham, Steve Tierney"
15261,Sneaky Mammoth
15262,"Ms Games, Mk Studios"
15263,D-Ark Studio
15264,Red Vibe Studio
15265,Heg Games
15266,Cube Games
15267,Black Knife Games
15268,Ecoshooter
15269,The Tambourine
15270,Spacetronaut Ltd Co
15271,"Jurlo, Jetpackgone"
15272,Z-Software Gmbh
15273,Intaglyph
15274,"Beep Games, Inc., Tribetoy"
15275,"Rainbow Flute Studio, Nvlmaker"
15276,Ender里特莫
15277,Resting Relic
15278,Pehesse
15279,Cody Williams
15280,Mighty Yell
15281,Strong Cube
15282,Hannes Breuer
15283,Necronomicon Games
15284,Mebius.
15285,Gnarvana Studios
15286,Livinskii Aleksandr
15287,Indigoware
15288,Tom Johnson
15289,Gray Flamingo
15290,Fenix Studios Pty Ltd
15291,Grisgris
15292,"Xihe Animation, Jasminssummer Project"
15293,Lotus Games
15294,くそいサイト
15295,Jeff Rigler
15296,Jack Boylan
15297,Kevin Yang Games
15298,Hinawajin
15299,"Hade Games, Greenfigure"
15300,Aaron Mcdevitt
15301,Ob3
15302,Jbs
15303,Jesus E Ruiz
15304,Mb Aka Frank
15305,Psycho
15306,Truefx Games
15307,Macao Science Center Limited
15308,Lulugames
15309,Picola Inc.
15310,Base0
15311,Boatmeal Brothers
15312,"Mgp Studios, Solid9 Studio"
15313,Blacktale Games
15314,Luis R. Gamboa
15315,Barkeygames
15316,"Charlykuschel, Pocketgames"
15317,Buck Studios
15318,W
15319,Keelworks
15320,Team Vivat
15321,Woolhig
15322,Afrobeast Games
15323,Guang Zhou Xi Pu Wang Luo Ke Ji You Xian Gong Si
15324,Kaan Özgül
15325,Bitsmith Games
15326,Bravecat'Studios
15327,Altai Entertainment
15328,Ferran Pla
15329,Trite Games
15330,Magec
15331,Tcr
15332,Alan Lin
15333,Endesga
15334,100Hr Games Inc
15335,Endless Games
15336,Wise Dad Games
15337,Heartcoredev
15338,Pixelsdesign Vr Dev
15339,Ndout
15340,Tega Studio
15341,Kagura Games
15342,Uab Kinelija
15343,Plexus Team
15344,D20Studios
15345,Hamsters
15346,Wooden Shoes Games
15347,Tom Kitchen
15348,Atric Games
15349,Abi.Dos.Software
15350,Emre Tanirgan
15351,Mapachexstudio
15352,Storyline Team.
15353,Art-Kar
15354,Pigeoncube Studios
15355,Phyzixmind
15356,Narko Games
15357,Copokbl
15358,"David Strachan, Dex Cimino"
15359,Redrockgs
15360,Squirrel Brain Games
15361,Vedev
15362,Codeparade
15363,Hephaestus Games
15364,Starlike Inc.
15365,Max Ritters
15366,Gray Fin Studios
15367,王韋
15368,Request Logic
15369,"Saturn-Plus, Orion"
15370,Woodenwolf
15371,Kiralice Sha
15372,Daniil Titner
15373,Yamate
15374,Game Changers
15375,Jungwoo Yom
15376,Starmaster Studio
15377,正方形劳伦斯
15378,Cold Pressed Games
15379,Odyssey Studios
15380,Zerotris
15381,Zooptek
15382,The Secret Experiment
15383,Liminaldepths
15384,Icegames Studios
15385,Unamedia
15386,Shallowstomach
15387,Bedtime Phobias
15388,Firesprite Ltd
15389,Black Tower Basement
15390,Ivent Games
15391,Graytower
15392,New Star Games Ltd
15393,Lovheim Studios
15394,Pixel Rice
15395,Patriot Game Studio
15396,Onur Doğan
15397,"Nitrome, Yacht Club Games"
15398,Cute Hannah'S Games
15399,War Frogs Studio
15400,[2.21]
15401,Moju Games
15402,Naiad Entertainment Llc
15403,Zz Games
15404,Osur
15405,Serafini Productions
15406,Studio Chahut
15407,Lucasfilm Games
15408,"Image Power S.A., Gameformatic S.A."
15409,Half Human Games
15410,Dev_Lyh
15411,Miguel G. Corchero
15412,Ham Goblin
15413,"Kaleido, Inc."
15414,Cro Game Developers
15415,Vr Triber
15416,"Coldwild Games, Vladimir Slav, Elena Nazarenko"
15417,Jacob Allen
15418,"Dreaming Wizard Games, Łukasz Radziejewicz"
15419,Don Whitaker
15420,"Girls On Campus, From Freshmen To Faculty, All Fall For Me!"
15421,Mutant Entertainment Studios
15422,Simplexgamestudio
15423,Fenous
15424,Fallen Penguin Studios
15425,左宗棠
15426,"Caffeine, Inc"
15427,Zero Directive
15428,Geod Studio
15429,Benjamin Famiglietti
15430,"Storia, Narrator, Simoncreative"
15431,Fabian.L
15432,Empty Assembly
15433,"Arttu Tuovinen, Alan Bourhis, Michael Callaghan"
15434,Pine Drake Games
15435,"Mad Capacity, Lrevg"
15436,Stormcube Games
15437,Deep Field
15438,M
15439,Dio Alias Games
15440,Faris Mohammed
15441,Mercat Games
15442,Ironic Title Studio
15443,Supertry Studios
15444,Funomena
15445,雪見いつか
15446,Melessthanthree
15447,Centrosphere Games
15448,Vectura Games
15449,Miikka Åsnabrygg
15450,Field Game Studio
15451,Probe Software
15452,Wobbly Tooth
15453,"Shanghai Huihuan Network Technology Co.,Ltd."
15454,Beam Software
15455,Moonroof Studios
15456,Fushidaratei
15457,"Raghnar, Xxjoshxx, Faller, Sekai, Waifuxv, A0King"
15458,Sticky Studios
15459,Shane Strunk
15460,Creepy Pixel Studio
15461,深圳市灵境互娱科技有限公司
15462,Appmania/I-Free
15463,Mad-Mantra Games
15464,Lunarhellgames
15465,Apeirogon Games
15466,Jackson Stock
15467,Familyplay
15468,北京图之未来信息科技有限公司
15469,Pinkpeachstudio
15470,"Present Day Media, Llc"
15471,Salsawi
15472,Glitch Factory
15473,Dhamster
15474,Rebrank
15475,Robot House
15476,Hearty Soup Studio
15477,Dark Slope
15478,Thinking Of Cremation?
15479,Bwi Games
15480,Leviathanimation
15481,Suspension Games
15482,Wk
15483,Fluik Entertainment Inc
15484,Mystery Crown
15485,Beehive Games
15486,Zonex Entertainment Studios
15487,Free Radical Design
15488,Vanargand Games
15489,Critix Studios
15490,Groovy Milk
15491,Heat Wave Games
15492,Ba.D
15493,Interactive Gaming Studios
15494,La Cosa
15495,Irinkutor
15496,Pixel Beef Games
15497,Igry.Ru
15498,Kraken Empire
15499,Australian Broadcasting Corporation
15500,"Tero Lunkka, Gangsta Studios"
15501,Bandit Games
15502,彼云工作室
15503,Vr Designs
15504,Qrnch Tech Ab
15505,Dwarven Potion Brew
15506,Gamewriterstudio
15507,3M0 Studio
15508,"Cupana Games, Felipe Maia, Victor Luccas Frey"
15509,"Studio Don Quixote, Minotaur Production"
15510,Dghz
15511,Metasla
15512,Relvasdev
15513,Guara Digital
15514,Blake Garner
15515,Deion Mobile
15516,Firebrush Studios
15517,Aigul Aubanova
15518,Maya
15519,Zorki
15520,Five Percents
15521,Iconicartsllp
15522,天局
15523,O'Stinky Lab.
15524,Joshua Roland
15525,À La Mode Games
15526,Mind Crew
15527,Construct Studio
15528,Cybernetik Design
15529,Be-Rad Entertainment
15530,Wonderbox Games
15531,The Learning Company
15532,Mastertapp
15533,Xylem Studios
15534,Thelaba
15535,Bread Machine Games
15536,E-Snail Studio
15537,"Smithsonian American Art Museum, Intel Corporation, Twofivesix, Valis Studios, Xrez Studios"
15538,Lolof
15539,Spaghetti Yeti Studios
15540,"Digital Cove Games, Mad Scientist Studios"
15541,Big Fat Cat Studio
15542,Jollyco
15543,Golden Epoch Media
15544,Mobiuscode
15545,Cortex Code
15546,Daniel Graves
15547,Oblix Llc
15548,Gillian Yue
15549,Gentlegear Games
15550,Kamingames
15551,June Studio
15552,Pixelplex
15553,"Dan Schumacher, Schubox Games"
15554,5Th Cell
15555,Mehmet Uluç Şahin
15556,The Pulse
15557,Warlock Arts
15558,"Aaron Wise, Vidas Salavejus"
15559,Classic Game Software
15560,Lol
15561,Porchman Games
15562,Brosslab
15563,Uğur Çeli̇k
15564,"Will Orr, Chris Orr"
15565,Joymoon Tech Ltd.
15566,Svero Forge
15567,As-Key
15568,"Charlie Behan, Raddy Peid"
15569,Yamiuchi Project
15570,Var Live International Ltd
15571,Hexwar Games Ltd
15572,Victoria Rafaelian
15573,Zut Games
15574,Synetic Gmbh
15575,Oneiric Entertainment Llc
15576,Metthink
15577,Andrew Jackson
15578,"Binary Charm, Daring Touch"
15579,Nielsdev
15580,"Vkev, Kither"
15581,Ivan Sukhanov
15582,Chessbase
15583,Sinergia Studios
15584,Gokiburigeemu
15585,Wip Studios
15586,Technocat Games
15587,Nekoromorph
15588,Peaksel D.O.O. Nis
15589,Funflashstudio
15590,Sogoal
15591,Life Jumb Dt
15592,Junction Games
15593,Kimeric Labs
15594,Fulby Technologies
15595,V.P. Team
15596,Vipagames
15597,Omegan'S Domain
15598,Gamemaker
15599,Fuming
15600,猕猴桃游戏
15601,Goldenevolution
15602,Shattered Moon Games
15603,Juhbee
15604,Cutlass Boardgames
15605,Sanya Laneev
15606,Edgestudios
15607,Xiangji Software Studio
15608,Pita Game
15609,Webfoot
15610,Thegamemill
15611,Neki4 Electronics
15612,Storm Wizard Studios
15613,Glitch Games Ltd
15614,Fungameco Ltd
15615,Element Tale
15616,Team Shuriken
15617,"Girls Make Games, Team Invenio"
15618,Philippe Pelchat
15619,Spilevoi Bogdan
15620,Savage Level
15621,Onni Interactive
15622,Duckbearlab
15623,Frederik Holst
15624,Turtle Cream
15625,Hero Studio
15626,Matt Glanville
15627,Zilby
15628,Fred Sauer
15629,Totally Normal Creature
15630,"Hexadrive Inc., D4 Enterprise Co., Ltd."
15631,Stefan Ortelbach
15632,Pin-Point
15633,Fabian Esteban
15634,Jaguar Land Rover Limited
15635,Mirball Games
15636,Dima Fyuriy
15637,Cyberdream
15638,Nkmr Appworks
15639,Steelkrill Studio
15640,Jack Lance
15641,Fogime
15642,Amhardcore
15643,Michael Seaholm
15644,"Masquarade, Nicholas St. Germain"
15645,Theoneo Games
15646,Groove Jones Llc
15647,El Demso
15648,Eon46
15649,Kbjgames
15650,Albin Bernhardsson
15651,Ravinia
15652,Astra Playroom
15653,Hexware Studio
15654,Inner Monkey
15655,Jonas Herfindal
15656,Gestmorph Games
15657,Tubby Turtle Studios
15658,Vreal Inc
15659,Light & Digital Technology
15660,Tesseract Interactive
15661,Swipe Claw Games
15662,"Project Angels Dev, Alienzproject"
15663,Only By Midnight Ltd.
15664,Future Proof
15665,The Octo Mind
15666,Radek Volf
15667,Say2Sun
15668,Bunny Berry
15669,Steve Welz
15670,Badbit Games
15671,Parisii
15672,Provodnik Games
15673,James Sun
15674,Xian'Yu
15675,"Jérôme Bodin, Cédric Ledoux, Joseph Herbelin"
15676,Traviteam Games
15677,Thedreik
15678,"Rocket Science Games, Jordan Freeman Group, Segasoft"
15679,Senile Team
15680,Azathorn Game Studio
15681,神心飘游堂
15682,Tikgames
15683,Moon Scape
15684,Kubat Software
15685,"The Acceleration Agency, Farcade"
15686,"Bananaking, 台灣香蕉王"
15687,"Diana Nuño, Isara Martinez"
15688,Pink Pad Productions
15689,Justin Jimmo
15690,Magic Tavern
15691,Albertus Prince Aexp
15692,Trinity Project
15693,土豆火锅
15694,Nostalgia
15695,乔元成
15696,Roman Kozhukhov
15697,Firevector
15698,Jfxgames
15699,Wr
15700,"Tunermaxx Media Gmbh, Muikkumedia Oy"
15701,Clément Salotti
15702,Drone Garden Studios
15703,Tracer Interactive
15704,Rd'S Gaming Studio
15705,"Student Team Of Korea Vocational College Of Information And Technology (Republic Of Korea), 한국It전문학교 학생팀"
15706,Scika
15707,Underlight
15708,Kofi-S
15709,"Sep Reds, Ageod"
15710,Robot Legs Games
15711,Lydgamestudio
15712,Kanipro Games
15713,Dev It With Cat
15714,Olivango
15715,Aza Game Studio
15716,赚大钱工作室
15717,Bernhard Potuzak
15718,幻想理戈游戏开发工作室
15719,Hyper Thetical Games
15720,Animas Games
15721,Tentcoding
15722,Starfield Gaming
15723,Maika Games
15724,Farom Studio
15725,Blue Sunset Games
15726,Soulven Games
15727,Softstar Technology(Beijing)Co.Ltd
15728,"Mojotouch, Red Sprite Studios"
15729,恒睿游戏
15730,Ccm
15731,Fasnep
15732,"Igame, Iyou"
15733,Behrmann Studios
15734,Indie Ninjas
15735,Octillion Entertainment
15736,Sixth Vowel
15737,上海愉游网络科技有限公司
15738,Mayoninja Games
15739,Vitruviusvr
15740,Misadventurous
15741,Sunrealm Studios
15742,Zerobit
15743,"Outerdawn, Lost Goblin"
15744,"Grove Street Games, E Mcneill"
15745,Snorillaka
15746,Mzone Studio
15747,Venturous
15748,Patrick Murrell
15749,Viktor Kovács
15750,Thecatamites / Tommy Tone / A. Degen
15751,Octopig
15752,Studio Pakira
15753,Stratton Studios
15754,Decumanus Games
15755,"Roger Kaffer, Sky Hawk Bressette"
15756,"Mighty Papaya, Esat"
15757,"Benedict Fritz, Greg Wohlwend, Joel Corelitz, David Laskey, Jenna Blazevich"
15758,Dincicode
15759,Studio Vyrsar Games
15760,Lunarex Games
15761,Gamedevmikey
15762,Ghost Productions
15763,"Bread Team, Victor Solodilov, Denis Novikov"
15764,Image Works
15765,Uniiao Game
15766,Madrails
15767,Tead
15768,Red Basket Games
15769,3Y3.Net
15770,Smiling Dragon Rpg Studios
15771,Daniel Schemann
15772,E-Funsoft  Games
15773,Shinu Real Arts
15774,Tasty Delicious Games
15775,Shokizm Interactive
15776,Noodle Games
15777,Donderbos Games
15778,Digital Berzerk
15779,Pixel Hero Games
15780,林檎树
15781,Morgana A.T.
15782,Teamcrew
15783,Oddbird
15784,Ultra Runaway Games
15785,掘墓人Zero
15786,Sensualharvest
15787,Raytrace Interactive
15788,Redlightsstudio
15789,Ave
15790,Shattered Journal Games
15791,Tchow
15792,Studio Teamshuriken
15793,"Exquisite Games, Biotae"
15794,What The Fantastic Games Group
15795,Bar Interactive
15796,Vlaarsan Studio
15797,Toblue
15798,Schickmair Games
15799,Prime8 International Limited
15800,Critical Miss Games
15801,Witte Studio
15802,"Valkeala Software, Tero Lunkka, Blackthug"
15803,"Cavylabs, Madcat Corp"
15804,为了共和开发团队
15805,Ruthenium Game Studio
15806,Stone Lantern Games
15807,"作場金属製作所 Sakuba Metal Works, Smokymonkeys"
15808,Akatsuki-Works
15809,Johan Hjärpe
15810,Tk Studio
15811,"Wolderado, Belaniax"
15812,Virtual Space Inc.
15813,Tarba Paul Cornel
15814,"Luckshot Shorts, Brieyh'Leai, Chris, Karley, Max, Nic, Tom"
15815,Mag
15816,Tony Wang
15817,Richard East
15818,Dev4Play
15819,Medievalnexus
15820,Lilugames
15821,Drepublic Labs Ltd
15822,Team B
15823,Zotnip
15824,Tesseract Games
15825,Hv
15826,Munted Finger
15827,Oleg Antipov
15828,Dot.Dear
15829,One Man Band Games
15830,Mellow Armadillo
15831,犟游社
15832,Odooh Games
15833,Dream Harvest
15834,Yuri Kissaten
15835,Dalton
15836,"Daniel Fuller, Cameron Beattie"
15837,"Finji, Kittehface Software"
15838,Maker製造機
15839,Dreamtree Studio Sdn. Bhd.
15840,Madant Games
15841,Timeslip Softworks
15842,"Area 35, Inc."
15843,Themiddlegray
15844,Art Of Adventures
15845,"Connor Sherlock, Cameron Kunzelman"
15846,奶貓
15847,Wasper Games
15848,Impiresoft
15849,"Alex Suber, Nate Turley, Mark Fingerhut"
15850,Siderift
15851,"Golden Goblins, Rainbow Arts"
15852,Etherlight
15853,Студия Ф
15854,Assult
15855,Sisusieni
15856,"Wide Right Interactive, Mark Zorn"
15857,Sesisoft
15858,"Dimitri Kozma, Orbe Filmes"
15859,Königsborgs
15860,Craft Game Studio
15861,Romain Bourbon
15862,Gonzovr
15863,House Of Secrets
15864,Steel Thunder
15865,Ddd Wares
15866,Stay Small Studios
15867,Axel Studio
15868,Palfrey Games
15869,226Gamestudio
15870,Bulbideas
15871,Shawn Perolis
15872,Team Soletude
15873,Mohamamd Ali
15874,"Play, Silden"
15875,"The Unconditional Love Of 400,000 Little Birds"
15876,Tsukki'S Tea Party
15877,Visper Games
15878,Roll Mops Interactive
15879,Gamesoft Studios
15880,Arrible
15881,7Gizmo Ltd
15882,Demimonde
15883,酷呐网络科技
15884,Rob Moore
15885,Moonloop Games
15886,Wsg Entertainment
15887,4Tins Studios
15888,Devon
15889,Lightea Fish Studio
15890,Flying Color Bear
15891,"Denny Truong, Andy Schneider"
15892,Saluie Studios Llc
15893,るび様崇める会
15894,Massive Galaxy Studios
15895,Out Of The Box Games Ug
15896,"Koukoustudios, Faber Interactive"
15897,Blusped
15898,Robbie And James Games
15899,全能侦探社
15900,Sylvie Sweet
15901,Esturia Games
15902,Nuclear Caveman
15903,Endrew
15904,Rockmaker Team
15905,Pixel Lantern
15906,Cygnus Entertainment
15907,With The Love Studios
15908,Iconoclast Operations
15909,Betaking Studios
15910,Baltoro Games
15911,Cosmicnobab Games
15912,Ultimate Studio
15913,Jimjams Games
15914,Tiki'S Lab
15915,Ooblies
15916,Lexip Games
15917,Jaydan Lunt
15918,Lussels
15919,Apphic Games
15920,Ex Compute
15921,"Calvin Williams, Player J"
15922,Tanukihouse
15923,Jeff Trier
15924,Tony Mckormack
15925,Blackthornprod
15926,Software Geezers
15927,Tomas Daugela
15928,Cat Nigiri
15929,"Corey Martin, Teo Zamudio"
15930,Grumpy Guppy Games
15931,Madcow S.R.L.
15932,Silver Cat Studios
15933,"Kirakira Monstars, Whitepowder"
15934,Team Rez
15935,Prof. Scherer
15936,"Hade Games, Starsystemstudios"
15937,2 Players
15938,Evil Goose Games
15939,Seventeen Horns
15940,Levienze Games
15941,Ape Man Robot
15942,Neoretro Realms Interactive Llc
15943,Rejet
15944,Vellichor Games
15945,Rhema Press
15946,"Deathbulge, Five Houses Llc"
15947,おこめたべたべず
15948,Crossred
15949,"Necrosoft Games, Mystic Systems"
15950,Carsten Hölscher
15951,Inga
15952,Wunarg
15953,Mechanical Brain
15954,Eerie Bear Games
15955,"Raphael, Elo, Chui"
15956,Chris
15957,Panache Studios
15958,David Bryant
15959,"Evan ""Solidplasma"" Peiperl, Tyler R. Gonelli, Pamela Pizarro-Ruiz, Spencer Everhart, Dan Vicarel"
15960,Rgb Srl
15961,"Wolfzq, 鬼畜3G"
15962,Mechadonk Media
15963,"Seen In A Dream, Klura Design"
15964,Przemysław Hadała
15965,A:Troy
15966,"United Digital Group Gmbh, Nerdindustries Gmbh"
15967,Bonadies
15968,Daniel Mercier
15969,Rogerty
15970,"Jasper Oprel, Indiana-Jonas"
15971,Sps
15972,Flaming Firefly
15973,Fullset Gaming
15974,Efnsoft
15975,Rock Interactive
15976,Arcforged
15977,Fairypeople
15978,"Calvin Maccaull, Tiernan Brazil"
15979,Noah King
15980,"Jackson Wood, Lewis Spalato"
15981,Julian Henley
15982,The Rat Zone
15983,Onhit Developments
15984,Starmatrix Labs
15985,The Three Windmills
15986,Nikutreat
15987,Wax Lyrical Games
15988,Solarlance
15989,Bono Games
15990,Priory Games
15991,麻辣工作室 Spicy Games
15992,Sinkhole Studio
15993,Next Level Entertainment
15994,箱社
15995,Triority Interactive Novels
15996,Forelone
15997,Pantrakx
15998,Unpronounceable Studios
15999,"Fareedbhagwansingh, Edgestudios"
16000,"Kelkafa Studios, Cardboard Sword Limited, Jet Stone Studios"
16001,Matt2
16002,Miradil
16003,Thatmadprogrammer
16004,Eerie Games
16005,Orbiting Disco
16006,Hammerspace Games
16007,"Acoustica, Inc."
16008,Greengasgames
16009,Gentleman Rat Studios
16010,"Crackedghostgames, Raster_Entertainment"
16011,Mind Leak
16012,Power Surge Studios
16013,"Madit Entertainment, Daring Touch"
16014,Your Gg Project
16015,Oakley Blade Games
16016,Liqut
16017,Orube Game Studio
16018,Prismmedia
16019,Growfall Games
16020,Red Star Games
16021,Bad Panda Games
16022,Nboys
16023,Raconteur Games
16024,Phijkchugames
16025,"Bronxtaco Games, Slicemouth Studios"
16026,Luuk Van Eck
16027,Mega Game Studios
16028,Renkon
16029,"Dusklight Co., Ltd."
16030,Helyees
16031,"Softstar Technology (Shanghai) Co., Ltd."
16032,"Nipobox, Fraimone"
16033,Maru Vr
16034,Adham Jaber
16035,Gentlemen Studio
16036,Elknight
16037,Parabox
16038,Vis Interactive
16039,Forepawsoft
16040,Dr. Cyril Splutterworth
16041,Sgstudio Games
16042,老猫数字 Oldcat Digital
16043,Xudawang
16044,东方祈华梦制作组
16045,Ilusis Interactive Graphics
16046,Double Dash Studios
16047,Ant Workshop Ltd
16048,Likegames
16049,Orbcreation
16050,Cryhades
16051,Logeiv
16052,Daihua.K
16053,Obscure Tales
16054,Interactive Wave Studios
16055,Crank Goblin
16056,"Sf Studios, Shen Feng"
16057,Jamesika
16058,Cookie Games Club
16059,Peпtacle
16060,K. N. Factory
16061,Kaleidogames
16062,"Scott Grambo, Ross Grambo"
16063,Soyadaizu
16064,Chameleon Games
16065,H-Production
16066,Pinel Games
16067,Yvelrevo
16068,Waifumada Games
16069,Wathitdew Record
16070,Plug
16071,Lazy Ram
16072,Orbis Studio
16073,Papertiger Studio
16074,Brucegalaxy
16075,Casual Brothers Ltd.
16076,Loohhoo
16077,"Mi-Clos Studio, Goblinz"
16078,Simpleplan
16079,Mojo Bones
16080,National Film Board Of Canada
16081,Sergiopoverony
16082,D4Rkst0Rm Studios
16083,Barspin Studios
16084,No Scope Studios
16085,Mark Luttrell
16086,Torchlight Games
16087,Smellymoo
16088,"Adisoft Gaming Co.,Ltd."
16089,Conifer Games
16090,Smoothbrain Industries
16091,Cornmeal
16092,Ndreams / Near Light
16093,Efunsoft Games
16094,Kuro Irodoru Yomiji
16095,Vm Games
16096,Yobowargames
16097,Triple Eh? Ltd
16098,Big Blaze Games
16099,Tealdev
16100,Shinjo Games
16101,Praenaris
16102,Pixoala
16103,独立摇滚
16104,Large Visible Machine
16105,Drahcir
16106,Spike Studio
16107,Domini Games
16108,Kitsune Games
16109,"Battle Geek Plus, L.L.C."
16110,Mark Fassett
16111,Ace Velazquez
16112,Hejiu
16113,Eternal Studio
16114,Mk Creations
16115,Bourbontank
16116,Dmt
16117,Tylerist.Es
16118,Bluesky
16119,"Jochen Heizmann, Emmanuel Henné, Intermediaware"
16120,"Bo3B Johnson, Markus Gündert"
16121,Ancient Games
16122,"Lub Blub, International Headquarters"
16123,Pureworks Japan 株式会社
16124,"Titanite Novels, Titanite Games S.A."
16125,Memahertz
16126,Irodori
16127,Adaptive Realms
16128,Rare Camel Studios
16129,"Orbital Speed Studio Co.,Ltd."
16130,Netdragon
16131,Atelier Mimina
16132,Huki Damari
16133,Bbr
16134,Mr.Lordy
16135,"Space Fractal, Templetiger"
16136,Klastor Games
16137,Niema Moshiri
16138,Status Void Interactive
16139,Cache Of Bones
16140,Developer
16141,Cat Society
16142,离忧先生
16143,Bearwaves
16144,Tundra Games Ltd
16145,Mousou Endemic
16146,Elzai Games
16147,Chx125Ck
16148,Campincarlstudios
16149,Boomzap Entertainment
16150,Dgs
16151,Khor Chin Heong
16152,オートリ電子
16153,Pixel Harmony Studio
16154,Luan Prates De Souza
16155,Recnil
16156,Gurcan Games
16157,Steelysam
16158,Blackrose Arts
16159,Long Nguyen
16160,"Quadrivo Software, Llc"
16161,Tly
16162,Rionix
16163,Tawstudio Entertainment
16164,Jaffajam
16165,Marius Popa
16166,Xtase Studios
16167,Arcade Distillery
16168,William Weinberger
16169,Alex Carpenter
16170,"Christopher Entzenberg, Rémi Fusade, Matej 'Retro' Jan, Tobias Joppen, Mari-Anna Lepasson, Badgerindiedev"
16171,Rav3 Interactive
16172,A Bonfire Of Souls
16173,"Vaka Game Magazine, Harumurasaki"
16174,Ben Simms
16175,Creepy Crew
16176,Pavel Kutejnikov
16177,筠悦游戏
16178,Steel Symphony Development Team
16179,Volha
16180,Boncho Games
16181,Gateway
16182,"Michael Porter, Aaron Smith, Andrew Thomas"
16183,境界游戏股份有限公司
16184,Round Toast Studios
16185,迟到的南雨亭
16186,"Anderson Magalhães, João Murackami"
16187,Mework
16188,Duck Duck Zeus
16189,Igor Galochkin
16190,Phoebus76
16191,Thomas Van Den Berge
16192,Bustation
16193,Codingape Games
16194,Gil Lawson
16195,Soedesco
16196,Lemorion_1224
16197,Banjihagames
16198,Juanwuwu Games
16199,Lovebird Game Studios
16200,Squid Related Games
16201,Phobetor
16202,Theshelfman
16203,"Futuregamestudio, Ongmaker"
16204,Mauve Gaming
16205,"Kodansha, Polygon Pictures Inc., Lantis"
16206,Nimos Games
16207,Hole In The Sleeve Game Studios
16208,Joseph English
16209,Kraftix Games
16210,The Flow Studio
16211,Onaemo Studio
16212,룰루랄라
16213,"Young Horses: Free Range, Young Horses"
16214,Interactive Wave Studio
16215,Craigz
16216,Kucki
16217,Chronic Vagrant
16218,Business Mouse Studios
16219,Hooligans Entertainment
16220,Kinemotik Studios
16221,"Yasmany Roman, Miguel Roman"
16222,Dystopia Interactive
16223,Lonestone Studio
16224,Headway Games
16225,"Skipmore, Esquadra,Inc."
16226,Sokolov Yaroslav Vladimirovich
16227,Fennec Game Studio
16228,"Cameron Ladjevardi, David Elliot"
16229,Cyberviolence
16230,Derek Eduardo Gonçalves
16231,Jake M
16232,Hucang Studio
16233,Day Art'S Games
16234,Guy Godin
16235,Cube Factory
16236,Point Blank Games
16237,{Uni}
16238,雨天工作室
16239,Antique Gear Games
16240,"Atomik Games, Charlie Pelaez"
16241,Quadratron Games
16242,"Return To Adventure Mountain, Llc"
16243,Dragoon Entertainment Ltd.
16244,Final Offer
16245,Sketchynonsense
16246,Hex Keep
16247,"Michael Bertram, Christoph Vogel, Hsd-Mirevi"
16248,Rakun
16249,Jeremy Couillard
16250,Phthalogold
16251,Staristudios
16252,Punchbutton Studios
16253,Moonshine Games
16254,Graphic Line Games
16255,Paleozoic
16256,Gridsky Studios
16257,Djokagames
16258,The Taco Heaven
16259,Atom Void
16260,Games++
16261,Moshe Linke
16262,Liquid
16263,Mocove Studio
16264,Pureportal
16265,Exaheva
16266,Moka
16267,Electric Rune
16268,Rick Noiman
16269,Hope
16270,2Ev1L
16271,The Game Species
16272,Leonid Bazhanov
16273,Poisson Rouge Interactica Ltd
16274,Goose Ladder Games
16275,Alix
16276,"Stupidi Pixel, Tiny Pixel"
16277,Massive Crystal Studios
16278,Octopi Is Not A Word
16279,La Compagnie Des Projets Secondaires
16280,Steefmakesgames
16281,Raba Games
16282,Voxowl Inc
16283,Xexai
16284,Little Black Book Entertainment
16285,Timothy Findling
16286,Labase Entertainment
16287,The Indie Forge
16288,Infinity Score Games
16289,Henry/Ming-Xian Huang
16290,Shk Interactive
16291,"Netherware Ent., Don Aitor"
16292,Longplay Games
16293,Phaser Cat Games Llc
16294,"Tradosoft, Michiel Pater"
16295,Jiyutorisei
16296,Team Mariupolis
16297,Thunderbox Entertainment
16298,"Kaitlyn Kitty, Necrocatic Games"
16299,Kaykay工作室
16300,Indielight Incubator
16301,Lineartbabe
16302,Mounpeak Games
16303,Kodama Catarina Design
16304,Cellar Vault Games
16305,"Beamz Interactive, Inc."
16306,Tian Nya
16307,Petoons Studio
16308,Pierre Nury
16309,"Blood Eater Games, Immortal Hand Studios"
16310,Sibcat Team
16311,Sylvie
16312,Guns&Roses Studio
16313,3 Minute Games
16314,Adaptive Game
16315,Laplace
16316,Blinkmoon Games
16317,Cks Tactical
16318,Supernova Games
16319,"Blum Entertainment, Strategy Labs"
16320,Wertex Games
16321,Beaglegames
16322,Patria Games®
16323,"Acquire Corp., Wss Playground"
16324,Suh
16325,Lufthamn
16326,Prime Bit Games Sa
16327,Nicholas O'Brien
16328,Molter
16329,Zero Sun Games
16330,株式会社デスクワークス
16331,Space Raccoon Game Studio
16332,Nano Games
16333,Toydium
16334,Kubrick
16335,Lionant
16336,Unicore Games Studio
16337,Lathon Gaming
16338,"Keybol, Iskander Aminov"
16339,"Your_Mom'S_Hp, Ravenjm"
16340,"Mammossix Co., Ltd."
16341,"Tero Lunkka, Jacob Clevenger"
16342,Victim Cache
16343,Thoughtshelter Games
16344,Jordan Rott
16345,Maker Interactive
16346,Wonderful Tree Studio
16347,Kochkin Dmitry
16348,Playfirst
16349,1Bgame
16350,Dan Young
16351,Joshua Cutting
16352,彩虹工坊
16353,Parallas
16354,Skull Box Games
16355,Mv Games
16356,"L＆K Co., Ltd"
16357,White Powder
16358,Cashcowgames
16359,"Javier Federico Goldschmidt, Matias Juvé, Tomas Peters"
16360,Lc85
16361,"Jorge Lima, Alexandre Fontoura"
16362,Starmyth
16363,"Ubisoft Da Nang, Ubisoft Montpellier"
16364,2024-Ngame
16365,Kuju
16366,Good Day Studio
16367,Av Media Lab
16368,Floor Chicken
16369,Frogshark
16370,Cyber752
16371,"Eyeguys, Lorenzo Redaelli"
16372,L3L
16373,Black River Studios
16374,Animallica Games Studio
16375,"Mitzi Games, Alex Nicola"
16376,Nekokujiralab
16377,"Duang! Games, Llc"
16378,Fuzzylogicgames
16379,Oscar Brittain
16380,Truethought
16381,_Trackc Studios
16382,丹橘游戏
16383,"Ignition M, Clover Lab.,Inc."
16384,Free08Games
16385,"快樂怪物, 紳士吉娃, Maker製造機"
16386,Grey Wolf Entertainment
16387,Falling Ninja Productions
16388,Okami Studio
16389,Pretty Bad Studios
16390,"Lu Jiawei, Frosti  Aestech"
16391,Pix Arts
16392,One Up Plus
16393,Twoody Productions
16394,Stefan Pulfer
16395,Yondray
16396,趣品堂(Hardcore Studio)
16397,Evrim.Zone
16398,多巴胺军火商
16399,Ignis Sanat
16400,Beşinci Kural A.Ş.
16401,Atgames
16402,Kfriske Studios
16403,Tiny Bull Studios
16404,Light Game
16405,Micro Wars
16406,Patente Des Games
16407,Bigbeardev
16408,Inside Universe
16409,Keenan Evans
16410,Bloodbath Studios
16411,江湖侠客令
16412,"Soloweb Studios, Ravens Eye Studio"
16413,Mastertech
16414,Dark Gaia Studios
16415,Binary Cocoa
16416,孔隆誕
16417,Robin Nicolet
16418,"Yuisy, Exkee"
16419,Kastriot Sulejmani
16420,Prince Game Studio
16421,Unbossed Games
16422,Gal Hajaj
16423,Aleksey Izimov
16424,"Baumann Bergmann Pokinsson, Jan Baumann"
16425,Nichevo Games
16426,Taxicomics
16427,Randell Lynch
16428,Bulletproof Outlaws
16429,Goblintech
16430,Sprovieri Games
16431,Friendly Fox
16432,Evolutionary Games
16433,Funcraft Games
16434,Green Moon Games
16435,Strategiae
16436,Saarse
16437,Erlend Kirkeboe
16438,Globiss Interactive
16439,Chad Yates
16440,Haguy Eis
16441,Milord Softworks
16442,戴永翔(Dai Yong Xiang)
16443,"Hyperdevbox, Sickhead Games"
16444,Fibrum Limited
16445,Dragolite
16446,Beta
16447,Eren Aydin
16448,A-Blast Games
16449,Strudio Company
16450,Mechead Games
16451,Darkshot Studios
16452,Astrobot
16453,Izmir Games Collective
16454,Cat Daddy Games
16455,Taichi Games
16456,Team Zimno
16457,Sang Hendrix
16458,"Dawdling Dog, Ltd."
16459,Arcane Input
16460,Enes Eryilmaz
16461,Diaz Pepper
16462,Bolverk Vr Games
16463,Pyramid Attack Inc.
16464,Climbing Goat Games
16465,The Vanir Project
16466,Torumees.Games
16467,Dadtax
16468,Poler Studio
16469,Brainshape Games
16470,Joe Strout
16471,"T.F. Wright, Volkenfox"
16472,Wormpod
16473,白信鸽工作室
16474,Room-C Games
16475,Vector Games
16476,Onep
16477,Watercress
16478,Askalot Games
16479,Beautifulbee
16480,Elixir Games
16481,Artificer Creator
16482,D4 Laboratory
16483,Lapys Games
16484,Pegnio Ltd
16485,Slaves
16486,Sunny Days
16487,Solidgames
16488,Elder Leaf Studio
16489,Blue Sky Games
16490,Demonlabs Interactive
16491,Off1C1Al
16492,Wild Monkey
16493,Phil Fortier
16494,Stephen Long
16495,Indispensable Studios
16496,Mikori Games
16497,Obgames
16498,Jobi'S Adventure Development Club
16499,Jani Penttinen
16500,Smyowl
16501,Permanent Way Game Co.
16502,Favorite
16503,Knifish Games
16504,Mozmesh
16505,Vainture Studio
16506,"Notex, A1Esska, Admia"
16507,Moonradish Inc.
16508,"Ohdeer Studio, 100 Games"
16509,Don'T Bite Devs
16510,Tad Cordle
16511,Takayakata
16512,"Alienkingdom Co., Ltd., De Games"
16513,Strategy 3 Tactics
16514,Loomus Games
16515,"Disillusion Dev, Disillusion Dev"
16516,Black Sheep Studio
16517,"Lekker Spelen, Kud"
16518,Vector Hat
16519,"Interactive Binary Illusions, Subzero Software"
16520,Pixelsoft
16521,Kantal Collective
16522,"2Xl Games, Blitworks"
16523,Tn Games
16524,Acclaim Cheltenham
16525,夜葬半歌
16526,Smokeyajax
16527,Mr. Nutz Studio
16528,The Dreamers Guild
16529,Hypnotic Owl
16530,I Sioux Game Productions B.V.
16531,"中央創遊_Ncugamecreator, 鶴鄉戀旅製作團隊"
16532,Kadokawa
16533,"Tim Van Kan, Tom Raudys"
16534,Qianmo Interact
16535,Revvalution Studio
16536,Orbi Universo Team
16537,Accolade
16538,Steamberry Studio
16539,Lionspoon Dream
16540,Meggic
16541,Pyros263
16542,Alikart Studio
16543,Ch-Gaming Studio
16544,Overjoyedgamedevs
16545,Dev Kacper
16546,Twistplay
16547,Superpow
16548,Unrealuniverse
16549,Designated Play Space
16550,Gentlymad
16551,"Christina Leskowyak, Cynthia Gainey, Steven Ulloa, Kaitlyn Monroe, Gavin Crossland, Tiana George, Zhakia Powell"
16552,Cosmic Key
16553,Tiny Trinket Games
16554,Causa Creations
16555,Umeshu Lovers
16556,Comfycozy
16557,Garden Of Dreams
16558,Blamcam Interactive
16559,听舟网络
16560,Bumblebee Studios
16561,"Moronicbody, Elf"
16562,Mythic Machine Software Llc
16563,Bryan Tabor
16564,"致意, 傅真"
16565,Forester Games
16566,Goshfather
16567,Ginger Bear Games
16568,Almost Joe
16569,Blackstaff Games
16570,Habile Bill
16571,Authogin
16572,Psychoseel
16573,Phantomheadache
16574,Verran
16575,Oddmeat
16576,Bepansrad Studio
16577,Endrealm
16578,Nateception Studios Llc
16579,Nomary
16580,Wizbane
16581,Witchgrove Games
16582,Rlty Chk
16583,Alcot
16584,Pumancz
16585,"喵呜喵5, 0Cube"
16586,Erik Reis
16587,Znq.
16588,"Magic Cube, Dizcon"
16589,Dfrgames
16590,Okcity
16591,My Next Games
16592,4J Studios
16593,Crx Entertainment Pte Ltd
16594,Hexascale Games
16595,Stormborn Studio
16596,"Gz Storm, Lazrool"
16597,Moist Dog Studio
16598,Missing Sentinel Software
16599,Too Production
16600,Shkilla 89
16601,26K
16602,Tamno
16603,Gamer Bear
16604,River Crow Studio
16605,"Galavalomka Games, Aslan Game Studio"
16606,Gamechuck
16607,Tiesoft
16608,Keer&Deem Creations
16609,Uaa Software
16610,Fifteen Feet
16611,Jayden Everest
16612,Kovik Studios
16613,Zelder
16614,Cool Games Studio
16615,"Carrion Wave Llc, Studio Nemi"
16616,Pavrek Games
16617,Arcadestyle
16618,Elon Mustard
16619,"Marvelous Inc., Brownies Inc."
16620,Sgriu Soft
16621,Nohoho (Individual)
16622,Okjoy
16623,"World-Loom, Nitreal"
16624,Team Asgardeners
16625,New Audio Technology
16626,Horrid Vision Llc
16627,Dev Team
16628,Aruma Studios
16629,"Side Group, Uberteam"
16630,Brownmonster Limited
16631,Right Games
16632,Lachlan Shelton
16633,Luper
16634,New State
16635,Donislawdev
16636,"Fabian Rosskopf, Birgit Schönauer, Philipp Sigl, Fabian Tkaczuk, Tamara Toker, Jamie Nord"
16637,98 Interactive
16638,Kakaos
16639,Amin Adukov
16640,Snci Studios
16641,"Laser Beams & Particle Streams Software, Inc."
16642,"Paladin Studios, Seaven Studio"
16643,Sea Beast Productions
16644,茄猫
16645,Guara Studios
16646,Blazio Studios
16647,Win Or Learn
16648,The Jaywalk Ceo
16649,"Zoom Out Games, Jetdogs Studios"
16650,"Rockwell Studios, Llc"
16651,Mango X2
16652,Zeeentify
16653,Comic Shake
16654,Bigredb.
16655,Silver Cloud Games
16656,Little Bat Games
16657,Kabuk Games
16658,"Yeah Us!, Warp Digital Entertainment"
16659,Itandfeel
16660,Undergrad Studios
16661,Neuroticfly Games
16662,Simplemole
16663,C.L.
16664,Futuretown
16665,Battlecare Inc
16666,Wurd Industries
16667,Subdream Studios
16668,Mito Games
16669,Sixnails
16670,Draconia Dev Team
16671,Dungeoneering Studios
16672,Repatrick21
16673,Moshow Games
16674,Liam Clift
16675,Kiloo
16676,Lukasz Kataoka
16677,New Games Corporation
16678,Bluefx Games
16679,Otter Otter Game
16680,Leslie Phillips
16681,Edenic Era Llc
16682,Hollowmend
16683,"Zit_X_Us, Hazel"
16684,Foundry
16685,Tim Murich
16686,Another Yeti
16687,Happyhorse Studio
16688,Holgersson Entertainment
16689,Apparition Games
16690,"Twisted Brainz, Shaman77"
16691,Bingx
16692,巫女さん作法
16693,Steel Wing
16694,Owl Studio
16695,Achimphang Studio
16696,Crystalia Games
16697,Wildgamesnet
16698,Hybernation
16699,Trapped Studios
16700,Mag B.
16701,"Alexander Guo, Emile Savard"
16702,傲雪小组
16703,Ulab Games
16704,Doky
16705,Sndo
16706,"Imcgames Co., Ltd."
16707,Shysaursoft
16708,Blaze
16709,Idc Games
16710,Infinigon Games
16711,Isaac Cohen
16712,Username470
16713,Juste Aan
16714,Yugamesplay
16715,Kaijyu-09
16716,Yumero The Taleteller
16717,The Truthtellers
16718,Riqplay
16719,"Eipix Entertainment, Blue Tea Games"
16720,"Qureate, Imel Inc."
16721,Hecthoor Entertainment
16722,One Digital Nation
16723,Oldground Software Oy
16724,The Psychiartist
16725,Artdock
16726,Passageway Games
16727,Freestewdios
16728,Trevor Kellogg
16729,Galhmac Game Studio
16730,Nicolas Pierre-Loti-Viaud
16731,Team6 Game Studios
16732,Pickysource
16733,Untrustedlife
16734,Pelmeni Games
16735,Team Gamedevsg
16736,Shushanmao
16737,天河(Th Game)
16738,Lanstrash
16739,Meaty Ore Games
16740,Brainroot Studio
16741,Floofy Feather Studios
16742,Talking Drums
16743,Singular Works
16744,Ginolabo
16745,Ashina Games
16746,Mazehd
16747,"Rex Games, Standardcombo"
16748,"Bashir ""Manliestdev"" Kashalo, Blind Archer"
16749,Poroshin Develop
16750,Mañana Studios
16751,Mccollum Games
16752,Mkaatr
16753,Ssstudio
16754,"Pixelsplit, Pixelsplit Simulations"
16755,Byte Sized Creations
16756,"Rarebyte, Lino Slahuschek"
16757,Casual Dev Aus
16758,Paulart
16759,Aidangig
16760,Rory Lambert
16761,"General Arcade, Abstraction Games"
16762,Grave Danger Games
16763,Warka
16764,Club Foxhole
16765,Syphono4
16766,Stopshut
16767,Velite Games
16768,"Omar Chapa Hernandez, Omar Chapa Moyers"
16769,Unleash The Giraffe
16770,月出之时
16771,Tanks2.De
16772,Pishah Llc
16773,Ape Apps
16774,Uu
16775,Salemir Games
16776,Daijyobi Institute
16777,Studio Hex
16778,Myaosoft
16779,M3Dvr Enterprises
16780,Ica Games
16781,Barkers Crest Studio Llc
16782,Monomyth
16783,Jubstudio
16784,Falcon Interactive
16785,Rabid Troll Studios Llc
16786,Team Tapas
16787,Vesite
16788,Potgames
16789,Toyman Interactive
16790,From The Bard
16791,Exponential Games Inc.
16792,Primarch Interactive
16793,Dystopian
16794,Automata Uk
16795,Dronami
16796,Lazer Genu
16797,Doppelgesicht
16798,"Square Enix, Racjin"
16799,Alexander Taylor
16800,Alterego Games
16801,Turtlefox Games
16802,Gametotop
16803,Kukhtenkov
16804,Keng7
16805,"Dimitek, Pixowell"
16806,Jon Aegis
16807,Halfmule
16808,Adam Handschuh
16809,Notdeadluna Studio
16810,Villainous Games Studio
16811,2Xmilk
16812,Dan Ruscoe
16813,Slick Entertainment Inc.
16814,Beetlefish Studios
16815,Bkdove Studios
16816,Futurelovegame
16817,Letmedwight
16818,Anino Games
16819,Graven Visual Novels
16820,Somov Kirill
16821,"Indefatigable, Noah Rayburn, Andre Elijah Immersive"
16822,Teleopsia Games
16823,"Element Games, Llc"
16824,Ovenproof Games
16825,Airerror
16826,Four Eyes Productions
16827,Imaginary Monsters
16828,Plasterbrain
16829,Joe Chisholm
16830,Place2Start Studio
16831,Kultured Dev
16832,Psilocybe Games
16833,Retro Warp Gaming
16834,Impact Gameworks
16835,乐谷游戏
16836,Borington
16837,Circle Meimitei
16838,Animafest Workshop 2019
16839,"Planetary Gears, Logical Extremes"
16840,Moonshine Studios
16841,"Starfish-Sd Inc, Mebius"
16842,Diggidy.Net
16843,Boardgameprogramplan
16844,俊哥哥
16845,Spooky Buns
16846,Standby
16847,One Wheel Studio
16848,"64K, Barchboi"
16849,Duckman Army Games
16850,Synodic Arc
16851,Kabi Jedhagen
16852,Alexander Bazhenov
16853,Thetobias
16854,Boringkate
16855,Cjs
16856,Sektan
16857,理工互助会
16858,Studioathome
16859,Daytime Devs
16860,Framelinenetwork
16861,Duang
16862,Roxiano Creations
16863,Joel-157
16864,Pinpoint Interactive
16865,Imagine
16866,Alperen Torun
16867,"Horizon'S End, Inc."
16868,Byulbram
16869,Red Zero Games
16870,"Ducat, Zimogor"
16871,Odania Gmbh
16872,Aleph Null
16873,Team Dreamstate
16874,Tom Simpson
16875,Bazaar Games
16876,Remix Games
16877,Ed Findlay
16878,Guilemus
16879,Green Cheese Games
16880,Simon Christiansen
16881,"Fantastic, Yes"
16882,Game Ever Studio
16883,Greg Lobanov
16884,Mike Prosser
16885,Norain Games
16886,Ravelin Games
16887,Mykel Flynn
16888,Hot Pizza Games
16889,Playway Sa
16890,Cat5 Studios
16891,Basement Dweller Games
16892,"Radaev Valentine, Egor Magurin"
16893,Lgv
16894,Johan Aronsson
16895,"悠乙, 林檎树"
16896,Modii Games
16897,Emergence
16898,Toruko Games
16899,Dumbfounded
16900,Saturday Games
16901,Tormentor Games
16902,Headbang Club
16903,Retrowax Games
16904,Gmo Free Games
16905,Netmin Games
16906,Locomotivah
16907,The Covert Sheep Example
16908,Flt Studio
16909,Lapioware
16910,Manufacture 43
16911,Brnlg
16912,Imagination Station
16913,Real Game Machine
16914,Polygon Games
16915,Icad/Visionlab Puc-Rio
16916,Iiida Interactive
16917,Yeongho Kim
16918,Sinomod Studios
16919,Kalanhow
16920,"Andreev Worlds, Gamesforfarm"
16921,Koodilab
16922,Jeff Sinasac
16923,Poleaxe Games Llc
16924,One Slice Of Pizza Games
16925,North Modding Company
16926,逃跑灵羊工作室
16927,Martin Mauersics
16928,Dead Genre Studios
16929,Tudou Game
16930,Vdapps
16931,Fun Asylum Studio
16932,Notus Games Ltd
16933,Ioan
16934,Rowlescorp Studios
16935,Xingcaistudio
16936,Sonera Game Studio
16937,轻梨工作室
16938,Daniella G. Games
16939,Chaikefushiji Studio
16940,Chosen Interactive
16941,Rabie Mounther Turki Haddad
16942,Subreffiy
16943,Syun-Kan Flowlighter
16944,Pascal Dittrich
16945,Szeiner
16946,Fishwharf
16947,Medic-Games
16948,Benn Powell
16949,Cabbage Soft
16950,Hippo Rider Games
16951,Crying Booth
16952,"Rohan Narang, Ratalaika Games S.L."
16953,Spaceowl Games
16954,Bartłomiej Sapalski
16955,Gamefirst
16956,Pixel Bones Studio
16957,Jujubee
16958,Stellar Oasis
16959,10Ft Games
16960,"Gerica Pulerà, Jailbreak Studio"
16961,Jjgames
16962,Ebstar
16963,Breadwork Games
16964,"Ratalaika Games S.L., Woblyware"
16965,Karaclan
16966,Magic Notion Ltd
16967,Integer Overflow
16968,Karlo Pavlovic
16969,Wicked Witch
16970,Double Peach Productions
16971,Redratic
16972,A9
16973,Drop_Dead_Fred (Фред)
16974,Chris Folea
16975,Jaime Scribbles Games
16976,Alin Lucian
16977,Manatea Entertainment
16978,30 Matches
16979,"That Other Fish, That Fish"
16980,Blazewing
16981,"Reality Diversions, Llc."
16982,Dancegirl-Swimwear
16983,Ellada Games
16984,哈基轩
16985,Distant Alliance
16986,Dev Arc
16987,Intangible Games
16988,Tyler Borg
16989,Antab Studio
16990,Sonya Fung
16991,Triplot Studio
16992,Oa Game Studio
16993,Intersol Ooo
16994,Pandora Technology
16995,Spark Games
16996,The Only Way Out
16997,Rob Jinman
16998,Luja Studio
16999,Block 211
17000,Reset Game Studio
17001,Kz Games
17002,"桐生バトラ（疑狐社）, 崎托, 月食图书室"
17003,Geek Fried Maters Studio
17004,Silent Parrot Studio
17005,Panix
17006,John Kevin Corcoran
17007,Litang
17008,Bgnaturetrip
17009,"Platomenti, Team Luminous"
17010,Games Hut
17011,Grudge Studio
17012,Crisan Andrei Alexandru
17013,Waidy Andrade
17014,Friver
17015,Alien Octopus Studio
17016,Boing
17017,Cafe Empty
17018,Kurisu No Patto
17019,Musiiiik Games
17020,Raffaele Picca
17021,Bon Studio
17022,"Sleepteam, Zima Software"
17023,Arrowsoftgames
17024,Xiaodongma
17025,3000White
17026,Urban Goose Games
17027,Imaxgen
17028,Psr Outdoors
17029,The Original Jöges
17030,Crow Interactive
17031,猫咪岛施工队
17032,Daniel Gill
17033,Tru Hunnit
17034,Mistwalker Corporation
17035,Team Monumental
17036,Photon Arena
17037,G.Rev Ltd.
17038,Michael Derek
17039,Lorestrome
17040,Startupgames
17041,Granola Studios
17042,Wildsphere
17043,"Levels Or Lives, Super Fun Games"
17044,Mauricio Guzinski
17045,Bluenothing Games
17046,Dreambox
17047,Bifrost Cloud Pte. Ltd.
17048,Aditya Tajanpure
17049,Cactus Island
17050,Worldgame Entertainment
17051,Hoverkitty Games
17052,Nic3Ntertainment
17053,Aequalis Studio
17054,Alex Meng
17055,Darktiger Developments
17056,Nightmare Phoenix
17057,Coldbones
17058,一叶个人战棋游戏
17059,Eager Unknown
17060,"Simoncreative, Storia"
17061,Michael Gilmour
17062,Peter Hann
17063,Raven Sword Industries
17064,Matero Games
17065,Simdevs
17066,Iron Stag Games
17067,The Evergloom Team
17068,Oleg Kobzarev
17069,Veritable Joy Studios
17070,Michal Wojcik
17071,Avrod Technologies Inc.
17072,Catalope Games
17073,Jozgamer
17074,Rusty Pixels
17075,Stairfall Institute
17076,Guerilla Tea Games
17077,Fierce Fun
17078,"Metal Fox, Nullysun Studio"
17079,Wytchlight
17080,Dark One!
17081,Desunoya
17082,Nukearts Studio
17083,Shoor Games
17084,Michael Swan
17085,Narrow Monolith
17086,Broken Helm Studio
17087,Shadowmatic Labs
17088,Gotoyourgame
17089,Hooting Banana Studios
17090,Ul
17091,Colossus Game Studio
17092,Fx Barcelona Games School
17093,Gameland
17094,Kyler
17095,Volcanolordgames
17096,Faceless Bear Games
17097,"Studio Syndicat, Ink Rose Inc"
17098,Maskner
17099,Slap Kraken
17100,炸渣渣鸡
17101,Happy Monster Studio
17102,Lunar Division
17103,Null Pointer Studio
17104,Adventure Islands
17105,Laush Studio
17106,Seeksick6
17107,Hallowraith
17108,Noetic Games
17109,Pivko Games
17110,"Feng, Sekai Project"
17111,Team 217
17112,One Life Games
17113,Li Changchun
17114,Unbalanced Equations
17115,Rborngames
17116,Cunum Games
17117,Vico Game Studio
17118,Rocket Monster Games
17119,Eightyeight Games
17120,Revmatek
17121,崔资坦独立游戏工作室
17122,Jonathan.S
17123,Circletempo
17124,Nuno Donato
17125,Cyphen Productions
17126,Sim155 Limited
17127,Ethereal Darkness Interactive
17128,Grumpy Rock Studios
17129,Mata
17130,Mind Power
17131,Colosse Team
17132,Perverse Games
17133,Lumen Section
17134,Xenoamess
17135,Lt
17136,Kevinthewolfy
17137,个人
17138,"Udx Interactive Inc., Game Pill Inc."
17139,"Under The Stairs, Kontrast"
17140,Tomatenquark Team
17141,"Gabrielė Ušeckaitė, Edvardas Šneideris, Lukas Litinskas"
17142,"Anvil Drop, Llc"
17143,"Beijing Flydream Interactive Co.,Ltd"
17144,Fernando Tittz
17145,Megalithic Mainframe
17146,Víctor Atobas
17147,And Gear
17148,"Fighter Base Publishing, Inc."
17149,Yann Annaert
17150,Keo R. Bun
17151,Greangame
17152,Chuck Hess
17153,Perfoon
17154,Dr. Kucho! Games
17155,Brain Lab Studio
17156,Ideonic
17157,"Compro Games, Accolade"
17158,Radiostatic
17159,Hra Interactive
17160,Dreamteck
17161,Ben D'Angelo
17162,Petter Malmehed
17163,Vogelsap
17164,Vuzzle
17165,Honey Pie
17166,Gamemag
17167,Meow Meow Meadows
17168,Cleril Calamity Studios
17169,Ethereal Airport
17170,Torreng Labs
17171,Hatfuls Games
17172,Penumbra.Tech
17173,Radin Games
17174,Aivaras Ivoškus
17175,Unikotoast
17176,Shift Games
17177,Nimavoha Interactive
17178,Neox Games
17179,Gaia
17180,Ben Aprigliano
17181,Doubleton Game Studio
17182,Kids Up Hill
17183,Buffcorp
17184,Lonedev
17185,Heroes Dev Team
17186,"Tero Lunkka, Blackthug"
17187,Commodore Sinapsy
17188,Godam Inc.
17189,Yaida
17190,"Anatola Howard, Duncan Cross"
17191,Divr Labs
17192,Inasa Fujio
17193,Devbeef
17194,Lunar Madcap
17195,Croatian Games Republic
17196,"Dejobaan Games, Grey Alien Games"
17197,Tf
17198,Souly Games
17199,Bossco Games
17200,Pixelfactor Ltd.
17201,Soiree Games
17202,Italic Pig Limited
17203,Shoujo City Developer
17204,Artists Entertainment
17205,Divilusion Studio
17206,Robin Vencel
17207,Matti Kuehl
17208,Boxfrog Games
17209,Hitreg Studios
17210,Dalakoala Games
17211,Upandq
17212,"Josh Beatty, Mike Casto"
17213,Bluebirdstory
17214,Not The Best Games
17215,Deadbolt Interactive
17216,Sungame Studio
17217,Nerdybird Studios
17218,Caleb Foss
17219,Electrostalin Entertainment
17220,Memo Gogo
17221,Doveinsky
17222,Artemis Computer Technologies
17223,巴豆肥工作室
17224,Ozber Cin
17225,Irusu Studios
17226,"Arkane Studios, Machine Games"
17227,Kieffer Bros.
17228,Team Frizz
17229,青湖迷雾工作室
17230,Kinelco & Lone Elk Creative
17231,Naku Kinoko
17232,Onecoin
17233,Sunland Estudios De Entretenimento Ltda
17234,"Martin Brockelmann, Harald Schmid"
17235,Shane Berezowski
17236,Sinister Pixel
17237,Crunchy Sushi
17238,Switchback Studio
17239,The Planar Danse
17240,Cross Game Studio
17241,Эмиль Шагапов
17242,Lizard Hazard Games
17243,Oakgames
17244,Auer Media & Entertainment Corp.
17245,Ludovic Lafferayrie
17246,Spacesalad Studios
17247,幻想禁
17248,Thronelab
17249,Alex Grim
17250,Zakharchenko Sergey Alexandrovich
17251,"Buka Entertainment, Lesta Studio"
17252,Zaru
17253,In Secret Places
17254,"Jordan Freeman Group, The Software Refinery"
17255,Bongfish Gmbh
17256,Betomorrow
17257,Zordix Racing
17258,Crafty Studios
17259,Torch60
17260,Eros Game Studio 79
17261,"Urbanm, Jellyfish Parade"
17262,Endrit Special Poductions
17263,Mibli
17264,Istanbul Simulator
17265,Huhi Games
17266,"Mps Labs, Digital Theory Ltd."
17267,Studio Daimon
17268,Puntigames
17269,"Stenner Studios, Killbox Graphics"
17270,Snail Games
17271,Prm Games
17272,"Vchiban, Aetha"
17273,Whitesponge
17274,Operaludica
17275,Joseph Griggs
17276,Evil Bunneh
17277,One Wing Cicada
17278,Strobetano
17279,Ciel45
17280,Tyler Stansfield Jaggers
17281,O_M
17282,Lenni Elias Kauppi
17283,"Wss Playground, Mumimumi, Veryok, Atree, Kabocha Renga"
17284,Flystar
17285,Drazorstudio
17286,William Sigurdsson
17287,N-Racing
17288,Baleyc Studios
17289,Source Studio Ltd.
17290,Brighter3D Software Development Ltd.
17291,Trynity Lab.
17292,David Teruel
17293,Anvil-Soft
17294,Polar Night Games
17295,Glitchy Pixel
17296,Marcell Baranyai
17297,Actual Humans
17298,Shephf Games
17299,Team Recharge
17300,Hernan Perez
17301,Karin Entertainment
17302,Visigames
17303,"Bluemont Technology & Research, Inc."
17304,Avatar Creations
17305,Kajinoyu
17306,Robson Paiva
17307,Aquadiun
17308,Finnsoft
17309,Axias
17310,Jumibois
17311,Otorakobo Inc.
17312,Jasmine Osler
17313,"Sandbar3D, Jonathan Miller"
17314,"Lucky Dodo, Esat"
17315,Notyranny
17316,Retrofied Games
17317,Tea Monster Games
17318,Thomas Dhaussy
17319,Tuga Studios
17320,Eilidh Mackenzie
17321,Idyllsend Studios
17322,Kid
17323,Gamenastica Studios
17324,Dark Royalty Studios
17325,Orb Square Studio
17326,Quantum Drop Studio
17327,"Leonel Aimar, Neo^K"
17328,Shrimple Studio
17329,Igor Migun
17330,Dual Heights Software
17331,Kodakyarr
17332,Noiseminded
17333,2S Games
17334,Cys20 Studio
17335,Greensky Games
17336,Witchy Cat Studios
17337,"Hernán Smicht, Yira::"
17338,Carlos Cañizares Garcia
17339,Bluetreegames
17340,Mismatch Studio
17341,Michael Shoots
17342,Jokondu
17343,Ooegames
17344,Misfire Studios
17345,Irisloft
17346,Silver Legends
17347,Circle Fairy Flower
17348,Osi Studios
17349,Vadd Games
17350,"Gameplaysmix, Thesirfm"
17351,Engin Baştürk
17352,Magic Pockets
17353,Evil Games
17354,Thomas K. Young
17355,Richard Haraším
17356,ぽけそう
17357,伊泽悦耳
17358,Brainstorming Team
17359,Ondori Games
17360,Sky Bear Games
17361,灵思Ai工作室
17362,Al-Link
17363,Up Down Play Studio
17364,Return First Games
17365,Reality Reflection
17366,Fusion Studios
17367,Cubicorn Games
17368,Vector Game
17369,Harentius
17370,Emergency Exit
17371,Helmi Bastami (Flyborg.Net)
17372,Team Maniax
17373,Team6 Game Studios B.V.
17374,Helios Production
17375,Léo-Games
17376,Tw Potato
17377,Tchagata Games
17378,Delirium Xr
17379,"Aquastyle, Ankaa Studio"
17380,Maxim Moore
17381,"Advance Garde, Main Leaf"
17382,Semjon Uglev
17383,Rawr X3 Games
17384,Spacefish Games
17385,Mildbeast
17386,Seudo Nimm
17387,Stake Deep Interactive
17388,Grade 9 Games
17389,Uncorporeal Systems
17390,"Gwizz, Brex Studios"
17391,"Cyberflux Games, Gabro Media"
17392,Nyfarious
17393,"Toy Box Inc., White Owls Inc."
17394,Sureai
17395,Silver Dice Games Inc.
17396,Im Games
17397,Panmable Studios
17398,Ned Langman
17399,Nova Studio
17400,Onebrainindiegames
17401,Tzar Games Studio
17402,Green Stream Studio
17403,Mythic Arc Llc
17404,Distinctivepixels
17405,Moving Player
17406,Charred Games
17407,Nacro9 Game
17408,Jferreira
17409,Bencin Studios
17410,Silvestre Gore Art
17411,"Evan Peiperl, Brianna Livesay"
17412,Foriero S.R.O.
17413,Aimino
17414,雨叶
17415,Caolei
17416,Buster4
17417,"Maze Theory Ltd, Just Add Water (Developments), Ltd."
17418,Malignant Potato
17419,James Korin
17420,Mihanikus Games
17421,Tenklabs
17422,Greyish Games
17423,Perspektik
17424,"Sag, Sag"
17425,Nami Tentou
17426,Lightning Rod Games
17427,Shangkostudio
17428,Best Friend Games
17429,"Mez, Cyra998"
17430,Mater
17431,Volfson Studios
17432,Robotizar Games
17433,M3M Games
17434,Américo Cruces
17435,Moon Snack Games
17436,Alien Finger
17437,Nuwenu Studio
17438,Qrostar
17439,Superpac
17440,Quantum Gear Studios
17441,Dahku
17442,Moonbear
17443,Arcadia
17444,Lead Games
17445,"Nipsapp Gaming Software Pvt Ltd, Saturn Vr"
17446,Spacebot Interactive
17447,The Wilburnness
17448,Serhii Vitukhin
17449,Qi Shan Shan
17450,"Voxelstorm, Armchair Software"
17451,Tocadovision
17452,Flamy Frog Interactive
17453,Ice-Cold Shivering Studios
17454,Whoisthis
17455,Darkcross Games
17456,Austin Boucher
17457,Ready Wolf
17458,E.Mert
17459,Starspell Studio
17460,Wondernaut Studio
17461,Waffle Iron Studios
17462,Tobias Arlt
17463,Lucian Hardner
17464,Shortstackstudio
17465,D.P.L.D.S
17466,Tree
17467,Scream Game
17468,94 Games
17469,Elephant
17470,Watu
17471,Heroes Productions
17472,Jellyfish
17473,Studionaze
17474,Slava Bushuev
17475,"Exokit Inc, Pluto Vr"
17476,A.M. Team
17477,Jmj Interactive
17478,Syinewave
17479,Joyful Software
17480,Lordmartin101
17481,Pentavera
17482,Yunus Kocamis
17483,"Newtonic Studio, Digital Spray Studios"
17484,Grannus Games
17485,Göksan Güner
17486,四元方程
17487,Fursin
17488,Organic Humans
17489,On The Wall Entertainment
17490,Witchcraft Video Game Ltd.
17491,Nordville Technology Ltd
17492,Rustic Fantastic
17493,Irregulars
17494,Konstantinos Katsoris
17495,白醋零卡
17496,Zombie Transmitted Disease
17497,Takethem.Games (Creative)
17498,Aux-In Games
17499,Nobody Studio
17500,Illusoryworldentertainment
17501,Emergeworlds
17502,Lotte|Eod
17503,Luke Gayson
17504,Curlee Fro
17505,"Softstar Entertainment, Noisy Fish"
17506,Undermax Games
17507,Dragonseye Cy Limited
17508,"Common Colors, Application Systems Heidelberg"
17509,Soulflee
17510,Loquendero Dev
17511,Funlab骆驼
17512,Incinious
17513,Outofthebit Ltd
17514,H7 Games
17515,Little Freedom Factory
17516,Persona Theory Games
17517,"2Gt, Dexter.Co"
17518,Pil/Slash
17519,Your Story Interactive
17520,Simplicity Games
17521,This I Dreamt
17522,Guangzhou Hezhi Co.Ltd
17523,43Dm Software
17524,Srd Team
17525,Lt Games
17526,Alman
17527,Project Ickx
17528,"Vertigo Games, Exkee"
17529,Silengames
17530,Alfred Lam
17531,Great Conspiracy Theory
17532,Retroepic Software
17533,Dragon'S Games
17534,Mímir Studio
17535,Grandpa Pixel
17536,Burning Pick Entertainment
17537,Volcano Bytes
17538,Fury Software
17539,Klikscene
17540,ミナプラス
17541,Cynosure Studios
17542,Hardcore Studio
17543,Furoshiki Lab.
17544,Allugic Llc
17545,Grogovsly
17546,Sig (Kn1053)
17547,"Aleksander Vargas, True Nightmare"
17548,Matthew Ryan
17549,Rocket Rat Games
17550,Repa Games
17551,Corva Nocta
17552,Diceroll Studios
17553,Srg工作室
17554,Team Karpetti
17555,Dvdvideomedia
17556,Larsonsoft
17557,Pixelvex Llc
17558,Ara Interactive
17559,"Njb Design Llc, Martinez, Eipaw Ltd"
17560,Seedbolt Studios Llc
17561,Wonderland Kazakiri Inc.
17562,Patrikwet
17563,Rising Tide
17564,"Three Headed Eagle, Cateia Games, Goldfinch Studios"
17565,"浙江宣逸网络科技有限公司, 浙江宣逸网络科技有限公司"
17566,Sylvain Seccia
17567,"X-Climb, Inc."
17568,Shinkuro Valley
17569,Erik Svedäng
17570,Tobop Productions
17571,Skullbot Games
17572,Smashhammer Games
17573,Issedone Studios
17574,Heart Shaped Games Llc
17575,Kokoko Soft
17576,Undersupernovagroup
17577,Bureau Bravin
17578,"Team 21 Studio, Inc."
17579,Nekolyst
17580,Pirita Studio
17581,Lightup
17582,Oddscure
17583,Oliver Steizinger
17584,Dawn Fades
17585,Meta Games
17586,Arkraptor
17587,"Zoom2Games, Melesta, Alawar Southpoint"
17588,Max Neet Games
17589,Unsweet
17590,"Stefan Kraus, Timo Armbruster"
17591,Orbital Knight
17592,Aidan Garvey
17593,百恩互娱
17594,Outerlynx
17595,Manuel Moos
17596,Lab42
17597,Grade
17598,Little Worlds Interactive
17599,"Yetibytes, Sam Stubbings"
17600,Shinou Game Studio
17601,Threew
17602,Stickmen Studios
17603,Dragon Snack Developer
17604,"Nina Freeman, Laura Knetzger, Stephen Lawrence Clark"
17605,Brotir Ab
17606,Kayac Akiba Studio Inc.
17607,4Bit Games
17608,Petushock Production
17609,Offworld Systems Llc
17610,Convict Games
17611,炭焱网络 Tantrum Network
17612,One Shark
17613,Cinegame Interactive
17614,Atelier Wanko
17615,Namco Bandai Games
17616,Ejoy Games
17617,"Talpa Games, Undercoders"
17618,"2D Boy, Tomorrow Corporation"
17619,Thin Line
17620,"Dmitriy Uvarov, Vyacheslav Shilikhin"
17621,Nitro Origin
17622,Perelesoq
17623,"Emissive, Htc Vive"
17624,Shenzheng
17625,Julian Lewis
17626,Nightly Studios
17627,Midori Games / みどりげーむず
17628,Chaoye Liu
17629,Ragecure Games
17630,深渊标记 Tag:Hadal
17631,Cfg Studios
17632,星零工作室
17633,Funtyx
17634,游韵游戏网络公司
17635,Quentin Edel
17636,Zjf
17637,"Marcel Eissens, Vrroom Ultimate Vr Experiences Bv"
17638,Jwiky
17639,Durultay Games
17640,Oldyacht
17641,"Mighty Rabbit Studios, Relevant Games"
17642,Beyotek Inc
17643,Monocool
17644,D.W.S
17645,Adventure Hat
17646,森の中の猫の小屋
17647,Lena Raine
17648,Sunlight Studio - Davi Valentim
17649,Motiro
17650,Videjagames
17651,Reima Project
17652,Jonathan Moye
17653,Dragos Pusca
17654,Lun
17655,Argames
17656,Jitaku Studio
17657,Mad Data
17658,Happyrock Studios
17659,Spacerex Games
17660,Vchiban
17661,Chrisbsm
17662,Bromio
17663,Panitia Gamedev
17664,Ping Group
17665,Vrani Inc.
17666,Larsmidnatt
17667,Ecogoth Games
17668,Cquark Studio
17669,Azowyl
17670,Gbae
17671,Ragiva Games E.K.
17672,Artificial Disasters
17673,晚夏社
17674,Dylan Gray
17675,"Esat, Voodoo Bunny"
17676,Roomsforrockets
17677,西安乐趣软件科技有限公司
17678,Anxious Software Inc
17679,Jonathan Law
17680,Garage Arts
17681,Orico Interactive
17682,人鱼工作室
17683,Madgoat Studio
17684,1Up Games
17685,Panther Software
17686,Cellab
17687,Sae Games
17688,Omniscience
17689,Staticspring
17690,Sliphtrex
17691,Brushfire Games
17692,Jol Studios
17693,Arctic Theory
17694,欢乐不二
17695,Jerome Bodin
17696,深圳市元计划科技有限公司
17697,Solo Game Marker
17698,Frozen Flame
17699,Cmon
17700,Clickbuildgames
17701,Dark Pigeon Games
17702,Julien Eveillé
17703,A Stranger Gravity
17704,Enaayah Software Development And Services Private Limited
17705,B1Stable
17706,Flight Systems Llc
17707,Sting
17708,Finifugal Games
17709,Infinite Loop Games
17710,Engines Inc.
17711,Escape Pod
17712,Funsoft Games
17713,Smokey Moose Games
17714,Dnt Games
17715,Istotex
17716,"Hatchlight, Trepid Studios, Controlled Chaos Media"
17717,Studio Semitorus
17718,Blue Creazione
17719,"Missing Game Studio, Ltd., Grenarc Llc"
17720,Sdf Games
17721,Astral Candle
17722,Beepsoft Industries
17723,Turtle Game
17724,Garage51
17725,Madilumar
17726,Snowysierra
17727,Mambo Dancing Shrimp
17728,Flanker43
17729,Matthew Kelley
17730,"Firas Belhedi, Moemen Belleh Hafsi"
17731,Handmade Game
17732,Space Dog Xr
17733,Kr Games
17734,"Mustella Games, Kuko"
17735,Jean-François Geyelin
17736,Cube Overflow
17737,Monacrea
17738,Otherworld Interactive
17739,Woksonstudios
17740,Bleank
17741,Jibragames
17742,Reinkout Games
17743,Tena-Vision
17744,"Spielmannspiel, Bison"
17745,Henrik Pira
17746,Phenomena
17747,危途旅行团Travellersonhazard
17748,Anti Crunch Studios
17749,Mehrdad Rezaei
17750,Hammer Vise Studios
17751,Frozen Orb
17752,Lys
17753,Pinkrecordgames
17754,"Mathew Tran, Frank Lueck"
17755,David J. Macias
17756,Whiletruegames
17757,Wild Wolf Std
17758,Tim Cornish
17759,"Nova Ideals, Alawar Entertainment"
17760,Shevchenko Technology
17761,Play One
17762,Team.Balance
17763,Team Navigator
17764,Qumaron
17765,"Ty Taylor, Amanda End, Ally Taylor, Josie Brechner"
17766,"Rima Studio, Rima Studio"
17767,Valravn Games
17768,"34Bigthings Srl, Event Horizon Studios"
17769,"Aaron Wise, Adriano Silva"
17770,"Hangzhou Yongman Network Technology Co., Ltd."
17771,Mad Dev Studio
17772,Onion Games
17773,Overdrift Crew
17774,Ibol
17775,Smarto Club
17776,Cgevo
17777,Rainbowstudio
17778,"The Creator Workgroup, Sakuragaming Studio Michigan"
17779,Michael Brough
17780,One Man Left Studios
17781,Studio Whip
17782,F-Greetings
17783,Gamex Studio
17784,Unikgame
17785,Teamdab
17786,Propulsive Games
17787,Arcanum Team
17788,Matthieu Gouby
17789,Chamomile Software
17790,Ephemeral Entertainment
17791,Daserge
17792,Lightning6Kidnap
17793,Catalyst Vr
17794,Toxic Studio
17795,Factus Games
17796,上海泼泼猫文化传媒有限公司
17797,Hubiao
17798,Lyon Beckers
17799,生旦净末丑工作室
17800,Daniel Ocheda
17801,Secta
17802,Pixquake
17803,Umnyasha Games
17804,Brown Studios
17805,Looterkings
17806,Irregular Shapes
17807,Lw Games
17808,Luma Play
17809,Endi Milojkoski
17810,Crewxaa
17811,Armor Games Studios
17812,Always & Forever Computer Entertainment
17813,Flying Whale
17814,Wending Studio
17815,Wafflecat Developments
17816,佳哥Rpg工作室
17817,Mlb
17818,Hbunny
17819,Aio
17820,Finite Reflection Studios
17821,Eoin Flanagan
17822,Exa_Inc
17823,Rudzki
17824,Ezalbot
17825,Valkyrie
17826,Shotgun With Glitters
17827,Inoa Games
17828,Lessermore
17829,Grave Hammer Games
17830,Jxgs
17831,Dionysoft
17832,Echtnice Gmbh
17833,Gametoria
17834,H.T.Project Games
17835,Wreck Tangle Games
17836,Vr Pirates Game Studio
17837,"Valkeala Software, Tero Lunkka"
17838,Hellorabbitstudio
17839,Moeity
17840,Atelier Qdb
17841,Xodius Studios
17842,Roker Games Studio
17843,Bears &Amp; Guts
17844,Matthew Kania
17845,Space Lizard Studio Ltd
17846,Brain Sprout
17847,Cosy Computer
17848,Day-To-Day Management
17849,Randall Fulton
17850,Blissful Beryl
17851,Konrul Game
17852,Lin Yu Ting
17853,Stubbird Games
17854,Justin Sawchuk
17855,"Jingtustudio, 乌鸦大仙"
17856,Wolves Interactive
17857,Vacation Game Studio
17858,Player
17859,Limits Free
17860,Galdra Studios
17861,Gromvongrond
17862,Muccygames
17863,Scott Howarth
17864,Tusky Games
17865,Arcadius Entertainment
17866,Tackle Boy
17867,Ominous Horizon Studios
17868,B38B38B
17869,"Nobab Moinuddin, Cosmicnobab Games"
17870,Jason Oda
17871,Nkvn Games
17872,City Connection
17873,Gallium Games
17874,Big Wood Games
17875,Axiabridge
17876,Hate Free Heroes
17877,Sprite Hills
17878,Luis G. Bento
17879,Arctos Games
17880,Zemnott
17881,Monkeymaw
17882,Awesome Stuff Software
17883,Sodacan
17884,Yunwuzhai
17885,Randalyn Rage Ug (Haftungsbeschränkt)
17886,Bilal Demir
17887,Whitevault Studio
17888,Franck Games
17889,Fedya Clapton Inc.
17890,Krisztian Blaha
17891,Sapphire Comics
17892,Ael Entertainment
17893,"Chibig, Undercoders"
17894,Atomic Age Culture
17895,Flow
17896,Outlaw Wars
17897,Action Portal
17898,Sjr Team
17899,The Brothers Bourque
17900,曲波
17901,Julia Minamata
17902,Harley Game Studios
17903,Ryouko
17904,Arrebol Studio
17905,"Yelsewgamestudio, Sunlight Studio"
17906,Renfalc
17907,Steelcore Games
17908,"André Facchinetti, Victor Seyfried"
17909,"Jbo Media, Angel Star Studios"
17910,Liber Primus Games
17911,Gee-Kun-Soft
17912,Circuit_Art
17913,"Relu Games, Inc."
17914,Divine Light Games
17915,Quackpond Games
17916,Zhangguanru
17917,Pbs Designs
17918,Space Heater Games
17919,Colin Eump
17920,Skyward Digital
17921,Jaime Paz Lopes
17922,Spline
17923,Morte Accendere
17924,Claw Mark Productions
17925,Marginalact
17926,-Yodasaurus- Games
17927,Bars Studios
17928,Earthborn Interactive
17929,Redream Studio
17930,Cosmiccrystal Games
17931,K'Sg
17932,Boss Crab Games
17933,Second Avenue Learning
17934,"Altitude Interactive Studio, Brandy Bear Studio"
17935,Mad Genius Games
17936,The Soap Collective
17937,Captain Fluffy
17938,Pro Wrestling Sim
17939,Crimson Tales
17940,Biscuit Placebo
17941,Simulatedfantasy
17942,Totogames
17943,Skip32
17944,Agile Softworks Ab
17945,Guanglun
17946,Preston Cammarata
17947,Playcastle
17948,"李淙, 指尖游道"
17949,Neurosaur
17950,Reporter Zero
17951,"Patrick O'Connor, Joshua Suskalo, Christian Hall, Arthur Parker, Dorsey Ledger, Natalie O'Connor, Landon Creech, Nathan Andre, Cassandra Doeinck, Nicholas Kovacevich"
17952,Duo Games
17953,Abigail Corfman
17954,Pushforward
17955,Keslem Oy
17956,Chiro
17957,Cirilxd
17958,Impulse Games
17959,"Gruffers Studio, Jack Macey"
17960,$Mite
17961,Funfant
17962,Sillikone
17963,Glady'S Comcis
17964,Projectalive
17965,Palfreygames
17966,Lucerna Studio
17967,Inner World Games
17968,James Wolf
17969,Unknown Team
17970,"Tero Lunkka, Valkeala Software, Blackthug"
17971,Dodreck
17972,Dust Devil Studios Inc.
17973,Breadnbuttercult
17974,Lucas Lima
17975,Brimstone Brothers Inc.
17976,Vrmonkey
17977,Sport1 Gmbh
17978,Wrgenesis
17979,Richard Edwards
17980,Mfg Assets
17981,Indiegames3000
17982,Mathangames
17983,Del
17984,Inkstone Atelier
17985,Not_Bigm
17986,Take Toad
17987,Xenoaisam
17988,Manerai
17989,Sixdots
17990,Original Power
17991,Normal
17992,Atmosphere Entertainment Studios
17993,Drageus Games S.A.
17994,Chris Antoni
17995,Hifight
17996,Gamelab
17997,"Leathericecream, Lazytomato, Madvertiz0R"
17998,Dpa Studios
17999,Aeterna Ludi
18000,White Pond Games
18001,Stove Powered Games
18002,Sparsevector
18003,Brimstone
18004,Xbgzs
18005,Orange Paper Studio
18006,Stumbling Cat
18007,戏幻言制作组
18008,Gametroleum
18009,Gentome
18010,Leg N Dairy Games
18011,Derpy Dinos
18012,Lime Blossom Studio
18013,Playzilla.Tk
18014,Strange Creatures Studio Llc
18015,Leonardo Alexandrino
18016,Sammy
18017,Cinnamancer Studios
18018,Notthistime
18019,Aghayeva And Ko S.R.O.
18020,Ocze
18021,Team8 Studio
18022,Rastar Studio
18023,Liquid Static Studio
18024,Sat-Box
18025,Bat Byte
18026,Studio Eres
18027,Loopnova Studio
18028,Ocellus Studio
18029,Visual Light
18030,Otis Miller
18031,Maddox Games
18032,Vm Gaming
18033,"Daniel Linssen, Detective, Ditto, Glitchnap, Shark Jump Studios"
18034,Un Pas Fragile Team
18035,Azzunyan
18036,Sector3 Games
18037,Total Eclipse
18038,Killspace Entertainment
18039,Lgaogame
18040,Axelzer0
18041,"Dan Zaidan, Gamecraft Studios"
18042,Keiby
18043,"Out Of The Park Developments, Game54 Software"
18044,Luke O'Connor
18045,Team Train Frontier
18046,Lached Up Games
18047,Arcade Zone
18048,Paulo Lopes
18049,Gamefjord
18050,Soergame
18051,Tekunos A
18052,Creative Bytes Studios
18053,Twelve Tiles
18054,Wild Forest Studio
18055,Sergey Bobrov
18056,Focus Entertainmen
18057,Dan Gibson
18058,Banco
18059,Picorinne Soft
18060,"L4S Games, Kappire"
18061,Caleb Wood
18062,Newco Entertainment
18063,Funk Fizz
18064,Daniel Siqueira Abdelnur
18065,Pixel Fox
18066,Ngv Studio
18067,Dobell
18068,Dascumaru
18069,Anderson Marques
18070,"Vladimatt, Two Glass Hams"
18071,Hazier Studio
18072,F2House
18073,Vrx
18074,Silverforge
18075,Enzi
18076,Nada Studio
18077,Proud Dinosaurs
18078,Great Gretuski Studios
18079,Option 44
18080,Ch.Zbk
18081,Marcelo Aparecido De Almeida Junior
18082,Dark-1
18083,Christopher Juerges
18084,Iozz
18085,Hippocube
18086,"Javeah Interactive, Bijou-Bot Entertainment"
18087,"Nukklear, Ashborne Games"
18088,"100 Cozy Games, Cats"
18089,"Emlise, Nostalgiatree"
18090,Nuberu Games
18091,Perfect Games
18092,Castle
18093,Ear Llc (Horrorgamedev)
18094,Tristan Begin Games
18095,"Uridium, Scott A. Cooke"
18096,Ballista Studios Ivs
18097,給食頭蛮
18098,Inlet Pipe Productions
18099,Henchman &Amp; Goon
18100,Brotherwood Games
18101,Triggered Studios
18102,Daylight Studio
18103,Zhongzhengqiang
18104,"Toei Animation Co., Ltd., Plus 81"
18105,"Nathan Archer, Luke Brown, Dan Kramer"
18106,Torgomind
18107,Palass Games
18108,Indigoblue Game Studio
18109,Wolfray Entertainment
18110,"Magnolia Games, Enhydra Games, Chocolate Ship Games"
18111,Mimangqi
18112,Retcon Games
18113,Firescale Studios
18114,Grahamoflegend
18115,Primary Cells Studio
18116,Meokigame
18117,Doomsday Studio
18118,Nuttery Entertainment
18119,Sugarhyped
18120,"Krobon Station, Vaka Game Magazine"
18121,Andreev Worlds
18122,Perilous Orbit
18123,Megatent Inc.
18124,Netmancer
18125,Overhaul Games
18126,Alex Hanson-White
18127,Ddreams Games
18128,"Ewoud Van Der Werf, Nils Slijkerman"
18129,Pixelmetal
18130,"Liron Peer, Roman Levin (Coldsteel48)"
18131,Balio Studio
18132,Etheweirdo
18133,Tom De Roeck
18134,Resnijars
18135,"Lightshards, Abiding Bridge"
18136,Grimesoft
18137,3Dcafe
18138,Shatter Wing Studios
18139,Jane Wilson
18140,Dream Studio
18141,Zweipipi
18142,Aeromir
18143,むつむつプロジェクト（Mutsu'Pro）
18144,Meteo Games Inc.
18145,Retrosouls
18146,"Beijing Lanxii Play Technology Co., Ltd"
18147,Madhoundgames
18148,"Liar-Soft, Nekoday"
18149,4-Cube Games
18150,"Kastriot Sulejmani, Logan Gerrol"
18151,Energy Crystal
18152,Dbh
18153,Ken Davis
18154,Safikik
18155,Myroid-Type Comics
18156,Shcherbinskyi Artem
18157,Ball Bounce Partnership
18158,Paralune Llc
18159,折扶桑制作组
18160,Screaming Bee
18161,Speelbaars
18162,Goldencrab Studios
18163,Oukaein
18164,Binary Cabin
18165,Gugames Development
18166,Long Qi  Software Technology
18167,Elefantopia
18168,Sezhes
18169,Puca Games
18170,"Girls Make Games, The Team Who Must Not Be Named, Learndistrict, Inc."
18171,"Qingdao Huichengsen Network Technology Co.,Ltd."
18172,James H. Van Der Meulen
18173,A17 Games
18174,Salmi Games
18175,"Medvedur, Stvdev.Pro"
18176,"Alawar Entertainment, Toyman Interactive"
18177,Banefire Games
18178,Clouds
18179,"Evgeny Osmet, .Ez Games"
18180,"Iko, Reynard Films, Prefrontal Cortex"
18181,Mochi Mode Ltd
18182,Tungsten Games
18183,Artoonu
18184,Changdongsoftware
18185,"Gamecoder Studios, Render Farm Studios"
18186,Legacy Productions
18187,Ays Code Yazilim
18188,Edgar Ix
18189,Out Of Bounds Playground
18190,Chromatic Dream
18191,Volker Elzner
18192,Ubisoft Montreal Studio
18193,Corumdev
18194,Echodog Games
18195,Biodrone Studios
18196,Hoshi
18197,Life Zero
18198,Stone/Spark Games
18199,Zealwind
18200,Freemenfreetime
18201,Duty Over
18202,Veloneer Games
18203,Pixeltrip Studios
18204,Silly Little Games
18205,"Lightspeed Design, Inc."
18206,Storm Trident S.A.
18207,Koneko
18208,Geta Games Team
18209,8:95Games
18210,Ravenhome Studios
18211,Michael Cosio Old Games
18212,Mastermind
18213,Orchid Games
18214,Fooya Games
18215,白袍恐懼症
18216,Cornthea
18217,Pixel Edge Games
18218,Fakt Software Gmbh
18219,Die Gute Fabrik
18220,Nao Games
18221,Marmalade
18222,"Gagonfe, Ulon, Rhowsl"
18223,Worldwidesoftware
18224,Cosmocat
18225,Studio Fg934
18226,Micractive
18227,Making Delightful Fiction
18228,Supertype
18229,Infinite Production
18230,Gameon Production
18231,Anigtas
18232,Interaction Ideas Gmbh
18233,"Stinkydev, Queenbev"
18234,Fishbump Games
18235,"Signtyche, Tyche'S Bookshelf"
18236,Billy Goat Entertainment Ltd
18237,"Hoit, Mizza"
18238,陈文龙
18239,Srn Game Studio
18240,Webyilmaz
18241,Grassblade Entertainment
18242,路过的骑士皇
18243,Bricchi Games
18244,"市松製化, Itimatuseika"
18245,Sewohayami
18246,Ossified Games
18247,"Gungrounds, Mad Head Games"
18248,Planeshift Interactive
18249,Totato
18250,Yuri Eletskikh
18251,Lightbox Academy
18252,Tech Skull Studios
18253,Jesper Bergman
18254,Shin Tomura
18255,Igolito Arts Studios
18256,Jg Roos
18257,土猫重工
18258,Adam Haase
18259,Spoon Network
18260,Nole
18261,"Drinkingnails, Llc"
18262,Mystivedev
18263,Dmitry Kozlov
18264,Poleacov Grigorii
18265,"Studica Solution, Electric Monkeys"
18266,The Spiteful Games
18267,Catato
18268,A Little More Games
18269,藍茶高校 Blue Tea College
18270,1Monkey2Brains
18271,爱芙尔
18272,Samuel Manier
18273,Neem Game Studios
18274,"Rainbow Rhino, Cinemax Games"
18275,3Rd Eye Project
18276,Baerenbytes
18277,Titan Squad
18278,Punto Clave
18279,Atthus Games
18280,Cosmos
18281,Diamond Productions
18282,Penguin Tower Studios
18283,Yukiostudio
18284,"Firelight Studios, Bleeding Leprechaun Studios"
18285,Once More With Gusto
18286,Umix Studios
18287,Skybox Labs
18288,Black Mammoth Games
18289,U-Play Online
18290,"Jonni The Dodger, Peter Ward"
18291,Vikingwarrior
18292,Panfilovdev
18293,Thunder Games
18294,Zenplay
18295,Goop Lord
18296,Stone Monkey Studios
18297,Joitri Games
18298,Gorogui Games
18299,"Rohaan Siddiqui, Dhairya Khara"
18300,Bento Studio
18301,Cascade Game Foundry
18302,Gamemixer
18303,Solidfrogllc
18304,Luftwaffel
18305,C.T. Matthews
18306,"Florian Veltman, Baptiste Portefaix, Arte France"
18307,Gritstudios
18308,Shiver Eye Development
18309,Nethersoft Interactive
18310,Muteki
18311,Circlegames
18312,Grin Igor
18313,Charminggirl
18314,Body Code Games
18315,Nectarware
18316,Darkshark Games
18317,Potion Junkies
18318,罗小熊工作室
18319,Cagri Gecin
18320,Itera Labs
18321,Fast Travel Games
18322,Julian Glander
18323,John Mccann
18324,Lovergame Studio
18325,M07Games
18326,"Mono Software, Inc."
18327,Knut Müller
18328,Anything Nose Productions
18329,"Big Blue Studios, Gamehouse"
18330,Appchu Indie Games
18331,Goodboy Galaxy Ltd.
18332,Uroboros Studio
18333,"Lv Yannan, Sun Xin, Zhang Jianhui"
18334,Undying Joy
18335,Religious Studios
18336,Cilithocal Game Studios Llc
18337,Emmycron
18338,知音动漫
18339,Silly Tiger
18340,Redwinegames Studio
18341,Zd Yazilim
18342,Sebastian Groll
18343,Joynow Studio
18344,Vladimir Slav
18345,Suri
18346,Qinghe Studio
18347,Miki Squadron Project
18348,Sam Murray
18349,"Bykov Valera Alekseevich, Kilin Aleksandr Evgenyevich"
18350,Hopecho
18351,Lori Vornoy
18352,Second Order
18353,Tma Games Llc
18354,Dimestudios
18355,Blueturtle
18356,Canalside Studios
18357,Stormregion
18358,Ctu
18359,Rel Games
18360,Scheme Street
18361,Horizonity
18362,Joe Daywalt
18363,Red Squirrel Tribute Games
18364,Xenon Lu
18365,Drix Studios
18366,"John Xu, John Morris"
18367,Vm.Cabello
18368,Lot
18369,Jksoft
18370,Jumb-O-Fun Games Inc
18371,Pixelartgames
18372,Moonlight Games
18373,Studio Loregard
18374,Daisy Games
18375,Manuecheveste
18376,2-Volt Games
18377,Ogo Play
18378,Subpixel Studios
18379,Koi Snowman Games
18380,Pretty Fly Games
18381,Mischka Kamener
18382,Birdmask Studio Ltd
18383,Made Of Bits
18384,Odisi Games
18385,"Acechariot, Acechariot"
18386,Mysterytag
18387,Wanin International
18388,Arglefumph
18389,Project Anthem
18390,Ktulhu Solutions
18391,Ingozi Games
18392,地航者
18393,Individual Software
18394,Ops Game Studio
18395,Strange Journey
18396,Bormak Studio
18397,Levi Ramirez
18398,墨元素
18399,Pex Entertainment
18400,Gachi Master
18401,Impetus Games
18402,Peach
18403,Interabang Entertainment
18404,Dex Games Studio
18405,"Aleksander Vargas, True Nightmare, Gummi Space Jam"
18406,Picklehouse
18407,Donley Time Foundation
18408,Calligram Studio
18409,Carlplay
18410,"7Talez, 100 Creepy Tales"
18411,El Virus 3D
18412,Enigmatic Machines
18413,Fs
18414,"Funselektor Labs Inc., Strelka Games"
18415,"Freshgem, Zillion Whales"
18416,"Steambot, Fishing Cactus"
18417,Genaticstudio
18418,Ravegamedev
18419,Erepon Games
18420,Coffeeserpent
18421,Cryogen Labs Llc
18422,Onefin
18423,Pumpkin Head Studio
18424,Ken Langella
18425,Lama Glama Game Company
18426,Caztellary Studio
18427,Scared Stupid Inc
18428,怪侠一枝梅
18429,Daring Cat Studio
18430,Nick Page!
18431,Bozó Attila Bertold
18432,Cotobito Games
18433,Aboogoost
18434,Ryan Mcquiston
18435,"Softstar Entertainment, Domo Studio"
18436,"Kara Stone, Parul Wadhwa, Andy Dilallo, Chris Kerich"
18437,Experagamestudio
18438,"Fabian@Coloryvr, Rumbleball"
18439,Whensoft
18440,God Test
18441,Damian3K
18442,Simpra Org
18443,Heaven Bot
18444,Team Impact
18445,Zrign 地霊研究院
18446,"Jingjing Shen, Cody Wren, David Tree"
18447,Ariel Love
18448,Pixelnadja
18449,Stefano Mazzotta (Il Sui)
18450,Big Niche Games
18451,Mobilefusion Apps Ltd
18452,Christopher &Amp; Max
18453,Rowan Future
18454,Amonesus Games
18455,Elephant Games Ar
18456,Eastasiasoft Limited
18457,"Wss Playground, Buriki Clock"
18458,Mumin Bayar
18459,Ptyron
18460,"Asger Heinricy, Juan Sevenster, Naga Lalith Shashank Jonnabhotla, Daniel Escobar, Ada Grünbaum, Ashley Wright, Aidan Alan Wright, Esam Din, Alexander Lindgren"
18461,Horizon Lab
18462,Francis Vace
18463,Rebuff Reality
18464,Bread Vision Studios Llc.
18465,Hammer Glass Studio Inc.
18466,Oy Kin
18467,Phantasma Digital
18468,Danalpha
18469,Trebuchet Entertainment Llc
18470,"Tero Lunkka, Valkeala Software, Black Thug"
18471,Golden Sand Games
18472,Jim
18473,One Must Imagine Games
18474,One Leaf Games
18475,Elastic Sea
18476,Cosmicpulsarstudio
18477,Polygon Art
18478,Newgrange Game
18479,Fresh Wind Games
18480,Mental Drink
18481,Bastienre4
18482,Cbc Games
18483,"Yotta Yobi, Diamond Tao"
18484,Purple Software
18485,True Legacy Games
18486,Studio Imugi
18487,Lonch.Me
18488,Rubdoff Games
18489,Madcraft Studios
18490,Mandegames
18491,"Darkania Works, Grimtalin"
18492,"Within Unlimited, Inc."
18493,The Overall Angle
18494,"Jaden Romilio, Jakob Houghton, Harry Mackenzie"
18495,"Idea Factory, Frontier Works"
18496,Olivier De Rop
18497,Handsome Dragon Games
18498,Delum Studios
18499,Just Two Ltd.
18500,Sketchy Ceviche
18501,Queen
18502,Carbon & Kay
18503,Totally Not Aliens
18504,Crow'S Perch
18505,Fionn Hodgson
18506,Milton Game
18507,Ggidk
18508,As.Day Studios
18509,Leonardo Zufi
18510,Gamedevstories
18511,Lucas Baldi Aragão
18512,Laplacian
18513,Hidden Achievement Llc
18514,Yox-Project
18515,Uniday Studio
18516,Grendel Games
18517,Ovos
18518,Light Studio | نقش الضوء
18519,Prismaze棱镜迷阵
18520,Jukai Studio
18521,Bs Studios
18522,Ben Hendel-Doying
18523,Coke_Deer
18524,Jamhammer Games Inc.
18525,Chronicle Games
18526,Heroes Project By Robert Tamioła
18527,"Orrery Games, Blip Haus Design"
18528,Frank Hampus Weslien
18529,"雾屿镜式制作组, 睡神飞工作室-Sleeeeepfly"
18530,"Izanagigames, Too Kyo Games, Grounding Inc., Esquadra,Inc."
18531,Max Manos
18532,Otto Games
18533,Imaginati Studios
18534,Vr-Connected
18535,Falling State Inc.
18536,Nemega
18537,凌望游戏工作室
18538,S.E.R.A. Games Studio
18539,Gingersoup Studio
18540,"Nanoshrine, Jameson.T"
18541,"Theboys, 430Games"
18542,"Silver Moon Internet, 银月网络"
18543,Gianni Laschi
18544,Raciebug
18545,Somnova Studios
18546,Sususu
18547,西梅树工作室
18548,Codespace
18549,Moondolino
18550,Lemon Seed Studio
18551,Y-Square Games G.K.
18552,Wispfire
18553,Dsw Games
18554,Reflektsoft
18555,Civil Savages
18556,Stein Bock Games
18557,Gabor Dandar
18558,Emcat Games
18559,Nathan Montgomery
18560,Built In A Day Games
18561,Emprom Game
18562,Kubunautilus
18563,Fring Frang Games
18564,"Vrni Ltd, Kainos"
18565,Liujiajun
18566,Onizuka
18567,Ellipse Studios
18568,Studio Incognito
18569,David Nguyen
18570,"Fusion.Robot & Co, Kunzthebeat"
18571,Team Reset
18572,Nobones
18573,Igor Neiman
18574,Yuyang
18575,Stephen Joseph
18576,Cykyria
18577,Tronusgames
18578,Pearflower
18579,Luftmensch
18580,Zoblin Multimedia
18581,Noodlegames
18582,Surrealist As
18583,Sushi Studio
18584,Shmoesoft
18585,Endless Endeavor Llc
18586,José Antonio De Los Ángeles Rodríguez
18587,Nightcall
18588,Robproductions
18589,Sn!Somos Nerds
18590,Tenitinygames
18591,Puzzle Gx
18592,Simionescu Mihnea
18593,Bhelpuri Boyz
18594,Redseed Game Studio
18595,绚丽奈落
18596,埋月山枯
18597,Hellhound Studios
18598,Andres Gonzalez
18599,"市松製化, Https://1Ma2Szk.Booth.Pm/"
18600,Upside Down Fox
18601,Crynex
18602,Kdanss
18603,Misc.261
18604,Crabeater Games
18605,Aimersoft Studio
18606,"抖音-小六热游, D.Mu"
18607,Coding Duck
18608,Fish Tank Studio
18609,"Yahart, Struct9"
18610,Tastebuds
18611,Mescaline'S Wings
18612,Zbigniew Ochman
18613,Leguas Intrepidas
18614,Flying Penguin Productions
18615,Metacorp / Vaporware
18616,Egghead Interactive Llc.
18617,Render
18618,Sergey Shushunov
18619,Wander_Rabbits
18620,Mickey_418
18621,Thomas Horne
18622,Asylum Square
18623,Chillx Ltd
18624,Turtle Ship Studio
18625,Kizami Fans Club
18626,Giant Gourami
18627,Rosehoodgames
18628,Cavelight Llc
18629,Chaoticway
18630,Ramic Studio
18631,Lucky Adams
18632,"Groolpool, Sweatyslit"
18633,Terribly Delightful Entertainment
18634,Amyberyl
18635,Rock Nano
18636,Innominatum Digital
18637,"2,000 Damage"
18638,"Adept Studios Gd, Alawar Entertainment"
18639,The Web Production
18640,Eurus Games
18641,"Mats Kyyrö, Juha Keränen"
18642,Somnambulist Games
18643,Reija
18644,豆干叠叠木
18645,Turbo Pelvis 3000 Inc.
18646,"Feas, Axyos Games"
18647,Bbq大好き
18648,Megaeggz
18649,Andy Jurko
18650,Kuetaro (くえたろう)
18651,The Pixel Mine Ltd
18652,Rushandev1
18653,Peach Cat
18654,Sarper Şoher
18655,Gamemaker8Yt
18656,Mode4
18657,Carnival Pepper
18658,Karayolu Games
18659,4H
18660,Pug Fugly Games
18661,Tianyu Studio
18662,Tanuki Creative Studio
18663,Hippomancer
18664,The Last Pilot
18665,老K666 Studio
18666,Solarbyte
18667,Gameformatic S.A.
18668,Off The Deck Games
18669,Water'S Feeling
18670,Pyxel Arts
18671,Two Mammoths
18672,Two Glass Hams
18673,Vr Features
18674,Direfang
18675,Ssassy
18676,Thanatos
18677,Haimio
18678,Bbo
18679,Avake
18680,Sacriface Studio
18681,Digital Bounce House
18682,Tulpar Games
18683,Gcn
18684,Rac7
18685,Swallowed Sun Pty Ltd
18686,Gnifrix
18687,Irisfield
18688,Cagri Burak Demir
18689,Smileboom Co.Ltd.
18690,Vr Storm Studio
18691,James C Gray
18692,Partial Reality
18693,Prologue Games
18694,Ananki Game Studio
18695,Bajastorm
18696,"Reed Mosby, Riley Shanley, Luke Fritz, Brian Fitzgerald, Nicholas Herink, Caraline Aldis, Karena Williams, Sam Fadare, Eric Bodreau"
18697,Animabox
18698,Recotechnology S.L.
18699,Ozna Studio
18700,"Zeenoh, 7 Seals"
18701,Robot Cat Limited
18702,Magic And Mirrors
18703,Resistance Games
18704,{Company_Name_Goes_Here}
18705,Ergosphere Game Studio
18706,Smart Studio
18707,Ceospet Games
18708,Racing Thought Studios
18709,Adam Dubi
18710,Eleftheriadis Savvas
18711,Tomorrow Games
18712,Strawberrytail
18713,まどそふと
18714,Cnsgames
18715,Vikingvrstudio
18716,Doug B.
18717,"Skeleton, Gugong"
18718,Ippo Games
18719,Default Interactive
18720,Solare Games
18721,Sandman
18722,Drop Rate Studio
18723,Choc Abyss
18724,"E Marx, Caden Goodwin"
18725,Connor O.R.T. Linning
18726,Kyrel
18727,Fork Particle Games
18728,Volokitin Andrey
18729,Tibet Games
18730,"Marco Amadei, Riccardo Ricci"
18731,Tgi Game Studio
18732,Team Frameland
18733,Never Games Limited
18734,Dilmer Valecillos
18735,Mirai
18736,Nend
18737,"Gamix Studios, Wise Box Studios"
18738,Raya Games
18739,Ideographer
18740,Long Shift Games
18741,Skeleton Star Game
18742,Erik M
18743,Darkknight
18744,Yunus Berk Kaynak
18745,W Makes Games
18746,Tan Yu
18747,Sonomio Games
18748,Little Ricebowl
18749,Mredziński
18750,Ogame Games
18751,1564 Studio
18752,Old Formulas
18753,Adato Games
18754,Modus Interactive Games
18755,Zenisport
18756,Ardyn
18757,Retream
18758,Team Tripleslash
18759,Forgotten Code
18760,Not Me Rpg Games
18761,Giggle Games
18762,The Strategy Game Studio
18763,Braniacs2100
18764,Top3Line
18765,Tizby
18766,Switchpilot
18767,Paro
18768,Fog Games
18769,Chillcash
18770,Softvar
18771,Workbench Entertainment
18772,Jakob Hild
18773,Peter Klauser
18774,Blot Interactive
18775,Autumn Knight
18776,Modus Interactive
18777,"Unistellar Industries, Llc"
18778,"Space Mouse, Llc"
18779,"Jo-Mei, Upjers"
18780,废材炼金术士
18781,Andreas Georgiou
18782,Second Morning Works
18783,Wvv-Games.Com
18784,Arktisweiss
18785,Gcrh
18786,Chronova
18787,"Twin Petes, Fuchs+Dachs"
18788,Ozark Softscape
18789,Happy Daram (Happy Chipmunk)
18790,Noctiluca Studio
18791,Winged Sakura Games
18792,Progress Game
18793,Noraperikaproject
18794,Frogbert
18795,Paper Castle Games
18796,Myoubouh Corp
18797,Tiny Rts
18798,Arctic Anteater
18799,Motivation Game Studio
18800,"Jeffrey Nordin, Justin Nordin"
18801,Games
18802,"Insilico, Emanuel Tomozei"
18803,Tga Company Llc
18804,Dmu Software
18805,Taggrin
18806,Ryan Pace
18807,Alfina Gamers
18808,Rabbiroo
18809,Bright At Midnight: A Game Studio
18810,Lethal Raptor Games
18811,Hh-Games
18812,Voigon
18813,Espervisions
18814,Membraine Studios
18815,Megaslow Studio
18816,Grandmini Studios
18817,Helicopter Simulator
18818,Powpit
18819,Seraphim Creations
18820,Wondersoft Studio
18821,Lof Studios
18822,Faithy Games
18823,Studio Siesta
18824,Omegabyte
18825,Hocwar
18826,"Grip Games, 3Division"
18827,Freeanimals_Software
18828,"Cryo Interactive, Koalabs"
18829,Noone
18830,"Stopshut, Goose Studios"
18831,Retrobot
18832,Just A Gamer
18833,Gidazgames
18834,Palladium Soft
18835,Rampant Games
18836,Super16Bits
18837,"V34D4R, Egor Magurin"
18838,Aerolito
18839,Mateussdev
18840,Peter Tan
18841,Philipp Lehner
18842,いとこん
18843,Furgoldgames
18844,Tokinokogiri
18845,Youzustar
18846,Jet Set Games
18847,Sol Bot Studios
18848,Bekoshi
18849,Helsinki Noir
18850,Xxxgames
18851,Super Retro Duck
18852,"Evildraggie, Evil Turtle Productions"
18853,Trypara
18854,Neex Games
18855,Rocket Adrift
18856,Mukorka
18857,"The Retro Room Games, Pop Decades"
18858,Nevsram
18859,Scanix
18860,Amayadori Development
18861,Pacifism
18862,Wdark
18863,Punkballstudio
18864,Blue Monarch Games
18865,Harbinger Beard
18866,Muli Game
18867,Jaemoon Choi
18868,Marix
18869,Sylphe Labs
18870,Yellowbound
18871,Maxbytes
18872,Ilya Gubin
18873,Project Artiliris
18874,"Strata Mixed Reality, Inc."
18875,Whalewhistle
18876,"Tiny Colossus, Ciro Continisio"
18877,修仙界
18878,Redgrit Games
18879,Red Fly Studio
18880,Late Light Studio
18881,Roach Team
18882,Naps Team
18883,Vhornet Games
18884,"Keybol, Nitrome, Mike Studios"
18885,"Jackson Clayton, Andy Sharpe, Liam A'Hearn, Zane Kidwell"
18886,Inchoate Elk
18887,Metaphor
18888,Arkhouse Telegraph
18889,"Akumu Games, Iliad Works"
18890,Green Retroman
18891,Creative Cog Games
18892,Ironbellys Crew
18893,4E Game Studio
18894,Project Whitecard Studios Inc.
18895,Korean Linguistics Lab
18896,Triple E Games
18897,Tall James Games
18898,Cubus Games
18899,三角形游戏工作室
18900,Guerrilla Bandit
18901,Biggestweed
18902,Rileyrift
18903,Flipswitchx
18904,Wickey Ware
18905,Yash Future Tech Solutions Pvt Ltd
18906,Cascadia Games
18907,Equanimity Studios
18908,"Liithos, Rainbow Unicorn Games, Launch It Labs"
18909,Gamesoft
18910,Jaron Fund
18911,Dragon'S Layer Productions
18912,Whykev
18913,"Ejaw, Creobit"
18914,"Carolina Ask, Projektet Staden Nya Lödöse, Alexander Cobleigh, Åsa Egnér"
18915,Cerebraljam
18916,Rhine Games
18917,High-End Games
18918,"Booblyc, Parafeks"
18919,Ironcode
18920,Ma
18921,"Indielip, Dmitriy Uvarov"
18922,Jean Groenewald
18923,Silverstring Media Inc.
18924,Callback
18925,Suppressive Fire Games
18926,Flat Voxel
18927,"J Wonder Co.,Ltd."
18928,Bixense Game Studios
18929,Holy Cow Productions
18930,Dtp – Young Entertainment Gmbh & Co. Kg
18931,Gooby Games
18932,"ストロングツリー(Hushuchuライス), Strong Tree (Hushuchu Rice)"
18933,Elllinia Games
18934,Sj Games
18935,Dionous Games
18936,High Level
18937,Eckham
18938,Rainbite Ltd
18939,Strongbox3D
18940,No Sleep Till Monday
18941,Inferiorworks
18942,7Tpgames
18943,Teamsupport
18944,Slater Chae
18945,Bunstack
18946,Ahsin Memon
18947,Legendex Games
18948,Single-Minded Ryan
18949,Sulton
18950,"Dreamfire Studios, Bytefire Games"
18951,30 Parallel
18952,Eh
18953,Byval Games
18954,Level 126
18955,Double Barreled Herald
18956,F-Games
18957,阿津
18958,"Platte Clark, Ryan Larson, Ethan Nicewanner, Ethan Elwood, John Martindale"
18959,Troglodyte Studio
18960,Giant Flame
18961,Cheddaninja Games
18962,Varkian Empire
18963,Eiloware
18964,Angel Iliev Hrisimov
18965,Brinemedia
18966,Omega Games
18967,Ian Martin
18968,Abylight Studios
18969,Bleeding Tapes
18970,"Bullwaresoft, Spoonbox Studio"
18971,Buttonsoft
18972,ラルカス
18973,Robot
18974,Craft Theory
18975,Darkarts Studios
18976,Coincidence
18977,Voided Pixels
18978,Christopher Rodgers
18979,Karin Project
18980,1Classydude
18981,"Vladimir Slav, Coldwild Games"
18982,Jaming Soo
18983,Pika'S Game
18984,Roger Gassmann
18985,Z4Z
18986,Artepi Corporation
18987,Micky_Games
18988,Nighthouse Games
18989,Jta Games
18990,40Rs
18991,Dovii Games
18992,人肉馒头
18993,Noirware
18994,Heallios Studio
18995,"Superacid, Manlev Games"
18996,Liu Zeren
18997,"Force Of Habit, Clockwork Cuckoo"
18998,"Julián Palacios Gechtman, Fantastico Studio"
18999,"Glitchless, Llc"
19000,Ling
19001,Dreamplant
19002,Victor Games
19003,Arafkan
19004,Wonderland
19005,Knackelibang Productions
19006,"Cortopia, Free Lives"
19007,Il Lit Studio
19008,Kyuppin
19009,"Brøderbund, Jordan Freeman Group, Living Books, Wanderful Interactive Storybooks"
19010,"Inner Realm Studios, Dumb Duck Games"
19011,Virtue Enforcer
19012,"Nicholas Stephens, Crusader'S Fellowship"
19013,Black Banshee Studios
19014,Black Cyc
19015,Good Morning Games
19016,Squarenite
19017,"Smiling Cat Entertainment, Ltd"
19018,Shy Pixel
19019,Chilltimegames
19020,Gugila
19021,Schopenhauer'S Mother
19022,Hellomeow
19023,Italian Party Of Indie Developers
19024,Igelanium Games
19025,Lonely Frontier Studio
19026,Avi Games
19027,赛博风
19028,I See 3D
19029,Godolphin Games
19030,Gammera Nest
19031,Bionic Pony
19032,3D Visualisation Aesthetics Lab
19033,Adjective Noun
19034,Tezcatek
19035,Pedro Henrique Baretta
19036,"Wizard Games Inc, Chicken Waffle"
19037,Ultranet.Org
19038,"Louka Lemire, William Harvey"
19039,Loftgames Studio
19040,Txk Gaming Studios
19041,Sokolab
19042,Sixkilla Gaming
19043,Oose
19044,Remaginarium
19045,Emangame
19046,Minerva Interactive
19047,K148
19048,Team Neetbytes
19049,Moonlight Studio
19050,炀艺科技
19051,Wilderness Journal Games
19052,Bakemono Studio
19053,Shadebob Games
19054,Lugumivi Games
19055,Terafall: Survival
19056,Appsolutely Studios
19057,Patchwork Games
19058,Mingcang Studio
19059,Performance Artist
19060,Mario Murkl
19061,Blocktopus
19062,Midnight Factory Games
19063,Tcp Studios
19064,Geoff Nagy
19065,The 25Th Studio
19066,Altope Interactive
19067,Rkd.Zone
19068,Deanthedev
19069,Jonathon Baroi
19070,Reew Games
19071,Azure Mountain
19072,Mitten Mob Games
19073,Hlf Studio
19074,Dreamveloper Studio
19075,"Nathan Lin, Ritwik Kumar"
19076,"Future Visionary, Lee Jacobson, Jordan Freeman Group"
19077,Rokit Control
19078,Suricate Software
19079,Solkitte
19080,Daggasoft
19081,G8Bird
19082,Kwaussie Studios
19083,Landonia Rpg
19084,"阿萌, 不可食用墨汁, A.D.I.N.A, Neon"
19085,Dk Liao
19086,"Flame-Dragons, Dmitriy Belonovskiy"
19087,Zekgame
19088,Kaka Ku Games Inc.
19089,Kamilsky Games
19090,Casual Box Games
19091,Gianty Inc.
19092,Dongxujuan
19093,"Guerrilla Games, Studio Gobo"
19094,Some Sugar Studio
19095,Paleontology
19096,Newatlantisgamestudio
19097,李小鹏的个人开发
19098,Mitchell Hartwell
19099,Ferullo Gaming
19100,Hidden Tower Studios
19101,Playalley
19102,Magic Dragon Games
19103,"Codingquests, Cb4D"
19104,Soft Paw Studio
19105,Battle Fire Studio
19106,Rollingbread
19107,Circle Gyu
19108,小W的游戏开发互助组
19109,Impeyron Games
19110,33 Games
19111,For Fun Games
19112,Zachary Hodges
19113,Pentabit
19114,Lucas Fernandez
19115,Aggroblakh
19116,Roberto Serrano López
19117,Nocturnal Games
19118,"Nyxtales, Chilla'S Art"
19119,Erec Schneizel
19120,Exploding Cable Productions
19121,Jacwab
19122,Reside
19123,Stunbyte
19124,Xi Zhang
19125,Escapeware
19126,Mindfog Games
19127,Malte Glade
19128,"Devster, Llc"
19129,Limestone Games
19130,Rimlight Studios
19131,Lost Dutchman Games
19132,Vexxusarts
19133,Joseph Keenan
19134,Emir Kandemir
19135,Shmurdik
19136,"Explosion Games, Piligrim Games"
19137,Unnatural Freaks
19138,Hammerheart
19139,Skulfio
