appid,name,developer,publisher,positive,negative,owners,average_forever,average_2weeks,median_forever,median_2weeks,price,initialprice,discount,ccu
3380,Dynomite Deluxe,"PopCap Games, Inc.",Electronic Arts,334,17,"100,000 .. 200,000",0,0,0,0,499,499,0,0
3380,Dynomite Deluxe,"PopCap Games, Inc.",Electronic Arts,334,17,"100,000 .. 200,000",0,0,0,0,499,499,0,0
9980,The UnderGarden,Artech Studios,Atari,60,31,"20,000 .. 50,000",0,0,0,0,699,699,0,0
9980,The UnderGarden,Artech Studios,Atari,60,31,"20,000 .. 50,000",0,0,0,0,699,699,0,0
12420,Perimeter 2: New Earth,KDV Games,Strategy First,16,55,"0 .. 20,000",0,0,0,0,599,599,0,0
12420,Perimeter 2: New Earth,KDV Games,Strategy First,16,55,"0 .. 20,000",0,0,0,0,599,599,0,0
12570,Hot Dish,Zemnott,Ziggurat,14,18,"0 .. 20,000",0,0,0,0,999,999,0,0
12570,Hot Dish,Zemnott,Ziggurat,14,18,"0 .. 20,000",0,0,0,0,999,999,0,0
15160,Petz Horsez 2,Ubisoft,,157,52,"0 .. 20,000",0,0,0,0,999,999,0,1
15160,Petz Horsez 2,Ubisoft,,157,52,"0 .. 20,000",0,0,0,0,999,999,0,1
16300,Everyday Shooter,Queasy Games,,110,6,"20,000 .. 50,000",0,0,0,0,999,999,0,0
16300,Everyday Shooter,Queasy Games,,110,6,"20,000 .. 50,000",0,0,0,0,999,999,0,0
17180,Mosby's Confederacy,"Tilted Mill Entertainment, Inc.",,25,14,"20,000 .. 50,000",0,0,0,0,999,999,0,0
17180,Mosby's Confederacy,"Tilted Mill Entertainment, Inc.",,25,14,"20,000 .. 50,000",0,0,0,0,999,999,0,0
19030,Rocket Knight,Climax Studios,KONAMI,124,43,"0 .. 20,000",0,0,0,0,1499,1499,0,0
19030,Rocket Knight,Climax Studios,KONAMI,124,43,"0 .. 20,000",0,0,0,0,1499,1499,0,0
21030,Watchmen: The End is Nigh Part 2,Deadline Games,Warner Bros. Games,236,101,"20,000 .. 50,000",0,0,0,0,499,499,0,0
21030,Watchmen: The End is Nigh Part 2,Deadline Games,Warner Bros. Games,236,101,"20,000 .. 50,000",0,0,0,0,499,499,0,0
23700,Puzzle Kingdoms,Infinite Interactive,Strategy First,178,137,"50,000 .. 100,000",0,0,0,0,1499,1499,0,2
23700,Puzzle Kingdoms,Infinite Interactive,Strategy First,178,137,"50,000 .. 100,000",0,0,0,0,1499,1499,0,2
31820,Nancy Drew: The Haunted Carousel,HeR Interactive,HeR Interactive,206,15,"20,000 .. 50,000",0,0,0,0,999,999,0,6
31820,Nancy Drew: The Haunted Carousel,HeR Interactive,HeR Interactive,206,15,"20,000 .. 50,000",0,0,0,0,999,999,0,6
31840,Nancy Drew: Danger on Deception Island,HeR Interactive,HeR Interactive,240,18,"20,000 .. 50,000",0,0,0,0,999,999,0,6
31840,Nancy Drew: Danger on Deception Island,HeR Interactive,HeR Interactive,240,18,"20,000 .. 50,000",0,0,0,0,999,999,0,6
31980,Nancy Drew: Ransom of the Seven Ships,HeR Interactive,HeR Interactive,42,24,"50,000 .. 100,000",0,0,0,0,0,0,0,0
31980,Nancy Drew: Ransom of the Seven Ships,HeR Interactive,HeR Interactive,42,24,"50,000 .. 100,000",0,0,0,0,0,0,0,0
32630,Delta Force 2,NovaLogic,NovaLogic,428,68,"50,000 .. 100,000",0,0,0,0,499,499,0,4
32630,Delta Force 2,NovaLogic,NovaLogic,428,68,"50,000 .. 100,000",0,0,0,0,499,499,0,4
37700,Darkest of Days,8monkey Labs,Stardock Entertainment,248,76,"20,000 .. 50,000",0,0,0,0,0,0,0,0
37700,Darkest of Days,8monkey Labs,Stardock Entertainment,248,76,"20,000 .. 50,000",0,0,0,0,0,0,0,0
40320,Rush for Berlin Gold,Stormregion,THQ Nordic,152,22,"0 .. 20,000",0,0,0,0,499,499,0,0
40320,Rush for Berlin Gold,Stormregion,THQ Nordic,152,22,"0 .. 20,000",0,0,0,0,499,499,0,0
40500,Sacraboar,Makivision Games,Makivision Games,17,50,"20,000 .. 50,000",0,0,0,0,299,299,0,0
40500,Sacraboar,Makivision Games,Makivision Games,17,50,"20,000 .. 50,000",0,0,0,0,299,299,0,0
46380,Reign: Conflict of Nations,Lesta Studio,Fulqrum Publishing,53,63,"20,000 .. 50,000",0,0,0,0,399,399,0,0
46380,Reign: Conflict of Nations,Lesta Studio,Fulqrum Publishing,53,63,"20,000 .. 50,000",0,0,0,0,399,399,0,0
46760,Ironclads: Schleswig War 1864,Totem Games,Strategy First,10,20,"0 .. 20,000",0,0,0,0,999,999,0,0
46760,Ironclads: Schleswig War 1864,Totem Games,Strategy First,10,20,"0 .. 20,000",0,0,0,0,999,999,0,0
50970,Mystery Case Files: Madame Fate,Big Fish Games,BFG Entertainment,71,20,"20,000 .. 50,000",0,0,0,0,999,999,0,3
50970,Mystery Case Files: Madame Fate,Big Fish Games,BFG Entertainment,71,20,"20,000 .. 50,000",0,0,0,0,999,999,0,3
51010,My Tribe,Big Fish Games,BFG Entertainment,112,20,"20,000 .. 50,000",0,0,0,0,999,999,0,6
51010,My Tribe,Big Fish Games,BFG Entertainment,112,20,"20,000 .. 50,000",0,0,0,0,999,999,0,6
63650,URU: Complete Chronicles,"Cyan Worlds, Inc.","Cyan Worlds, Inc.",133,37,"20,000 .. 50,000",0,0,0,0,399,999,60,1
63650,URU: Complete Chronicles,"Cyan Worlds, Inc.","Cyan Worlds, Inc.",133,37,"20,000 .. 50,000",0,0,0,0,399,999,60,1
70100,Hacker Evolution,exosyphen studios,exosyphen studios,710,337,"100,000 .. 200,000",0,0,0,0,299,299,0,1
70100,Hacker Evolution,exosyphen studios,exosyphen studios,710,337,"100,000 .. 200,000",0,0,0,0,299,299,0,1
71165,Streets of Rage 2,SEGA,SEGA,23,2,"20,000 .. 50,000",0,0,0,0,0,0,0,0
71165,Streets of Rage 2,SEGA,SEGA,23,2,"20,000 .. 50,000",0,0,0,0,0,0,0,0
109200,Legend of Fae,Endlessfluff Games,,90,30,"20,000 .. 50,000",0,0,0,0,999,999,0,0
109200,Legend of Fae,Endlessfluff Games,,90,30,"20,000 .. 50,000",0,0,0,0,999,999,0,0
204960,Magical Drop V,Golgoth Studio,UTV Ignition Entertainment,225,207,"20,000 .. 50,000",0,0,0,0,0,0,0,0
204960,Magical Drop V,Golgoth Studio,UTV Ignition Entertainment,225,207,"20,000 .. 50,000",0,0,0,0,0,0,0,0
207020,Bang Bang Racing,Digital Reality Software & Playbox,HandyGames,519,113,"50,000 .. 100,000",0,0,0,0,999,999,0,0
207020,Bang Bang Racing,Digital Reality Software & Playbox,HandyGames,519,113,"50,000 .. 100,000",0,0,0,0,999,999,0,0
207670,AVSEQ,Big Robot Ltd,Big Robot Ltd,31,41,"20,000 .. 50,000",0,0,0,0,199,199,0,0
207670,AVSEQ,Big Robot Ltd,Big Robot Ltd,31,41,"20,000 .. 50,000",0,0,0,0,199,199,0,0
212110,Sugar Cube: Bittersweet Factory,Turtle Cream,Turtle Cream,143,54,"20,000 .. 50,000",0,0,0,0,699,699,0,0
212110,Sugar Cube: Bittersweet Factory,Turtle Cream,Turtle Cream,143,54,"20,000 .. 50,000",0,0,0,0,699,699,0,0
214870,Painkiller Hell & Damnation,The Farm 51,Prime Matter,3258,919,"200,000 .. 500,000",0,0,0,0,199,1999,90,4
214870,Painkiller Hell & Damnation,The Farm 51,Prime Matter,3258,919,"200,000 .. 500,000",0,0,0,0,199,1999,90,4
220900,Jack Lumber,Owlchemy Labs,Owlchemy Labs,226,135,"100,000 .. 200,000",0,0,0,0,499,499,0,0
220900,Jack Lumber,Owlchemy Labs,Owlchemy Labs,226,135,"100,000 .. 200,000",0,0,0,0,499,499,0,0
229600,Bientôt l'été,Tale of Tales,Tale of Tales,133,152,"20,000 .. 50,000",0,0,0,0,999,999,0,0
229600,Bientôt l'été,Tale of Tales,Tale of Tales,133,152,"20,000 .. 50,000",0,0,0,0,999,999,0,0
229970,Armada 2526 Gold Edition,Ntronium Games,Iceberg Interactive,73,35,"50,000 .. 100,000",0,0,0,0,1999,1999,0,1
229970,Armada 2526 Gold Edition,Ntronium Games,Iceberg Interactive,73,35,"50,000 .. 100,000",0,0,0,0,1999,1999,0,1
245010,Deathtrap Dungeon,,Square Enix,93,97,"20,000 .. 50,000",0,0,0,0,97,699,86,0
245010,Deathtrap Dungeon,,Square Enix,93,97,"20,000 .. 50,000",0,0,0,0,97,699,86,0
246800,BeatBlasters III,Chainsawesome Games,Chainsawesome Games,35,53,"0 .. 20,000",0,0,0,0,999,999,0,0
246800,BeatBlasters III,Chainsawesome Games,Chainsawesome Games,35,53,"0 .. 20,000",0,0,0,0,999,999,0,0
247870,Redshirt,The Tiniest Shark,Positech,164,228,"50,000 .. 100,000",0,0,0,0,999,999,0,0
247870,Redshirt,The Tiniest Shark,Positech,164,228,"50,000 .. 100,000",0,0,0,0,999,999,0,0
259490,Beast Boxing Turbo,,Bohemia Interactive,263,31,"0 .. 20,000",0,0,0,0,0,0,0,0
259490,Beast Boxing Turbo,,Bohemia Interactive,263,31,"0 .. 20,000",0,0,0,0,0,0,0,0
259910,Farming Giant,Actalogic,Toplitz Productions,64,188,"20,000 .. 50,000",0,0,0,0,0,0,0,0
259910,Farming Giant,Actalogic,Toplitz Productions,64,188,"20,000 .. 50,000",0,0,0,0,0,0,0,0
264220,Mr. Bree+,TawStudio Entertainment,TawStudio Entertainment,195,36,"20,000 .. 50,000",0,0,0,0,299,299,0,0
264220,Mr. Bree+,TawStudio Entertainment,TawStudio Entertainment,195,36,"20,000 .. 50,000",0,0,0,0,299,299,0,0
266290,Helicopter Simulator 2014: Search and Rescue,VipaGames,SIG Publishing,128,243,"20,000 .. 50,000",0,0,0,0,699,699,0,0
266290,Helicopter Simulator 2014: Search and Rescue,VipaGames,SIG Publishing,128,243,"20,000 .. 50,000",0,0,0,0,699,699,0,0
270170,Depression Quest,"The Quinnspiracy, Patrick Lindsey, Isaac Schankler",The Quinnspiracy,2387,1587,"200,000 .. 500,000",0,0,0,0,0,0,0,2
270170,Depression Quest,"The Quinnspiracy, Patrick Lindsey, Isaac Schankler",The Quinnspiracy,2387,1587,"200,000 .. 500,000",0,0,0,0,0,0,0,2
270490,The Forest of Doom (Standalone),Tin Man Games,Tin Man Games,238,57,"20,000 .. 50,000",0,0,0,0,499,499,0,0
270490,The Forest of Doom (Standalone),Tin Man Games,Tin Man Games,238,57,"20,000 .. 50,000",0,0,0,0,499,499,0,0
271730,Light,Just A Pixel Ltd.,Team17 Digital Ltd,198,142,"50,000 .. 100,000",0,0,0,0,0,0,0,0
271730,Light,Just A Pixel Ltd.,Team17 Digital Ltd,198,142,"50,000 .. 100,000",0,0,0,0,0,0,0,0
276750,Fritz Chess 14,ChessBase,Viva Media,85,34,"20,000 .. 50,000",0,0,0,0,3999,3999,0,1
276750,Fritz Chess 14,ChessBase,Viva Media,85,34,"20,000 .. 50,000",0,0,0,0,3999,3999,0,1
279420,Gardens Inc. – From Rakes to Riches,"World-Loom, Nitreal",MumboJumbo,84,12,"20,000 .. 50,000",0,0,0,0,999,999,0,1
279420,Gardens Inc. – From Rakes to Riches,"World-Loom, Nitreal",MumboJumbo,84,12,"20,000 .. 50,000",0,0,0,0,999,999,0,1
282620,The Battle of Sol,"Bit Planet Games, LLC","Bit Planet Games, LLC",58,43,"20,000 .. 50,000",0,0,0,0,999,999,0,0
282620,The Battle of Sol,"Bit Planet Games, LLC","Bit Planet Games, LLC",58,43,"20,000 .. 50,000",0,0,0,0,999,999,0,0
283920,Putt-Putt Joins the Parade,Humongous Entertainment,"Humongous Entertainment, Nightdive Studios",304,21,"20,000 .. 50,000",0,0,0,0,699,699,0,0
283920,Putt-Putt Joins the Parade,Humongous Entertainment,"Humongous Entertainment, Nightdive Studios",304,21,"20,000 .. 50,000",0,0,0,0,699,699,0,0
286830,Hard Truck Apocalypse: Arcade / Ex Machina: Arcade,Targem Games,ESDigital Games,76,173,"20,000 .. 50,000",0,0,0,0,499,499,0,0
286830,Hard Truck Apocalypse: Arcade / Ex Machina: Arcade,Targem Games,ESDigital Games,76,173,"20,000 .. 50,000",0,0,0,0,499,499,0,0
289820,Dracula 2: The Last Sanctuary,Microids,Microids,79,192,"20,000 .. 50,000",0,0,0,0,499,499,0,0
289820,Dracula 2: The Last Sanctuary,Microids,Microids,79,192,"20,000 .. 50,000",0,0,0,0,499,499,0,0
290380,Micron,Apparition Games,Apparition Games,176,8,"0 .. 20,000",0,0,0,0,299,299,0,0
290380,Micron,Apparition Games,Apparition Games,176,8,"0 .. 20,000",0,0,0,0,299,299,0,0
291390,Three Dead Zed,Gentleman Squid Studio,Gentleman Squid Studio,116,64,"100,000 .. 200,000",0,0,0,0,599,599,0,0
291390,Three Dead Zed,Gentleman Squid Studio,Gentleman Squid Studio,116,64,"100,000 .. 200,000",0,0,0,0,599,599,0,0
291630,Mirror Mysteries,Easy Co,Strategy First,201,58,"50,000 .. 100,000",0,0,0,0,499,499,0,1
291630,Mirror Mysteries,Easy Co,Strategy First,201,58,"50,000 .. 100,000",0,0,0,0,499,499,0,1
294540,Freddi Fish 3: The Case of the Stolen Conch Shell,Humongous Entertainment,"Humongous Entertainment, Nightdive Studios",318,13,"50,000 .. 100,000",0,0,0,0,699,699,0,17
294540,Freddi Fish 3: The Case of the Stolen Conch Shell,Humongous Entertainment,"Humongous Entertainment, Nightdive Studios",318,13,"50,000 .. 100,000",0,0,0,0,699,699,0,17
296220,Farm Frenzy 4,Alawar Entertainment,ESDigital Games,355,85,"20,000 .. 50,000",0,0,0,0,699,699,0,17
296220,Farm Frenzy 4,Alawar Entertainment,ESDigital Games,355,85,"20,000 .. 50,000",0,0,0,0,699,699,0,17
296530,Coldfire Keep,Steve Jarman,Steve Jarman,48,65,"20,000 .. 50,000",0,0,0,0,399,399,0,0
296530,Coldfire Keep,Steve Jarman,Steve Jarman,48,65,"20,000 .. 50,000",0,0,0,0,399,399,0,0
297070,Nicolas Eymerich The Inquisitor Book II : The Village,"IV Productions, Trinity Team srl","IV Productions, Trinity Team srl",23,16,"0 .. 20,000",0,0,0,0,999,999,0,0
297070,Nicolas Eymerich The Inquisitor Book II : The Village,"IV Productions, Trinity Team srl","IV Productions, Trinity Team srl",23,16,"0 .. 20,000",0,0,0,0,999,999,0,0
298020,Escape The Museum,Gogii Games,Strategy First,30,42,"20,000 .. 50,000",0,0,0,0,399,399,0,0
298020,Escape The Museum,Gogii Games,Strategy First,30,42,"20,000 .. 50,000",0,0,0,0,399,399,0,0
298140,Rhiannon: Curse of the Four Branches,Arberth Studios,Meridian4,91,56,"50,000 .. 100,000",0,0,0,0,499,499,0,0
298140,Rhiannon: Curse of the Four Branches,Arberth Studios,Meridian4,91,56,"50,000 .. 100,000",0,0,0,0,499,499,0,0
300260,Planetoid Pioneers,Data Realms,Data Realms,244,146,"20,000 .. 50,000",0,0,0,0,1999,1999,0,0
300260,Planetoid Pioneers,Data Realms,Data Realms,244,146,"20,000 .. 50,000",0,0,0,0,1999,1999,0,0
301980,Disney Pirates of the Caribbean: At Worlds End, Eurocom Entertainment Software,Disney,338,100,"20,000 .. 50,000",0,0,0,0,1999,1999,0,2
301980,Disney Pirates of the Caribbean: At Worlds End, Eurocom Entertainment Software,Disney,338,100,"20,000 .. 50,000",0,0,0,0,1999,1999,0,2
301990,School Bus Fun,"Fancy Bytes, Reactor",United Independent Entertainment,64,31,"20,000 .. 50,000",0,0,0,0,399,399,0,0
301990,School Bus Fun,"Fancy Bytes, Reactor",United Independent Entertainment,64,31,"20,000 .. 50,000",0,0,0,0,399,399,0,0
303290,OZMAFIA!!,Poni-Pachet SY,MangaGamer,546,112,"20,000 .. 50,000",0,0,0,0,3499,3499,0,2
303290,OZMAFIA!!,Poni-Pachet SY,MangaGamer,546,112,"20,000 .. 50,000",0,0,0,0,3499,3499,0,2
303590,Hidden in Plain Sight,Adam Spragg,Adam Spragg,838,7,"50,000 .. 100,000",0,0,0,0,599,599,0,2
303590,Hidden in Plain Sight,Adam Spragg,Adam Spragg,838,7,"50,000 .. 100,000",0,0,0,0,599,599,0,2
306440,Oblitus,Connor Ullmann,Connor Ullmann,68,67,"20,000 .. 50,000",0,0,0,0,1499,1499,0,0
306440,Oblitus,Connor Ullmann,Connor Ullmann,68,67,"20,000 .. 50,000",0,0,0,0,1499,1499,0,0
308440,Pushcat,Zut Games,Zut Games,82,11,"20,000 .. 50,000",0,0,0,0,499,499,0,0
308440,Pushcat,Zut Games,Zut Games,82,11,"20,000 .. 50,000",0,0,0,0,499,499,0,0
310390,Advanced Tactics Gold,VR Designs,Matrix Games,142,28,"0 .. 20,000",0,0,0,0,899,2999,70,13
310390,Advanced Tactics Gold,VR Designs,Matrix Games,142,28,"0 .. 20,000",0,0,0,0,899,2999,70,13
312210,The Fifth Day,Touz,Touz,351,586,"100,000 .. 200,000",0,0,0,0,1499,1499,0,0
312210,The Fifth Day,Touz,Touz,351,586,"100,000 .. 200,000",0,0,0,0,1499,1499,0,0
312650,Battlezone Gold Edition,Rebellion,Rebellion,341,94,"20,000 .. 50,000",0,0,0,0,3499,3499,0,1
312650,Battlezone Gold Edition,Rebellion,Rebellion,341,94,"20,000 .. 50,000",0,0,0,0,3499,3499,0,1
315320,Skilltree Saga,Silent Dreams,Silent Dreams,62,129,"50,000 .. 100,000",0,0,0,0,999,999,0,0
315320,Skilltree Saga,Silent Dreams,Silent Dreams,62,129,"50,000 .. 100,000",0,0,0,0,999,999,0,0
319080,Disney Princess: My Fairytale Adventure,High Impact Games,Disney,274,31,"20,000 .. 50,000",0,0,0,0,1999,1999,0,6
319080,Disney Princess: My Fairytale Adventure,High Impact Games,Disney,274,31,"20,000 .. 50,000",0,0,0,0,1999,1999,0,6
319170,Disney G-Force,Eurocom,Disney,720,38,"20,000 .. 50,000",0,0,0,0,1999,1999,0,8
319170,Disney G-Force,Eurocom,Disney,720,38,"20,000 .. 50,000",0,0,0,0,1999,1999,0,8
320540,Coffin Dodgers,Milky Tea Studios,Milky Tea Studios,519,234,"50,000 .. 100,000",0,0,0,0,1099,1099,0,1
320540,Coffin Dodgers,Milky Tea Studios,Milky Tea Studios,519,234,"50,000 .. 100,000",0,0,0,0,1099,1099,0,1
321940,Moorhuhn: Tiger and Chicken,Deck 13,Higgs Games GmbH,65,15,"20,000 .. 50,000",0,0,0,0,499,499,0,0
321940,Moorhuhn: Tiger and Chicken,Deck 13,Higgs Games GmbH,65,15,"20,000 .. 50,000",0,0,0,0,499,499,0,0
322910,"Warhammer 40,000: Regicide",Hammerfall Publishing,Hammerfall Publishing,1273,622,"20,000 .. 50,000",0,0,0,0,0,0,0,2
322910,"Warhammer 40,000: Regicide",Hammerfall Publishing,Hammerfall Publishing,1273,622,"20,000 .. 50,000",0,0,0,0,0,0,0,2
322930,aerofly RC 7,IPACS,IPACS,186,40,"50,000 .. 100,000",0,0,0,0,0,0,0,2
322930,aerofly RC 7,IPACS,IPACS,186,40,"50,000 .. 100,000",0,0,0,0,0,0,0,2
323670,Super Indie Karts,One Legged Seagull,One Legged Seagull,418,91,"20,000 .. 50,000",0,0,0,0,999,1999,50,0
323670,Super Indie Karts,One Legged Seagull,One Legged Seagull,418,91,"20,000 .. 50,000",0,0,0,0,999,1999,50,0
327390,Sid Meier's Covert Action (Classic),"MicroProse Software, Inc","Atari, Nightdive Studios",136,14,"20,000 .. 50,000",0,0,0,0,699,699,0,0
327390,Sid Meier's Covert Action (Classic),"MicroProse Software, Inc","Atari, Nightdive Studios",136,14,"20,000 .. 50,000",0,0,0,0,699,699,0,0
328920,F-117A Nighthawk Stealth Fighter 2.0,MicroProse Software,MicroProse Software,114,18,"0 .. 20,000",0,0,0,0,699,699,0,1
328920,F-117A Nighthawk Stealth Fighter 2.0,MicroProse Software,MicroProse Software,114,18,"0 .. 20,000",0,0,0,0,699,699,0,1
331760,Supreme League of Patriots,No Bull Intentions,Phoenix Online Publishing,69,41,"20,000 .. 50,000",0,0,0,0,599,599,0,0
331760,Supreme League of Patriots,No Bull Intentions,Phoenix Online Publishing,69,41,"20,000 .. 50,000",0,0,0,0,599,599,0,0
331970,Disney's Treasure Planet: Battle of Procyon,Barking Dog Studios,Disney,264,16,"20,000 .. 50,000",0,0,0,0,999,999,0,1
331970,Disney's Treasure Planet: Battle of Procyon,Barking Dog Studios,Disney,264,16,"20,000 .. 50,000",0,0,0,0,999,999,0,1
335430,Grimoire: Manastorm,Omniconnection,Omniconnection,692,325,"200,000 .. 500,000",0,0,0,0,0,0,0,1
335430,Grimoire: Manastorm,Omniconnection,Omniconnection,692,325,"200,000 .. 500,000",0,0,0,0,0,0,0,1
337350,Flywrench,Messhof,Messhof,326,14,"20,000 .. 50,000",0,0,0,0,699,699,0,0
337350,Flywrench,Messhof,Messhof,326,14,"20,000 .. 50,000",0,0,0,0,699,699,0,0
340800,Unhack,InvertMouse,InvertMouse,262,43,"20,000 .. 50,000",0,0,0,0,399,399,0,0
340800,Unhack,InvertMouse,InvertMouse,262,43,"20,000 .. 50,000",0,0,0,0,399,399,0,0
341640,Relativity Wars - A Science Space RTS,Fungameco Ltd,Fungameco Ltd,10,14,"20,000 .. 50,000",0,0,0,0,599,599,0,0
341640,Relativity Wars - A Science Space RTS,Fungameco Ltd,Fungameco Ltd,10,14,"20,000 .. 50,000",0,0,0,0,599,599,0,0
342300,Zombie Kill of the Week - Reborn,Still Running,"Merge Games, Tagstar Games",992,99,"50,000 .. 100,000",0,0,0,0,699,699,0,1
342300,Zombie Kill of the Week - Reborn,Still Running,"Merge Games, Tagstar Games",992,99,"50,000 .. 100,000",0,0,0,0,699,699,0,1
342450,Sword Daughter,Hanabira,Hanako Games,69,62,"20,000 .. 50,000",0,0,0,0,124,499,75,0
342450,Sword Daughter,Hanabira,Hanako Games,69,62,"20,000 .. 50,000",0,0,0,0,124,499,75,0
342990,15 Days,House of Tales,HandyGames,54,97,"20,000 .. 50,000",0,0,0,0,999,999,0,0
342990,15 Days,House of Tales,HandyGames,54,97,"20,000 .. 50,000",0,0,0,0,999,999,0,0
343800,Shadowgate: MacVenture Series,Zojoi,Zojoi,45,30,"20,000 .. 50,000",0,0,0,0,299,299,0,0
343800,Shadowgate: MacVenture Series,Zojoi,Zojoi,45,30,"20,000 .. 50,000",0,0,0,0,299,299,0,0
343990,Anti-Opoly,Webfoot,Viva Media,22,34,"20,000 .. 50,000",0,0,0,0,0,0,0,1
343990,Anti-Opoly,Webfoot,Viva Media,22,34,"20,000 .. 50,000",0,0,0,0,0,0,0,1
344480,Quell,Fallen Tree Games Ltd,Green Man Gaming Publishing,426,12,"0 .. 20,000",0,0,0,0,399,399,0,1
344480,Quell,Fallen Tree Games Ltd,Green Man Gaming Publishing,426,12,"0 .. 20,000",0,0,0,0,399,399,0,1
345480,Lumo,Triple Eh? Ltd,Triple Eh? Ltd,83,33,"20,000 .. 50,000",0,0,0,0,399,399,0,0
345480,Lumo,Triple Eh? Ltd,Triple Eh? Ltd,83,33,"20,000 .. 50,000",0,0,0,0,399,399,0,0
345820,Shantae and the Pirate's Curse,WayForward,WayForward,2653,200,"50,000 .. 100,000",0,0,0,0,1999,1999,0,5
345820,Shantae and the Pirate's Curse,WayForward,WayForward,2653,200,"50,000 .. 100,000",0,0,0,0,1999,1999,0,5
346320,Streets of Chaos,SimProse Studios,SimProse Studios,31,62,"50,000 .. 100,000",0,0,0,0,0,0,0,0
346320,Streets of Chaos,SimProse Studios,SimProse Studios,31,62,"50,000 .. 100,000",0,0,0,0,0,0,0,0
351420,Veteran Combat,CyberphobX,CyberphobX,26,25,"20,000 .. 50,000",0,0,0,0,199,199,0,0
351420,Veteran Combat,CyberphobX,CyberphobX,26,25,"20,000 .. 50,000",0,0,0,0,199,199,0,0
351450,Scribble Space,Coty Getzelman,,62,40,"50,000 .. 100,000",0,0,0,0,199,199,0,0
351450,Scribble Space,Coty Getzelman,,62,40,"50,000 .. 100,000",0,0,0,0,199,199,0,0
352140,Finders,"Alawar Entertainment, Amegami",ESDigital Games,137,38,"20,000 .. 50,000",0,0,0,0,149,599,75,0
352140,Finders,"Alawar Entertainment, Amegami",ESDigital Games,137,38,"20,000 .. 50,000",0,0,0,0,149,599,75,0
352240,The Westport Independent,Double Zero One Zero,Double Zero One Zero,235,77,"50,000 .. 100,000",0,0,0,0,0,0,0,0
352240,The Westport Independent,Double Zero One Zero,Double Zero One Zero,235,77,"50,000 .. 100,000",0,0,0,0,0,0,0,0
355980,Dungeon Warfare,Valsar,Valsar,1834,82,"100,000 .. 200,000",0,0,0,0,999,999,0,4
355980,Dungeon Warfare,Valsar,Valsar,1834,82,"100,000 .. 200,000",0,0,0,0,999,999,0,4
356390,The Slaughter: Act One,Alex Francois,Brainchild,118,21,"100,000 .. 200,000",0,0,0,0,699,699,0,1
356390,The Slaughter: Act One,Alex Francois,Brainchild,118,21,"100,000 .. 200,000",0,0,0,0,699,699,0,1
357670,Home Improvisation: Furniture Sandbox,The Stork Burnt Down,The Stork Burnt Down,154,70,"20,000 .. 50,000",0,0,0,0,999,999,0,0
357670,Home Improvisation: Furniture Sandbox,The Stork Burnt Down,The Stork Burnt Down,154,70,"20,000 .. 50,000",0,0,0,0,999,999,0,0
359940,Shadows Peak,Gua,Gua,233,94,"20,000 .. 50,000",0,0,0,0,999,999,0,0
359940,Shadows Peak,Gua,Gua,233,94,"20,000 .. 50,000",0,0,0,0,999,999,0,0
360650,12 Labours of Hercules III: Girl Power,"Jetdogs Studios, Zoom Out Games",Jetdogs Studios,955,140,"100,000 .. 200,000",0,0,0,0,299,299,0,2
360650,12 Labours of Hercules III: Girl Power,"Jetdogs Studios, Zoom Out Games",Jetdogs Studios,955,140,"100,000 .. 200,000",0,0,0,0,299,299,0,2
362150,Ashes of Immortality II - Bad Blood,Warfare Studios,Warfare Studios,23,27,"50,000 .. 100,000",0,0,0,0,999,999,0,0
362150,Ashes of Immortality II - Bad Blood,Warfare Studios,Warfare Studios,23,27,"50,000 .. 100,000",0,0,0,0,999,999,0,0
362780,18 Wheels of Steel: Extreme Trucker 2,SCS Software,Cosmi Valusoft,125,35,"0 .. 20,000",0,0,0,0,399,999,60,0
362780,18 Wheels of Steel: Extreme Trucker 2,SCS Software,Cosmi Valusoft,125,35,"0 .. 20,000",0,0,0,0,399,999,60,0
363840,Ancient Battle: Rome,HexWar Games Ltd,Hunted Cow Games,15,4,"20,000 .. 50,000",0,0,0,0,999,999,0,0
363840,Ancient Battle: Rome,HexWar Games Ltd,Hunted Cow Games,15,4,"20,000 .. 50,000",0,0,0,0,999,999,0,0
363960,Devils & Demons,HandyGames,HandyGames,44,68,"20,000 .. 50,000",0,0,0,0,999,999,0,0
363960,Devils & Demons,HandyGames,HandyGames,44,68,"20,000 .. 50,000",0,0,0,0,999,999,0,0
364630,AirMech Command,Carbon Games,Carbon Games,136,63,"20,000 .. 50,000",0,0,0,0,999,999,0,0
364630,AirMech Command,Carbon Games,Carbon Games,136,63,"20,000 .. 50,000",0,0,0,0,999,999,0,0
365770,Volume,Bithell Games,Bithell Games,538,168,"20,000 .. 50,000",0,0,0,0,499,1999,75,0
365770,Volume,Bithell Games,Bithell Games,538,168,"20,000 .. 50,000",0,0,0,0,499,1999,75,0
366040,Iggy's Egg Adventure,Ginger Labs LLC,Ginger Labs LLC,218,29,"20,000 .. 50,000",0,0,0,0,0,0,0,0
366040,Iggy's Egg Adventure,Ginger Labs LLC,Ginger Labs LLC,218,29,"20,000 .. 50,000",0,0,0,0,0,0,0,0
370660,Opaline,Warfare Studios,Aldorlea Games,50,20,"20,000 .. 50,000",0,0,0,0,999,999,0,1
370660,Opaline,Warfare Studios,Aldorlea Games,50,20,"20,000 .. 50,000",0,0,0,0,999,999,0,1
371790,Ramayana,Rakesh Malik,Rakesh Malik,9,6,"20,000 .. 50,000",0,0,0,0,0,0,0,0
371790,Ramayana,Rakesh Malik,Rakesh Malik,9,6,"20,000 .. 50,000",0,0,0,0,0,0,0,0
373870,Sister’s Secrecy: Arcanum Bloodlines - Premium Edition,Space Monkey International,1C Company,41,25,"20,000 .. 50,000",0,0,0,0,699,699,0,39
373870,Sister’s Secrecy: Arcanum Bloodlines - Premium Edition,Space Monkey International,1C Company,41,25,"20,000 .. 50,000",0,0,0,0,699,699,0,39
374940,Tank Battle: Normandy,HexWar Games,Hunted Cow Games,13,6,"20,000 .. 50,000",0,0,0,0,999,999,0,1
374940,Tank Battle: Normandy,HexWar Games,Hunted Cow Games,13,6,"20,000 .. 50,000",0,0,0,0,999,999,0,1
375250,Pizza Express,Onni Interactive,Plug In Digital,222,50,"20,000 .. 50,000",0,0,0,0,90,699,87,2
375250,Pizza Express,Onni Interactive,Plug In Digital,222,50,"20,000 .. 50,000",0,0,0,0,90,699,87,2
377460,Chicken Invaders 3,InterAction studios,InterAction studios,352,23,"20,000 .. 50,000",0,0,0,0,599,599,0,8
377460,Chicken Invaders 3,InterAction studios,InterAction studios,352,23,"20,000 .. 50,000",0,0,0,0,599,599,0,8
377880,Eternal Destiny,Office 5656,KOMODO,189,50,"20,000 .. 50,000",0,0,0,0,249,999,75,0
377880,Eternal Destiny,Office 5656,KOMODO,189,50,"20,000 .. 50,000",0,0,0,0,249,999,75,0
377980,Mortos,C.L.,JustPlayNow,47,48,"20,000 .. 50,000",0,0,0,0,99,99,0,0
377980,Mortos,C.L.,JustPlayNow,47,48,"20,000 .. 50,000",0,0,0,0,99,99,0,0
378260,Fortify,Holgersson Entertainment,Holgersson Entertainment,73,25,"20,000 .. 50,000",0,0,0,0,499,499,0,0
378260,Fortify,Holgersson Entertainment,Holgersson Entertainment,73,25,"20,000 .. 50,000",0,0,0,0,499,499,0,0
381260,Orion Trail,Schell Games,Schell Games,142,60,"20,000 .. 50,000",0,0,0,0,319,799,60,0
381260,Orion Trail,Schell Games,Schell Games,142,60,"20,000 .. 50,000",0,0,0,0,319,799,60,0
382180,Devilry,New State,New State,44,20,"20,000 .. 50,000",0,0,0,0,399,399,0,0
382180,Devilry,New State,New State,44,20,"20,000 .. 50,000",0,0,0,0,399,399,0,0
382350,Devil's Bluff,KBJGames,KBJGames,108,75,"20,000 .. 50,000",0,0,0,0,399,399,0,0
382350,Devil's Bluff,KBJGames,KBJGames,108,75,"20,000 .. 50,000",0,0,0,0,399,399,0,0
382920,RETSNOM,Somi,Zero Rock Entertainment,73,24,"0 .. 20,000",0,0,0,0,499,499,0,0
382920,RETSNOM,Somi,Zero Rock Entertainment,73,24,"0 .. 20,000",0,0,0,0,499,499,0,0
383540,Metro Warp,Another Yeti,Another Yeti,22,7,"20,000 .. 50,000",0,0,0,0,499,499,0,0
383540,Metro Warp,Another Yeti,Another Yeti,22,7,"20,000 .. 50,000",0,0,0,0,499,499,0,0
386590,Novus Inceptio,McMagic Productions,McMagic Productions,684,593,"20,000 .. 50,000",0,0,0,0,1999,1999,0,0
386590,Novus Inceptio,McMagic Productions,McMagic Productions,684,593,"20,000 .. 50,000",0,0,0,0,1999,1999,0,0
389250,Planet Alcatraz 2,Fulqrum Publishing,Fulqrum Publishing,268,26,"0 .. 20,000",0,0,0,0,499,499,0,2
389250,Planet Alcatraz 2,Fulqrum Publishing,Fulqrum Publishing,268,26,"0 .. 20,000",0,0,0,0,499,499,0,2
389270,Through Abandoned: The Underground City,Igor Krutov,Conglomerate 5,647,161,"100,000 .. 200,000",0,0,0,0,599,599,0,4
389270,Through Abandoned: The Underground City,Igor Krutov,Conglomerate 5,647,161,"100,000 .. 200,000",0,0,0,0,599,599,0,4
389670,Pacer,R8 Games Ltd,R8 Games Ltd,573,218,"20,000 .. 50,000",0,0,0,0,3999,3999,0,0
389670,Pacer,R8 Games Ltd,R8 Games Ltd,573,218,"20,000 .. 50,000",0,0,0,0,3999,3999,0,0
389850,Legacy of Dorn: Herald of Oblivion (Classic),Tin Man Games,Tin Man Games,150,24,"20,000 .. 50,000",0,0,0,0,599,599,0,0
389850,Legacy of Dorn: Herald of Oblivion (Classic),Tin Man Games,Tin Man Games,150,24,"20,000 .. 50,000",0,0,0,0,599,599,0,0
391250,Alien Robot Monsters,Kraftix Games,Kraftix Games,104,19,"20,000 .. 50,000",0,0,0,0,599,599,0,0
391250,Alien Robot Monsters,Kraftix Games,Kraftix Games,104,19,"20,000 .. 50,000",0,0,0,0,599,599,0,0
391650,Escape From BioStation,Tusky Games,Tusky Games,16,7,"0 .. 20,000",0,0,0,0,399,399,0,0
391650,Escape From BioStation,Tusky Games,Tusky Games,16,7,"0 .. 20,000",0,0,0,0,399,399,0,0
392580,WARSHIFT,Cyril Megem,Cyril Megem,485,201,"20,000 .. 50,000",0,0,0,0,999,999,0,0
392580,WARSHIFT,Cyril Megem,Cyril Megem,485,201,"20,000 .. 50,000",0,0,0,0,999,999,0,0
393750,P·O·L·L·E·N,Mindfield Games,Mindfield Games,131,71,"20,000 .. 50,000",0,0,0,0,999,999,0,0
393750,P·O·L·L·E·N,Mindfield Games,Mindfield Games,131,71,"20,000 .. 50,000",0,0,0,0,999,999,0,0
394600,Mighty Gunvolt,"INTI CREATES CO., LTD.","INTI CREATES CO., LTD.",286,103,"20,000 .. 50,000",0,0,0,0,174,499,65,0
394600,Mighty Gunvolt,"INTI CREATES CO., LTD.","INTI CREATES CO., LTD.",286,103,"20,000 .. 50,000",0,0,0,0,174,499,65,0
394870,Office Battle,Black Lime Studio,Black Lime Studio,707,240,"200,000 .. 500,000",0,0,0,0,99,99,0,0
394870,Office Battle,Black Lime Studio,Black Lime Studio,707,240,"200,000 .. 500,000",0,0,0,0,99,99,0,0
396060,The Rose and I,"Eugene Chung, Jimmy Maidens, Terry Kaleas",Penrose Studios,164,20,"20,000 .. 50,000",0,0,0,0,0,0,0,1
396060,The Rose and I,"Eugene Chung, Jimmy Maidens, Terry Kaleas",Penrose Studios,164,20,"20,000 .. 50,000",0,0,0,0,0,0,0,1
396860,Over The Hills And Far Away,WarGirl Games,WarGirl Games,175,30,"20,000 .. 50,000",0,0,0,0,399,399,0,0
396860,Over The Hills And Far Away,WarGirl Games,WarGirl Games,175,30,"20,000 .. 50,000",0,0,0,0,399,399,0,0
397770,Age of Invention,Mirball Games,Alawar Casual,71,34,"20,000 .. 50,000",0,0,0,0,149,299,50,0
397770,Age of Invention,Mirball Games,Alawar Casual,71,34,"20,000 .. 50,000",0,0,0,0,149,299,50,0
400360,Adam's Venture: Origins,Vertigo Games,SOEDESCO,349,186,"20,000 .. 50,000",0,0,0,0,999,999,0,0
400360,Adam's Venture: Origins,Vertigo Games,SOEDESCO,349,186,"20,000 .. 50,000",0,0,0,0,999,999,0,0
404180,Club Life,Dharker Studios,Dharker Studios,108,26,"20,000 .. 50,000",0,0,0,0,1499,1499,0,1
404180,Club Life,Dharker Studios,Dharker Studios,108,26,"20,000 .. 50,000",0,0,0,0,1499,1499,0,1
406130,DarkMaus,Daniel Wright,Daniel Wright,353,79,"20,000 .. 50,000",0,0,0,0,499,499,0,0
406130,DarkMaus,Daniel Wright,Daniel Wright,353,79,"20,000 .. 50,000",0,0,0,0,499,499,0,0
407680,Last Days of Spring Visual Novel,Sapphire Dragon Productions,Sapphire Dragon Productions,77,55,"20,000 .. 50,000",0,0,0,0,299,299,0,0
407680,Last Days of Spring Visual Novel,Sapphire Dragon Productions,Sapphire Dragon Productions,77,55,"20,000 .. 50,000",0,0,0,0,299,299,0,0
408000,Cinderella Escape! R12,Hajime Doujin Circle,Hajime Doujin Circle,310,93,"20,000 .. 50,000",0,0,0,0,499,499,0,2
408000,Cinderella Escape! R12,Hajime Doujin Circle,Hajime Doujin Circle,310,93,"20,000 .. 50,000",0,0,0,0,499,499,0,2
409920,Brilliant Shadows - Part One of the Book of Gray Magic,Ithaqua Labs,Ithaqua Labs,179,11,"20,000 .. 50,000",0,0,0,0,699,699,0,0
409920,Brilliant Shadows - Part One of the Book of Gray Magic,Ithaqua Labs,Ithaqua Labs,179,11,"20,000 .. 50,000",0,0,0,0,699,699,0,0
411860,Save the Creatures,"Michael Porter, Aaron Smith, Andrew Thomas",Michael Porter,1,0,"20,000 .. 50,000",0,0,0,0,199,199,0,0
411860,Save the Creatures,"Michael Porter, Aaron Smith, Andrew Thomas",Michael Porter,1,0,"20,000 .. 50,000",0,0,0,0,199,199,0,0
415830,Gnomes Garden,"Workroom7, Creobit",8Floor,284,38,"50,000 .. 100,000",0,0,0,0,1499,1499,0,0
415830,Gnomes Garden,"Workroom7, Creobit",8Floor,284,38,"50,000 .. 100,000",0,0,0,0,1499,1499,0,0
416550,Rubber Ducky and the Rainbow Gun,John Szymanski,John Szymanski,160,20,"20,000 .. 50,000",0,0,0,0,99,99,0,0
416550,Rubber Ducky and the Rainbow Gun,John Szymanski,John Szymanski,160,20,"20,000 .. 50,000",0,0,0,0,99,99,0,0
418360,Gurgamoth,Galvanic Games,Galvanic Games,79,18,"0 .. 20,000",0,0,0,0,999,999,0,1
418360,Gurgamoth,Galvanic Games,Galvanic Games,79,18,"0 .. 20,000",0,0,0,0,999,999,0,1
420770,The Legend of Dark Witch,INSIDE SYSTEM,INSIDE SYSTEM,179,67,"20,000 .. 50,000",0,0,0,0,699,699,0,0
420770,The Legend of Dark Witch,INSIDE SYSTEM,INSIDE SYSTEM,179,67,"20,000 .. 50,000",0,0,0,0,699,699,0,0
420840,BLARP!,Isaac Cohen,Isaac Cohen,166,9,"20,000 .. 50,000",0,0,0,0,299,299,0,0
420840,BLARP!,Isaac Cohen,Isaac Cohen,166,9,"20,000 .. 50,000",0,0,0,0,299,299,0,0
421260,Militia,BrainGoodGames,BrainGoodGames,134,7,"50,000 .. 100,000",0,0,0,0,599,599,0,0
421260,Militia,BrainGoodGames,BrainGoodGames,134,7,"50,000 .. 100,000",0,0,0,0,599,599,0,0
422500,Emmerholt: Prologue,Oneiric Entertainment LLC,Oneiric Entertainment LLC,80,22,"20,000 .. 50,000",0,0,0,0,0,0,0,2
422500,Emmerholt: Prologue,Oneiric Entertainment LLC,Oneiric Entertainment LLC,80,22,"20,000 .. 50,000",0,0,0,0,0,0,0,2
424640,Karaski: What Goes Up...,Unbound Creations,Unbound Creations,51,8,"50,000 .. 100,000",0,0,0,0,1199,1199,0,0
424640,Karaski: What Goes Up...,Unbound Creations,Unbound Creations,51,8,"50,000 .. 100,000",0,0,0,0,1199,1199,0,0
425720,Cloudlands : VR Minigolf,Futuretown,Futuretown,256,49,"20,000 .. 50,000",0,0,0,0,0,0,0,0
425720,Cloudlands : VR Minigolf,Futuretown,Futuretown,256,49,"20,000 .. 50,000",0,0,0,0,0,0,0,0
426590,Blood of Magic,Stoneworks Games,Stoneworks Games,30,45,"50,000 .. 100,000",0,0,0,0,999,999,0,0
426590,Blood of Magic,Stoneworks Games,Stoneworks Games,30,45,"50,000 .. 100,000",0,0,0,0,999,999,0,0
428350,Fear Equation,Screwfly Studios,Screwfly Studios,70,23,"20,000 .. 50,000",0,0,0,0,1499,1499,0,0
428350,Fear Equation,Screwfly Studios,Screwfly Studios,70,23,"20,000 .. 50,000",0,0,0,0,1499,1499,0,0
429350,Satellite Rush,Kimeric Labs,Plug In Digital,52,12,"20,000 .. 50,000",0,0,0,0,89,499,82,0
429350,Satellite Rush,Kimeric Labs,Plug In Digital,52,12,"20,000 .. 50,000",0,0,0,0,89,499,82,0
430170,Babel: Choice,Sogoal,Sogoal,71,36,"20,000 .. 50,000",0,0,0,0,999,999,0,0
430170,Babel: Choice,Sogoal,Sogoal,71,36,"20,000 .. 50,000",0,0,0,0,999,999,0,0
431300,Classic Fun Collection 5 in 1,3DDUO,"Fun4Family, Plug In Digital",14,10,"20,000 .. 50,000",0,0,0,0,399,399,0,0
431300,Classic Fun Collection 5 in 1,3DDUO,"Fun4Family, Plug In Digital",14,10,"20,000 .. 50,000",0,0,0,0,399,399,0,0
431450,Alchemist's Awakening,OsarisGames,OsarisGames,364,130,"20,000 .. 50,000",0,0,0,0,999,999,0,0
431450,Alchemist's Awakening,OsarisGames,OsarisGames,364,130,"20,000 .. 50,000",0,0,0,0,999,999,0,0
431870,Castle Torgeath: Descent into Darkness,Dungeoneering Studios,Dungeoneering Studios,53,30,"20,000 .. 50,000",0,0,0,0,0,0,0,0
431870,Castle Torgeath: Descent into Darkness,Dungeoneering Studios,Dungeoneering Studios,53,30,"20,000 .. 50,000",0,0,0,0,0,0,0,0
432310,Virtual Pool 4 Multiplayer,Celeris,Celeris,103,55,"20,000 .. 50,000",0,0,0,0,0,0,0,8
432310,Virtual Pool 4 Multiplayer,Celeris,Celeris,103,55,"20,000 .. 50,000",0,0,0,0,0,0,0,8
433660,Blockpocalypse,dimeStudios,dimeStudios,13,3,"0 .. 20,000",0,0,0,0,1499,1499,0,0
433660,Blockpocalypse,dimeStudios,dimeStudios,13,3,"0 .. 20,000",0,0,0,0,1499,1499,0,0
433900,Helium,rocketship,rocketship,58,54,"20,000 .. 50,000",0,0,0,0,99,99,0,0
433900,Helium,rocketship,rocketship,58,54,"20,000 .. 50,000",0,0,0,0,99,99,0,0
434410,Moonlight,Monkeymaw,Monkeymaw,226,15,"0 .. 20,000",0,0,0,0,0,0,0,0
434410,Moonlight,Monkeymaw,Monkeymaw,226,15,"0 .. 20,000",0,0,0,0,0,0,0,0
435250,Deadhunt,REL Games,REL Games,156,16,"0 .. 20,000",0,0,0,0,499,499,0,0
435250,Deadhunt,REL Games,REL Games,156,16,"0 .. 20,000",0,0,0,0,499,499,0,0
440120,Vreal,VREAL INC,VREAL INC,25,10,"20,000 .. 50,000",0,0,0,0,0,0,0,0
440120,Vreal,VREAL INC,VREAL INC,25,10,"20,000 .. 50,000",0,0,0,0,0,0,0,0
444970,SPATIAL SOUND CARD,NEW AUDIO TECHNOLOGY,NEW AUDIO TECHNOLOGY,163,70,"20,000 .. 50,000",0,0,0,0,999,999,0,12
444970,SPATIAL SOUND CARD,NEW AUDIO TECHNOLOGY,NEW AUDIO TECHNOLOGY,163,70,"20,000 .. 50,000",0,0,0,0,999,999,0,12
445840,Undead vs Plants,Peaksel D.O.O. Nis,Peaksel D.O.O. Nis,19,29,"20,000 .. 50,000",0,0,0,0,0,0,0,0
445840,Undead vs Plants,Peaksel D.O.O. Nis,Peaksel D.O.O. Nis,19,29,"20,000 .. 50,000",0,0,0,0,0,0,0,0
446550,Infinite Minigolf,Zen Studios,Zen Studios,99,29,"20,000 .. 50,000",0,0,0,0,1499,1499,0,0
446550,Infinite Minigolf,Zen Studios,Zen Studios,99,29,"20,000 .. 50,000",0,0,0,0,1499,1499,0,0
446830,The Lonesome Fog,Might and Delight,Might and Delight,80,16,"20,000 .. 50,000",0,0,0,0,799,799,0,0
446830,The Lonesome Fog,Might and Delight,Might and Delight,80,16,"20,000 .. 50,000",0,0,0,0,799,799,0,0
448020,Share,HFM Games,HFM Games,242,97,"50,000 .. 100,000",0,0,0,0,199,199,0,0
448020,Share,HFM Games,HFM Games,242,97,"50,000 .. 100,000",0,0,0,0,199,199,0,0
448240,Hybrids Arena,Abstract Software Inc.,Abstract Software Inc.,227,187,"20,000 .. 50,000",0,0,0,0,699,699,0,0
448240,Hybrids Arena,Abstract Software Inc.,Abstract Software Inc.,227,187,"20,000 .. 50,000",0,0,0,0,699,699,0,0
448640,Elements II: Hearts of Light,Soul Catapult,New Reality Games,81,65,"20,000 .. 50,000",0,0,0,0,0,0,0,0
448640,Elements II: Hearts of Light,Soul Catapult,New Reality Games,81,65,"20,000 .. 50,000",0,0,0,0,0,0,0,0
449300,Planar Conquest,Wastelands Interactive,Conglomerate 5,325,210,"100,000 .. 200,000",0,0,0,0,999,999,0,77
449300,Planar Conquest,Wastelands Interactive,Conglomerate 5,325,210,"100,000 .. 200,000",0,0,0,0,999,999,0,77
451930,qrth-phyl,Verran,Verran,24,2,"20,000 .. 50,000",0,0,0,0,499,499,0,1
451930,qrth-phyl,Verran,Verran,24,2,"20,000 .. 50,000",0,0,0,0,499,499,0,1
453690,Dark Quest 2,Brain Seal Ltd,Brain Seal Ltd,518,103,"100,000 .. 200,000",0,0,0,0,449,899,50,3
453690,Dark Quest 2,Brain Seal Ltd,Brain Seal Ltd,518,103,"100,000 .. 200,000",0,0,0,0,449,899,50,3
454070,Boundel: The Second Era,Eren Aydin,Eren Aydin,166,140,"0 .. 20,000",0,0,0,0,0,0,0,4
454070,Boundel: The Second Era,Eren Aydin,Eren Aydin,166,140,"0 .. 20,000",0,0,0,0,0,0,0,4
454180,CrazyCars3D,AneaGames,AneaGames,148,71,"50,000 .. 100,000",0,0,0,0,299,299,0,0
454180,CrazyCars3D,AneaGames,AneaGames,148,71,"50,000 .. 100,000",0,0,0,0,299,299,0,0
458430,Steel Seed,Storm in a Teacup,ESDigital Games,183,30,"0 .. 20,000",0,0,0,0,1999,3999,50,6
458430,Steel Seed,Storm in a Teacup,ESDigital Games,183,30,"0 .. 20,000",0,0,0,0,1999,3999,50,6
460570,Starfall Online,Snowforged Entertainment,Snowforged Entertainment,77,56,"20,000 .. 50,000",0,0,0,0,0,0,0,0
460570,Starfall Online,Snowforged Entertainment,Snowforged Entertainment,77,56,"20,000 .. 50,000",0,0,0,0,0,0,0,0
461360,Thorne - Son of Slaves (Ep.2),Thorne Games,Aldorlea Games,112,22,"100,000 .. 200,000",0,0,0,0,999,999,0,0
461360,Thorne - Son of Slaves (Ep.2),Thorne Games,Aldorlea Games,112,22,"100,000 .. 200,000",0,0,0,0,999,999,0,0
462440,ROKH,Nvizzio Creations,Darewise Entertainment,167,273,"0 .. 20,000",0,0,0,0,0,0,0,0
462440,ROKH,Nvizzio Creations,Darewise Entertainment,167,273,"0 .. 20,000",0,0,0,0,0,0,0,0
463100,Liveza: Death of the Earth,Nikita Nefedov,Sometimes You,93,74,"50,000 .. 100,000",0,0,0,0,299,299,0,0
463100,Liveza: Death of the Earth,Nikita Nefedov,Sometimes You,93,74,"50,000 .. 100,000",0,0,0,0,299,299,0,0
463700,Super Cloudbuilt,"Coilworks, Double Eleven",Double Eleven,250,36,"20,000 .. 50,000",0,0,0,0,0,0,0,0
463700,Super Cloudbuilt,"Coilworks, Double Eleven",Double Eleven,250,36,"20,000 .. 50,000",0,0,0,0,0,0,0,0
464400,Bounce,Steel Wool Studios,Steel Wool Studios,38,3,"0 .. 20,000",0,0,0,0,1999,1999,0,0
464400,Bounce,Steel Wool Studios,Steel Wool Studios,38,3,"0 .. 20,000",0,0,0,0,1999,1999,0,0
465180,One Day in London,Owl Studio,Owl Studio,79,10,"20,000 .. 50,000",0,0,0,0,999,999,0,0
465180,One Day in London,Owl Studio,Owl Studio,79,10,"20,000 .. 50,000",0,0,0,0,999,999,0,0
465650,Out of the Park Baseball 18,Out of the Park Developments,Out of the Park Developments,619,55,"20,000 .. 50,000",0,0,0,0,0,0,0,3
465650,Out of the Park Baseball 18,Out of the Park Developments,Out of the Park Developments,619,55,"20,000 .. 50,000",0,0,0,0,0,0,0,3
466350,Fossil Echo,Awaceb,Awaceb,83,49,"20,000 .. 50,000",0,0,0,0,999,999,0,0
466350,Fossil Echo,Awaceb,Awaceb,83,49,"20,000 .. 50,000",0,0,0,0,999,999,0,0
467380,Khimera: Destroy All Monster Girls,Suits &amp; Sandals,Suits &amp; Sandals,1315,59,"100,000 .. 200,000",0,0,0,0,0,0,0,3
467380,Khimera: Destroy All Monster Girls,Suits &amp; Sandals,Suits &amp; Sandals,1315,59,"100,000 .. 200,000",0,0,0,0,0,0,0,3
468650,Super ComboMan: Smash Edition,Interabang Entertainment,Flashman Games,3,11,"0 .. 20,000",0,0,0,0,1499,1499,0,0
468650,Super ComboMan: Smash Edition,Interabang Entertainment,Flashman Games,3,11,"0 .. 20,000",0,0,0,0,1499,1499,0,0
470760,Antiflux,UAA Software,UAA Software,41,6,"20,000 .. 50,000",0,0,0,0,0,0,0,0
470760,Antiflux,UAA Software,UAA Software,41,6,"20,000 .. 50,000",0,0,0,0,0,0,0,0
471550,Nine Parchments,Frozenbyte,Frozenbyte,3427,997,"200,000 .. 500,000",0,0,0,0,1999,1999,0,18
471550,Nine Parchments,Frozenbyte,Frozenbyte,3427,997,"200,000 .. 500,000",0,0,0,0,1999,1999,0,18
475490,Major\Minor - Complete Edition,Klace,Klace,443,138,"50,000 .. 100,000",0,0,0,0,0,0,0,0
475490,Major\Minor - Complete Edition,Klace,Klace,443,138,"50,000 .. 100,000",0,0,0,0,0,0,0,0
476700,Island 359,"CloudGate Studio, Inc.","CloudGate Studio, Inc.",331,108,"20,000 .. 50,000",0,0,0,0,1499,1499,0,0
476700,Island 359,"CloudGate Studio, Inc.","CloudGate Studio, Inc.",331,108,"20,000 .. 50,000",0,0,0,0,1499,1499,0,0
479990,Dungeons & Darkness,Yamiuchi Project,PLAYISM,81,37,"20,000 .. 50,000",0,0,0,0,999,999,0,2
479990,Dungeons & Darkness,Yamiuchi Project,PLAYISM,81,37,"20,000 .. 50,000",0,0,0,0,999,999,0,2
480500,Dogfight Elite,Echoboom S.L.,Echoboom S.L.,21,15,"20,000 .. 50,000",0,0,0,0,0,0,0,0
480500,Dogfight Elite,Echoboom S.L.,Echoboom S.L.,21,15,"20,000 .. 50,000",0,0,0,0,0,0,0,0
485230,HALP!,Fun Bits,Fun Bits,82,30,"20,000 .. 50,000",0,0,0,0,0,0,0,1
485230,HALP!,Fun Bits,Fun Bits,82,30,"20,000 .. 50,000",0,0,0,0,0,0,0,1
485640,Genius Greedy Mouse,"Space Fractal, TempleTiger",Space Fractal,86,19,"20,000 .. 50,000",0,0,0,0,0,0,0,1
485640,Genius Greedy Mouse,"Space Fractal, TempleTiger",Space Fractal,86,19,"20,000 .. 50,000",0,0,0,0,0,0,0,1
485690,Hope Lake,"Far Mills, Mysterytag",RunServer,373,142,"50,000 .. 100,000",0,0,0,0,799,799,0,0
485690,Hope Lake,"Far Mills, Mysterytag",RunServer,373,142,"50,000 .. 100,000",0,0,0,0,799,799,0,0
486540,Townsmen,HandyGames,HandyGames,165,58,"20,000 .. 50,000",0,0,0,0,0,0,0,1
486540,Townsmen,HandyGames,HandyGames,165,58,"20,000 .. 50,000",0,0,0,0,0,0,0,1
488480,SpaceRoads,Wurd Industries,Wurd Industries,10,8,"20,000 .. 50,000",0,0,0,0,299,299,0,0
488480,SpaceRoads,Wurd Industries,Wurd Industries,10,8,"20,000 .. 50,000",0,0,0,0,299,299,0,0
489220,Unforgiving Trials: The Darkest Crusade,Amaterasu Software,Amaterasu Software,422,232,"20,000 .. 50,000",0,0,0,0,99,99,0,1
489220,Unforgiving Trials: The Darkest Crusade,Amaterasu Software,Amaterasu Software,422,232,"20,000 .. 50,000",0,0,0,0,99,99,0,1
489580,AWA,OMNIDREAM CREATIONS,OMNIDREAM CREATIONS,86,24,"20,000 .. 50,000",0,0,0,0,299,299,0,0
489580,AWA,OMNIDREAM CREATIONS,OMNIDREAM CREATIONS,86,24,"20,000 .. 50,000",0,0,0,0,299,299,0,0
490230,SWARMRIDERS,Walter Machado,Walter Machado,431,55,"100,000 .. 200,000",0,0,0,0,0,0,0,1
490230,SWARMRIDERS,Walter Machado,Walter Machado,431,55,"100,000 .. 200,000",0,0,0,0,0,0,0,1
490870,Weird Hero,Snail-Ninja Studio,Snail-Ninja Studio,141,65,"20,000 .. 50,000",0,0,0,0,399,399,0,0
490870,Weird Hero,Snail-Ninja Studio,Snail-Ninja Studio,141,65,"20,000 .. 50,000",0,0,0,0,399,399,0,0
490930,Need to Know,Monomyth Games,Monomyth Games,190,96,"20,000 .. 50,000",0,0,0,0,1499,1499,0,0
490930,Need to Know,Monomyth Games,Monomyth Games,190,96,"20,000 .. 50,000",0,0,0,0,1499,1499,0,0
491330,12 Labours of Hercules V: Kids of Hellas (Platinum Edition),"Jetdogs Studios, Zoom Out Games",Jetdogs Studios,474,44,"20,000 .. 50,000",0,0,0,0,299,299,0,3
491330,12 Labours of Hercules V: Kids of Hellas (Platinum Edition),"Jetdogs Studios, Zoom Out Games",Jetdogs Studios,474,44,"20,000 .. 50,000",0,0,0,0,299,299,0,3
491510,Vanilla Bagel: The Roguelike,Sergey Bobrov,Sergey Bobrov,25,13,"0 .. 20,000",0,0,0,0,1299,1299,0,0
491510,Vanilla Bagel: The Roguelike,Sergey Bobrov,Sergey Bobrov,25,13,"0 .. 20,000",0,0,0,0,1299,1299,0,0
491560,Momonga Pinball Adventures,"Paladin Studios, Seaven Studio",Plug In Digital,29,31,"20,000 .. 50,000",0,0,0,0,599,599,0,0
491560,Momonga Pinball Adventures,"Paladin Studios, Seaven Studio",Plug In Digital,29,31,"20,000 .. 50,000",0,0,0,0,599,599,0,0
491830,Glow,Impetus Games,Impetus Games,23,7,"0 .. 20,000",0,0,0,0,499,499,0,0
491830,Glow,Impetus Games,Impetus Games,23,7,"0 .. 20,000",0,0,0,0,499,499,0,0
495030,VR Battle Grid,Fred Sauer,Fred Sauer,62,7,"20,000 .. 50,000",0,0,0,0,0,0,0,0
495030,VR Battle Grid,Fred Sauer,Fred Sauer,62,7,"20,000 .. 50,000",0,0,0,0,0,0,0,0
496120,LaserCat,Daniel McFarline,Daniel McFarline,88,10,"20,000 .. 50,000",0,0,0,0,99,99,0,0
496120,LaserCat,Daniel McFarline,Daniel McFarline,88,10,"20,000 .. 50,000",0,0,0,0,99,99,0,0
496590,Crystal Cosmos,Sea Beast Productions,,29,10,"20,000 .. 50,000",0,0,0,0,499,499,0,0
496590,Crystal Cosmos,Sea Beast Productions,,29,10,"20,000 .. 50,000",0,0,0,0,499,499,0,0
497360,"Gabriel Knight 3: Blood of the Sacred, Blood of the Damned",Sierra On-Line,Activision,71,51,"20,000 .. 50,000",0,0,0,0,599,599,0,0
497360,"Gabriel Knight 3: Blood of the Sacred, Blood of the Damned",Sierra On-Line,Activision,71,51,"20,000 .. 50,000",0,0,0,0,599,599,0,0
497580,Agent Walker: Secret Journey,Brave Giant LTD,Artifex Mundi,176,84,"20,000 .. 50,000",0,0,0,0,1499,1499,0,1
497580,Agent Walker: Secret Journey,Brave Giant LTD,Artifex Mundi,176,84,"20,000 .. 50,000",0,0,0,0,1499,1499,0,1
498470,Switch 'N' Shoot,Matt Glanville,Matt Glanville,144,6,"20,000 .. 50,000",0,0,0,0,399,399,0,0
498470,Switch 'N' Shoot,Matt Glanville,Matt Glanville,144,6,"20,000 .. 50,000",0,0,0,0,399,399,0,0
500320,A Tale of Caos: Overture,ExperaGameStudio,Eli Daddio,45,19,"0 .. 20,000",0,0,0,0,999,999,0,0
500320,A Tale of Caos: Overture,ExperaGameStudio,Eli Daddio,45,19,"0 .. 20,000",0,0,0,0,999,999,0,0
502940,"Calm Down, Stalin",Cartboard Games,Cartboard Games,994,105,"50,000 .. 100,000",0,0,0,0,399,399,0,0
502940,"Calm Down, Stalin",Cartboard Games,Cartboard Games,994,105,"50,000 .. 100,000",0,0,0,0,399,399,0,0
504390,Along the Edge,Nova-box,Nova-box,329,32,"20,000 .. 50,000",0,0,0,0,489,1399,65,0
504390,Along the Edge,Nova-box,Nova-box,329,32,"20,000 .. 50,000",0,0,0,0,489,1399,65,0
509770,PostCollapse,Ambiera,Ambiera,74,55,"0 .. 20,000",0,0,0,0,799,799,0,0
509770,PostCollapse,Ambiera,Ambiera,74,55,"0 .. 20,000",0,0,0,0,799,799,0,0
510930,Thirst VR,RLTY CHK,RLTY CHK,93,31,"20,000 .. 50,000",0,0,0,0,299,299,0,0
510930,Thirst VR,RLTY CHK,RLTY CHK,93,31,"20,000 .. 50,000",0,0,0,0,299,299,0,0
511190,Graveyard Shift,"Galavalomka Games, Aslan Game Studio","Galavalomka Games, Aslan Game Studio",40,22,"20,000 .. 50,000",0,0,0,0,199,199,0,0
511190,Graveyard Shift,"Galavalomka Games, Aslan Game Studio","Galavalomka Games, Aslan Game Studio",40,22,"20,000 .. 50,000",0,0,0,0,199,199,0,0
513140,OCCHIO,Preston Cammarata,Like A Boss LLC,7,2,"0 .. 20,000",0,0,0,0,0,0,0,0
513140,OCCHIO,Preston Cammarata,Like A Boss LLC,7,2,"0 .. 20,000",0,0,0,0,0,0,0,0
513150,Daylight's End VR Edition,Groove Jones LLC,Groove Jones LLC,13,17,"20,000 .. 50,000",0,0,0,0,0,0,0,0
513150,Daylight's End VR Edition,Groove Jones LLC,Groove Jones LLC,13,17,"20,000 .. 50,000",0,0,0,0,0,0,0,0
513370,Blade & Bones,Coffee Addict Studio,Coffee Addict Studio,59,134,"20,000 .. 50,000",0,0,0,0,1099,1099,0,0
513370,Blade & Bones,Coffee Addict Studio,Coffee Addict Studio,59,134,"20,000 .. 50,000",0,0,0,0,1099,1099,0,0
517190,Rebound,Omnirift,Omnirift,18,4,"20,000 .. 50,000",0,0,0,0,199,199,0,0
517190,Rebound,Omnirift,Omnirift,18,4,"20,000 .. 50,000",0,0,0,0,199,199,0,0
520250,Visitors,Black Side,Black Side,36,35,"20,000 .. 50,000",0,0,0,0,499,499,0,0
520250,Visitors,Black Side,Black Side,36,35,"20,000 .. 50,000",0,0,0,0,499,499,0,0
521330,Skull Ball Heroes,"Strength in Numbers Studios, Inc","Strength in Numbers Studios, Inc",53,15,"20,000 .. 50,000",0,0,0,0,0,0,0,0
521330,Skull Ball Heroes,"Strength in Numbers Studios, Inc","Strength in Numbers Studios, Inc",53,15,"20,000 .. 50,000",0,0,0,0,0,0,0,0
522240,Pool Panic,Rekim,Rekim,302,84,"20,000 .. 50,000",0,0,0,0,1499,1499,0,4
522240,Pool Panic,Rekim,Rekim,302,84,"20,000 .. 50,000",0,0,0,0,1499,1499,0,4
529490,Rogue Trooper Redux,TickTock Games,Rebellion,365,105,"50,000 .. 100,000",0,0,0,0,2499,2499,0,0
529490,Rogue Trooper Redux,TickTock Games,Rebellion,365,105,"50,000 .. 100,000",0,0,0,0,2499,2499,0,0
532770,Time Leap Paradise SUPER LIVE!,Frontwing,Frontwing USA,187,51,"20,000 .. 50,000",0,0,0,0,0,0,0,0
532770,Time Leap Paradise SUPER LIVE!,Frontwing,Frontwing USA,187,51,"20,000 .. 50,000",0,0,0,0,0,0,0,0
532890,Civil War: 1862,HexWar Games,Hunted Cow Games,20,14,"20,000 .. 50,000",0,0,0,0,999,999,0,1
532890,Civil War: 1862,HexWar Games,Hunted Cow Games,20,14,"20,000 .. 50,000",0,0,0,0,999,999,0,1
535460,"A Fear Of Heights, And Other Things",Fulby Technologies,Fulby Technologies,52,10,"20,000 .. 50,000",0,0,0,0,99,99,0,0
535460,"A Fear Of Heights, And Other Things",Fulby Technologies,Fulby Technologies,52,10,"20,000 .. 50,000",0,0,0,0,99,99,0,0
536490,Perfect Fit - Totemland,Homiebear Studio,Homiebear Studio,32,12,"20,000 .. 50,000",0,0,0,0,399,399,0,0
536490,Perfect Fit - Totemland,Homiebear Studio,Homiebear Studio,32,12,"20,000 .. 50,000",0,0,0,0,399,399,0,0
545410,A Trip to Yugoslavia: Director's Cut,"Piotr Bunkowski, Hades Productions",Sometimes You,261,82,"50,000 .. 100,000",0,0,0,0,99,99,0,1
545410,A Trip to Yugoslavia: Director's Cut,"Piotr Bunkowski, Hades Productions",Sometimes You,261,82,"50,000 .. 100,000",0,0,0,0,99,99,0,1
547260,Mausoleum of the Medusa,New Hell Studios,New Hell Studios,66,22,"20,000 .. 50,000",0,0,0,0,0,0,0,0
547260,Mausoleum of the Medusa,New Hell Studios,New Hell Studios,66,22,"20,000 .. 50,000",0,0,0,0,0,0,0,0
547900,Front Office Football Eight,Solecismic Software,Solecismic Software,234,44,"20,000 .. 50,000",0,0,0,0,1999,1999,0,37
547900,Front Office Football Eight,Solecismic Software,Solecismic Software,234,44,"20,000 .. 50,000",0,0,0,0,1999,1999,0,37
549900,Leviathan Starblade,Drahcir,Drahcir,26,22,"20,000 .. 50,000",0,0,0,0,299,299,0,0
549900,Leviathan Starblade,Drahcir,Drahcir,26,22,"20,000 .. 50,000",0,0,0,0,299,299,0,0
550810,Abduction Bit,SEEP,SEEP,223,31,"20,000 .. 50,000",0,0,0,0,99,99,0,0
550810,Abduction Bit,SEEP,SEEP,223,31,"20,000 .. 50,000",0,0,0,0,99,99,0,0
559330,A Fisherman's Tale,InnerspaceVR,Vertigo Games,1373,92,"20,000 .. 50,000",0,0,0,0,999,999,0,3
559330,A Fisherman's Tale,InnerspaceVR,Vertigo Games,1373,92,"20,000 .. 50,000",0,0,0,0,999,999,0,3
560640,The Cabin: VR Escape the Room,Blue Entropy Studios,Blue Entropy Studios,50,34,"20,000 .. 50,000",0,0,0,0,499,499,0,0
560640,The Cabin: VR Escape the Room,Blue Entropy Studios,Blue Entropy Studios,50,34,"20,000 .. 50,000",0,0,0,0,499,499,0,0
563400,Ludu,Léo-Games,Léo-Games,59,19,"0 .. 20,000",0,0,0,0,0,0,0,0
563400,Ludu,Léo-Games,Léo-Games,59,19,"0 .. 20,000",0,0,0,0,0,0,0,0
566140,Holo-Graham,Volens Nolens Games,Volens Nolens Games,1,0,"20,000 .. 50,000",0,0,0,0,80,299,73,0
566140,Holo-Graham,Volens Nolens Games,Volens Nolens Games,1,0,"20,000 .. 50,000",0,0,0,0,80,299,73,0
567980,Santa Rockstar,Bekho Team,Volens Nolens Games,236,53,"100,000 .. 200,000",0,0,0,0,499,499,0,6
567980,Santa Rockstar,Bekho Team,Volens Nolens Games,236,53,"100,000 .. 200,000",0,0,0,0,499,499,0,6
569430,A Demon's Game - Episode 1,RP Studios,Conglomerate 5,74,23,"20,000 .. 50,000",0,0,0,0,599,599,0,0
569430,A Demon's Game - Episode 1,RP Studios,Conglomerate 5,74,23,"20,000 .. 50,000",0,0,0,0,599,599,0,0
569810,LEAVES - The Return,ZAR 21,Daedalic Entertainment,320,62,"20,000 .. 50,000",0,0,0,0,499,499,0,0
569810,LEAVES - The Return,ZAR 21,Daedalic Entertainment,320,62,"20,000 .. 50,000",0,0,0,0,499,499,0,0
575680,Square n Fair,ThinkOfGames,Conglomerate 5,161,31,"50,000 .. 100,000",0,0,0,0,399,399,0,3
575680,Square n Fair,ThinkOfGames,Conglomerate 5,161,31,"50,000 .. 100,000",0,0,0,0,399,399,0,3
576260,Winds Of Trade,Rhombico Games,Rhombico Games,109,66,"20,000 .. 50,000",0,0,0,0,1199,1199,0,1
576260,Winds Of Trade,Rhombico Games,Rhombico Games,109,66,"20,000 .. 50,000",0,0,0,0,1199,1199,0,1
577280,SCALPERS: Turtle & the Moonshine Gang,A Sweet Studio,A Sweet Studio,26,13,"20,000 .. 50,000",0,0,0,0,999,999,0,0
577280,SCALPERS: Turtle & the Moonshine Gang,A Sweet Studio,A Sweet Studio,26,13,"20,000 .. 50,000",0,0,0,0,999,999,0,0
577410,The Pit: Infinity,Kerberos Productions,Kerberos Productions,190,100,"20,000 .. 50,000",0,0,0,0,999,999,0,0
577410,The Pit: Infinity,Kerberos Productions,Kerberos Productions,190,100,"20,000 .. 50,000",0,0,0,0,999,999,0,0
579490,RUSH: A Disney • PIXAR Adventure,Asobo Studio,Xbox Game Studios,231,96,"50,000 .. 100,000",0,0,0,0,1999,1999,0,4
579490,RUSH: A Disney • PIXAR Adventure,Asobo Studio,Xbox Game Studios,231,96,"50,000 .. 100,000",0,0,0,0,1999,1999,0,4
585180,Open Sorcery,Abigail Corfman,Open Sorcery Games,343,6,"0 .. 20,000",0,0,0,0,399,399,0,0
585180,Open Sorcery,Abigail Corfman,Open Sorcery Games,343,6,"0 .. 20,000",0,0,0,0,399,399,0,0
585770,Prism Collider,Gestmorph Games,Gestmorph Games,18,3,"20,000 .. 50,000",0,0,0,0,0,0,0,0
585770,Prism Collider,Gestmorph Games,Gestmorph Games,18,3,"20,000 .. 50,000",0,0,0,0,0,0,0,0
585990,Echoes of the Fey Episode 0: The Immolation,Woodsy Studio,Woodsy Studio,70,13,"20,000 .. 50,000",0,0,0,0,0,0,0,0
585990,Echoes of the Fey Episode 0: The Immolation,Woodsy Studio,Woodsy Studio,70,13,"20,000 .. 50,000",0,0,0,0,0,0,0,0
589240,Jaguar I-PACE Concept | Virtual Reality Experience,Jaguar Land Rover Limited,Jaguar Land Rover Limited,8,11,"20,000 .. 50,000",0,0,0,0,0,0,0,0
589240,Jaguar I-PACE Concept | Virtual Reality Experience,Jaguar Land Rover Limited,Jaguar Land Rover Limited,8,11,"20,000 .. 50,000",0,0,0,0,0,0,0,0
589510,Shovel Knight: Specter of Torment,Yacht Club Games,Yacht Club Games,442,26,"20,000 .. 50,000",0,0,0,0,999,999,0,3
589510,Shovel Knight: Specter of Torment,Yacht Club Games,Yacht Club Games,442,26,"20,000 .. 50,000",0,0,0,0,999,999,0,3
589640,Spoids,AirWave Games,BindleBot,78,31,"20,000 .. 50,000",0,0,0,0,499,499,0,0
589640,Spoids,AirWave Games,BindleBot,78,31,"20,000 .. 50,000",0,0,0,0,499,499,0,0
590430,BeefeaterXO,Future Lighthouse,Future Lighthouse,19,8,"50,000 .. 100,000",0,0,0,0,0,0,0,0
590430,BeefeaterXO,Future Lighthouse,Future Lighthouse,19,8,"50,000 .. 100,000",0,0,0,0,0,0,0,0
590690,Sprint Vector,Survios,Survios,576,117,"20,000 .. 50,000",0,0,0,0,2999,2999,0,0
590690,Sprint Vector,Survios,Survios,576,117,"20,000 .. 50,000",0,0,0,0,2999,2999,0,0
597920,Survivalizm - The Animal Simulator,Vishwakarma studios,Conglomerate 5,31,45,"20,000 .. 50,000",0,0,0,0,499,499,0,0
597920,Survivalizm - The Animal Simulator,Vishwakarma studios,Conglomerate 5,31,45,"20,000 .. 50,000",0,0,0,0,499,499,0,0
598030,REVOLT 1917,juhbee,juhbee,3,21,"20,000 .. 50,000",0,0,0,0,199,199,0,0
598030,REVOLT 1917,juhbee,juhbee,3,21,"20,000 .. 50,000",0,0,0,0,199,199,0,0
599960,Dogolrax,Team Shuriken,Team Shuriken,215,94,"20,000 .. 50,000",0,0,0,0,499,499,0,0
599960,Dogolrax,Team Shuriken,Team Shuriken,215,94,"20,000 .. 50,000",0,0,0,0,499,499,0,0
602430,Yono and the Celestial Elephants,Neckbolt,Plug In Digital,267,54,"20,000 .. 50,000",0,0,0,0,1499,1499,0,2
602430,Yono and the Celestial Elephants,Neckbolt,Plug In Digital,267,54,"20,000 .. 50,000",0,0,0,0,1499,1499,0,2
602490,Blood Bowl: Death Zone,Cyanide Studio,Bigben Interactive,40,121,"20,000 .. 50,000",0,0,0,0,0,0,0,0
602490,Blood Bowl: Death Zone,Cyanide Studio,Bigben Interactive,40,121,"20,000 .. 50,000",0,0,0,0,0,0,0,0
610750,Games&Girls,Yume Creations,Yume Creations,198,74,"20,000 .. 50,000",0,0,0,0,199,199,0,0
610750,Games&Girls,Yume Creations,Yume Creations,198,74,"20,000 .. 50,000",0,0,0,0,199,199,0,0
612540,Sudden Strike 3,Fireglow,Kalypso Media Digital,141,59,"50,000 .. 100,000",0,0,0,0,599,599,0,4
612540,Sudden Strike 3,Fireglow,Kalypso Media Digital,141,59,"50,000 .. 100,000",0,0,0,0,599,599,0,4
618350,Personal Disco VR,Dual Heights Software,Dual Heights Software,32,4,"0 .. 20,000",0,0,0,0,899,899,0,0
618350,Personal Disco VR,Dual Heights Software,Dual Heights Software,32,4,"0 .. 20,000",0,0,0,0,899,899,0,0
620410,Exit: A Biodelic Adventure,neurosaur,neurosaur,42,6,"0 .. 20,000",0,0,0,0,999,999,0,0
620410,Exit: A Biodelic Adventure,neurosaur,neurosaur,42,6,"0 .. 20,000",0,0,0,0,999,999,0,0
622460,Steampunk Tower 2,DreamGate,DreamGate,265,89,"100,000 .. 200,000",0,0,0,0,799,799,0,0
622460,Steampunk Tower 2,DreamGate,DreamGate,265,89,"100,000 .. 200,000",0,0,0,0,799,799,0,0
622920,P-Walker's Simulation,BrainStrainStudios,BrainStrainStudios,32,40,"20,000 .. 50,000",0,0,0,0,299,299,0,0
622920,P-Walker's Simulation,BrainStrainStudios,BrainStrainStudios,32,40,"20,000 .. 50,000",0,0,0,0,299,299,0,0
624060,Shattered Steel,BioWare,Interplay Entertainment Corp.,8,3,"50,000 .. 100,000",0,0,0,0,999,999,0,0
624060,Shattered Steel,BioWare,Interplay Entertainment Corp.,8,3,"50,000 .. 100,000",0,0,0,0,999,999,0,0
625140,Ragnarok Journey,Youren,Gravity Interactive,119,200,"50,000 .. 100,000",0,0,0,0,0,0,0,0
625140,Ragnarok Journey,Youren,Gravity Interactive,119,200,"50,000 .. 100,000",0,0,0,0,0,0,0,0
643820,ShadowSide,AdroVGames,AdroVGames,255,146,"20,000 .. 50,000",0,0,0,0,999,999,0,0
643820,ShadowSide,AdroVGames,AdroVGames,255,146,"20,000 .. 50,000",0,0,0,0,999,999,0,0
648890,DMT: Dynamic Music Tesseract,DMT,DMT,179,17,"20,000 .. 50,000",0,0,0,0,499,499,0,0
648890,DMT: Dynamic Music Tesseract,DMT,DMT,179,17,"20,000 .. 50,000",0,0,0,0,499,499,0,0
649170,The Seasons,Miki Squadron Project,"Miki Squadron Project, 幻爵工作室",44,17,"0 .. 20,000",0,0,0,0,499,499,0,0
649170,The Seasons,Miki Squadron Project,"Miki Squadron Project, 幻爵工作室",44,17,"0 .. 20,000",0,0,0,0,499,499,0,0
649880,Disco Time 80s VR,Indiecode Games,Indiecode Games,50,31,"0 .. 20,000",0,0,0,0,0,0,0,1
649880,Disco Time 80s VR,Indiecode Games,Indiecode Games,50,31,"0 .. 20,000",0,0,0,0,0,0,0,1
649950,Ashen,A44,Annapurna Interactive,2438,1144,"20,000 .. 50,000",0,0,0,0,3999,3999,0,6
649950,Ashen,A44,Annapurna Interactive,2438,1144,"20,000 .. 50,000",0,0,0,0,3999,3999,0,6
652550,Vickinachi,Hariharan S,Hariharan S,35,177,"20,000 .. 50,000",0,0,0,0,99,99,0,0
652550,Vickinachi,Hariharan S,Hariharan S,35,177,"20,000 .. 50,000",0,0,0,0,99,99,0,0
652880,Samsara,JaffaJam,JaffaJam,29,1,"20,000 .. 50,000",0,0,0,0,1499,1499,0,0
652880,Samsara,JaffaJam,JaffaJam,29,1,"20,000 .. 50,000",0,0,0,0,1499,1499,0,0
656030,The Lost Legends of Redwall: The Scout Act 1,Soma Games,Soma Games,96,28,"20,000 .. 50,000",0,0,0,0,0,0,0,0
656030,The Lost Legends of Redwall: The Scout Act 1,Soma Games,Soma Games,96,28,"20,000 .. 50,000",0,0,0,0,0,0,0,0
656740,Cosmonator,Bourbontank,Bourbontank,84,13,"20,000 .. 50,000",0,0,0,0,699,699,0,0
656740,Cosmonator,Bourbontank,Bourbontank,84,13,"20,000 .. 50,000",0,0,0,0,699,699,0,0
661920,Claybook,Second Order,Second Order,182,81,"0 .. 20,000",0,0,0,0,999,999,0,0
661920,Claybook,Second Order,Second Order,182,81,"0 .. 20,000",0,0,0,0,999,999,0,0
661950,FlyingRock: Arena,Edo Create,Edo Create,34,22,"20,000 .. 50,000",0,0,0,0,0,0,0,6
661950,FlyingRock: Arena,Edo Create,Edo Create,34,22,"20,000 .. 50,000",0,0,0,0,0,0,0,6
661960,Dragon Lords: 3D Strategy,FX Games,FX Games,98,36,"20,000 .. 50,000",0,0,0,0,0,0,0,7
661960,Dragon Lords: 3D Strategy,FX Games,FX Games,98,36,"20,000 .. 50,000",0,0,0,0,0,0,0,7
664090,Eternity Warriors VR,Vanimals,Vanimals,260,62,"20,000 .. 50,000",0,0,0,0,1499,1499,0,1
664090,Eternity Warriors VR,Vanimals,Vanimals,260,62,"20,000 .. 50,000",0,0,0,0,1499,1499,0,1
664290,The Mexican Dream,Idea Cabin,Idea Cabin,89,54,"20,000 .. 50,000",0,0,0,0,799,799,0,0
664290,The Mexican Dream,Idea Cabin,Idea Cabin,89,54,"20,000 .. 50,000",0,0,0,0,799,799,0,0
665330,Wrestling Revolution 3D,MDickie,MDickie,358,51,"20,000 .. 50,000",0,0,0,0,499,999,50,1
665330,Wrestling Revolution 3D,MDickie,MDickie,358,51,"20,000 .. 50,000",0,0,0,0,499,999,50,1
666080,伝創記IV ~if~,As-key,As-key,0,3,"20,000 .. 50,000",0,0,0,0,999,999,0,0
666080,伝創記IV ~if~,As-key,As-key,0,3,"20,000 .. 50,000",0,0,0,0,999,999,0,0
669790,Starlines,mework,mework,1,0,"20,000 .. 50,000",0,0,0,0,99,99,0,0
669790,Starlines,mework,mework,1,0,"20,000 .. 50,000",0,0,0,0,99,99,0,0
671390,Metropolis: Lux Obscura,Ktulhu Solutions,Ktulhu Solutions,375,98,"0 .. 20,000",0,0,0,0,799,799,0,0
671390,Metropolis: Lux Obscura,Ktulhu Solutions,Ktulhu Solutions,375,98,"0 .. 20,000",0,0,0,0,799,799,0,0
671980,Close Me,Yai Gameworks,Yai Gameworks,91,24,"20,000 .. 50,000",0,0,0,0,99,99,0,0
671980,Close Me,Yai Gameworks,Yai Gameworks,91,24,"20,000 .. 50,000",0,0,0,0,99,99,0,0
672140,Battle For Korsun,Yobowargames,Slitherine Ltd.,5,13,"20,000 .. 50,000",0,0,0,0,1599,1599,0,0
672140,Battle For Korsun,Yobowargames,Slitherine Ltd.,5,13,"20,000 .. 50,000",0,0,0,0,1599,1599,0,0
672710,Traffic Giant,QLOC,Toplitz Productions,115,36,"20,000 .. 50,000",0,0,0,0,999,999,0,1
672710,Traffic Giant,QLOC,Toplitz Productions,115,36,"20,000 .. 50,000",0,0,0,0,999,999,0,1
675950,Peninsular War Battles,HexWar Games,Hunted Cow Games,15,16,"20,000 .. 50,000",0,0,0,0,999,999,0,0
675950,Peninsular War Battles,HexWar Games,Hunted Cow Games,15,16,"20,000 .. 50,000",0,0,0,0,999,999,0,0
678310,Pinball Deluxe: Reloaded,Made of Bits,Made of Bits,174,7,"0 .. 20,000",0,0,0,0,799,799,0,3
678310,Pinball Deluxe: Reloaded,Made of Bits,Made of Bits,174,7,"0 .. 20,000",0,0,0,0,799,799,0,3
678920,Symploke: Legend of Gustavo Bueno (Chapter 2),Videojuegos Fermín,Erbe Software,15,2,"20,000 .. 50,000",0,0,0,0,299,299,0,0
678920,Symploke: Legend of Gustavo Bueno (Chapter 2),Videojuegos Fermín,Erbe Software,15,2,"20,000 .. 50,000",0,0,0,0,299,299,0,0
680930,Fairy Lands: Rinka and the Fairy Gems,OddMeat,Ikucrea,20,10,"20,000 .. 50,000",0,0,0,0,230,230,0,1
680930,Fairy Lands: Rinka and the Fairy Gems,OddMeat,Ikucrea,20,10,"20,000 .. 50,000",0,0,0,0,230,230,0,1
682590,Dungeon Marathon,Retro Army Limited,paulstephendavis,37,14,"20,000 .. 50,000",0,0,0,0,499,499,0,0
682590,Dungeon Marathon,Retro Army Limited,paulstephendavis,37,14,"20,000 .. 50,000",0,0,0,0,499,499,0,0
684720,Battlegun,Patron Ibrahim,Patron Ibrahim,183,86,"20,000 .. 50,000",0,0,0,0,199,199,0,0
684720,Battlegun,Patron Ibrahim,Patron Ibrahim,183,86,"20,000 .. 50,000",0,0,0,0,199,199,0,0
687490,Trivia Vault: Super Heroes Trivia,Ripknot Systems,Ripknot Systems,77,65,"20,000 .. 50,000",0,0,0,0,1399,1399,0,0
687490,Trivia Vault: Super Heroes Trivia,Ripknot Systems,Ripknot Systems,77,65,"20,000 .. 50,000",0,0,0,0,1399,1399,0,0
687630,Epic Cards Battle 2 (TCG),momoStorm Entertainment,momoStorm Entertainment,73,52,"50,000 .. 100,000",0,0,0,0,0,0,0,0
687630,Epic Cards Battle 2 (TCG),momoStorm Entertainment,momoStorm Entertainment,73,52,"50,000 .. 100,000",0,0,0,0,0,0,0,0
688480,EVE: Valkyrie – Warzone,CCP,CCP,232,181,"20,000 .. 50,000",0,0,0,0,0,0,0,0
688480,EVE: Valkyrie – Warzone,CCP,CCP,232,181,"20,000 .. 50,000",0,0,0,0,0,0,0,0
688620,Tiny Force Deluxe,Sinergia Studios,Sinergia Studios,4,4,"20,000 .. 50,000",0,0,0,0,599,599,0,0
688620,Tiny Force Deluxe,Sinergia Studios,Sinergia Studios,4,4,"20,000 .. 50,000",0,0,0,0,599,599,0,0
689830,DUELEUM,nohoho (Individual),nohoho,17,9,"20,000 .. 50,000",0,0,0,0,0,0,0,0
689830,DUELEUM,nohoho (Individual),nohoho,17,9,"20,000 .. 50,000",0,0,0,0,0,0,0,0
690740,BOOKS,UNIOCS,UNIOCS,114,68,"20,000 .. 50,000",0,0,0,0,99,99,0,0
690740,BOOKS,UNIOCS,UNIOCS,114,68,"20,000 .. 50,000",0,0,0,0,99,99,0,0
691630,STELLATUM,Satur Entertainment,Satur Entertainment,103,61,"20,000 .. 50,000",0,0,0,0,299,299,0,0
691630,STELLATUM,Satur Entertainment,Satur Entertainment,103,61,"20,000 .. 50,000",0,0,0,0,299,299,0,0
693150,Martha Madison: Electricity,Second Avenue Learning,Second Avenue Learning,1,0,"0 .. 20,000",0,0,0,0,199,199,0,0
693150,Martha Madison: Electricity,Second Avenue Learning,Second Avenue Learning,1,0,"0 .. 20,000",0,0,0,0,199,199,0,0
699150,Rex: Another Island,shysaursoft,Pixeljam,116,11,"20,000 .. 50,000",0,0,0,0,399,399,0,0
699150,Rex: Another Island,shysaursoft,Pixeljam,116,11,"20,000 .. 50,000",0,0,0,0,399,399,0,0
699860,Civil War: 1864,HexWar Games,Hunted Cow Games,15,8,"20,000 .. 50,000",0,0,0,0,999,999,0,0
699860,Civil War: 1864,HexWar Games,Hunted Cow Games,15,8,"20,000 .. 50,000",0,0,0,0,999,999,0,0
700920,Placement,Albin Bernhardsson,Albin Bernhardsson,55,9,"20,000 .. 50,000",0,0,0,0,0,0,0,0
700920,Placement,Albin Bernhardsson,Albin Bernhardsson,55,9,"20,000 .. 50,000",0,0,0,0,0,0,0,0
705160,Moon VR Video Player,InnoVision,InnoVision,190,86,"20,000 .. 50,000",0,0,0,0,999,999,0,3
705160,Moon VR Video Player,InnoVision,InnoVision,190,86,"20,000 .. 50,000",0,0,0,0,999,999,0,3
705370,The Cursed Tower,Mohsin Rizvi,Mohsin Rizvi,61,34,"20,000 .. 50,000",0,0,0,0,0,0,0,0
705370,The Cursed Tower,Mohsin Rizvi,Mohsin Rizvi,61,34,"20,000 .. 50,000",0,0,0,0,0,0,0,0
709620,Squareboy vs Bullies: Arena Edition,"Rohan Narang, Ratalaika Games S.L.",Ratalaika Games S.L.,25,8,"0 .. 20,000",0,0,0,0,499,499,0,0
709620,Squareboy vs Bullies: Arena Edition,"Rohan Narang, Ratalaika Games S.L.",Ratalaika Games S.L.,25,8,"0 .. 20,000",0,0,0,0,499,499,0,0
710090,Annual,Blake Pierce,Pierced Games,19,27,"0 .. 20,000",0,0,0,0,0,0,0,0
710090,Annual,Blake Pierce,Pierced Games,19,27,"0 .. 20,000",0,0,0,0,0,0,0,0
710740,Sniper Rust VR,Zatun,Zatun,10,6,"20,000 .. 50,000",0,0,0,0,999,999,0,0
710740,Sniper Rust VR,Zatun,Zatun,10,6,"20,000 .. 50,000",0,0,0,0,999,999,0,0
712770,Just A Dream,The Hyper Carries!,The Hyper Carries!,63,14,"20,000 .. 50,000",0,0,0,0,0,0,0,0
712770,Just A Dream,The Hyper Carries!,The Hyper Carries!,63,14,"20,000 .. 50,000",0,0,0,0,0,0,0,0
713030,Mini Hockey Champ!,26k,26k,45,9,"20,000 .. 50,000",0,0,0,0,999,999,0,1
713030,Mini Hockey Champ!,26k,26k,45,9,"20,000 .. 50,000",0,0,0,0,999,999,0,1
715280,Ancient Battle: Hannibal,HexWar Games,Hunted Cow Games,11,4,"20,000 .. 50,000",0,0,0,0,999,999,0,0
715280,Ancient Battle: Hannibal,HexWar Games,Hunted Cow Games,11,4,"20,000 .. 50,000",0,0,0,0,999,999,0,0
716560,Trancelation,MythicOwl,MythicOwl,26,3,"0 .. 20,000",0,0,0,0,999,999,0,0
716560,Trancelation,MythicOwl,MythicOwl,26,3,"0 .. 20,000",0,0,0,0,999,999,0,0
717980,伏雨录：少年篇,祥,祥,76,9,"20,000 .. 50,000",0,0,0,0,699,699,0,0
717980,伏雨录：少年篇,祥,祥,76,9,"20,000 .. 50,000",0,0,0,0,699,699,0,0
719280,Bullseye,Ravinia,Ravinia,76,14,"20,000 .. 50,000",0,0,0,0,0,0,0,0
719280,Bullseye,Ravinia,Ravinia,76,14,"20,000 .. 50,000",0,0,0,0,0,0,0,0
720030,Indecision.,bilge,bilge,532,94,"20,000 .. 50,000",0,0,0,0,299,299,0,0
720030,Indecision.,bilge,bilge,532,94,"20,000 .. 50,000",0,0,0,0,299,299,0,0
720290,Reaching for Petals: VR Edition,Blue Entropy Studios,Blue Entropy Studios,27,20,"0 .. 20,000",0,0,0,0,499,499,0,0
720290,Reaching for Petals: VR Edition,Blue Entropy Studios,Blue Entropy Studios,27,20,"0 .. 20,000",0,0,0,0,499,499,0,0
720940,Horns of Fear,Pixoala,Pixoala,76,6,"20,000 .. 50,000",0,0,0,0,499,499,0,0
720940,Horns of Fear,Pixoala,Pixoala,76,6,"20,000 .. 50,000",0,0,0,0,499,499,0,0
721470,Snake Treasure Chest,Ragıp Hatunoğlu,Pedica Games,3,1,"20,000 .. 50,000",0,0,0,0,99,99,0,0
721470,Snake Treasure Chest,Ragıp Hatunoğlu,Pedica Games,3,1,"20,000 .. 50,000",0,0,0,0,99,99,0,0
723830,Cyborg Invasion Shooter,"Tero Lunkka, Valkeala Software, BlackThug",Tero Lunkka,26,30,"0 .. 20,000",0,0,0,0,499,499,0,0
723830,Cyborg Invasion Shooter,"Tero Lunkka, Valkeala Software, BlackThug",Tero Lunkka,26,30,"0 .. 20,000",0,0,0,0,499,499,0,0
725110,Wizards Tourney,a bonfire of souls,a bonfire of souls,32,8,"20,000 .. 50,000",0,0,0,0,999,999,0,0
725110,Wizards Tourney,a bonfire of souls,a bonfire of souls,32,8,"20,000 .. 50,000",0,0,0,0,999,999,0,0
725330,Zelle,Fuming,Fuming,427,27,"20,000 .. 50,000",0,0,0,0,980,980,0,0
725330,Zelle,Fuming,Fuming,427,27,"20,000 .. 50,000",0,0,0,0,980,980,0,0
726020,Mission Ammunition,Quantized Bit,Quantized Bit,76,22,"20,000 .. 50,000",0,0,0,0,399,399,0,0
726020,Mission Ammunition,Quantized Bit,Quantized Bit,76,22,"20,000 .. 50,000",0,0,0,0,399,399,0,0
726340,Alchemist's Castle,Kabuk Games,Kabuk Games,103,30,"20,000 .. 50,000",0,0,0,0,99,99,0,0
726340,Alchemist's Castle,Kabuk Games,Kabuk Games,103,30,"20,000 .. 50,000",0,0,0,0,99,99,0,0
726910,Star Wars: Droid Repair Bay,ILMxLAB,"Disney Platform Distribution, Inc.",484,55,"100,000 .. 200,000",0,0,0,0,0,0,0,4
726910,Star Wars: Droid Repair Bay,ILMxLAB,"Disney Platform Distribution, Inc.",484,55,"100,000 .. 200,000",0,0,0,0,0,0,0,4
728670,Maze Up!,Inner Monkey,Overhead Games,4,1,"20,000 .. 50,000",0,0,0,0,199,199,0,0
728670,Maze Up!,Inner Monkey,Overhead Games,4,1,"20,000 .. 50,000",0,0,0,0,199,199,0,0
730550,Kanova,Foundry,Foundry,51,18,"20,000 .. 50,000",0,0,0,0,0,0,0,0
730550,Kanova,Foundry,Foundry,51,18,"20,000 .. 50,000",0,0,0,0,0,0,0,0
730690,EXIT 4 - Portal,SIXNAILS,SIXNAILS,6,1,"20,000 .. 50,000",0,0,0,0,799,799,0,0
730690,EXIT 4 - Portal,SIXNAILS,SIXNAILS,6,1,"20,000 .. 50,000",0,0,0,0,799,799,0,0
731320,Speebot,Keyreal,Keyreal,21,5,"20,000 .. 50,000",0,0,0,0,499,499,0,0
731320,Speebot,Keyreal,Keyreal,21,5,"20,000 .. 50,000",0,0,0,0,499,499,0,0
738440,MazeQuest 2,"Will Orr, Chris Orr",OMB Media,7,1,"20,000 .. 50,000",0,0,0,0,799,799,0,0
738440,MazeQuest 2,"Will Orr, Chris Orr",OMB Media,7,1,"20,000 .. 50,000",0,0,0,0,799,799,0,0
738610,Train Station Simulator,Appliks Apps Studios,Appliks Apps Studios,146,110,"20,000 .. 50,000",0,0,0,0,1699,1699,0,0
738610,Train Station Simulator,Appliks Apps Studios,Appliks Apps Studios,146,110,"20,000 .. 50,000",0,0,0,0,1699,1699,0,0
741670,Easy Red,Marco Amadei,Corvostudio di Amadei Marco,789,200,"100,000 .. 200,000",0,0,0,0,399,399,0,0
741670,Easy Red,Marco Amadei,Corvostudio di Amadei Marco,789,200,"100,000 .. 200,000",0,0,0,0,399,399,0,0
743130,MewnBase,Cairn4,Cairn4,1287,92,"50,000 .. 100,000",0,0,0,0,999,999,0,4
743130,MewnBase,Cairn4,Cairn4,1287,92,"50,000 .. 100,000",0,0,0,0,999,999,0,4
743860,Wild West Online,WWO Partners Ltd,WWO Partners Ltd,265,669,"20,000 .. 50,000",0,0,0,0,0,0,0,0
743860,Wild West Online,WWO Partners Ltd,WWO Partners Ltd,265,669,"20,000 .. 50,000",0,0,0,0,0,0,0,0
749520,Sakura no Mori † Dreamers,MOONSTONE,HIKARI FIELD,921,83,"20,000 .. 50,000",0,0,0,0,1799,1799,0,5
749520,Sakura no Mori † Dreamers,MOONSTONE,HIKARI FIELD,921,83,"20,000 .. 50,000",0,0,0,0,1799,1799,0,5
749960,Townsmen VR,HandyGames,HandyGames,438,84,"0 .. 20,000",0,0,0,0,1999,3999,50,0
749960,Townsmen VR,HandyGames,HandyGames,438,84,"0 .. 20,000",0,0,0,0,1999,3999,50,0
752710,Infinity Trip,XiNFiNiTY Games,,12,10,"20,000 .. 50,000",0,0,0,0,99,99,0,0
752710,Infinity Trip,XiNFiNiTY Games,,12,10,"20,000 .. 50,000",0,0,0,0,99,99,0,0
755350,Truth: Disorder,JustE AAN,JustE Publishing,28,33,"20,000 .. 50,000",0,0,0,0,299,299,0,0
755350,Truth: Disorder,JustE AAN,JustE Publishing,28,33,"20,000 .. 50,000",0,0,0,0,299,299,0,0
758250,Taste of Power,OneOcean LLC,OneOcean LLC,45,22,"20,000 .. 50,000",0,0,0,0,1499,1499,0,0
758250,Taste of Power,OneOcean LLC,OneOcean LLC,45,22,"20,000 .. 50,000",0,0,0,0,1499,1499,0,0
758500,Loot Box Quest,Going Loud Studios,Going Loud Studios,428,31,"50,000 .. 100,000",0,0,0,0,99,99,0,1
758500,Loot Box Quest,Going Loud Studios,Going Loud Studios,428,31,"50,000 .. 100,000",0,0,0,0,99,99,0,1
764300,Shantae: Half-Genie Hero Ultimate Edition,WayForward,WayForward ,965,123,"50,000 .. 100,000",0,0,0,0,2999,2999,0,6
764300,Shantae: Half-Genie Hero Ultimate Edition,WayForward,WayForward ,965,123,"50,000 .. 100,000",0,0,0,0,2999,2999,0,6
765160,Weable 2,SPECTRUM GAMES,ValkyrieInitiative,65,34,"20,000 .. 50,000",0,0,0,0,499,499,0,0
765160,Weable 2,SPECTRUM GAMES,ValkyrieInitiative,65,34,"20,000 .. 50,000",0,0,0,0,499,499,0,0
765850,Leisure Suit Larry 3 - Passionate Patti in Pursuit of the Pulsating Pectorals,"Assemble Entertainment, Sierra Entertainment",Assemble Entertainment,59,23,"20,000 .. 50,000",0,0,0,0,0,0,0,2
765850,Leisure Suit Larry 3 - Passionate Patti in Pursuit of the Pulsating Pectorals,"Assemble Entertainment, Sierra Entertainment",Assemble Entertainment,59,23,"20,000 .. 50,000",0,0,0,0,0,0,0,2
765860,Leisure Suit Larry 5 - Passionate Patti Does a Little Undercover Work,"Assemble Entertainment, Sierra Entertainment",Assemble Entertainment,43,29,"20,000 .. 50,000",0,0,0,0,0,0,0,0
765860,Leisure Suit Larry 5 - Passionate Patti Does a Little Undercover Work,"Assemble Entertainment, Sierra Entertainment",Assemble Entertainment,43,29,"20,000 .. 50,000",0,0,0,0,0,0,0,0
774151,YOOMURJAK'S RING,Private Moon Studios,M.INDIE,48,8,"0 .. 20,000",0,0,0,0,999,999,0,0
774151,YOOMURJAK'S RING,Private Moon Studios,M.INDIE,48,8,"0 .. 20,000",0,0,0,0,999,999,0,0
776100,One Night On The Road,Beyter Games Studio,Beyter Games Studio,2,5,"20,000 .. 50,000",0,0,0,0,299,299,0,0
776100,One Night On The Road,Beyter Games Studio,Beyter Games Studio,2,5,"20,000 .. 50,000",0,0,0,0,299,299,0,0
779050,A tractor,Games for May,Games for May,102,39,"20,000 .. 50,000",0,0,0,0,0,0,0,0
779050,A tractor,Games for May,Games for May,102,39,"20,000 .. 50,000",0,0,0,0,0,0,0,0
779100,Daemonical,Fearem,Gamifier,141,76,"20,000 .. 50,000",0,0,0,0,1499,1499,0,0
779100,Daemonical,Fearem,Gamifier,141,76,"20,000 .. 50,000",0,0,0,0,1499,1499,0,0
785110,Anime girl Or Bottle?,"Nikita ""Ghost_RUS""",Ghost_RUS Games,132,34,"20,000 .. 50,000",0,0,0,0,99,99,0,0
785110,Anime girl Or Bottle?,"Nikita ""Ghost_RUS""",Ghost_RUS Games,132,34,"20,000 .. 50,000",0,0,0,0,99,99,0,0
787690,Math Hero,Right Games,Right Games,12,5,"20,000 .. 50,000",0,0,0,0,99,99,0,0
787690,Math Hero,Right Games,Right Games,12,5,"20,000 .. 50,000",0,0,0,0,99,99,0,0
788910,Apartment of Love,Pin-Point,Paradise Project,151,90,"20,000 .. 50,000",0,0,0,0,0,0,0,0
788910,Apartment of Love,Pin-Point,Paradise Project,151,90,"20,000 .. 50,000",0,0,0,0,0,0,0,0
791290,Space Ball,Heaven Bot,Heaven Bot,5,2,"0 .. 20,000",0,0,0,0,99,99,0,0
791290,Space Ball,Heaven Bot,Heaven Bot,5,2,"0 .. 20,000",0,0,0,0,99,99,0,0
791380,Way Out,"Shenzhen Simeng Technology Co., Ltd.","Shenzhen Simeng Technology Co., Ltd.",3,6,"50,000 .. 100,000",0,0,0,0,99,99,0,0
791380,Way Out,"Shenzhen Simeng Technology Co., Ltd.","Shenzhen Simeng Technology Co., Ltd.",3,6,"50,000 .. 100,000",0,0,0,0,99,99,0,0
791700,Bird Game,Bryan Tabor,Bryan Tabor,54,16,"20,000 .. 50,000",0,0,0,0,299,299,0,0
791700,Bird Game,Bryan Tabor,Bryan Tabor,54,16,"20,000 .. 50,000",0,0,0,0,299,299,0,0
792030,"Just, Bearly",Daniel J Roberts,Daniel J Roberts,487,32,"20,000 .. 50,000",0,0,0,0,0,0,0,0
792030,"Just, Bearly",Daniel J Roberts,Daniel J Roberts,487,32,"20,000 .. 50,000",0,0,0,0,0,0,0,0
792650,Super Jigsaw Puzzle,Flat Cat Games,Flat Cat Games,113,14,"20,000 .. 50,000",0,0,0,0,499,499,0,3
792650,Super Jigsaw Puzzle,Flat Cat Games,Flat Cat Games,113,14,"20,000 .. 50,000",0,0,0,0,499,499,0,3
794490,Journey Of Life,Hyperion Studio Limited,Hyperion Studio Limited,424,325,"50,000 .. 100,000",0,0,0,0,1499,1499,0,0
794490,Journey Of Life,Hyperion Studio Limited,Hyperion Studio Limited,424,325,"50,000 .. 100,000",0,0,0,0,1499,1499,0,0
794630,Puzzle 3D,Jake Peng,Jake Peng,1,1,"20,000 .. 50,000",0,0,0,0,299,299,0,0
794630,Puzzle 3D,Jake Peng,Jake Peng,1,1,"20,000 .. 50,000",0,0,0,0,299,299,0,0
795040,E.Z,Totally Normal Creature,Totally Normal Creature,223,21,"20,000 .. 50,000",0,0,0,0,199,199,0,0
795040,E.Z,Totally Normal Creature,Totally Normal Creature,223,21,"20,000 .. 50,000",0,0,0,0,199,199,0,0
795550,Warawara Invaders,nkmr appworks,nkmr appworks,3,2,"20,000 .. 50,000",0,0,0,0,99,99,0,0
795550,Warawara Invaders,nkmr appworks,nkmr appworks,3,2,"20,000 .. 50,000",0,0,0,0,99,99,0,0
796290,World of Tennis: Roaring ’20s,Helium9 Games,Helium9 Games,202,69,"50,000 .. 100,000",0,0,0,0,0,0,0,0
796290,World of Tennis: Roaring ’20s,Helium9 Games,Helium9 Games,202,69,"50,000 .. 100,000",0,0,0,0,0,0,0,0
796430,SHiRO 011,BARS STUDIOS,BARS STUDIOS,66,15,"0 .. 20,000",0,0,0,0,0,0,0,0
796430,SHiRO 011,BARS STUDIOS,BARS STUDIOS,66,15,"0 .. 20,000",0,0,0,0,0,0,0,0
797660,God Test,God Test,God Test,6,10,"0 .. 20,000",0,0,0,0,0,0,0,0
797660,God Test,God Test,God Test,6,10,"0 .. 20,000",0,0,0,0,0,0,0,0
802660,Bitcoin Or Bomb?,"Nikita ""Ghost_RUS""",Ghost_RUS Games,21,32,"0 .. 20,000",0,0,0,0,99,99,0,0
802660,Bitcoin Or Bomb?,"Nikita ""Ghost_RUS""",Ghost_RUS Games,21,32,"0 .. 20,000",0,0,0,0,99,99,0,0
803800,WIDECROSS,DEV TEAM,DEV TEAM,98,83,"20,000 .. 50,000",0,0,0,0,699,699,0,0
803800,WIDECROSS,DEV TEAM,DEV TEAM,98,83,"20,000 .. 50,000",0,0,0,0,699,699,0,0
806740,Fei Duanmu VS Kobayashi 端木斐 VS 小林正雪,"致意, 傅真","致意, 傅真",181,14,"20,000 .. 50,000",0,0,0,0,599,599,0,0
806740,Fei Duanmu VS Kobayashi 端木斐 VS 小林正雪,"致意, 傅真","致意, 傅真",181,14,"20,000 .. 50,000",0,0,0,0,599,599,0,0
808080,Ultimate Racing 2D,Applimazing,Applimazing,461,64,"20,000 .. 50,000",0,0,0,0,99,99,0,1
808080,Ultimate Racing 2D,Applimazing,Applimazing,461,64,"20,000 .. 50,000",0,0,0,0,99,99,0,1
808880,MiniTracks,RIQPLAY,RIQPLAY,24,7,"20,000 .. 50,000",0,0,0,0,499,499,0,0
808880,MiniTracks,RIQPLAY,RIQPLAY,24,7,"20,000 .. 50,000",0,0,0,0,499,499,0,0
817020,Unholy,Duality Games,505 Pulse,138,78,"50,000 .. 100,000",0,0,0,0,2999,2999,0,1
817020,Unholy,Duality Games,505 Pulse,138,78,"50,000 .. 100,000",0,0,0,0,2999,2999,0,1
817840,Max Gentlemen Sexy Business!,The Men Who Wear Many Hats,The Men Who Wear Many Hats,1528,120,"100,000 .. 200,000",0,0,0,0,1999,1999,0,11
817840,Max Gentlemen Sexy Business!,The Men Who Wear Many Hats,The Men Who Wear Many Hats,1528,120,"100,000 .. 200,000",0,0,0,0,1999,1999,0,11
823040,Griefer,"Cuberz, CharileH","CasGame, CharileH",69,31,"50,000 .. 100,000",0,0,0,0,1299,1299,0,0
823040,Griefer,"Cuberz, CharileH","CasGame, CharileH",69,31,"50,000 .. 100,000",0,0,0,0,1299,1299,0,0
823330,Marginal act,Marginalact,Marginalact,4,6,"0 .. 20,000",0,0,0,0,999,999,0,0
823330,Marginal act,Marginalact,Marginalact,4,6,"0 .. 20,000",0,0,0,0,999,999,0,0
823530,Aesthetic Arena,Caden Goodwin,csgood,35,10,"0 .. 20,000",0,0,0,0,99,99,0,0
823530,Aesthetic Arena,Caden Goodwin,csgood,35,10,"0 .. 20,000",0,0,0,0,99,99,0,0
823940,Virtual Battlegrounds,CyberDream,Spiral Summit Games,328,155,"20,000 .. 50,000",0,0,0,0,1999,1999,0,0
823940,Virtual Battlegrounds,CyberDream,Spiral Summit Games,328,155,"20,000 .. 50,000",0,0,0,0,1999,1999,0,0
825730,Tzar: The Burden of the Crown,Haemimont Games,Haemimont Games,452,41,"50,000 .. 100,000",0,0,0,0,499,499,0,11
825730,Tzar: The Burden of the Crown,Haemimont Games,Haemimont Games,452,41,"50,000 .. 100,000",0,0,0,0,499,499,0,11
832130,Negative World,Big Niche Games,Big Niche Games,15,4,"0 .. 20,000",0,0,0,0,0,0,0,0
832130,Negative World,Big Niche Games,Big Niche Games,15,4,"0 .. 20,000",0,0,0,0,0,0,0,0
833140,Supaplex,InArcade,InArcade,251,14,"20,000 .. 50,000",0,0,0,0,1499,1499,0,1
833140,Supaplex,InArcade,InArcade,251,14,"20,000 .. 50,000",0,0,0,0,1499,1499,0,1
836870,Art of Murder - Deadly Secrets,City Interactive S.A.,City Interactive S.A.,9,52,"0 .. 20,000",0,0,0,0,0,0,0,1
836870,Art of Murder - Deadly Secrets,City Interactive S.A.,City Interactive S.A.,9,52,"0 .. 20,000",0,0,0,0,0,0,0,1
840100,Magic Scroll Tactics / マジックスクロールタクティクス / 魔法卷轴 / 魔法捲軸,オートリ電子,"オートリ電子, Gamirror Games",146,36,"20,000 .. 50,000",0,0,0,0,1199,1199,0,0
840100,Magic Scroll Tactics / マジックスクロールタクティクス / 魔法卷轴 / 魔法捲軸,オートリ電子,"オートリ電子, Gamirror Games",146,36,"20,000 .. 50,000",0,0,0,0,1199,1199,0,0
841300,Together,Zilby,Zilby,149,56,"20,000 .. 50,000",0,0,0,0,0,0,0,0
841300,Together,Zilby,Zilby,149,56,"20,000 .. 50,000",0,0,0,0,0,0,0,0
842590,Knight Fighter,Falco Software,,6,16,"0 .. 20,000",0,0,0,0,99,99,0,0
842590,Knight Fighter,Falco Software,,6,16,"0 .. 20,000",0,0,0,0,99,99,0,0
843720,Dissimilated Land,Steel Wing,Ggame Studio,109,71,"20,000 .. 50,000",0,0,0,0,1199,1199,0,0
843720,Dissimilated Land,Steel Wing,Ggame Studio,109,71,"20,000 .. 50,000",0,0,0,0,1199,1199,0,0
846780,JumpStream,Digital Continue,Digital Continue,13,7,"20,000 .. 50,000",0,0,0,0,0,0,0,1
846780,JumpStream,Digital Continue,Digital Continue,13,7,"20,000 .. 50,000",0,0,0,0,0,0,0,1
850820,祛魅·教化（祛魅1）,LU QI,LU QI,78,28,"20,000 .. 50,000",0,0,0,0,399,399,0,0
850820,祛魅·教化（祛魅1）,LU QI,LU QI,78,28,"20,000 .. 50,000",0,0,0,0,399,399,0,0
853200,Shred! 2 - ft Sam Pilgrim,ASBO Interactive,ASBO Interactive Ltd,183,30,"20,000 .. 50,000",0,0,0,0,999,999,0,1
853200,Shred! 2 - ft Sam Pilgrim,ASBO Interactive,ASBO Interactive Ltd,183,30,"20,000 .. 50,000",0,0,0,0,999,999,0,1
853450,Nevergrind Online,Neverworks Games,Neverworks Games,1093,159,"50,000 .. 100,000",0,0,0,0,1599,1599,0,79
853450,Nevergrind Online,Neverworks Games,Neverworks Games,1093,159,"50,000 .. 100,000",0,0,0,0,1599,1599,0,79
856130,Dark SASI,Narko Games,Narko Games,230,157,"20,000 .. 50,000",0,0,0,0,99,99,0,0
856130,Dark SASI,Narko Games,Narko Games,230,157,"20,000 .. 50,000",0,0,0,0,99,99,0,0
856620,Vカツ / V-Katsu,IVR,IVR,460,61,"100,000 .. 200,000",0,0,0,0,0,0,0,0
856620,Vカツ / V-Katsu,IVR,IVR,460,61,"100,000 .. 200,000",0,0,0,0,0,0,0,0
856760,Gachi Gang,"Nikita ""Ghost_RUS""",Ghost_RUS Games,18,23,"0 .. 20,000",0,0,0,0,99,99,0,0
856760,Gachi Gang,"Nikita ""Ghost_RUS""",Ghost_RUS Games,18,23,"0 .. 20,000",0,0,0,0,99,99,0,0
857110,SPACE BLASTER 8 BIT,Dead Crow,Dead Crow,0,2,"50,000 .. 100,000",0,0,0,0,99,99,0,0
857110,SPACE BLASTER 8 BIT,Dead Crow,Dead Crow,0,2,"50,000 .. 100,000",0,0,0,0,99,99,0,0
857690,Lagoon Lounge : The Poisonous Fountain,KAIJYU-09,KAIJYU-09,551,38,"20,000 .. 50,000",0,0,0,0,1399,1399,0,2
857690,Lagoon Lounge : The Poisonous Fountain,KAIJYU-09,KAIJYU-09,551,38,"20,000 .. 50,000",0,0,0,0,1399,1399,0,2
857860,Planetary Settlers,Leveler Games,Leveler Games,11,1,"20,000 .. 50,000",0,0,0,0,499,499,0,0
857860,Planetary Settlers,Leveler Games,Leveler Games,11,1,"20,000 .. 50,000",0,0,0,0,499,499,0,0
862480,The Spiral Scouts,Cantaloupe Kids,Cantaloupe Kids,474,114,"50,000 .. 100,000",0,0,0,0,999,999,0,0
862480,The Spiral Scouts,Cantaloupe Kids,Cantaloupe Kids,474,114,"50,000 .. 100,000",0,0,0,0,999,999,0,0
863400,Feud,Bearwaves,Bearwaves,196,22,"20,000 .. 50,000",0,0,0,0,0,0,0,0
863400,Feud,Bearwaves,Bearwaves,196,22,"20,000 .. 50,000",0,0,0,0,0,0,0,0
863980,ORIX!,AFBIK Studio,AFBIK Studio,115,65,"20,000 .. 50,000",0,0,0,0,99,99,0,0
863980,ORIX!,AFBIK Studio,AFBIK Studio,115,65,"20,000 .. 50,000",0,0,0,0,99,99,0,0
864370,Aztec Number,CTU,CTU,3,0,"0 .. 20,000",0,0,0,0,299,299,0,0
864370,Aztec Number,CTU,CTU,3,0,"0 .. 20,000",0,0,0,0,299,299,0,0
867540,Honor Cry: Aftermath,SimProse Studios,SA Industry,5,9,"20,000 .. 50,000",0,0,0,0,49,99,51,0
867540,Honor Cry: Aftermath,SimProse Studios,SA Industry,5,9,"20,000 .. 50,000",0,0,0,0,49,99,51,0
870110,The Monsters' History Book,"喵呜喵5, 0Cube",0Cube,93,21,"20,000 .. 50,000",0,0,0,0,399,399,0,0
870110,The Monsters' History Book,"喵呜喵5, 0Cube",0Cube,93,21,"20,000 .. 50,000",0,0,0,0,399,399,0,0
870800,Kilcount,Beatrice,Beatrice,36,5,"20,000 .. 50,000",0,0,0,0,0,0,0,0
870800,Kilcount,Beatrice,Beatrice,36,5,"20,000 .. 50,000",0,0,0,0,0,0,0,0
873050,Crescent Hollow,ShadowInk Designs,ShadowInk Designs,1,4,"20,000 .. 50,000",0,0,0,0,1499,1499,0,0
873050,Crescent Hollow,ShadowInk Designs,ShadowInk Designs,1,4,"20,000 .. 50,000",0,0,0,0,1499,1499,0,0
875610,Loop-Loop DX,Alex Carpenter,Alex Carpenter,428,6,"20,000 .. 50,000",0,0,0,0,0,0,0,0
875610,Loop-Loop DX,Alex Carpenter,Alex Carpenter,428,6,"20,000 .. 50,000",0,0,0,0,0,0,0,0
875830,Moral King,Forester Games,Mark Wortmann,64,16,"20,000 .. 50,000",0,0,0,0,99,99,0,0
875830,Moral King,Forester Games,Mark Wortmann,64,16,"20,000 .. 50,000",0,0,0,0,99,99,0,0
881510,"The Official GamingTaylor Game, Great Job!",Taylor Marsh,GamingTaylor,54,71,"50,000 .. 100,000",0,0,0,0,999,999,0,0
881510,"The Official GamingTaylor Game, Great Job!",Taylor Marsh,GamingTaylor,54,71,"50,000 .. 100,000",0,0,0,0,999,999,0,0
883130,New Star Manager,New Star Games Ltd.,Five Aces Publishing Ltd.,428,60,"0 .. 20,000",0,0,0,0,1999,1999,0,4
883130,New Star Manager,New Star Games Ltd.,Five Aces Publishing Ltd.,428,60,"0 .. 20,000",0,0,0,0,1999,1999,0,4
891020,Handball 21,Eko Software,Nacon,42,63,"20,000 .. 50,000",0,0,0,0,3999,3999,0,1
891020,Handball 21,Eko Software,Nacon,42,63,"20,000 .. 50,000",0,0,0,0,3999,3999,0,1
895210,On Board Remastered,SteinBock Games,SteinBock Games,1,3,"20,000 .. 50,000",0,0,0,0,99,99,0,0
895210,On Board Remastered,SteinBock Games,SteinBock Games,1,3,"20,000 .. 50,000",0,0,0,0,99,99,0,0
895420,Path of Sin: Greed,Cordelia Games,Artifex Mundi,241,32,"50,000 .. 100,000",0,0,0,0,1499,1499,0,1
895420,Path of Sin: Greed,Cordelia Games,Artifex Mundi,241,32,"50,000 .. 100,000",0,0,0,0,1499,1499,0,1
897640,Gun Crazy,Ritual Games,GrabTheGames,85,36,"20,000 .. 50,000",0,0,0,0,79,499,84,0
897640,Gun Crazy,Ritual Games,GrabTheGames,85,36,"20,000 .. 50,000",0,0,0,0,79,499,84,0
898160,Hotel Remorse,"Charlie Behan, Raddy Peid",Charlie Behan,251,71,"20,000 .. 50,000",0,0,0,0,0,0,0,0
898160,Hotel Remorse,"Charlie Behan, Raddy Peid",Charlie Behan,251,71,"20,000 .. 50,000",0,0,0,0,0,0,0,0
908740,VALHALL: Harbinger,Blackrose Arts,Blackrose Arts,195,199,"20,000 .. 50,000",0,0,0,0,1499,2999,50,0
908740,VALHALL: Harbinger,Blackrose Arts,Blackrose Arts,195,199,"20,000 .. 50,000",0,0,0,0,1499,2999,50,0
909190,Escape Lala - Retro Point and Click Adventure,DuckbearLab,DuckbearLab,323,5,"20,000 .. 50,000",0,0,0,0,0,0,0,0
909190,Escape Lala - Retro Point and Click Adventure,DuckbearLab,DuckbearLab,323,5,"20,000 .. 50,000",0,0,0,0,0,0,0,0
909380,Traditional Chinese Medicine Simulator,曲波,曲波,287,13,"0 .. 20,000",0,0,0,0,1499,1499,0,2
909380,Traditional Chinese Medicine Simulator,曲波,曲波,287,13,"0 .. 20,000",0,0,0,0,1499,1499,0,2
911550,Din's Legacy,Soldak Entertainment,Soldak Entertainment,143,43,"20,000 .. 50,000",0,0,0,0,1999,1999,0,2
911550,Din's Legacy,Soldak Entertainment,Soldak Entertainment,143,43,"20,000 .. 50,000",0,0,0,0,1999,1999,0,2
912810,Sargon's Lair,"Alexander Guo, Emile Savard",Emilex Gaming,29,14,"20,000 .. 50,000",0,0,0,0,0,0,0,0
912810,Sargon's Lair,"Alexander Guo, Emile Savard",Emilex Gaming,29,14,"20,000 .. 50,000",0,0,0,0,0,0,0,0
913320,The Devil's Womb,Yumero the Taleteller,Yumero the Taleteller,49,3,"20,000 .. 50,000",0,0,0,0,0,0,0,0
913320,The Devil's Womb,Yumero the Taleteller,Yumero the Taleteller,49,3,"20,000 .. 50,000",0,0,0,0,0,0,0,0
917140,Amberial Dreams,Lumorama,Twin Sails Interactive,69,5,"20,000 .. 50,000",0,0,0,0,899,899,0,0
917140,Amberial Dreams,Lumorama,Twin Sails Interactive,69,5,"20,000 .. 50,000",0,0,0,0,899,899,0,0
922250,Heavy Burger,"Lub Blub, International Headquarters","612 Games, Flying Tiger Entertainment",72,14,"20,000 .. 50,000",0,0,0,0,0,0,0,0
922250,Heavy Burger,"Lub Blub, International Headquarters","612 Games, Flying Tiger Entertainment",72,14,"20,000 .. 50,000",0,0,0,0,0,0,0,0
923120,Food Bomber,TSN Entertainment,TSN Entertainment,0,2,"20,000 .. 50,000",0,0,0,0,99,99,0,0
923120,Food Bomber,TSN Entertainment,TSN Entertainment,0,2,"20,000 .. 50,000",0,0,0,0,99,99,0,0
924360,Zenith Hunter,Michael Seaholm,Michael Seaholm,21,7,"20,000 .. 50,000",0,0,0,0,0,0,0,0
924360,Zenith Hunter,Michael Seaholm,Michael Seaholm,21,7,"20,000 .. 50,000",0,0,0,0,0,0,0,0
925910,MMMmmm... Cake!,Dymchick1,Dymchick1,43,16,"20,000 .. 50,000",0,0,0,0,199,199,0,0
925910,MMMmmm... Cake!,Dymchick1,Dymchick1,43,16,"20,000 .. 50,000",0,0,0,0,199,199,0,0
927310,巴伦西亚传说：索菲亚的重生 Valencia Saga:Sophia's rebirth,清之鸣,清之鸣,224,56,"20,000 .. 50,000",0,0,0,0,699,699,0,1
927310,巴伦西亚传说：索菲亚的重生 Valencia Saga:Sophia's rebirth,清之鸣,清之鸣,224,56,"20,000 .. 50,000",0,0,0,0,699,699,0,1
929400,Mahjong Magic Journey 3,Creobit,8floor,9,5,"20,000 .. 50,000",0,0,0,0,149,1499,90,1
929400,Mahjong Magic Journey 3,Creobit,8floor,9,5,"20,000 .. 50,000",0,0,0,0,149,1499,90,1
930280,Murder Mystery Machine,Blazing Griffin,Microids,87,72,"20,000 .. 50,000",0,0,0,0,1999,1999,0,0
930280,Murder Mystery Machine,Blazing Griffin,Microids,87,72,"20,000 .. 50,000",0,0,0,0,1999,1999,0,0
930640,Code Brown: A Game About Pooping,CreaTeam,CreaTeam,186,22,"20,000 .. 50,000",0,0,0,0,299,299,0,0
930640,Code Brown: A Game About Pooping,CreaTeam,CreaTeam,186,22,"20,000 .. 50,000",0,0,0,0,299,299,0,0
931480,Lab Runner: X,William Weinberger,William Weinberger,1,1,"20,000 .. 50,000",0,0,0,0,199,199,0,0
931480,Lab Runner: X,William Weinberger,William Weinberger,1,1,"20,000 .. 50,000",0,0,0,0,199,199,0,0
933690,Trains of the Orient,Gamenesis,Gamenesis,4,27,"0 .. 20,000",0,0,0,0,0,0,0,0
933690,Trains of the Orient,Gamenesis,Gamenesis,4,27,"0 .. 20,000",0,0,0,0,0,0,0,0
938520,Twenty One,Softwaves Mini,HandMade Games,5,20,"0 .. 20,000",0,0,0,0,199,199,0,0
938520,Twenty One,Softwaves Mini,HandMade Games,5,20,"0 .. 20,000",0,0,0,0,199,199,0,0
939120,Grand Guilds,Drix Studios,Drix Studios,58,43,"0 .. 20,000",0,0,0,0,1499,1499,0,0
939120,Grand Guilds,Drix Studios,Drix Studios,58,43,"0 .. 20,000",0,0,0,0,1499,1499,0,0
941710,NO-GO,ATOMIC AGE CULTURE,ATOMIC AGE CULTURE,0,5,"0 .. 20,000",0,0,0,0,799,799,0,0
941710,NO-GO,ATOMIC AGE CULTURE,ATOMIC AGE CULTURE,0,5,"0 .. 20,000",0,0,0,0,799,799,0,0
945740,Buildings Have Feelings Too!,Blackstaff Games,"Silver Lining Interactive, Maple Whispering Limited",35,44,"20,000 .. 50,000",0,0,0,0,199,1999,90,0
945740,Buildings Have Feelings Too!,Blackstaff Games,"Silver Lining Interactive, Maple Whispering Limited",35,44,"20,000 .. 50,000",0,0,0,0,199,1999,90,0
948650,Asdivine Hearts II,Exe Create Inc.,KEMCO,7,5,"0 .. 20,000",0,0,0,0,1299,1299,0,0
948650,Asdivine Hearts II,Exe Create Inc.,KEMCO,7,5,"0 .. 20,000",0,0,0,0,1299,1299,0,0
952850,败家仔 Last Wish,LoopGame,LoopGame,2,3,"20,000 .. 50,000",0,0,0,0,99,99,0,0
952850,败家仔 Last Wish,LoopGame,LoopGame,2,3,"20,000 .. 50,000",0,0,0,0,99,99,0,0
956450,Rogue Fable III,Pixel Forge Games,Pixel Forge Games,663,47,"50,000 .. 100,000",0,0,0,0,999,999,0,6
956450,Rogue Fable III,Pixel Forge Games,Pixel Forge Games,663,47,"50,000 .. 100,000",0,0,0,0,999,999,0,6
957960,Inkulinati,Yaza Games,Daedalic Entertainment,808,120,"20,000 .. 50,000",0,0,0,0,2499,2499,0,16
957960,Inkulinati,Yaza Games,Daedalic Entertainment,808,120,"20,000 .. 50,000",0,0,0,0,2499,2499,0,16
962170,Ultimate Legends,TheoNeo Games,TheoNeo Games,3,0,"20,000 .. 50,000",0,0,0,0,199,199,0,0
962170,Ultimate Legends,TheoNeo Games,TheoNeo Games,3,0,"20,000 .. 50,000",0,0,0,0,199,199,0,0
965230,DORAEMON  STORY OF SEASONS,"Marvelous Inc., Brownies Inc.",BANDAI NAMCO Entertainment,1745,398,"20,000 .. 50,000",0,0,0,0,1999,4999,60,4
965230,DORAEMON  STORY OF SEASONS,"Marvelous Inc., Brownies Inc.",BANDAI NAMCO Entertainment,1745,398,"20,000 .. 50,000",0,0,0,0,1999,4999,60,4
965240,Akabeth Tactics,Daisu Games,Daisu Games,9,1,"20,000 .. 50,000",0,0,0,0,499,499,0,0
965240,Akabeth Tactics,Daisu Games,Daisu Games,9,1,"20,000 .. 50,000",0,0,0,0,499,499,0,0
965590,Sagrada,Dire Wolf,Dire Wolf,352,16,"20,000 .. 50,000",0,0,0,0,499,999,50,9
965590,Sagrada,Dire Wolf,Dire Wolf,352,16,"20,000 .. 50,000",0,0,0,0,499,999,50,9
966720,Pumped BMX Pro,"Yeah Us!, Warp Digital Entertainment",Curve Games,103,47,"20,000 .. 50,000",0,0,0,0,149,1499,90,0
966720,Pumped BMX Pro,"Yeah Us!, Warp Digital Entertainment",Curve Games,103,47,"20,000 .. 50,000",0,0,0,0,149,1499,90,0
967240,MONKEY KING: HERO IS BACK,"HEXADRIVE Inc., D4 Enterprise Co., Ltd.",Oasis Games,223,251,"20,000 .. 50,000",0,0,0,0,3499,3499,0,0
967240,MONKEY KING: HERO IS BACK,"HEXADRIVE Inc., D4 Enterprise Co., Ltd.",Oasis Games,223,251,"20,000 .. 50,000",0,0,0,0,3499,3499,0,0
968730,Worlds Collide,otter otter game,otter otter game,29,18,"20,000 .. 50,000",0,0,0,0,99,99,0,0
968730,Worlds Collide,otter otter game,otter otter game,29,18,"20,000 .. 50,000",0,0,0,0,99,99,0,0
970980,VR INTERACTIVE TRAILER: Runes,StormBorn Studio,StormBorn Studio,11,1,"20,000 .. 50,000",0,0,0,0,0,0,0,0
970980,VR INTERACTIVE TRAILER: Runes,StormBorn Studio,StormBorn Studio,11,1,"20,000 .. 50,000",0,0,0,0,0,0,0,0
974830,The Art Theft by Jay Doherty,Google,Google,36,3,"0 .. 20,000",0,0,0,0,0,0,0,0
974830,The Art Theft by Jay Doherty,Google,Google,36,3,"0 .. 20,000",0,0,0,0,0,0,0,0
977300,Fenimore Fillmore: 3 Skulls of the Toltecs,Casual Brothers Ltd.,Casual Brothers Ltd.,75,12,"0 .. 20,000",0,0,0,0,999,999,0,0
977300,Fenimore Fillmore: 3 Skulls of the Toltecs,Casual Brothers Ltd.,Casual Brothers Ltd.,75,12,"0 .. 20,000",0,0,0,0,999,999,0,0
977630,Shelter 3,Might and Delight,Might and Delight,185,171,"20,000 .. 50,000",0,0,0,0,1999,1999,0,2
977630,Shelter 3,Might and Delight,Might and Delight,185,171,"20,000 .. 50,000",0,0,0,0,1999,1999,0,2
979220,Girls and Tests,morojenoe's empire,morojenoe's empire,1,3,"0 .. 20,000",0,0,0,0,199,199,0,0
979220,Girls and Tests,morojenoe's empire,morojenoe's empire,1,3,"0 .. 20,000",0,0,0,0,199,199,0,0
979710,Easy Pose,Madcat Games,Madcat Games,850,61,"50,000 .. 100,000",0,0,0,0,1299,1299,0,102
979710,Easy Pose,Madcat Games,Madcat Games,850,61,"50,000 .. 100,000",0,0,0,0,1299,1299,0,102
980160,UBERCOLD,"Side Group, UBERTEAM",Side Group,22,17,"20,000 .. 50,000",0,0,0,0,0,0,0,0
980160,UBERCOLD,"Side Group, UBERTEAM",Side Group,22,17,"20,000 .. 50,000",0,0,0,0,0,0,0,0
981990,Don't Shoot Rabbit / 不要射中兔子,Fs,Fs,5,0,"0 .. 20,000",0,0,0,0,99,99,0,0
981990,Don't Shoot Rabbit / 不要射中兔子,Fs,Fs,5,0,"0 .. 20,000",0,0,0,0,99,99,0,0
985400,Marle: The Labyrinth of the Black Sea,Yumenamakon,Kagura Games,106,43,"20,000 .. 50,000",0,0,0,0,1299,1299,0,0
985400,Marle: The Labyrinth of the Black Sea,Yumenamakon,Kagura Games,106,43,"20,000 .. 50,000",0,0,0,0,1299,1299,0,0
985940,Beat Me!,Red Limb Studio,"Red Limb Studio, Destructive Creations",52,20,"0 .. 20,000",0,0,0,0,1299,1299,0,0
985940,Beat Me!,Red Limb Studio,"Red Limb Studio, Destructive Creations",52,20,"0 .. 20,000",0,0,0,0,1299,1299,0,0
986820,Lost Lands: Mistakes of the Past Collector's Edition,FIVE-BN GAMES,FIVE-BN GAMES,92,6,"20,000 .. 50,000",0,0,0,0,999,999,0,2
986820,Lost Lands: Mistakes of the Past Collector's Edition,FIVE-BN GAMES,FIVE-BN GAMES,92,6,"20,000 .. 50,000",0,0,0,0,999,999,0,2
993580,Enchanted Path,NanningsGames,NanningsGames,19,5,"0 .. 20,000",0,0,0,0,199,199,0,0
993580,Enchanted Path,NanningsGames,NanningsGames,19,5,"0 .. 20,000",0,0,0,0,199,199,0,0
1002430,Victory Road,Strange Journey,Strange Journey,171,19,"0 .. 20,000",0,0,0,0,1999,1999,0,0
1002430,Victory Road,Strange Journey,Strange Journey,171,19,"0 .. 20,000",0,0,0,0,1999,1999,0,0
1002560,Tiny Snow,#workshop,NVLMaker,3889,233,"100,000 .. 200,000",0,0,0,0,399,399,0,9
1002560,Tiny Snow,#workshop,NVLMaker,3889,233,"100,000 .. 200,000",0,0,0,0,399,399,0,9
1004490,Tools Up!,The Knights of Unity,"Untold Tales, Gamersky Games",851,263,"50,000 .. 100,000",0,0,0,0,399,1999,80,3
1004490,Tools Up!,The Knights of Unity,"Untold Tales, Gamersky Games",851,263,"50,000 .. 100,000",0,0,0,0,399,1999,80,3
1005310,Snake vs Snake,Pretty Fly Games,Pretty Fly Games,32,0,"0 .. 20,000",0,0,0,0,499,499,0,0
1005310,Snake vs Snake,Pretty Fly Games,Pretty Fly Games,32,0,"0 .. 20,000",0,0,0,0,499,499,0,0
1005990,Swordbreaker: Back to The Castle,DuCats Games Studio,DuCats Games Studio,51,33,"20,000 .. 50,000",0,0,0,0,799,799,0,0
1005990,Swordbreaker: Back to The Castle,DuCats Games Studio,DuCats Games Studio,51,33,"20,000 .. 50,000",0,0,0,0,799,799,0,0
1007260,BubbleGum-Push,GoshFather,GoshFather,20,6,"20,000 .. 50,000",0,0,0,0,0,0,0,0
1007260,BubbleGum-Push,GoshFather,GoshFather,20,6,"20,000 .. 50,000",0,0,0,0,0,0,0,0
1010170,Discord Bot - Controls,"zit_x_us, hazel",zit_x_us,103,88,"20,000 .. 50,000",0,0,0,0,0,0,0,0
1010170,Discord Bot - Controls,"zit_x_us, hazel",zit_x_us,103,88,"20,000 .. 50,000",0,0,0,0,0,0,0,0
1010870,最后的47小时 - The Last 47 Hours,Lingtan Studio,Lingtan Studio,653,40,"20,000 .. 50,000",0,0,0,0,199,199,0,0
1010870,最后的47小时 - The Last 47 Hours,Lingtan Studio,Lingtan Studio,653,40,"20,000 .. 50,000",0,0,0,0,199,199,0,0
1013680,Saint Paul Pre-Alpha,Cleyton Jonnas da Silva,Saint Paul Studios,82,29,"50,000 .. 100,000",0,0,0,0,0,0,0,0
1013680,Saint Paul Pre-Alpha,Cleyton Jonnas da Silva,Saint Paul Studios,82,29,"50,000 .. 100,000",0,0,0,0,0,0,0,0
1015250,Caramel Port,"MyDreamForever_Old, Life Jumb DT",MyDreamForever_Old,9,2,"20,000 .. 50,000",0,0,0,0,99,99,0,0
1015250,Caramel Port,"MyDreamForever_Old, Life Jumb DT",MyDreamForever_Old,9,2,"20,000 .. 50,000",0,0,0,0,99,99,0,0
1015720,Alternate DiMansion Diary,Sprite Hills,Kagura Games,430,68,"0 .. 20,000",0,0,0,0,999,999,0,0
1015720,Alternate DiMansion Diary,Sprite Hills,Kagura Games,430,68,"0 .. 20,000",0,0,0,0,999,999,0,0
1016860,Boiling Steel,MIROWIN,MIROWIN,313,69,"20,000 .. 50,000",0,0,0,0,599,1499,60,0
1016860,Boiling Steel,MIROWIN,MIROWIN,313,69,"20,000 .. 50,000",0,0,0,0,599,1499,60,0
1020430,Joe Jump Impossible Quest,BlueFX Games,"Forsaken Games, Zerouno Games",4,0,"20,000 .. 50,000",0,0,0,0,0,0,0,0
1020430,Joe Jump Impossible Quest,BlueFX Games,"Forsaken Games, Zerouno Games",4,0,"20,000 .. 50,000",0,0,0,0,0,0,0,0
1025070,Hello Lady! -New Division-,AKATSUKI-WORKS,HIKARI FIELD,315,15,"0 .. 20,000",0,0,0,0,1499,1499,0,0
1025070,Hello Lady! -New Division-,AKATSUKI-WORKS,HIKARI FIELD,315,15,"0 .. 20,000",0,0,0,0,1499,1499,0,0
1025450,Forever Lost: Episode 3,Glitch Games Ltd,Glitch Games Ltd,0,1,"20,000 .. 50,000",0,0,0,0,0,0,0,0
1025450,Forever Lost: Episode 3,Glitch Games Ltd,Glitch Games Ltd,0,1,"20,000 .. 50,000",0,0,0,0,0,0,0,0
1028990,Maze Of Time,Frederik Holst,Frederik Holst,0,2,"20,000 .. 50,000",0,0,0,0,99,99,0,0
1028990,Maze Of Time,Frederik Holst,Frederik Holst,0,2,"20,000 .. 50,000",0,0,0,0,99,99,0,0
1033370,Fruit Crawler,IfThen Software LLC,IfThen Software LLC,2,0,"20,000 .. 50,000",0,0,0,0,499,499,0,0
1033370,Fruit Crawler,IfThen Software LLC,IfThen Software LLC,2,0,"20,000 .. 50,000",0,0,0,0,499,499,0,0
1038070,Physics Drop,IDC Games,IDC Games ,2,1,"20,000 .. 50,000",0,0,0,0,299,299,0,0
1038070,Physics Drop,IDC Games,IDC Games ,2,1,"20,000 .. 50,000",0,0,0,0,299,299,0,0
1038620,House of 1000 Doors: Evil Inside,Five BN,Alawar Casual,92,41,"20,000 .. 50,000",0,0,0,0,349,699,50,1
1038620,House of 1000 Doors: Evil Inside,Five BN,Alawar Casual,92,41,"20,000 .. 50,000",0,0,0,0,349,699,50,1
1039110,Ikarus,moonblast,moonblast,54,8,"20,000 .. 50,000",0,0,0,0,0,0,0,0
1039110,Ikarus,moonblast,moonblast,54,8,"20,000 .. 50,000",0,0,0,0,0,0,0,0
1039830,彼岸画廊/Nether Gallery,HongShou Studio,HongShou Studio,175,28,"20,000 .. 50,000",0,0,0,0,699,699,0,0
1039830,彼岸画廊/Nether Gallery,HongShou Studio,HongShou Studio,175,28,"20,000 .. 50,000",0,0,0,0,699,699,0,0
1039870,Survival Frenzy,Zepetto Co.,Zepetto Co.,175,96,"20,000 .. 50,000",0,0,0,0,0,0,0,0
1039870,Survival Frenzy,Zepetto Co.,Zepetto Co.,175,96,"20,000 .. 50,000",0,0,0,0,0,0,0,0
1043230,Touhou Shinreibyou ~ Ten Desires.,上海アリス幻樂団,"Mediascape Co., Ltd.",348,17,"50,000 .. 100,000",0,0,0,0,1499,1499,0,3
1043230,Touhou Shinreibyou ~ Ten Desires.,上海アリス幻樂団,"Mediascape Co., Ltd.",348,17,"50,000 .. 100,000",0,0,0,0,1499,1499,0,3
1051890,BLOCKADE War Stories,Novalink,Novalink,65,26,"20,000 .. 50,000",0,0,0,0,699,699,0,0
1051890,BLOCKADE War Stories,Novalink,Novalink,65,26,"20,000 .. 50,000",0,0,0,0,699,699,0,0
1052480,Adecke - Cards Games Deluxe,Philippe Pelchat,Philippe Pelchat,4,4,"20,000 .. 50,000",0,0,0,0,499,499,0,0
1052480,Adecke - Cards Games Deluxe,Philippe Pelchat,Philippe Pelchat,4,4,"20,000 .. 50,000",0,0,0,0,499,499,0,0
1053620,MIDNIGHT Remastered,Mad Jackal Games,Mad Jackal Games,15,1,"20,000 .. 50,000",0,0,0,0,99,99,0,0
1053620,MIDNIGHT Remastered,Mad Jackal Games,Mad Jackal Games,15,1,"20,000 .. 50,000",0,0,0,0,99,99,0,0
1056660,3x3 mini-Shogi,znq.,znq.,4,7,"20,000 .. 50,000",0,0,0,0,99,99,0,0
1056660,3x3 mini-Shogi,znq.,znq.,4,7,"20,000 .. 50,000",0,0,0,0,99,99,0,0
1057640,Onirism,Crimson Tales,Shoreline Games,477,57,"0 .. 20,000",0,0,0,0,1799,1799,0,23
1057640,Onirism,Crimson Tales,Shoreline Games,477,57,"0 .. 20,000",0,0,0,0,1799,1799,0,23
1061640,How To Be A Real Dude,Kid,Kid,32,36,"0 .. 20,000",0,0,0,0,499,499,0,0
1061640,How To Be A Real Dude,Kid,Kid,32,36,"0 .. 20,000",0,0,0,0,499,499,0,0
1061920,Our Secret Below,DarkStone Digital,DarkStone Digital,102,12,"20,000 .. 50,000",0,0,0,0,999,999,0,0
1061920,Our Secret Below,DarkStone Digital,DarkStone Digital,102,12,"20,000 .. 50,000",0,0,0,0,999,999,0,0
1064130,Sakura MMO 3,Winged Cloud,Winged Cloud,177,14,"0 .. 20,000",0,0,0,0,999,999,0,2
1064130,Sakura MMO 3,Winged Cloud,Winged Cloud,177,14,"0 .. 20,000",0,0,0,0,999,999,0,2
1064750,Space Tower,JUANWUWU Games,JUANWUWU Games,0,1,"20,000 .. 50,000",0,0,0,0,199,199,0,0
1064750,Space Tower,JUANWUWU Games,JUANWUWU Games,0,1,"20,000 .. 50,000",0,0,0,0,199,199,0,0
1066230,Project Katharsis,WIP studios,WIP studios,19,15,"20,000 .. 50,000",0,0,0,0,0,0,0,0
1066230,Project Katharsis,WIP studios,WIP studios,19,15,"20,000 .. 50,000",0,0,0,0,0,0,0,0
1066260,Devolver Bootleg,doinksoft,Devolver Digital,1022,130,"50,000 .. 100,000",0,0,0,0,149,499,70,0
1066260,Devolver Bootleg,doinksoft,Devolver Digital,1022,130,"50,000 .. 100,000",0,0,0,0,149,499,70,0
1067110,Idle Chess Story,"Joaquin Telleria, Manuel Telleria",ManuJoaco,29,27,"20,000 .. 50,000",0,0,0,0,0,0,0,0
1067110,Idle Chess Story,"Joaquin Telleria, Manuel Telleria",ManuJoaco,29,27,"20,000 .. 50,000",0,0,0,0,0,0,0,0
1071240,Earthlingo,Earthlingo,Earthlingo,177,14,"20,000 .. 50,000",0,0,0,0,0,0,0,0
1071240,Earthlingo,Earthlingo,Earthlingo,177,14,"20,000 .. 50,000",0,0,0,0,0,0,0,0
1072170,Order Up VR,"Siddharth Jain, Cameron Marion",I.E.D Games,64,20,"20,000 .. 50,000",0,0,0,0,0,0,0,0
1072170,Order Up VR,"Siddharth Jain, Cameron Marion",I.E.D Games,64,20,"20,000 .. 50,000",0,0,0,0,0,0,0,0
1072720,smysl 2 gravity,lastgame,lastgame,11,9,"0 .. 20,000",0,0,0,0,99,99,0,0
1072720,smysl 2 gravity,lastgame,lastgame,11,9,"0 .. 20,000",0,0,0,0,99,99,0,0
1073130,Atlantis Royale,BattleCare Inc,BattleCare Inc,47,14,"20,000 .. 50,000",0,0,0,0,0,0,0,0
1073130,Atlantis Royale,BattleCare Inc,BattleCare Inc,47,14,"20,000 .. 50,000",0,0,0,0,0,0,0,0
1073810,Shapik: The Moon Quest,"Paul Podberezko, Daniil Naletov, Alexander Ahura, Haim Schnitzer",Rapid Snail,230,15,"20,000 .. 50,000",0,0,0,0,799,799,0,0
1073810,Shapik: The Moon Quest,"Paul Podberezko, Daniil Naletov, Alexander Ahura, Haim Schnitzer",Rapid Snail,230,15,"20,000 .. 50,000",0,0,0,0,799,799,0,0
1074630,Call Of Unity,RewindApp,RewindApp,261,78,"20,000 .. 50,000",0,0,0,0,199,199,0,0
1074630,Call Of Unity,RewindApp,RewindApp,261,78,"20,000 .. 50,000",0,0,0,0,199,199,0,0
1074820,Eudemons Online,NetDragon,NetDragon,67,52,"20,000 .. 50,000",0,0,0,0,0,0,0,0
1074820,Eudemons Online,NetDragon,NetDragon,67,52,"20,000 .. 50,000",0,0,0,0,0,0,0,0
1076500,Valgrave: Immortal Plains,Edenic Era LLC,Edenic Era LLC,787,153,"20,000 .. 50,000",0,0,0,0,0,0,0,0
1076500,Valgrave: Immortal Plains,Edenic Era LLC,Edenic Era LLC,787,153,"20,000 .. 50,000",0,0,0,0,0,0,0,0
1077850,Grave of the Petrified,Studio Burning Eyes,Studio Burning Eyes,38,8,"20,000 .. 50,000",0,0,0,0,0,0,0,0
1077850,Grave of the Petrified,Studio Burning Eyes,Studio Burning Eyes,38,8,"20,000 .. 50,000",0,0,0,0,0,0,0,0
1083310,OUTBUDDIES DX,Julian Laufer,Headup,186,79,"50,000 .. 100,000",0,0,0,0,1799,1799,0,1
1083310,OUTBUDDIES DX,Julian Laufer,Headup,186,79,"50,000 .. 100,000",0,0,0,0,1799,1799,0,1
1083700,3D Text Adventure,Ariel Love,Infocom Remakes,15,19,"0 .. 20,000",0,0,0,0,0,0,0,0
1083700,3D Text Adventure,Ariel Love,Infocom Remakes,15,19,"0 .. 20,000",0,0,0,0,0,0,0,0
1088870,奇幻与砍杀 Fantasy & Blade,绝汪,绝汪,169,52,"20,000 .. 50,000",0,0,0,0,119,399,70,0
1088870,奇幻与砍杀 Fantasy & Blade,绝汪,绝汪,169,52,"20,000 .. 50,000",0,0,0,0,119,399,70,0
1091460,Souls of Blades,离忧先生,方块游戏(CubeGame),433,167,"20,000 .. 50,000",0,0,0,0,1899,1899,0,0
1091460,Souls of Blades,离忧先生,方块游戏(CubeGame),433,167,"20,000 .. 50,000",0,0,0,0,1899,1899,0,0
1093720,SlipSlop: World's Hardest Platformer Game,10F,10F,1398,298,"100,000 .. 200,000",0,0,0,0,0,0,0,0
1093720,SlipSlop: World's Hardest Platformer Game,10F,10F,1398,298,"100,000 .. 200,000",0,0,0,0,0,0,0,0
1095380,Bepuzzled Kittens Jigsaw Puzzle,Team Spikkeee,Spikkeee,9,1,"0 .. 20,000",0,0,0,0,399,399,0,0
1095380,Bepuzzled Kittens Jigsaw Puzzle,Team Spikkeee,Spikkeee,9,1,"0 .. 20,000",0,0,0,0,399,399,0,0
1103040,Bepuzzled Space Jigsaw Puzzle,Team Spikkeee,Team Spikkeee,0,1,"20,000 .. 50,000",0,0,0,0,399,399,0,0
1103040,Bepuzzled Space Jigsaw Puzzle,Team Spikkeee,Team Spikkeee,0,1,"20,000 .. 50,000",0,0,0,0,399,399,0,0
1104920,The Man Came Around,Thierry Brim,Thierry Brim,48,9,"20,000 .. 50,000",0,0,0,0,0,0,0,0
1104920,The Man Came Around,Thierry Brim,Thierry Brim,48,9,"20,000 .. 50,000",0,0,0,0,0,0,0,0
1106740,The Beast of Gevaudan,Yakov Kotov,Uroborus,5,1,"50,000 .. 100,000",0,0,0,0,199,199,0,0
1106740,The Beast of Gevaudan,Yakov Kotov,Uroborus,5,1,"50,000 .. 100,000",0,0,0,0,199,199,0,0
1110090,Cyber-Ante,Junction Games,Junction Games,2,0,"20,000 .. 50,000",0,0,0,0,299,299,0,0
1110090,Cyber-Ante,Junction Games,Junction Games,2,0,"20,000 .. 50,000",0,0,0,0,299,299,0,0
1119620,Beyond Shattered Isles,"Fabian Rosskopf, Birgit Schönauer, Philipp Sigl, Fabian Tkaczuk, Tamara Toker, Jamie Nord",MediaCube Games,33,10,"20,000 .. 50,000",0,0,0,0,0,0,0,0
1119620,Beyond Shattered Isles,"Fabian Rosskopf, Birgit Schönauer, Philipp Sigl, Fabian Tkaczuk, Tamara Toker, Jamie Nord",MediaCube Games,33,10,"20,000 .. 50,000",0,0,0,0,0,0,0,0
1121230,Bomb Bowling,grin robot,grin robot,27,2,"20,000 .. 50,000",0,0,0,0,499,499,0,0
1121230,Bomb Bowling,grin robot,grin robot,27,2,"20,000 .. 50,000",0,0,0,0,499,499,0,0
1122210,Guns Craft,Boogygames Studios,Boogygames Studios,9,4,"20,000 .. 50,000",0,0,0,0,69,199,65,0
1122210,Guns Craft,Boogygames Studios,Boogygames Studios,9,4,"20,000 .. 50,000",0,0,0,0,69,199,65,0
1125390,Atrio: The Dark Wild,Isto Inc.,Isto Inc.,465,105,"20,000 .. 50,000",0,0,0,0,1999,1999,0,3
1125390,Atrio: The Dark Wild,Isto Inc.,Isto Inc.,465,105,"20,000 .. 50,000",0,0,0,0,1999,1999,0,3
1125710,Gatewalkers,A2 Softworks,A2 Softworks,229,103,"20,000 .. 50,000",0,0,0,0,2499,2499,0,0
1125710,Gatewalkers,A2 Softworks,A2 Softworks,229,103,"20,000 .. 50,000",0,0,0,0,2499,2499,0,0
1126680,Neonis,GoldenEvolution,GoldenEvolution,3,0,"20,000 .. 50,000",0,0,0,0,0,0,0,0
1126680,Neonis,GoldenEvolution,GoldenEvolution,3,0,"20,000 .. 50,000",0,0,0,0,0,0,0,0
1127310,HelixVision,"Bo3b Johnson, Markus Gündert",Bo3b Johnson,84,54,"20,000 .. 50,000",0,0,0,0,0,0,0,0
1127310,HelixVision,"Bo3b Johnson, Markus Gündert",Bo3b Johnson,84,54,"20,000 .. 50,000",0,0,0,0,0,0,0,0
1128570,Weeping Willow - Detective Visual Novel,TechnoCat Games,TechnoCat Games,59,14,"20,000 .. 50,000",0,0,0,0,199,199,0,0
1128570,Weeping Willow - Detective Visual Novel,TechnoCat Games,TechnoCat Games,59,14,"20,000 .. 50,000",0,0,0,0,199,199,0,0
1132030,Trash Sailors: Co-Op Trash Raft Simulator,fluckyMachine,tinyBuild,204,78,"20,000 .. 50,000",0,0,0,0,399,1999,80,0
1132030,Trash Sailors: Co-Op Trash Raft Simulator,fluckyMachine,tinyBuild,204,78,"20,000 .. 50,000",0,0,0,0,399,1999,80,0
1132980,There Is No Light: Enhanced Edition,Zelart,HypeTrain Digital,650,248,"50,000 .. 100,000",0,0,0,0,1999,1999,0,3
1132980,There Is No Light: Enhanced Edition,Zelart,HypeTrain Digital,650,248,"50,000 .. 100,000",0,0,0,0,1999,1999,0,3
1133350,Gravity Control,NanningsGames,NanningsGames,6,9,"0 .. 20,000",0,0,0,0,99,99,0,0
1133350,Gravity Control,NanningsGames,NanningsGames,6,9,"0 .. 20,000",0,0,0,0,99,99,0,0
1135570,Martian Law,Linclo Games,Linclo Games,144,273,"50,000 .. 100,000",0,0,0,0,199,199,0,0
1135570,Martian Law,Linclo Games,Linclo Games,144,273,"50,000 .. 100,000",0,0,0,0,199,199,0,0
1139470,THE ART - Metamorphosis,Life Jumb DT,Red twice potato,72,7,"20,000 .. 50,000",0,0,0,0,199,199,0,0
1139470,THE ART - Metamorphosis,Life Jumb DT,Red twice potato,72,7,"20,000 .. 50,000",0,0,0,0,199,199,0,0
1139830,Recyclomania,PixQuake,HH-Games,16,8,"0 .. 20,000",0,0,0,0,699,699,0,0
1139830,Recyclomania,PixQuake,HH-Games,16,8,"0 .. 20,000",0,0,0,0,699,699,0,0
1141100,Lilitales,TUNNEL No.73,Kagura Games,549,74,"20,000 .. 50,000",0,0,0,0,1999,1999,0,2
1141100,Lilitales,TUNNEL No.73,Kagura Games,549,74,"20,000 .. 50,000",0,0,0,0,1999,1999,0,2
1144800,Drop In - VR F2P,"Wild Ox Studios, Tim van Kan",Wild Ox Studios,472,97,"50,000 .. 100,000",0,0,0,0,0,0,0,1
1144800,Drop In - VR F2P,"Wild Ox Studios, Tim van Kan",Wild Ox Studios,472,97,"50,000 .. 100,000",0,0,0,0,0,0,0,1
1145200,Tomb Typing,Individual Software,Individual Software,2,0,"0 .. 20,000",0,0,0,0,499,499,0,0
1145200,Tomb Typing,Individual Software,Individual Software,2,0,"0 .. 20,000",0,0,0,0,499,499,0,0
1145570,Ortharion project,Ortharion project,Ortharion project,99,53,"20,000 .. 50,000",0,0,0,0,1999,1999,0,0
1145570,Ortharion project,Ortharion project,Ortharion project,99,53,"20,000 .. 50,000",0,0,0,0,1999,1999,0,0
1148560,Buccaneers!,Skyward Digital,Skyward Digital,313,68,"0 .. 20,000",0,0,0,0,1799,1799,0,3
1148560,Buccaneers!,Skyward Digital,Skyward Digital,313,68,"0 .. 20,000",0,0,0,0,1799,1799,0,3
1155580,Drone Wars,Ralien Studios,Ralien Studios,90,20,"20,000 .. 50,000",0,0,0,0,0,0,0,0
1155580,Drone Wars,Ralien Studios,Ralien Studios,90,20,"20,000 .. 50,000",0,0,0,0,0,0,0,0
1155880,The Bonfire 2: Uncharted Shores,Xigma Games,Xigma Games,241,107,"20,000 .. 50,000",0,0,0,0,1199,1199,0,0
1155880,The Bonfire 2: Uncharted Shores,Xigma Games,Xigma Games,241,107,"20,000 .. 50,000",0,0,0,0,1199,1199,0,0
1157700,Pro Wrestling Sim,Pro Wrestling Sim,Pro Wrestling Sim,476,16,"0 .. 20,000",0,0,0,0,1999,1999,0,115
1157700,Pro Wrestling Sim,Pro Wrestling Sim,Pro Wrestling Sim,476,16,"0 .. 20,000",0,0,0,0,1999,1999,0,115
1161190,Natsu no Iro no Nostalgia,MOONSTONE,HIKARI FIELD,471,47,"20,000 .. 50,000",0,0,0,0,2999,2999,0,2
1161190,Natsu no Iro no Nostalgia,MOONSTONE,HIKARI FIELD,471,47,"20,000 .. 50,000",0,0,0,0,2999,2999,0,2
1165870,Mahou Arms,Dischan Media,Sekai Project,429,101,"20,000 .. 50,000",0,0,0,0,3999,3999,0,0
1165870,Mahou Arms,Dischan Media,Sekai Project,429,101,"20,000 .. 50,000",0,0,0,0,3999,3999,0,0
1166310,Tactical Three Kingdoms (3 Kingdoms) - Strategy & War,Camex Games,Camex Games,78,37,"20,000 .. 50,000",0,0,0,0,0,0,0,0
1166310,Tactical Three Kingdoms (3 Kingdoms) - Strategy & War,Camex Games,Camex Games,78,37,"20,000 .. 50,000",0,0,0,0,0,0,0,0
1167680,Orbital Bullet – The 360° Rogue-lite,SmokeStab,"Assemble Entertainment, WhisperGames, Mayflower Entertainment",596,97,"20,000 .. 50,000",0,0,0,0,1699,1699,0,2
1167680,Orbital Bullet – The 360° Rogue-lite,SmokeStab,"Assemble Entertainment, WhisperGames, Mayflower Entertainment",596,97,"20,000 .. 50,000",0,0,0,0,1699,1699,0,2
1168610,Natural Instincts: European Forest,DreamStorm Studios,Games Operators,133,141,"50,000 .. 100,000",0,0,0,0,199,999,80,1
1168610,Natural Instincts: European Forest,DreamStorm Studios,Games Operators,133,141,"50,000 .. 100,000",0,0,0,0,199,999,80,1
1168830,Mystery Case Files: Ravenhearst Unlocked Collector's Edition,Eipix Entertainment,BFG Entertainment,25,9,"20,000 .. 50,000",0,0,0,0,1999,1999,0,1
1168830,Mystery Case Files: Ravenhearst Unlocked Collector's Edition,Eipix Entertainment,BFG Entertainment,25,9,"20,000 .. 50,000",0,0,0,0,1999,1999,0,1
1171260,Hollow Head: Director's Cut,Rubeki Games,Rubeki Games,37,14,"0 .. 20,000",0,0,0,0,299,299,0,0
1171260,Hollow Head: Director's Cut,Rubeki Games,Rubeki Games,37,14,"0 .. 20,000",0,0,0,0,299,299,0,0
1172170,Krystopia: A Puzzle Journey,Antler Interactive,Antler Interactive,52,7,"0 .. 20,000",0,0,0,0,499,499,0,0
1172170,Krystopia: A Puzzle Journey,Antler Interactive,Antler Interactive,52,7,"0 .. 20,000",0,0,0,0,499,499,0,0
1174640,Arcadia Fallen,Galdra Studios,Galdra Studios,395,23,"0 .. 20,000",0,0,0,0,2499,2499,0,0
1174640,Arcadia Fallen,Galdra Studios,Galdra Studios,395,23,"0 .. 20,000",0,0,0,0,2499,2499,0,0
1176440,Math The Question,K'sG,K'sG,3,1,"0 .. 20,000",0,0,0,0,0,0,0,0
1176440,Math The Question,K'sG,K'sG,3,1,"0 .. 20,000",0,0,0,0,0,0,0,0
1177340,Unification,Troy Spencer,CrushPoint Games,9,0,"20,000 .. 50,000",0,0,0,0,1499,1499,0,0
1177340,Unification,Troy Spencer,CrushPoint Games,9,0,"20,000 .. 50,000",0,0,0,0,1499,1499,0,0
1178430,Summer Games Heroes,Olivier Monaret,Olivier Monaret,38,21,"20,000 .. 50,000",0,0,0,0,0,0,0,0
1178430,Summer Games Heroes,Olivier Monaret,Olivier Monaret,38,21,"20,000 .. 50,000",0,0,0,0,0,0,0,0
1180360,Two Love,Reporter Zero,Reporter Zero,9,1,"0 .. 20,000",0,0,0,0,0,0,0,0
1180360,Two Love,Reporter Zero,Reporter Zero,9,1,"0 .. 20,000",0,0,0,0,0,0,0,0
1182530,Shadows on the Vatican: Nightingale,"Binary Charm, Daring Touch",Binary Charm,34,4,"20,000 .. 50,000",0,0,0,0,299,299,0,0
1182530,Shadows on the Vatican: Nightingale,"Binary Charm, Daring Touch",Binary Charm,34,4,"20,000 .. 50,000",0,0,0,0,299,299,0,0
1184420,天降锦鲤 ~ My Lucky Koi,V.P. TEAM,33ParadoX&igstore,311,21,"20,000 .. 50,000",0,0,0,0,499,499,0,0
1184420,天降锦鲤 ~ My Lucky Koi,V.P. TEAM,33ParadoX&igstore,311,21,"20,000 .. 50,000",0,0,0,0,499,499,0,0
1185160,[Chilla's Art] Inunaki Tunnel | 犬鳴トンネル,Chilla's Art,Chilla's Art,422,116,"20,000 .. 50,000",0,0,0,0,299,299,0,2
1185160,[Chilla's Art] Inunaki Tunnel | 犬鳴トンネル,Chilla's Art,Chilla's Art,422,116,"20,000 .. 50,000",0,0,0,0,299,299,0,2
1185560,Astellia,Studio 8,Friends Games Corp.,1075,549,"50,000 .. 100,000",0,0,0,0,0,0,0,0
1185560,Astellia,Studio 8,Friends Games Corp.,1075,549,"50,000 .. 100,000",0,0,0,0,0,0,0,0
1185680,White Wings ホワイトウィングス,Pureworks Japan 株式会社,Pureworks Japan 株式会社,65,79,"20,000 .. 50,000",0,0,0,0,1999,1999,0,0
1185680,White Wings ホワイトウィングス,Pureworks Japan 株式会社,Pureworks Japan 株式会社,65,79,"20,000 .. 50,000",0,0,0,0,1999,1999,0,0
1191680,境界 Dice&Fighter,QingHe Studio,QingHe Studio,70,29,"0 .. 20,000",0,0,0,0,399,399,0,0
1191680,境界 Dice&Fighter,QingHe Studio,QingHe Studio,70,29,"0 .. 20,000",0,0,0,0,399,399,0,0
1200720,Making*Lovers,Smee,NekoNyan Ltd.,627,17,"20,000 .. 50,000",0,0,0,0,2999,2999,0,4
1200720,Making*Lovers,Smee,NekoNyan Ltd.,627,17,"20,000 .. 50,000",0,0,0,0,2999,2999,0,4
1201770,Colossals,Isaac Birchmier,"If the clouds are full of rain, they empty themselves upon the earth, LLC",2,1,"20,000 .. 50,000",0,0,0,0,999,999,0,0
1201770,Colossals,Isaac Birchmier,"If the clouds are full of rain, they empty themselves upon the earth, LLC",2,1,"20,000 .. 50,000",0,0,0,0,999,999,0,0
1215260,Efflorescence of Lust,Twilight Sonata Studio,Twilight Sonata Studio,235,88,"20,000 .. 50,000",0,0,0,0,99,199,50,0
1215260,Efflorescence of Lust,Twilight Sonata Studio,Twilight Sonata Studio,235,88,"20,000 .. 50,000",0,0,0,0,99,199,50,0
1217410,孟德大小姐与自爆少年THREE KINGDOM FANTASY,蓝铂工作室,旅人计划,268,116,"20,000 .. 50,000",0,0,0,0,799,799,0,0
1217410,孟德大小姐与自爆少年THREE KINGDOM FANTASY,蓝铂工作室,旅人计划,268,116,"20,000 .. 50,000",0,0,0,0,799,799,0,0
1219160,Granado Espada Japan,"IMCGAMES CO., LTD.","IMCGAMES CO., LTD.",25,5,"20,000 .. 50,000",0,0,0,0,0,0,0,0
1219160,Granado Espada Japan,"IMCGAMES CO., LTD.","IMCGAMES CO., LTD.",25,5,"20,000 .. 50,000",0,0,0,0,0,0,0,0
1222050,Touhou Mechanical Scrollery | 幻想討幻経,巫女さん作法,Phoenixx Inc.,140,126,"20,000 .. 50,000",0,0,0,0,1999,1999,0,0
1222050,Touhou Mechanical Scrollery | 幻想討幻経,巫女さん作法,Phoenixx Inc.,140,126,"20,000 .. 50,000",0,0,0,0,1999,1999,0,0
1227250,小镇放置修仙,HEJIU,HEJIU,10,11,"20,000 .. 50,000",0,0,0,0,199,199,0,0
1227250,小镇放置修仙,HEJIU,HEJIU,10,11,"20,000 .. 50,000",0,0,0,0,199,199,0,0
1232570,Paper Beast,Pixel Reef,"Pixel Reef, PID Games, Dear Villagers",596,35,"20,000 .. 50,000",0,0,0,0,1999,1999,0,0
1232570,Paper Beast,Pixel Reef,"Pixel Reef, PID Games, Dear Villagers",596,35,"20,000 .. 50,000",0,0,0,0,1999,1999,0,0
1232580,Knock on the Coffin Lid,RedBoon,RedBoon,2186,382,"100,000 .. 200,000",0,0,0,0,2499,2499,0,54
1232580,Knock on the Coffin Lid,RedBoon,RedBoon,2186,382,"100,000 .. 200,000",0,0,0,0,2499,2499,0,54
1232710,Rustler: Prologue,Jutsu Games,Games Operators,304,86,"50,000 .. 100,000",0,0,0,0,0,0,0,0
1232710,Rustler: Prologue,Jutsu Games,Games Operators,304,86,"50,000 .. 100,000",0,0,0,0,0,0,0,0
1241160,TECH DEMO: Pulse Forge VR,Limits Free,Limits Free,11,22,"0 .. 20,000",0,0,0,0,0,0,0,0
1241160,TECH DEMO: Pulse Forge VR,Limits Free,Limits Free,11,22,"0 .. 20,000",0,0,0,0,0,0,0,0
1247160,WarDogs: Red's Return,Mito Games,QUByte Interactive,50,6,"20,000 .. 50,000",0,0,0,0,399,399,0,0
1247160,WarDogs: Red's Return,Mito Games,QUByte Interactive,50,6,"20,000 .. 50,000",0,0,0,0,399,399,0,0
1247570,Expedition Zero,Enigmatic Machines, tinyBuild,110,73,"0 .. 20,000",0,0,0,0,399,1999,80,0
1247570,Expedition Zero,Enigmatic Machines, tinyBuild,110,73,"0 .. 20,000",0,0,0,0,399,1999,80,0
1253610,Knights of Braveland,Tortuga Team,Tortuga Team,203,75,"50,000 .. 100,000",0,0,0,0,1499,1499,0,4
1253610,Knights of Braveland,Tortuga Team,Tortuga Team,203,75,"50,000 .. 100,000",0,0,0,0,1499,1499,0,4
1256850,Audio Drive 2 VR,2-Volt Games,2-Volt Games,1,8,"0 .. 20,000",0,0,0,0,0,0,0,0
1256850,Audio Drive 2 VR,2-Volt Games,2-Volt Games,1,8,"0 .. 20,000",0,0,0,0,0,0,0,0
1257250,Metal Gunner,KIMYS STUDIO,KIMYS STUDIO,15,5,"20,000 .. 50,000",0,0,0,0,499,999,50,0
1257250,Metal Gunner,KIMYS STUDIO,KIMYS STUDIO,15,5,"20,000 .. 50,000",0,0,0,0,499,999,50,0
1257880,Glover,Piko Interactive LLC,"Piko Interactive LLC, Bleem!",143,92,"50,000 .. 100,000",0,0,0,0,1999,1999,0,0
1257880,Glover,Piko Interactive LLC,"Piko Interactive LLC, Bleem!",143,92,"50,000 .. 100,000",0,0,0,0,1999,1999,0,0
1258520,AST-Hero,"Twisted BrainZ, Shaman77",Twisted BrainZ,18,0,"20,000 .. 50,000",0,0,0,0,74,499,85,0
1258520,AST-Hero,"Twisted BrainZ, Shaman77",Twisted BrainZ,18,0,"20,000 .. 50,000",0,0,0,0,74,499,85,0
1260250,SECTOR 40: The Soviet Legacy,Fifteen Feet,Fifteen Feet,2,7,"20,000 .. 50,000",0,0,0,0,99,99,0,0
1260250,SECTOR 40: The Soviet Legacy,Fifteen Feet,Fifteen Feet,2,7,"20,000 .. 50,000",0,0,0,0,99,99,0,0
1263060,Find Me,"Girls Make Games, Team Invenio","Girls Make Games, LearnDistrict Inc.",14,2,"20,000 .. 50,000",0,0,0,0,499,499,0,0
1263060,Find Me,"Girls Make Games, Team Invenio","Girls Make Games, LearnDistrict Inc.",14,2,"20,000 .. 50,000",0,0,0,0,499,499,0,0
1269690,Attack on Toys,N7T-GAMES,N7T-GAMES,928,70,"50,000 .. 100,000",0,0,0,0,699,699,0,24
1269690,Attack on Toys,N7T-GAMES,N7T-GAMES,928,70,"50,000 .. 100,000",0,0,0,0,699,699,0,24
1273390,Baby Shark VR Dancing,VAR LIVE International Ltd,VAR LIVE International Ltd,23,11,"20,000 .. 50,000",0,0,0,0,0,0,0,0
1273390,Baby Shark VR Dancing,VAR LIVE International Ltd,VAR LIVE International Ltd,23,11,"20,000 .. 50,000",0,0,0,0,0,0,0,0
1273590,Jumping Joe! - Friends Edition,Vixa Games,Vixa Games,43,1,"20,000 .. 50,000",0,0,0,0,299,299,0,0
1273590,Jumping Joe! - Friends Edition,Vixa Games,Vixa Games,43,1,"20,000 .. 50,000",0,0,0,0,299,299,0,0
1276060,Fingertips  mountain  sea,"李淙, 指尖游道",指尖游道,0,2,"0 .. 20,000",0,0,0,0,99,99,0,0
1276060,Fingertips  mountain  sea,"李淙, 指尖游道",指尖游道,0,2,"0 .. 20,000",0,0,0,0,99,99,0,0
1279700,Midnight Scenes: The Highway,White Blanket Games,Octavi Navarro,237,28,"50,000 .. 100,000",0,0,0,0,399,399,0,0
1279700,Midnight Scenes: The Highway,White Blanket Games,Octavi Navarro,237,28,"50,000 .. 100,000",0,0,0,0,399,399,0,0
1281420,DOM RUSALOK,Bonereaders,Bonereaders,172,48,"0 .. 20,000",0,0,0,0,999,999,0,0
1281420,DOM RUSALOK,Bonereaders,Bonereaders,172,48,"0 .. 20,000",0,0,0,0,999,999,0,0
1283500,Euphoria: Supreme Mechanics,Whale Rock Games,Whale Rock Games,100,37,"20,000 .. 50,000",0,0,0,0,149,999,85,0
1283500,Euphoria: Supreme Mechanics,Whale Rock Games,Whale Rock Games,100,37,"20,000 .. 50,000",0,0,0,0,149,999,85,0
1283720,Cube Miners,Username470,Aerial Game Studios,4,1,"20,000 .. 50,000",0,0,0,0,500,500,0,0
1283720,Cube Miners,Username470,Aerial Game Studios,4,1,"20,000 .. 50,000",0,0,0,0,500,500,0,0
1290550,Curing Covid,SteelySam,SteelySam,1,0,"20,000 .. 50,000",0,0,0,0,499,499,0,0
1290550,Curing Covid,SteelySam,SteelySam,1,0,"20,000 .. 50,000",0,0,0,0,499,499,0,0
1291470,Robot Paradise VR,Lukasz Kataoka,SYNCHROCOLLECTIVE,0,1,"20,000 .. 50,000",0,0,0,0,399,399,0,0
1291470,Robot Paradise VR,Lukasz Kataoka,SYNCHROCOLLECTIVE,0,1,"20,000 .. 50,000",0,0,0,0,399,399,0,0
1291680,Apocalypse: 2.0 Edition,Harley Game Studios,Harley Phoenix,20,26,"0 .. 20,000",0,0,0,0,0,0,0,0
1291680,Apocalypse: 2.0 Edition,Harley Game Studios,Harley Phoenix,20,26,"0 .. 20,000",0,0,0,0,0,0,0,0
1292270,Late Stage Inferno,Liam Clift,Liam Clift,1,1,"20,000 .. 50,000",0,0,0,0,99,99,0,0
1292270,Late Stage Inferno,Liam Clift,Liam Clift,1,1,"20,000 .. 50,000",0,0,0,0,99,99,0,0
1295000,The Last Shot,Rumata Lab,Nelset,98,10,"20,000 .. 50,000",0,0,0,0,999,999,0,0
1295000,The Last Shot,Rumata Lab,Nelset,98,10,"20,000 .. 50,000",0,0,0,0,999,999,0,0
1295750,Jack Hayes: The Lazarus Sign,Stefan Ortelbach,Iphigenia Games,8,2,"20,000 .. 50,000",0,0,0,0,0,0,0,0
1295750,Jack Hayes: The Lazarus Sign,Stefan Ortelbach,Iphigenia Games,8,2,"20,000 .. 50,000",0,0,0,0,0,0,0,0
1295900,Draconia,Draconia Dev Team,Draconia Dev Team,586,275,"20,000 .. 50,000",0,0,0,0,1999,1999,0,10
1295900,Draconia,Draconia Dev Team,Draconia Dev Team,586,275,"20,000 .. 50,000",0,0,0,0,1999,1999,0,10
1296840,The Spike,SUNCYAN studio,PsychoFlux Entertainment,2164,217,"100,000 .. 200,000",0,0,0,0,0,0,0,15
1296840,The Spike,SUNCYAN studio,PsychoFlux Entertainment,2164,217,"100,000 .. 200,000",0,0,0,0,0,0,0,15
1298010,Tactical Combat Department,LukasH,Render System,66,39,"20,000 .. 50,000",0,0,0,0,99,499,80,0
1298010,Tactical Combat Department,LukasH,Render System,66,39,"20,000 .. 50,000",0,0,0,0,99,499,80,0
1301010,World Racing 2 - Champion Edition,Synetic GmbH,UniqueGames Publishing GmbH,238,38,"20,000 .. 50,000",0,0,0,0,999,999,0,3
1301010,World Racing 2 - Champion Edition,Synetic GmbH,UniqueGames Publishing GmbH,238,38,"20,000 .. 50,000",0,0,0,0,999,999,0,3
1305820,Lunar Axe,Ops Game Studio,Ops Game Studio,124,15,"0 .. 20,000",0,0,0,0,799,799,0,0
1305820,Lunar Axe,Ops Game Studio,Ops Game Studio,124,15,"0 .. 20,000",0,0,0,0,799,799,0,0
1306770,Revival: Recolonization,HeroCraft PC,HeroCraft PC,290,114,"20,000 .. 50,000",0,0,0,0,2999,2999,0,7
1306770,Revival: Recolonization,HeroCraft PC,HeroCraft PC,290,114,"20,000 .. 50,000",0,0,0,0,2999,2999,0,7
1312960,Epic Chef,Infinigon Games,Team17 ,554,161,"20,000 .. 50,000",0,0,0,0,249,2499,90,4
1312960,Epic Chef,Infinigon Games,Team17 ,554,161,"20,000 .. 50,000",0,0,0,0,249,2499,90,4
1316800,Destropolis,Igrek Games,"Games Incubator, PlayWay S.A.",221,32,"20,000 .. 50,000",0,0,0,0,599,599,0,0
1316800,Destropolis,Igrek Games,"Games Incubator, PlayWay S.A.",221,32,"20,000 .. 50,000",0,0,0,0,599,599,0,0
1317020,77p egg: Eggwife,77p Studios,Hyperstrange,525,55,"20,000 .. 50,000",0,0,0,0,999,999,0,1
1317020,77p egg: Eggwife,77p Studios,Hyperstrange,525,55,"20,000 .. 50,000",0,0,0,0,999,999,0,1
1322010,Automata Break,Pumpkin Head Studio,Pumpkin Head Studio,14,1,"0 .. 20,000",0,0,0,0,1999,1999,0,0
1322010,Automata Break,Pumpkin Head Studio,Pumpkin Head Studio,14,1,"0 .. 20,000",0,0,0,0,1999,1999,0,0
1322520,The Door Of Redemption,地航者,地航者,5,1,"0 .. 20,000",0,0,0,0,49,99,51,0
1322520,The Door Of Redemption,地航者,地航者,5,1,"0 .. 20,000",0,0,0,0,49,99,51,0
1325880,Eternal Hope: Prologue,Doublehit Games,Doublehit Games,251,16,"50,000 .. 100,000",0,0,0,0,0,0,0,0
1325880,Eternal Hope: Prologue,Doublehit Games,Doublehit Games,251,16,"50,000 .. 100,000",0,0,0,0,0,0,0,0
1328910,Otome the Exorcist,huki damari,Kagura Games,85,22,"20,000 .. 50,000",0,0,0,0,1499,1499,0,0
1328910,Otome the Exorcist,huki damari,Kagura Games,85,22,"20,000 .. 50,000",0,0,0,0,1499,1499,0,0
1331440,FUSER,"Harmonix Music Systems, Inc",NCSOFT,1226,211,"20,000 .. 50,000",0,0,0,0,0,0,0,4
1331440,FUSER,"Harmonix Music Systems, Inc",NCSOFT,1226,211,"20,000 .. 50,000",0,0,0,0,0,0,0,4
1334800,Everything Explosive,Blaze,Blaze,13,5,"20,000 .. 50,000",0,0,0,0,0,0,0,0
1334800,Everything Explosive,Blaze,Blaze,13,5,"20,000 .. 50,000",0,0,0,0,0,0,0,0
1335810,Bunny's Maze,ShortStackStudio,ShortStackStudio,39,3,"0 .. 20,000",0,0,0,0,199,199,0,0
1335810,Bunny's Maze,ShortStackStudio,ShortStackStudio,39,3,"0 .. 20,000",0,0,0,0,199,199,0,0
1336230,AVRACH RESURRECTION,Fluffy Bisons,Fluffy Bisons,5,0,"50,000 .. 100,000",0,0,0,0,599,599,0,0
1336230,AVRACH RESURRECTION,Fluffy Bisons,Fluffy Bisons,5,0,"50,000 .. 100,000",0,0,0,0,599,599,0,0
1336420,Breaking Lockdown,Lappi Soft,Lappi Soft,27,9,"0 .. 20,000",0,0,0,0,399,399,0,0
1336420,Breaking Lockdown,Lappi Soft,Lappi Soft,27,9,"0 .. 20,000",0,0,0,0,399,399,0,0
1338250,Nohra,Monster Lab,DigiPen Institute of Technology,305,12,"20,000 .. 50,000",0,0,0,0,0,0,0,0
1338250,Nohra,Monster Lab,DigiPen Institute of Technology,305,12,"20,000 .. 50,000",0,0,0,0,0,0,0,0
1338330,Lemon Cake,Cozy Bee Games,Cozy Bee Games,1642,275,"100,000 .. 200,000",0,0,0,0,1499,1499,0,5
1338330,Lemon Cake,Cozy Bee Games,Cozy Bee Games,1642,275,"100,000 .. 200,000",0,0,0,0,1499,1499,0,5
1340910,From The Grave,Esteban Jauregui,Esteban Jauregui,16,14,"50,000 .. 100,000",0,0,0,0,0,0,0,0
1340910,From The Grave,Esteban Jauregui,Esteban Jauregui,16,14,"50,000 .. 100,000",0,0,0,0,0,0,0,0
1341210,Afterinfection,RePatrick21,RePatrick21,290,195,"20,000 .. 50,000",0,0,0,0,179,899,80,0
1341210,Afterinfection,RePatrick21,RePatrick21,290,195,"20,000 .. 50,000",0,0,0,0,179,899,80,0
1341430,Inexplicable Deaths In Damipolis: Inner Thoughts,Tiesoft,Badland Publishing,0,8,"20,000 .. 50,000",0,0,0,0,199,199,0,0
1341430,Inexplicable Deaths In Damipolis: Inner Thoughts,Tiesoft,Badland Publishing,0,8,"20,000 .. 50,000",0,0,0,0,199,199,0,0
1343040,Blocky Ball,Lange Studios LLC,Lange Studios LLC,74,14,"20,000 .. 50,000",0,0,0,0,0,0,0,0
1343040,Blocky Ball,Lange Studios LLC,Lange Studios LLC,74,14,"20,000 .. 50,000",0,0,0,0,0,0,0,0
1348920,Wind Peaks,Actoon Studio,Actoon Studio,264,77,"20,000 .. 50,000",0,0,0,0,1799,1799,0,0
1348920,Wind Peaks,Actoon Studio,Actoon Studio,264,77,"20,000 .. 50,000",0,0,0,0,1799,1799,0,0
1349920,Caterpillarnoid,Pavel Kutejnikov,Pavel Kutejnikov,97,12,"20,000 .. 50,000",0,0,0,0,0,0,0,1
1349920,Caterpillarnoid,Pavel Kutejnikov,Pavel Kutejnikov,97,12,"20,000 .. 50,000",0,0,0,0,0,0,0,1
1349940,Hardbass Clicker,b38b38b,b38b38b,12,3,"0 .. 20,000",0,0,0,0,99,99,0,0
1349940,Hardbass Clicker,b38b38b,b38b38b,12,3,"0 .. 20,000",0,0,0,0,99,99,0,0
1351070,Pest Control,EON46,Ritual Interactive,13,5,"20,000 .. 50,000",0,0,0,0,399,399,0,0
1351070,Pest Control,EON46,Ritual Interactive,13,5,"20,000 .. 50,000",0,0,0,0,399,399,0,0
1353050,My Isekai After Life is an RPG!?,Nyanko Games,Nyanko Games,5,7,"20,000 .. 50,000",0,0,0,0,599,599,0,0
1353050,My Isekai After Life is an RPG!?,Nyanko Games,Nyanko Games,5,7,"20,000 .. 50,000",0,0,0,0,599,599,0,0
1353920,High School Odyssey,傲雪小组,傲雪小组,560,43,"20,000 .. 50,000",0,0,0,0,899,899,0,0
1353920,High School Odyssey,傲雪小组,傲雪小组,560,43,"20,000 .. 50,000",0,0,0,0,899,899,0,0
1354540,Arcaxer,Overrun Games,Well Played Studios,21,3,"20,000 .. 50,000",0,0,0,0,2499,2499,0,0
1354540,Arcaxer,Overrun Games,Well Played Studios,21,3,"20,000 .. 50,000",0,0,0,0,2499,2499,0,0
1356180,Mahjong Nagomi,Zoo Corporation,Zoo Corporation,204,47,"20,000 .. 50,000",0,0,0,0,499,499,0,8
1356180,Mahjong Nagomi,Zoo Corporation,Zoo Corporation,204,47,"20,000 .. 50,000",0,0,0,0,499,499,0,8
1358650,Queen's Conquest,Comic Shake,Comic Shake,3,2,"20,000 .. 50,000",0,0,0,0,999,999,0,0
1358650,Queen's Conquest,Comic Shake,Comic Shake,3,2,"20,000 .. 50,000",0,0,0,0,999,999,0,0
1358940,Stormblades Remastered,Kiloo,"Kiloo, QUByte Interactive",3,5,"20,000 .. 50,000",0,0,0,0,399,399,0,0
1358940,Stormblades Remastered,Kiloo,"Kiloo, QUByte Interactive",3,5,"20,000 .. 50,000",0,0,0,0,399,399,0,0
1362120,PIGROMANCE,OAA (외계인납치작전),GRAVITY,74,1,"50,000 .. 100,000",0,0,0,0,1999,1999,0,0
1362120,PIGROMANCE,OAA (외계인납치작전),GRAVITY,74,1,"50,000 .. 100,000",0,0,0,0,1999,1999,0,0
1364980,project BLARI,MaxEstLa,MaxEstLa,147,21,"50,000 .. 100,000",0,0,0,0,599,599,0,0
1364980,project BLARI,MaxEstLa,MaxEstLa,147,21,"50,000 .. 100,000",0,0,0,0,599,599,0,0
1367320,Close Combat: Cross of Iron,Strategy 3 Tactics,Matrix Games,120,27,"0 .. 20,000",0,0,0,0,3999,3999,0,9
1367320,Close Combat: Cross of Iron,Strategy 3 Tactics,Matrix Games,120,27,"0 .. 20,000",0,0,0,0,3999,3999,0,9
1369780,Opus Ludum,Fabian Esteban,Fabian Esteban,4,0,"20,000 .. 50,000",0,0,0,0,299,299,0,0
1369780,Opus Ludum,Fabian Esteban,Fabian Esteban,4,0,"20,000 .. 50,000",0,0,0,0,299,299,0,0
1371350,Solenars Edge II: Champions,Team Syukino,Team Syukino,11,8,"20,000 .. 50,000",0,0,0,0,0,0,0,0
1371350,Solenars Edge II: Champions,Team Syukino,Team Syukino,11,8,"20,000 .. 50,000",0,0,0,0,0,0,0,0
1371480,Iron Conflict,Angela Game,Imperium Interactive Entertainment Limited,1377,618,"50,000 .. 100,000",0,0,0,0,0,0,0,0
1371480,Iron Conflict,Angela Game,Imperium Interactive Entertainment Limited,1377,618,"50,000 .. 100,000",0,0,0,0,0,0,0,0
1371720,Card Shark,Nerial,Devolver Digital,2559,250,"20,000 .. 50,000",0,0,0,0,1999,1999,0,10
1371720,Card Shark,Nerial,Devolver Digital,2559,250,"20,000 .. 50,000",0,0,0,0,1999,1999,0,10
1373920,Sword Rogue,chx125ck,chx125ck,432,18,"20,000 .. 50,000",0,0,0,0,0,0,0,2
1373920,Sword Rogue,chx125ck,chx125ck,432,18,"20,000 .. 50,000",0,0,0,0,0,0,0,2
1374890,Crossword City Chronicles,Trailblazer Games,Trailblazer Games,8,11,"20,000 .. 50,000",0,0,0,0,499,499,0,0
1374890,Crossword City Chronicles,Trailblazer Games,Trailblazer Games,8,11,"20,000 .. 50,000",0,0,0,0,499,499,0,0
1377280,Electioneering,Cosmo's Tuxedo,Cosmo's Tuxedo,3,4,"50,000 .. 100,000",0,0,0,0,1499,1499,0,0
1377280,Electioneering,Cosmo's Tuxedo,Cosmo's Tuxedo,3,4,"50,000 .. 100,000",0,0,0,0,1499,1499,0,0
1383020,Germany at War - Soviet Dawn,Phobetor,Phobetor,7,1,"0 .. 20,000",0,0,0,0,1199,1199,0,0
1383020,Germany at War - Soviet Dawn,Phobetor,Phobetor,7,1,"0 .. 20,000",0,0,0,0,1199,1199,0,0
1383060,eyeDASH,Whensoft,Whensoft,2,0,"0 .. 20,000",0,0,0,0,1499,1499,0,0
1383060,eyeDASH,Whensoft,Whensoft,2,0,"0 .. 20,000",0,0,0,0,1499,1499,0,0
1383650,Drone VR,damian3k,damian3k,15,5,"0 .. 20,000",0,0,0,0,299,299,0,0
1383650,Drone VR,damian3k,damian3k,15,5,"0 .. 20,000",0,0,0,0,299,299,0,0
1392190,Rock Paper Sock,Sokpop Collective,Sokpop Collective,4,12,"50,000 .. 100,000",0,0,0,0,299,299,0,0
1392190,Rock Paper Sock,Sokpop Collective,Sokpop Collective,4,12,"50,000 .. 100,000",0,0,0,0,299,299,0,0
1395080,The Disaster,Mag B.,Mag B.,10,3,"20,000 .. 50,000",0,0,0,0,99,99,0,0
1395080,The Disaster,Mag B.,Mag B.,10,3,"20,000 .. 50,000",0,0,0,0,99,99,0,0
1395180,Raid!,Cowboy,Cowboy Studio,10,3,"20,000 .. 50,000",0,0,0,0,0,0,0,0
1395180,Raid!,Cowboy,Cowboy Studio,10,3,"20,000 .. 50,000",0,0,0,0,0,0,0,0
1395710,Daisy Flies to the Moon,PDS Games,PDS Games,5,1,"100,000 .. 200,000",0,0,0,0,499,499,0,0
1395710,Daisy Flies to the Moon,PDS Games,PDS Games,5,1,"100,000 .. 200,000",0,0,0,0,499,499,0,0
1397540,On Pixels: A lights out game,Vacation Game Studio,Vacation Game Studio,16,0,"0 .. 20,000",0,0,0,0,199,199,0,0
1397540,On Pixels: A lights out game,Vacation Game Studio,Vacation Game Studio,16,0,"0 .. 20,000",0,0,0,0,199,199,0,0
1397620,Flat Earth Simulator,The Truthtellers,The Truthtellers,77,33,"20,000 .. 50,000",0,0,0,0,799,799,0,0
1397620,Flat Earth Simulator,The Truthtellers,The Truthtellers,77,33,"20,000 .. 50,000",0,0,0,0,799,799,0,0
1397850,Circle Tank,Squid Related Games,Squid Related Games,7,6,"20,000 .. 50,000",0,0,0,0,0,0,0,0
1397850,Circle Tank,Squid Related Games,Squid Related Games,7,6,"20,000 .. 50,000",0,0,0,0,0,0,0,0
1400390,The First Confrontation,NPMS(Number Personal Model Studio),NPMS(Number Personal Model Studio),8,9,"50,000 .. 100,000",0,0,0,0,0,0,0,0
1400390,The First Confrontation,NPMS(Number Personal Model Studio),NPMS(Number Personal Model Studio),8,9,"50,000 .. 100,000",0,0,0,0,0,0,0,0
1401570,Cold Call,Moonbit,Moonbit,82,5,"20,000 .. 50,000",0,0,0,0,99,99,0,0
1401570,Cold Call,Moonbit,Moonbit,82,5,"20,000 .. 50,000",0,0,0,0,99,99,0,0
1404560,Yerba Mate Tycoon,DonislawDev,DonislawDev,99,14,"20,000 .. 50,000",0,0,0,0,499,499,0,0
1404560,Yerba Mate Tycoon,DonislawDev,DonislawDev,99,14,"20,000 .. 50,000",0,0,0,0,499,499,0,0
1408420,Ancient Worlds: Egypt,Aleksander Ciesielski,Aleksander Ciesielski,3,3,"20,000 .. 50,000",0,0,0,0,1499,1499,0,0
1408420,Ancient Worlds: Egypt,Aleksander Ciesielski,Aleksander Ciesielski,3,3,"20,000 .. 50,000",0,0,0,0,1499,1499,0,0
1410870,Trikaya,SMU Guildhall,SMU Guildhall,289,51,"20,000 .. 50,000",0,0,0,0,0,0,0,1
1410870,Trikaya,SMU Guildhall,SMU Guildhall,289,51,"20,000 .. 50,000",0,0,0,0,0,0,0,1
1413490,Tower of Mice,Agile Softworks AB,Agile Softworks AB,1,1,"0 .. 20,000",0,0,0,0,0,0,0,0
1413490,Tower of Mice,Agile Softworks AB,Agile Softworks AB,1,1,"0 .. 20,000",0,0,0,0,0,0,0,0
1414250,CORPSE FACTORY,RIVER CROW STUDIO,RIVER CROW STUDIO,642,135,"20,000 .. 50,000",0,0,0,0,1999,1999,0,2
1414250,CORPSE FACTORY,RIVER CROW STUDIO,RIVER CROW STUDIO,642,135,"20,000 .. 50,000",0,0,0,0,1999,1999,0,2
1416160,安堂的心理咨询室：杯中之心〈ANDOU：Pulse of cup〉,机械神狐教制作组,机械神狐教制作组,78,21,"20,000 .. 50,000",0,0,0,0,0,0,0,0
1416160,安堂的心理咨询室：杯中之心〈ANDOU：Pulse of cup〉,机械神狐教制作组,机械神狐教制作组,78,21,"20,000 .. 50,000",0,0,0,0,0,0,0,0
1421970,Time Loader: First Memories,Flazm,META Publishing,85,6,"50,000 .. 100,000",0,0,0,0,0,0,0,0
1421970,Time Loader: First Memories,Flazm,META Publishing,85,6,"50,000 .. 100,000",0,0,0,0,0,0,0,0
1422270,Rank: Warmaster,"Laser Beams & Particle Streams Software, Inc.","Laser Beams & Particle Streams Software, Inc.",3,0,"20,000 .. 50,000",0,0,0,0,2499,2499,0,0
1422270,Rank: Warmaster,"Laser Beams & Particle Streams Software, Inc.","Laser Beams & Particle Streams Software, Inc.",3,0,"20,000 .. 50,000",0,0,0,0,2499,2499,0,0
1426490,LOST EPIC,"One or Eight, Team EARTHWARS",One or Eight,803,301,"20,000 .. 50,000",0,0,0,0,1799,1799,0,5
1426490,LOST EPIC,"One or Eight, Team EARTHWARS",One or Eight,803,301,"20,000 .. 50,000",0,0,0,0,1799,1799,0,5
1427510,Overdose WW2,bigredB.,bigredB.,14,10,"20,000 .. 50,000",0,0,0,0,99,99,0,0
1427510,Overdose WW2,bigredB.,bigredB.,14,10,"20,000 .. 50,000",0,0,0,0,99,99,0,0
1429880,Little Sim World,.GRAVITY,.GRAVITY,352,80,"20,000 .. 50,000",0,0,0,0,1799,1799,0,50
1429880,Little Sim World,.GRAVITY,.GRAVITY,352,80,"20,000 .. 50,000",0,0,0,0,1799,1799,0,50
1430240,The Space in Between,"Emily Pitcher, Ray Hsiao, Alan Guan, Hayden Nuyens, Elizabeth Han, Julia Lee, Wei, Richard Cheng","Emily Pitcher, Ray Hsiao, Alan Guan, Hayden Nuyens, Wei, Richard Cheng",99,25,"20,000 .. 50,000",0,0,0,0,0,0,0,0
1430240,The Space in Between,"Emily Pitcher, Ray Hsiao, Alan Guan, Hayden Nuyens, Elizabeth Han, Julia Lee, Wei, Richard Cheng","Emily Pitcher, Ray Hsiao, Alan Guan, Hayden Nuyens, Wei, Richard Cheng",99,25,"20,000 .. 50,000",0,0,0,0,0,0,0,0
1431230,Gods of Sand,Achenar Studios,Achenar Studios,560,77,"50,000 .. 100,000",0,0,0,0,999,999,0,3
1431230,Gods of Sand,Achenar Studios,Achenar Studios,560,77,"50,000 .. 100,000",0,0,0,0,999,999,0,3
1432960,Eight,Katelyst,Katelyst,31,23,"20,000 .. 50,000",0,0,0,0,199,199,0,0
1432960,Eight,Katelyst,Katelyst,31,23,"20,000 .. 50,000",0,0,0,0,199,199,0,0
1433320,Mortal Decay,Roger Kaffer,Roger Kaffer,62,2,"20,000 .. 50,000",0,0,0,0,299,299,0,0
1433320,Mortal Decay,Roger Kaffer,Roger Kaffer,62,2,"20,000 .. 50,000",0,0,0,0,299,299,0,0
1433340,Happy's Humble Burger Farm,Scythe Dev Team,tinyBuild,1610,124,"20,000 .. 50,000",0,0,0,0,399,1999,80,11
1433340,Happy's Humble Burger Farm,Scythe Dev Team,tinyBuild,1610,124,"20,000 .. 50,000",0,0,0,0,399,1999,80,11
1434220,Sunshine Manor Prologue,Fossil Games,Houndpicked Games,5,1,"20,000 .. 50,000",0,0,0,0,0,0,0,0
1434220,Sunshine Manor Prologue,Fossil Games,Houndpicked Games,5,1,"20,000 .. 50,000",0,0,0,0,0,0,0,0
1434760,Heroine for Hire,Jellyfish Parade,Jellyfish Parade,15,2,"20,000 .. 50,000",0,0,0,0,799,799,0,0
1434760,Heroine for Hire,Jellyfish Parade,Jellyfish Parade,15,2,"20,000 .. 50,000",0,0,0,0,799,799,0,0
1434910,Last Visit,Pavrek Games,Pavrek Games,24,3,"20,000 .. 50,000",0,0,0,0,999,999,0,0
1434910,Last Visit,Pavrek Games,Pavrek Games,24,3,"20,000 .. 50,000",0,0,0,0,999,999,0,0
1435470,Space Bandit,Sam Murray,Sam Murray,70,4,"0 .. 20,000",0,0,0,0,199,199,0,0
1435470,Space Bandit,Sam Murray,Sam Murray,70,4,"0 .. 20,000",0,0,0,0,199,199,0,0
1440450,Metagroove,Josh Presseisen,Crescent Moon Games,36,11,"20,000 .. 50,000",0,0,0,0,0,0,0,0
1440450,Metagroove,Josh Presseisen,Crescent Moon Games,36,11,"20,000 .. 50,000",0,0,0,0,0,0,0,0
1440680,SIDE,Tly,Tly,0,3,"20,000 .. 50,000",0,0,0,0,1499,1499,0,0
1440680,SIDE,Tly,Tly,0,3,"20,000 .. 50,000",0,0,0,0,1499,1499,0,0
1440890,Fear Protocol: Codename Omega Starring Agent Jack Banger,"GZ Storm, Lazrool",GZ Storm,39,12,"20,000 .. 50,000",0,0,0,0,0,0,0,0
1440890,Fear Protocol: Codename Omega Starring Agent Jack Banger,"GZ Storm, Lazrool",GZ Storm,39,12,"20,000 .. 50,000",0,0,0,0,0,0,0,0
1446930,Merge & Blade,Magic Cube,Magic Cube,106,30,"20,000 .. 50,000",0,0,0,0,579,999,42,1
1446930,Merge & Blade,Magic Cube,Magic Cube,106,30,"20,000 .. 50,000",0,0,0,0,579,999,42,1
1447000,MotoGP21,Milestone S.r.l.,Milestone S.r.l.,1541,341,"100,000 .. 200,000",0,0,0,0,2499,2499,0,14
1447000,MotoGP21,Milestone S.r.l.,Milestone S.r.l.,1541,341,"100,000 .. 200,000",0,0,0,0,2499,2499,0,14
1447140,Lost & Round,Open Sky Studios,Open Sky Studios,2,0,"20,000 .. 50,000",0,0,0,0,599,599,0,0
1447140,Lost & Round,Open Sky Studios,Open Sky Studios,2,0,"20,000 .. 50,000",0,0,0,0,599,599,0,0
1450090,The Legend of Heroes: Sen no Kiseki II KAI -The Erebonian Civil War-,Nihon Falcom,Clouded Leopard Entertainment,342,50,"20,000 .. 50,000",0,0,0,0,3499,3499,0,16
1450090,The Legend of Heroes: Sen no Kiseki II KAI -The Erebonian Civil War-,Nihon Falcom,Clouded Leopard Entertainment,342,50,"20,000 .. 50,000",0,0,0,0,3499,3499,0,16
1450300,Battleships: Command of the Sea,Ancient Games,CreativeForge Games,24,16,"20,000 .. 50,000",0,0,0,0,499,499,0,0
1450300,Battleships: Command of the Sea,Ancient Games,CreativeForge Games,24,16,"20,000 .. 50,000",0,0,0,0,499,499,0,0
1453200,Metu Caligine,SNDO,SNDO,6,2,"20,000 .. 50,000",0,0,0,0,99,99,0,0
1453200,Metu Caligine,SNDO,SNDO,6,2,"20,000 .. 50,000",0,0,0,0,99,99,0,0
1457630,幻想三国志2,"USERJOY Technology Co.,Ltd.","USERJOY Technology Co.,Ltd., Phoenix Game",219,50,"20,000 .. 50,000",0,0,0,0,399,399,0,7
1457630,幻想三国志2,"USERJOY Technology Co.,Ltd.","USERJOY Technology Co.,Ltd., Phoenix Game",219,50,"20,000 .. 50,000",0,0,0,0,399,399,0,7
1459250,Temple Hunters,NielsDev,NielsDev,3,0,"20,000 .. 50,000",0,0,0,0,399,399,0,0
1459250,Temple Hunters,NielsDev,NielsDev,3,0,"20,000 .. 50,000",0,0,0,0,399,399,0,0
1461100,International Basketball Manager 22,UPLAY Basketball,UPLAY Online,190,30,"20,000 .. 50,000",0,0,0,0,999,999,0,6
1461100,International Basketball Manager 22,UPLAY Basketball,UPLAY Online,190,30,"20,000 .. 50,000",0,0,0,0,999,999,0,6
1462810,WRC 10 FIA World Rally Championship,KT Racing,Nacon,1847,716,"200,000 .. 500,000",0,0,0,0,4999,4999,0,44
1462810,WRC 10 FIA World Rally Championship,KT Racing,Nacon,1847,716,"200,000 .. 500,000",0,0,0,0,4999,4999,0,44
1465560,Against All Odds,Microwave Games,,160,90,"50,000 .. 100,000",0,0,0,0,499,499,0,0
1465560,Against All Odds,Microwave Games,,160,90,"50,000 .. 100,000",0,0,0,0,499,499,0,0
1467410,Isekai Eternal,Subdream Studios,Subdream Studios,47,31,"20,000 .. 50,000",0,0,0,0,0,0,0,0
1467410,Isekai Eternal,Subdream Studios,Subdream Studios,47,31,"20,000 .. 50,000",0,0,0,0,0,0,0,0
1469090,Bounce,Rare Camel Studios,Rare Camel Studios,1,0,"20,000 .. 50,000",0,0,0,0,299,299,0,0
1469090,Bounce,Rare Camel Studios,Rare Camel Studios,1,0,"20,000 .. 50,000",0,0,0,0,299,299,0,0
1471530,100 hidden gnomes,"Anatoliy Loginovskikh, Drop_Dead_Fred",Anatoliy Loginovskikh,186,68,"20,000 .. 50,000",0,0,0,0,99,99,0,0
1471530,100 hidden gnomes,"Anatoliy Loginovskikh, Drop_Dead_Fred",Anatoliy Loginovskikh,186,68,"20,000 .. 50,000",0,0,0,0,99,99,0,0
1471960,Room to Grow,Mischka Kamener,Mischka Kamener,174,5,"0 .. 20,000",0,0,0,0,999,999,0,2
1471960,Room to Grow,Mischka Kamener,Mischka Kamener,174,5,"0 .. 20,000",0,0,0,0,999,999,0,2
1473940,MultiVerse,Hero Studio,Hero Studio,19,12,"20,000 .. 50,000",0,0,0,0,0,0,0,0
1473940,MultiVerse,Hero Studio,Hero Studio,19,12,"20,000 .. 50,000",0,0,0,0,0,0,0,0
1476430,S.U.M. - Slay Uncool Monsters,Doomster Entertainment,Doomster Entertainment,135,8,"20,000 .. 50,000",0,0,0,0,0,0,0,2
1476430,S.U.M. - Slay Uncool Monsters,Doomster Entertainment,Doomster Entertainment,135,8,"20,000 .. 50,000",0,0,0,0,0,0,0,2
1476870,Robo Gauntlet,KodakYarr,Infernal Interactive,3,0,"0 .. 20,000",0,0,0,0,899,899,0,0
1476870,Robo Gauntlet,KodakYarr,Infernal Interactive,3,0,"0 .. 20,000",0,0,0,0,899,899,0,0
1476920,football girl,bluesky,bluesky,32,13,"20,000 .. 50,000",0,0,0,0,0,0,0,0
1476920,football girl,bluesky,bluesky,32,13,"20,000 .. 50,000",0,0,0,0,0,0,0,0
1477320,Warring States,Paper Games,Paper Games,5,4,"50,000 .. 100,000",0,0,0,0,0,0,0,0
1477320,Warring States,Paper Games,Paper Games,5,4,"50,000 .. 100,000",0,0,0,0,0,0,0,0
1478050,Exploratombe,Atelier 801,Atelier 801,199,70,"20,000 .. 50,000",0,0,0,0,0,0,0,0
1478050,Exploratombe,Atelier 801,Atelier 801,199,70,"20,000 .. 50,000",0,0,0,0,0,0,0,0
1480190,Salyut π,Waleles,Waleles,1,0,"20,000 .. 50,000",0,0,0,0,799,799,0,0
1480190,Salyut π,Waleles,Waleles,1,0,"20,000 .. 50,000",0,0,0,0,799,799,0,0
1480600,Red Hands – 2-Player Game,Peaksel,Peaksel,6,2,"20,000 .. 50,000",0,0,0,0,199,199,0,0
1480600,Red Hands – 2-Player Game,Peaksel,Peaksel,6,2,"20,000 .. 50,000",0,0,0,0,199,199,0,0
1482750,Waves of Steel,TMA Games LLC,TMA Games LLC,364,34,"0 .. 20,000",0,0,0,0,1999,1999,0,2
1482750,Waves of Steel,TMA Games LLC,TMA Games LLC,364,34,"0 .. 20,000",0,0,0,0,1999,1999,0,2
1484790,Grave Knight,Dreamlight Games,Dreamlight Games,2,1,"20,000 .. 50,000",0,0,0,0,499,499,0,0
1484790,Grave Knight,Dreamlight Games,Dreamlight Games,2,1,"20,000 .. 50,000",0,0,0,0,499,499,0,0
1485650,Zen World,Cartboard Games,Cartboard Games,44,11,"20,000 .. 50,000",0,0,0,0,999,999,0,1
1485650,Zen World,Cartboard Games,Cartboard Games,44,11,"20,000 .. 50,000",0,0,0,0,999,999,0,1
1489630,Carrier Command 2,Geometa,MicroProse Software,2672,633,"50,000 .. 100,000",0,0,0,0,2999,2999,0,15
1489630,Carrier Command 2,Geometa,MicroProse Software,2672,633,"50,000 .. 100,000",0,0,0,0,2999,2999,0,15
1490030,Cyber Dodge,NKVN Games,NKVN Games,4,0,"0 .. 20,000",0,0,0,0,199,199,0,0
1490030,Cyber Dodge,NKVN Games,NKVN Games,4,0,"0 .. 20,000",0,0,0,0,199,199,0,0
1490460,Exorcist Fairy,青岛三脚猫工作室,"MedusasGame, 青岛三脚猫工作室",212,111,"20,000 .. 50,000",0,0,0,0,1299,1299,0,0
1490460,Exorcist Fairy,青岛三脚猫工作室,"MedusasGame, 青岛三脚猫工作室",212,111,"20,000 .. 50,000",0,0,0,0,1299,1299,0,0
1490550,The Expanse,Phoebus76,Phoebus76,0,1,"20,000 .. 50,000",0,0,0,0,599,599,0,0
1490550,The Expanse,Phoebus76,Phoebus76,0,1,"20,000 .. 50,000",0,0,0,0,599,599,0,0
1491680,Fiendish Thieves,Let's go to the Grindhouse,Let's go to the Grindhouse,4,9,"0 .. 20,000",0,0,0,0,199,199,0,0
1491680,Fiendish Thieves,Let's go to the Grindhouse,Let's go to the Grindhouse,4,9,"0 .. 20,000",0,0,0,0,199,199,0,0
1496310,Poached : Hunt The Hunter,Ingozi Games,Ingozi Games,73,2,"0 .. 20,000",0,0,0,0,999,999,0,0
1496310,Poached : Hunt The Hunter,Ingozi Games,Ingozi Games,73,2,"0 .. 20,000",0,0,0,0,999,999,0,0
1498630,Click on their Heads,Nateception Studios LLC,Nateception Studios LLC,9,1,"20,000 .. 50,000",0,0,0,0,99,99,0,0
1498630,Click on their Heads,Nateception Studios LLC,Nateception Studios LLC,9,1,"20,000 .. 50,000",0,0,0,0,99,99,0,0
1499310,The Shadows Lengthen,Thomas Murphy,Feral 3D,0,2,"50,000 .. 100,000",0,0,0,0,1295,1295,0,0
1499310,The Shadows Lengthen,Thomas Murphy,Feral 3D,0,2,"50,000 .. 100,000",0,0,0,0,1295,1295,0,0
1504310,Azure Sky,Enoops,Enoops,19,12,"20,000 .. 50,000",0,0,0,0,99,399,75,0
1504310,Azure Sky,Enoops,Enoops,19,12,"20,000 .. 50,000",0,0,0,0,99,399,75,0
1505600,RETRIS,KAKAOS,KAKAOS,13,1,"20,000 .. 50,000",0,0,0,0,299,299,0,0
1505600,RETRIS,KAKAOS,KAKAOS,13,1,"20,000 .. 50,000",0,0,0,0,299,299,0,0
1508730,末日血战,猕猴桃游戏,猕猴桃游戏,14,18,"20,000 .. 50,000",0,0,0,0,0,0,0,2
1508730,末日血战,猕猴桃游戏,猕猴桃游戏,14,18,"20,000 .. 50,000",0,0,0,0,0,0,0,2
1511410,Grass Cutters Academy - Idle Game,ColloseusX,Phat Phrog Studios,41,27,"0 .. 20,000",0,0,0,0,0,0,0,0
1511410,Grass Cutters Academy - Idle Game,ColloseusX,Phat Phrog Studios,41,27,"0 .. 20,000",0,0,0,0,0,0,0,0
1512940,Malody V,Mugzone,Mugzone,224,141,"20,000 .. 50,000",0,0,0,0,299,299,0,41
1512940,Malody V,Mugzone,Mugzone,224,141,"20,000 .. 50,000",0,0,0,0,299,299,0,41
1514460,Perseverance: Part 3,"Titanite Novels, Titanite Games S.A.",Feardemic,0,0,"20,000 .. 50,000",0,0,0,0,999,999,0,0
1514460,Perseverance: Part 3,"Titanite Novels, Titanite Games S.A.",Feardemic,0,0,"20,000 .. 50,000",0,0,0,0,999,999,0,0
1520570,DreamCatcher: Reflections Volume 1,Skelebun Studios,Skelebun Studios,4,0,"50,000 .. 100,000",0,0,0,0,499,499,0,0
1520570,DreamCatcher: Reflections Volume 1,Skelebun Studios,Skelebun Studios,4,0,"50,000 .. 100,000",0,0,0,0,499,499,0,0
1524020,Escape from Terror City,Renegade Sector Games,Renegade Sector Games,27,7,"20,000 .. 50,000",0,0,0,0,999,999,0,0
1524020,Escape from Terror City,Renegade Sector Games,Renegade Sector Games,27,7,"20,000 .. 50,000",0,0,0,0,999,999,0,0
1530750,EVERSLAUGHT,MobX GmbH,MobX GmbH,224,133,"50,000 .. 100,000",0,0,0,0,1999,1999,0,0
1530750,EVERSLAUGHT,MobX GmbH,MobX GmbH,224,133,"50,000 .. 100,000",0,0,0,0,1999,1999,0,0
1530860,Mental Hospital VR,Igor Migun,AGaming+,43,18,"0 .. 20,000",0,0,0,0,199,999,80,1
1530860,Mental Hospital VR,Igor Migun,AGaming+,43,18,"0 .. 20,000",0,0,0,0,199,999,80,1
1536070,Sword and Fairy 3,SOFTSTAR TECHNOLOGY(SHANGHAI),SOFTSTAR ENTERTAINMENT,1518,290,"100,000 .. 200,000",0,0,0,0,799,799,0,58
1536070,Sword and Fairy 3,SOFTSTAR TECHNOLOGY(SHANGHAI),SOFTSTAR ENTERTAINMENT,1518,290,"100,000 .. 200,000",0,0,0,0,799,799,0,58
1539780,Winning Love by Daylight,Cutlass Boardgames,Cutlass Boardgames,122,15,"20,000 .. 50,000",0,0,0,0,0,0,0,0
1539780,Winning Love by Daylight,Cutlass Boardgames,Cutlass Boardgames,122,15,"20,000 .. 50,000",0,0,0,0,0,0,0,0
1540220,Sugar * Style,Smee,NekoNyan Ltd.,226,10,"20,000 .. 50,000",0,0,0,0,2999,2999,0,2
1540220,Sugar * Style,Smee,NekoNyan Ltd.,226,10,"20,000 .. 50,000",0,0,0,0,2999,2999,0,2
1541590,Intergalactic Rescue,Iurii Batalkin,Iurii Batalkin,5,0,"20,000 .. 50,000",0,0,0,0,299,299,0,0
1541590,Intergalactic Rescue,Iurii Batalkin,Iurii Batalkin,5,0,"20,000 .. 50,000",0,0,0,0,299,299,0,0
1542390,Monolith,Animation Arts,"Animation Arts, Assemble Entertainment",203,50,"20,000 .. 50,000",0,0,0,0,1499,1499,0,1
1542390,Monolith,Animation Arts,"Animation Arts, Assemble Entertainment",203,50,"20,000 .. 50,000",0,0,0,0,1499,1499,0,1
1543270,Clash of Irons,HQ Games,HQ Games,48,25,"50,000 .. 100,000",0,0,0,0,0,0,0,0
1543270,Clash of Irons,HQ Games,HQ Games,48,25,"50,000 .. 100,000",0,0,0,0,0,0,0,0
1546830,Tiani,Ken Langella,Ken Langella,2,1,"0 .. 20,000",0,0,0,0,1999,1999,0,0
1546830,Tiani,Ken Langella,Ken Langella,2,1,"0 .. 20,000",0,0,0,0,1999,1999,0,0
1547900,Active Mummy,RENFALC,khukhrovr,13,4,"0 .. 20,000",0,0,0,0,39,399,90,0
1547900,Active Mummy,RENFALC,khukhrovr,13,4,"0 .. 20,000",0,0,0,0,39,399,90,0
1548510,Drawing,Chiro,Chihro,272,87,"0 .. 20,000",0,0,0,0,0,0,0,1
1548510,Drawing,Chiro,Chihro,272,87,"0 .. 20,000",0,0,0,0,0,0,0,1
1551590,Loretta's Brand-New Job,AVANTGARDE,Kagura Games,108,33,"20,000 .. 50,000",0,0,0,0,1499,1499,0,1
1551590,Loretta's Brand-New Job,AVANTGARDE,Kagura Games,108,33,"20,000 .. 50,000",0,0,0,0,1499,1499,0,1
1552210,Scary Buddies,Hexware Studio,Hexware Studio,15,6,"20,000 .. 50,000",0,0,0,0,0,0,0,0
1552210,Scary Buddies,Hexware Studio,Hexware Studio,15,6,"20,000 .. 50,000",0,0,0,0,0,0,0,0
1558070,Dragon Blast - Crazy Action Super Hero Game,Blazio Studios,UY Studios,1,0,"20,000 .. 50,000",0,0,0,0,99,99,0,0
1558070,Dragon Blast - Crazy Action Super Hero Game,Blazio Studios,UY Studios,1,0,"20,000 .. 50,000",0,0,0,0,99,99,0,0
1559600,The Ranch of Rivershine,Cozy Bee Games,Cozy Bee Games,1465,98,"20,000 .. 50,000",0,0,0,0,2999,2999,0,440
1559600,The Ranch of Rivershine,Cozy Bee Games,Cozy Bee Games,1465,98,"20,000 .. 50,000",0,0,0,0,2999,2999,0,440
1563310,You You N Music,yugamesplay,yugamesplay,1,2,"20,000 .. 50,000",0,0,0,0,199,199,0,0
1563310,You You N Music,yugamesplay,yugamesplay,1,2,"20,000 .. 50,000",0,0,0,0,199,199,0,0
1564600,The Last Plague: Blight,Original Studios,Original Studios,836,87,"20,000 .. 50,000",0,0,0,0,1699,1699,0,37
1564600,The Last Plague: Blight,Original Studios,Original Studios,836,87,"20,000 .. 50,000",0,0,0,0,1699,1699,0,37
1567950,Disco Ball,Laush Dmitriy Sergeevich,Laush Studio,12,3,"20,000 .. 50,000",0,0,0,0,2499,2499,0,0
1567950,Disco Ball,Laush Dmitriy Sergeevich,Laush Studio,12,3,"20,000 .. 50,000",0,0,0,0,2499,2499,0,0
1568560,Faction Wars,Ginger Bear Games,Ginger Bear Games,0,2,"20,000 .. 50,000",0,0,0,0,199,199,0,0
1568560,Faction Wars,Ginger Bear Games,Ginger Bear Games,0,2,"20,000 .. 50,000",0,0,0,0,199,199,0,0
1574270,Sucker for Love: First Date,Akabaka,DreadXP,2698,47,"100,000 .. 200,000",0,0,0,0,999,999,0,3
1574270,Sucker for Love: First Date,Akabaka,DreadXP,2698,47,"100,000 .. 200,000",0,0,0,0,999,999,0,3
1575520,Fruit Ninja VR 2,Halfbrick Studios Pty Ltd,Halfbrick Studios Pty Ltd,67,23,"50,000 .. 100,000",0,0,0,0,2499,2499,0,1
1575520,Fruit Ninja VR 2,Halfbrick Studios Pty Ltd,Halfbrick Studios Pty Ltd,67,23,"50,000 .. 100,000",0,0,0,0,2499,2499,0,1
1577530,Spider-Robots War,Laush Dmitriy Sergeevich,Laush Studio,18,11,"20,000 .. 50,000",0,0,0,0,299,299,0,0
1577530,Spider-Robots War,Laush Dmitriy Sergeevich,Laush Studio,18,11,"20,000 .. 50,000",0,0,0,0,299,299,0,0
1579610,Ragdoll Funhouse,Birdmask Studio LTD,Birdmask Studio LTD,1,1,"0 .. 20,000",0,0,0,0,199,199,0,0
1579610,Ragdoll Funhouse,Birdmask Studio LTD,Birdmask Studio LTD,1,1,"0 .. 20,000",0,0,0,0,199,199,0,0
1580010,HUMANS CONNECT,Claw Mark Productions,Claw Mark Productions,31,8,"0 .. 20,000",0,0,0,0,0,0,0,0
1580010,HUMANS CONNECT,Claw Mark Productions,Claw Mark Productions,31,8,"0 .. 20,000",0,0,0,0,0,0,0,0
1580150,Between Time: Escape Room,mc2games,mc2games,260,60,"20,000 .. 50,000",0,0,0,0,999,999,0,0
1580150,Between Time: Escape Room,mc2games,mc2games,260,60,"20,000 .. 50,000",0,0,0,0,999,999,0,0
1584560,Idle Poker,Erepon Games,Erepon,3,3,"0 .. 20,000",0,0,0,0,0,0,0,0
1584560,Idle Poker,Erepon Games,Erepon,3,3,"0 .. 20,000",0,0,0,0,0,0,0,0
1585440,They Always Run,Alawar,Alawar,681,162,"20,000 .. 50,000",0,0,0,0,999,999,0,0
1585440,They Always Run,Alawar,Alawar,681,162,"20,000 .. 50,000",0,0,0,0,999,999,0,0
1589830,Lords of the Darkreign,Rev21,Rev21,2,0,"20,000 .. 50,000",0,0,0,0,499,499,0,0
1589830,Lords of the Darkreign,Rev21,Rev21,2,0,"20,000 .. 50,000",0,0,0,0,499,499,0,0
1590230,Tyrion Cuthbert: Attorney of the Arcane,Diamondhenge Entertainment,Diamondhenge Entertainment,1288,32,"50,000 .. 100,000",0,0,0,0,2999,2999,0,4
1590230,Tyrion Cuthbert: Attorney of the Arcane,Diamondhenge Entertainment,Diamondhenge Entertainment,1288,32,"50,000 .. 100,000",0,0,0,0,2999,2999,0,4
1593210,Shinobi's Way - a jigsaw chess tale,Minimol Games,Minimol Games,18,4,"0 .. 20,000",0,0,0,0,199,199,0,0
1593210,Shinobi's Way - a jigsaw chess tale,Minimol Games,Minimol Games,18,4,"0 .. 20,000",0,0,0,0,199,199,0,0
1597350,Godlike,Element Tale,Element Tale,3,4,"20,000 .. 50,000",0,0,0,0,0,0,0,0
1597350,Godlike,Element Tale,Element Tale,3,4,"20,000 .. 50,000",0,0,0,0,0,0,0,0
1598750,魔法与高塔,cryhades,cryhades,17,1,"0 .. 20,000",0,0,0,0,99,99,0,0
1598750,魔法与高塔,cryhades,cryhades,17,1,"0 .. 20,000",0,0,0,0,99,99,0,0
1600900,怕不怕趴喵霸霸 Ghost Party Nyanbaba,冷笑黑妖,冷笑黑妖,343,7,"0 .. 20,000",0,0,0,0,99,99,0,0
1600900,怕不怕趴喵霸霸 Ghost Party Nyanbaba,冷笑黑妖,冷笑黑妖,343,7,"0 .. 20,000",0,0,0,0,99,99,0,0
1600930,Foul Play - Yuri Visual Novel,Bandit Visual Games,Bandit Visual Games,31,2,"20,000 .. 50,000",0,0,0,0,1399,1399,0,0
1600930,Foul Play - Yuri Visual Novel,Bandit Visual Games,Bandit Visual Games,31,2,"20,000 .. 50,000",0,0,0,0,1399,1399,0,0
1601590,Freiwillig,tylerist.es,tylerist.es,1,1,"20,000 .. 50,000",0,0,0,0,499,499,0,0
1601590,Freiwillig,tylerist.es,tylerist.es,1,1,"20,000 .. 50,000",0,0,0,0,499,499,0,0
1601750,Pack of Demons,PhantomHeadache,PhantomHeadache,1,0,"20,000 .. 50,000",0,0,0,0,199,199,0,0
1601750,Pack of Demons,PhantomHeadache,PhantomHeadache,1,0,"20,000 .. 50,000",0,0,0,0,199,199,0,0
1602880,The Lord of the Parties,"Magic Cube, Dizcon",HIKE Inc.,38,12,"20,000 .. 50,000",0,0,0,0,1599,1599,0,0
1602880,The Lord of the Parties,"Magic Cube, Dizcon",HIKE Inc.,38,12,"20,000 .. 50,000",0,0,0,0,1599,1599,0,0
1603860,The Frosts: First Ones,Ivan Sukhanov,Ivan Sukhanov,51,6,"20,000 .. 50,000",0,0,0,0,299,299,0,0
1603860,The Frosts: First Ones,Ivan Sukhanov,Ivan Sukhanov,51,6,"20,000 .. 50,000",0,0,0,0,299,299,0,0
1604160,Jivitam,Suri,Suri,4,2,"0 .. 20,000",0,0,0,0,299,299,0,0
1604160,Jivitam,Suri,Suri,4,2,"0 .. 20,000",0,0,0,0,299,299,0,0
1607180,Big Quest 2: the Adventure,ZeLDER,ZeLDER,2,2,"20,000 .. 50,000",0,0,0,0,99,99,0,0
1607180,Big Quest 2: the Adventure,ZeLDER,ZeLDER,2,2,"20,000 .. 50,000",0,0,0,0,99,99,0,0
1608400,Vermillion - VR Painting,Thomas van den Berge,,610,23,"20,000 .. 50,000",0,0,0,0,1999,1999,0,3
1608400,Vermillion - VR Painting,Thomas van den Berge,,610,23,"20,000 .. 50,000",0,0,0,0,1999,1999,0,3
1610610,糊剧101,随便做做游戏组,随便做做游戏组,20,17,"20,000 .. 50,000",0,0,0,0,199,199,0,0
1610610,糊剧101,随便做做游戏组,随便做做游戏组,20,17,"20,000 .. 50,000",0,0,0,0,199,199,0,0
1617510,Oversight,aboogoost,aboogoost,1,0,"0 .. 20,000",0,0,0,0,999,999,0,0
1617510,Oversight,aboogoost,aboogoost,1,0,"0 .. 20,000",0,0,0,0,999,999,0,0
1621480,Shadow Falls,"Altitude Interactive Studio, Brandy Bear Studio",Altitude Interactive Studio,2,1,"0 .. 20,000",0,0,0,0,1199,1199,0,0
1621480,Shadow Falls,"Altitude Interactive Studio, Brandy Bear Studio",Altitude Interactive Studio,2,1,"0 .. 20,000",0,0,0,0,1199,1199,0,0
1621990,Stray Blade,Point Blank Games,505 Games,358,128,"0 .. 20,000",0,0,0,0,1999,1999,0,0
1621990,Stray Blade,Point Blank Games,505 Games,358,128,"0 .. 20,000",0,0,0,0,1999,1999,0,0
1623640,The Witch's Maze,friendMaster2000,friendMaster2000,3,0,"50,000 .. 100,000",0,0,0,0,199,199,0,0
1623640,The Witch's Maze,friendMaster2000,friendMaster2000,3,0,"50,000 .. 100,000",0,0,0,0,199,199,0,0
1623960,Loot Slider,Retrofied Games,Retrofied Games,17,0,"0 .. 20,000",0,0,0,0,799,799,0,0
1623960,Loot Slider,Retrofied Games,Retrofied Games,17,0,"0 .. 20,000",0,0,0,0,799,799,0,0
1630590,Paint Drying Simulator,GLADY'S Comcis,,299,39,"0 .. 20,000",0,0,0,0,99,99,0,9
1630590,Paint Drying Simulator,GLADY'S Comcis,,299,39,"0 .. 20,000",0,0,0,0,99,99,0,9
1631530,Armored War,New Games Corporation,New Games Corporation,9,4,"20,000 .. 50,000",0,0,0,0,1099,1099,0,1
1631530,Armored War,New Games Corporation,New Games Corporation,9,4,"20,000 .. 50,000",0,0,0,0,1099,1099,0,1
1636710,The Brew Barons,Lifetap Studios,Lifetap Studios,592,161,"20,000 .. 50,000",0,0,0,0,2199,2199,0,3
1636710,The Brew Barons,Lifetap Studios,Lifetap Studios,592,161,"20,000 .. 50,000",0,0,0,0,2199,2199,0,3
1644330,Pugmire: Treasure of the Sea Dogs,Choice of Games,Choice of Games,1,1,"20,000 .. 50,000",0,0,0,0,499,499,0,0
1644330,Pugmire: Treasure of the Sea Dogs,Choice of Games,Choice of Games,1,1,"20,000 .. 50,000",0,0,0,0,499,499,0,0
1645940,Flaskoman,Flying Islands Team,Flying Islands Team,9,2,"20,000 .. 50,000",0,0,0,0,499,499,0,0
1645940,Flaskoman,Flying Islands Team,Flying Islands Team,9,2,"20,000 .. 50,000",0,0,0,0,499,499,0,0
1646240,FukTopia 2,PixelArtGames,PixelArtGames,1,2,"0 .. 20,000",0,0,0,0,2499,2499,0,0
1646240,FukTopia 2,PixelArtGames,PixelArtGames,1,2,"0 .. 20,000",0,0,0,0,2499,2499,0,0
1646810,NARGUL - Humans are among us,3DDD Games,3DDD Games,8,2,"50,000 .. 100,000",0,0,0,0,1199,1199,0,0
1646810,NARGUL - Humans are among us,3DDD Games,3DDD Games,8,2,"50,000 .. 100,000",0,0,0,0,1199,1199,0,0
1648000,Heroines,Silver Cloud Games,Silver Cloud Games,3,4,"20,000 .. 50,000",0,0,0,0,1199,1199,0,0
1648000,Heroines,Silver Cloud Games,Silver Cloud Games,3,4,"20,000 .. 50,000",0,0,0,0,1199,1199,0,0
1649740,Hunt the Night,Moonlight Games,DANGEN Entertainment,368,104,"0 .. 20,000",0,0,0,0,1999,1999,0,0
1649740,Hunt the Night,Moonlight Games,DANGEN Entertainment,368,104,"0 .. 20,000",0,0,0,0,1999,1999,0,0
1652990,HABITAT: Race To Mars,Elon Mustard,X-Space ,1,1,"20,000 .. 50,000",0,0,0,0,399,399,0,0
1652990,HABITAT: Race To Mars,Elon Mustard,X-Space ,1,1,"20,000 .. 50,000",0,0,0,0,399,399,0,0
1653170,Woute,Laush Dmitriy Sergeevich,Laush Studio,10,2,"20,000 .. 50,000",0,0,0,0,299,299,0,0
1653170,Woute,Laush Dmitriy Sergeevich,Laush Studio,10,2,"20,000 .. 50,000",0,0,0,0,299,299,0,0
1653790,Sisters of Silent Liberty Online Multiplayer Shooter REBRANDED,Edgestudios,Edgestudios,2,15,"20,000 .. 50,000",0,0,0,0,499,499,0,0
1653790,Sisters of Silent Liberty Online Multiplayer Shooter REBRANDED,Edgestudios,Edgestudios,2,15,"20,000 .. 50,000",0,0,0,0,499,499,0,0
1655670,Rob Riches,Megapop,Megapop,69,3,"20,000 .. 50,000",0,0,0,0,699,699,0,0
1655670,Rob Riches,Megapop,Megapop,69,3,"20,000 .. 50,000",0,0,0,0,699,699,0,0
1655890,Sokobos,Daisy Games,Martin Games,72,0,"0 .. 20,000",0,0,0,0,324,499,35,0
1655890,Sokobos,Daisy Games,Martin Games,72,0,"0 .. 20,000",0,0,0,0,324,499,35,0
1655940,Earth's Shadow,WRF Studios,WRF Studios,83,9,"20,000 .. 50,000",0,0,0,0,1499,1499,0,1
1655940,Earth's Shadow,WRF Studios,WRF Studios,83,9,"20,000 .. 50,000",0,0,0,0,1499,1499,0,1
1655990,Mortal Rite,Round Toast Studios,Round Toast Studios,41,33,"20,000 .. 50,000",0,0,0,0,1499,1499,0,0
1655990,Mortal Rite,Round Toast Studios,Round Toast Studios,41,33,"20,000 .. 50,000",0,0,0,0,1499,1499,0,0
1660430,The Wolf's Den,Fried Octopus,Fried Octopus,24,5,"20,000 .. 50,000",0,0,0,0,0,0,0,0
1660430,The Wolf's Den,Fried Octopus,Fried Octopus,24,5,"20,000 .. 50,000",0,0,0,0,0,0,0,0
1660860,The Harem Life of Peerless Swordsmen,Hera Games,Hera Games,182,58,"20,000 .. 50,000",0,0,0,0,799,799,0,1
1660860,The Harem Life of Peerless Swordsmen,Hera Games,Hera Games,182,58,"20,000 .. 50,000",0,0,0,0,799,799,0,1
1661760,Icewords,First Heuristic Games,First Heuristic Games,6,0,"20,000 .. 50,000",0,0,0,0,299,299,0,0
1661760,Icewords,First Heuristic Games,First Heuristic Games,6,0,"20,000 .. 50,000",0,0,0,0,299,299,0,0
1671590,Paladin's Oath,Fire Biscuit Games,Fire Biscuit Games,106,14,"50,000 .. 100,000",0,0,0,0,599,599,0,1
1671590,Paladin's Oath,Fire Biscuit Games,Fire Biscuit Games,106,14,"50,000 .. 100,000",0,0,0,0,599,599,0,1
1680000,Rewrite+,VisualArts/Key,Sekai Project,480,32,"0 .. 20,000",0,0,0,0,4999,4999,0,10
1680000,Rewrite+,VisualArts/Key,Sekai Project,480,32,"0 .. 20,000",0,0,0,0,4999,4999,0,10
1684100,Halluci-Sabbat of Koishi,ZRIGN 地霊研究院,ZRIGN 地霊研究院,648,57,"0 .. 20,000",0,0,0,0,799,799,0,1
1684100,Halluci-Sabbat of Koishi,ZRIGN 地霊研究院,ZRIGN 地霊研究院,648,57,"0 .. 20,000",0,0,0,0,799,799,0,1
1688580,A YEAR OF SPRINGS,npckc,npckc,771,10,"20,000 .. 50,000",0,0,0,0,499,499,0,1
1688580,A YEAR OF SPRINGS,npckc,npckc,771,10,"20,000 .. 50,000",0,0,0,0,499,499,0,1
1692290,INHUMAN,秋太虚工作室,QutosoGame,71,38,"20,000 .. 50,000",0,0,0,0,399,399,0,0
1692290,INHUMAN,秋太虚工作室,QutosoGame,71,38,"20,000 .. 50,000",0,0,0,0,399,399,0,0
1693040,Synthwave Burnout,Whale Rock Games,Whale Rock Games,168,79,"20,000 .. 50,000",0,0,0,0,179,1199,85,0
1693040,Synthwave Burnout,Whale Rock Games,Whale Rock Games,168,79,"20,000 .. 50,000",0,0,0,0,179,1199,85,0
1693460,KILLER,Bukra Games,Bukra Games,3,2,"20,000 .. 50,000",0,0,0,0,99,99,0,0
1693460,KILLER,Bukra Games,Bukra Games,3,2,"20,000 .. 50,000",0,0,0,0,99,99,0,0
1693540,Dash Realm,EndRealm,EndRealm,12,1,"20,000 .. 50,000",0,0,0,0,0,0,0,0
1693540,Dash Realm,EndRealm,EndRealm,12,1,"20,000 .. 50,000",0,0,0,0,0,0,0,0
1697680,Fear Corporation,PimpGameStudio,PimpGameStudio,8,10,"20,000 .. 50,000",0,0,0,0,999,999,0,0
1697680,Fear Corporation,PimpGameStudio,PimpGameStudio,8,10,"20,000 .. 50,000",0,0,0,0,999,999,0,0
1700940,Anime Zodiac,Hunny Bunny Studio,Hunny Bunny Studio,109,34,"20,000 .. 50,000",0,0,0,0,99,99,0,0
1700940,Anime Zodiac,Hunny Bunny Studio,Hunny Bunny Studio,109,34,"20,000 .. 50,000",0,0,0,0,99,99,0,0
1704250,Pirated Code: Admin Edition,Hollowmend,"Viridian Software, Soft Source Pte",11,0,"20,000 .. 50,000",0,0,0,0,999,999,0,0
1704250,Pirated Code: Admin Edition,Hollowmend,"Viridian Software, Soft Source Pte",11,0,"20,000 .. 50,000",0,0,0,0,999,999,0,0
1704760,Smalles,Pixelabor,Pixelabor,36,21,"20,000 .. 50,000",0,0,0,0,299,299,0,0
1704760,Smalles,Pixelabor,Pixelabor,36,21,"20,000 .. 50,000",0,0,0,0,299,299,0,0
1708820,Guardian Force - Saturn Tribute,CITY CONNECTION,CITY CONNECTION,13,4,"0 .. 20,000",0,0,0,0,1799,1799,0,0
1708820,Guardian Force - Saturn Tribute,CITY CONNECTION,CITY CONNECTION,13,4,"0 .. 20,000",0,0,0,0,1799,1799,0,0
1709240,Strange Investigations: Becoming Collector's Edition,Elephant Games,BFG Entertainment,14,2,"20,000 .. 50,000",0,0,0,0,1999,1999,0,1
1709240,Strange Investigations: Becoming Collector's Edition,Elephant Games,BFG Entertainment,14,2,"20,000 .. 50,000",0,0,0,0,1999,1999,0,1
1709870,Spirited Thief,Koi Snowman Games,Ishtar Games,73,5,"0 .. 20,000",0,0,0,0,1499,1499,0,0
1709870,Spirited Thief,Koi Snowman Games,Ishtar Games,73,5,"0 .. 20,000",0,0,0,0,1499,1499,0,0
1713350,Project Castaway,Mardonpol Inc.,Mardonpol Inc.,839,369,"50,000 .. 100,000",0,0,0,0,1999,1999,0,57
1713350,Project Castaway,Mardonpol Inc.,Mardonpol Inc.,839,369,"50,000 .. 100,000",0,0,0,0,1999,1999,0,57
1716370,2033: Das Erschwachen der Macht,LOT,Zweitausendeins GmbH & Co. KG,3,3,"0 .. 20,000",0,0,0,0,1199,1199,0,0
1716370,2033: Das Erschwachen der Macht,LOT,Zweitausendeins GmbH & Co. KG,3,3,"0 .. 20,000",0,0,0,0,1199,1199,0,0
1720780,12 Labours of Hercules XIII: Wonder-ful Builder,"Zoom Out Games, Jetdogs Studios", Jetdogs Studios,10,0,"20,000 .. 50,000",0,0,0,0,1199,1199,0,1
1720780,12 Labours of Hercules XIII: Wonder-ful Builder,"Zoom Out Games, Jetdogs Studios", Jetdogs Studios,10,0,"20,000 .. 50,000",0,0,0,0,1199,1199,0,1
1721910,CABOUS,Hala Mohammed,Hala M. Dev,4,2,"20,000 .. 50,000",0,0,0,0,399,399,0,0
1721910,CABOUS,Hala Mohammed,Hala M. Dev,4,2,"20,000 .. 50,000",0,0,0,0,399,399,0,0
1722020,Old Coin Pusher Friends,STP WORKS,STP WORKS,341,41,"20,000 .. 50,000",0,0,0,0,399,399,0,4
1722020,Old Coin Pusher Friends,STP WORKS,STP WORKS,341,41,"20,000 .. 50,000",0,0,0,0,399,399,0,4
1722520,FIND ALL 2: Middle Ages,Very Very LITTLE Studio,Very Very LITTLE Studio,405,15,"20,000 .. 50,000",0,0,0,0,199,199,0,2
1722520,FIND ALL 2: Middle Ages,Very Very LITTLE Studio,Very Very LITTLE Studio,405,15,"20,000 .. 50,000",0,0,0,0,199,199,0,2
1727310,Project: Cow,Duo Games,Duo Games,4,0,"0 .. 20,000",0,0,0,0,199,199,0,0
1727310,Project: Cow,Duo Games,Duo Games,4,0,"0 .. 20,000",0,0,0,0,199,199,0,0
1730920,Hatch,Nekoromorph,Nekoromorph,86,39,"20,000 .. 50,000",0,0,0,0,399,399,0,0
1730920,Hatch,Nekoromorph,Nekoromorph,86,39,"20,000 .. 50,000",0,0,0,0,399,399,0,0
1732800,Cascade Tactics,Mythic Machine Software LLC,Mythic Machine Software LLC,35,9,"20,000 .. 50,000",0,0,0,0,999,999,0,0
1732800,Cascade Tactics,Mythic Machine Software LLC,Mythic Machine Software LLC,35,9,"20,000 .. 50,000",0,0,0,0,999,999,0,0
1733030,Knights of the Tiny Table,Roelosaurus,Roelosaurus,23,6,"50,000 .. 100,000",0,0,0,0,399,399,0,0
1733030,Knights of the Tiny Table,Roelosaurus,Roelosaurus,23,6,"50,000 .. 100,000",0,0,0,0,399,399,0,0
1733680,战国异闻录,上海酷兔网络科技有限公司,深圳市数湾科技有限公司,126,45,"20,000 .. 50,000",0,0,0,0,0,0,0,0
1733680,战国异闻录,上海酷兔网络科技有限公司,深圳市数湾科技有限公司,126,45,"20,000 .. 50,000",0,0,0,0,0,0,0,0
1736550,Deflector,Arrowfist Games,SuperGG.com,308,44,"20,000 .. 50,000",0,0,0,0,1999,1999,0,0
1736550,Deflector,Arrowfist Games,SuperGG.com,308,44,"20,000 .. 50,000",0,0,0,0,1999,1999,0,0
1736760,Street Stallion: The Jaywalk Simulator,The Jaywalk CEO,The Jaywalk CEO,3,2,"20,000 .. 50,000",0,0,0,0,377,599,37,0
1736760,Street Stallion: The Jaywalk Simulator,The Jaywalk CEO,The Jaywalk CEO,3,2,"20,000 .. 50,000",0,0,0,0,377,599,37,0
1737690,Yacht Dice,GoodOldMan Studio,GoodOldMan Studio,292,65,"20,000 .. 50,000",0,0,0,0,99,99,0,22
1737690,Yacht Dice,GoodOldMan Studio,GoodOldMan Studio,292,65,"20,000 .. 50,000",0,0,0,0,99,99,0,22
1739930,Marlon’s Mystery: The darkside of crime,Made in Mavis,Made in Mavis,64,8,"20,000 .. 50,000",0,0,0,0,999,999,0,0
1739930,Marlon’s Mystery: The darkside of crime,Made in Mavis,Made in Mavis,64,8,"20,000 .. 50,000",0,0,0,0,999,999,0,0
1744330,No More Heroes 3,GRASSHOPPER MANUFACTURE INC.,"XSEED Games, Marvelous USA, Inc., Marvelous Europe",593,118,"20,000 .. 50,000",0,0,0,0,3999,3999,0,3
1744330,No More Heroes 3,GRASSHOPPER MANUFACTURE INC.,"XSEED Games, Marvelous USA, Inc., Marvelous Europe",593,118,"20,000 .. 50,000",0,0,0,0,3999,3999,0,3
1744640,Nineteen,PLAYCASTLE,"CFK Co., Ltd.",25,3,"0 .. 20,000",0,0,0,0,199,199,0,0
1744640,Nineteen,PLAYCASTLE,"CFK Co., Ltd.",25,3,"0 .. 20,000",0,0,0,0,199,199,0,0
1745880,Glob Dash,Spike Studio,Spike Studio,3,0,"20,000 .. 50,000",0,0,0,0,199,199,0,0
1745880,Glob Dash,Spike Studio,Spike Studio,3,0,"20,000 .. 50,000",0,0,0,0,199,199,0,0
1751350,Wild Indigo Ranch,Funday Games,Funday Games,306,127,"20,000 .. 50,000",0,0,0,0,1999,1999,0,1
1751350,Wild Indigo Ranch,Funday Games,Funday Games,306,127,"20,000 .. 50,000",0,0,0,0,1999,1999,0,1
1753690,Faye: A Tale of Shadow,Night Stroll Studio,Night Stroll Studio,1,0,"50,000 .. 100,000",0,0,0,0,899,899,0,0
1753690,Faye: A Tale of Shadow,Night Stroll Studio,Night Stroll Studio,1,0,"50,000 .. 100,000",0,0,0,0,899,899,0,0
1753730,The 8 Sins: New Hell Order,Omegan's Domain,Omegan's Domain,2,1,"20,000 .. 50,000",0,0,0,0,1099,1099,0,0
1753730,The 8 Sins: New Hell Order,Omegan's Domain,Omegan's Domain,2,1,"20,000 .. 50,000",0,0,0,0,1099,1099,0,0
1753810,Sola,HexaScale Games,HexaScale Games,1,0,"20,000 .. 50,000",0,0,0,0,299,299,0,0
1753810,Sola,HexaScale Games,HexaScale Games,1,0,"20,000 .. 50,000",0,0,0,0,299,299,0,0
1755060,Eyes of the Night,Lama glama Game Company,Lama glama Game Company,2,1,"0 .. 20,000",0,0,0,0,99,99,0,0
1755060,Eyes of the Night,Lama glama Game Company,Lama glama Game Company,2,1,"0 .. 20,000",0,0,0,0,99,99,0,0
1755670,The Sink Gods,Dr. Puzzler,Dr. Puzzler,29,1,"20,000 .. 50,000",0,0,0,0,0,0,0,0
1755670,The Sink Gods,Dr. Puzzler,Dr. Puzzler,29,1,"20,000 .. 50,000",0,0,0,0,0,0,0,0
1766340,Professor of Magical Studies,Choice of Games,Choice of Games,17,1,"0 .. 20,000",0,0,0,0,899,899,0,1
1766340,Professor of Magical Studies,Choice of Games,Choice of Games,17,1,"0 .. 20,000",0,0,0,0,899,899,0,1
1768470,The Heroes Around Me,OKJOY,OKJOY,627,24,"20,000 .. 50,000",0,0,0,0,699,699,0,1
1768470,The Heroes Around Me,OKJOY,OKJOY,627,24,"20,000 .. 50,000",0,0,0,0,699,699,0,1
1772950,Outbreak: Contagious Memories,Dead Drop Studios LLC,Dead Drop Studios LLC,20,11,"20,000 .. 50,000",0,0,0,0,2999,2999,0,0
1772950,Outbreak: Contagious Memories,Dead Drop Studios LLC,Dead Drop Studios LLC,20,11,"20,000 .. 50,000",0,0,0,0,2999,2999,0,0
1773060,Shoot Trip Die,Levi Ramirez,Levi Ramirez ,52,8,"0 .. 20,000",0,0,0,0,499,499,0,0
1773060,Shoot Trip Die,Levi Ramirez,Levi Ramirez ,52,8,"0 .. 20,000",0,0,0,0,499,499,0,0
1773540,Tiranogg,Studio Loregard,Studio Loregard,1,1,"0 .. 20,000",0,0,0,0,499,499,0,0
1773540,Tiranogg,Studio Loregard,Studio Loregard,1,1,"0 .. 20,000",0,0,0,0,499,499,0,0
1775860,Space Roguelike Adventure,Anti-Pattern Studio,ChiliDog Interactive,22,5,"20,000 .. 50,000",0,0,0,0,499,499,0,2
1775860,Space Roguelike Adventure,Anti-Pattern Studio,ChiliDog Interactive,22,5,"20,000 .. 50,000",0,0,0,0,499,499,0,2
1778870,Intruder In Antiquonia,Aruma Studios,Aruma Studios,92,9,"20,000 .. 50,000",0,0,0,0,1299,1299,0,0
1778870,Intruder In Antiquonia,Aruma Studios,Aruma Studios,92,9,"20,000 .. 50,000",0,0,0,0,1299,1299,0,0
1780720,Nott Longa,Amhardcore,Amhardcore,18,4,"20,000 .. 50,000",0,0,0,0,499,499,0,0
1780720,Nott Longa,Amhardcore,Amhardcore,18,4,"20,000 .. 50,000",0,0,0,0,499,499,0,0
1782620,Gachi Dash,BumbocsDev,MemesHub,44,12,"20,000 .. 50,000",0,0,0,0,99,99,0,0
1782620,Gachi Dash,BumbocsDev,MemesHub,44,12,"20,000 .. 50,000",0,0,0,0,99,99,0,0
1783700,Gachi Bird,Gachi Master,Gachi Master Games,52,10,"0 .. 20,000",0,0,0,0,99,99,0,0
1783700,Gachi Bird,Gachi Master,Gachi Master Games,52,10,"0 .. 20,000",0,0,0,0,99,99,0,0
1784220,Chesskoban - Chess Puzzles,Heimo Game Studio,Heimo Game Studio,35,2,"20,000 .. 50,000",0,0,0,0,99,99,0,0
1784220,Chesskoban - Chess Puzzles,Heimo Game Studio,Heimo Game Studio,35,2,"20,000 .. 50,000",0,0,0,0,99,99,0,0
1785600,Saboteur,MemaHertz,MemaHertz,4,3,"20,000 .. 50,000",0,0,0,0,0,0,0,0
1785600,Saboteur,MemaHertz,MemaHertz,4,3,"20,000 .. 50,000",0,0,0,0,0,0,0,0
1789030,Maid Cafe on Electric Street,Adventurer's Tavern,PLAYISM,506,89,"50,000 .. 100,000",0,0,0,0,1899,1899,0,22
1789030,Maid Cafe on Electric Street,Adventurer's Tavern,PLAYISM,506,89,"50,000 .. 100,000",0,0,0,0,1899,1899,0,22
1790490,Regular Factory: Escape Room,mc2games,mc2games,192,17,"20,000 .. 50,000",0,0,0,0,999,999,0,2
1790490,Regular Factory: Escape Room,mc2games,mc2games,192,17,"20,000 .. 50,000",0,0,0,0,999,999,0,2
1790580,Castle Mascot,JoyMoon Tech Ltd.,JoyMoon Tech Ltd.,4,0,"20,000 .. 50,000",0,0,0,0,199,199,0,0
1790580,Castle Mascot,JoyMoon Tech Ltd.,JoyMoon Tech Ltd.,4,0,"20,000 .. 50,000",0,0,0,0,199,199,0,0
1792600,Dusk Diver 2,Wanin International,"Justdan International Co., Ltd.",74,7,"0 .. 20,000",0,0,0,0,4999,4999,0,1
1792600,Dusk Diver 2,Wanin International,"Justdan International Co., Ltd.",74,7,"0 .. 20,000",0,0,0,0,4999,4999,0,1
1795960,Twins Edge : Back and Forth,Lovely Games,Lovely Games,129,87,"20,000 .. 50,000",0,0,0,0,399,399,0,0
1795960,Twins Edge : Back and Forth,Lovely Games,Lovely Games,129,87,"20,000 .. 50,000",0,0,0,0,399,399,0,0
1795980,Reborn Tribe,Luper,Luper,16,4,"20,000 .. 50,000",0,0,0,0,699,699,0,0
1795980,Reborn Tribe,Luper,Luper,16,4,"20,000 .. 50,000",0,0,0,0,699,699,0,0
1796610,Winding Road,beans rolls,beans rolls,7,4,"50,000 .. 100,000",0,0,0,0,99,99,0,0
1796610,Winding Road,beans rolls,beans rolls,7,4,"50,000 .. 100,000",0,0,0,0,99,99,0,0
1803690,Ping Pong Pufferfish,Xenon Lu,"WELOVEBOT CO., LTD.",18,3,"0 .. 20,000",0,0,0,0,499,499,0,0
1803690,Ping Pong Pufferfish,Xenon Lu,"WELOVEBOT CO., LTD.",18,3,"0 .. 20,000",0,0,0,0,499,499,0,0
1805070,Another Day in Paradise,Thunder Road Game Studios,Thunder Road Game Studios,4,1,"20,000 .. 50,000",0,0,0,0,1499,1499,0,0
1805070,Another Day in Paradise,Thunder Road Game Studios,Thunder Road Game Studios,4,1,"20,000 .. 50,000",0,0,0,0,1499,1499,0,0
1808250,Archery Land,Looksten Inc.,Looksten Inc.,12,1,"20,000 .. 50,000",0,0,0,0,499,499,0,0
1808250,Archery Land,Looksten Inc.,Looksten Inc.,12,1,"20,000 .. 50,000",0,0,0,0,499,499,0,0
1819450,Koa and the Five Pirates of Mara,"Chibig, Undercoders",Chibig,348,25,"0 .. 20,000",0,0,0,0,1999,1999,0,0
1819450,Koa and the Five Pirates of Mara,"Chibig, Undercoders",Chibig,348,25,"0 .. 20,000",0,0,0,0,1999,1999,0,0
1822450,The Slaverian Trucker,SawyerK Games,SawyerK Games,461,66,"20,000 .. 50,000",0,0,0,0,1199,1199,0,9
1822450,The Slaverian Trucker,SawyerK Games,SawyerK Games,461,66,"20,000 .. 50,000",0,0,0,0,1199,1199,0,9
1824960,Propagation: Paradise Hotel,WanadevStudio,WanadevStudio,670,86,"50,000 .. 100,000",0,0,0,0,1999,1999,0,2
1824960,Propagation: Paradise Hotel,WanadevStudio,WanadevStudio,670,86,"50,000 .. 100,000",0,0,0,0,1999,1999,0,2
1826090,Kalyzmyr,PsychoSeel,PsychoSeel,32,0,"20,000 .. 50,000",0,0,0,0,299,299,0,0
1826090,Kalyzmyr,PsychoSeel,PsychoSeel,32,0,"20,000 .. 50,000",0,0,0,0,299,299,0,0
1827550,Survival Girls,Red Squirrel Tribute Games,Red Squirrel Tribute Games,18,15,"0 .. 20,000",0,0,0,0,0,0,0,0
1827550,Survival Girls,Red Squirrel Tribute Games,Red Squirrel Tribute Games,18,15,"0 .. 20,000",0,0,0,0,0,0,0,0
1831610,ASTRAL - Dream Or Reality,Fireball Studios,Fruity Dragon Interactive,3,4,"20,000 .. 50,000",0,0,0,0,999,999,0,0
1831610,ASTRAL - Dream Or Reality,Fireball Studios,Fruity Dragon Interactive,3,4,"20,000 .. 50,000",0,0,0,0,999,999,0,0
1831850,Plentypede,CRX Entertainment Pte Ltd,Favour Toys Studios,2,1,"20,000 .. 50,000",0,0,0,0,399,399,0,0
1831850,Plentypede,CRX Entertainment Pte Ltd,Favour Toys Studios,2,1,"20,000 .. 50,000",0,0,0,0,399,399,0,0
1836890,Blaster Alert,Big Blaze Games,Big Blaze Games,2,0,"20,000 .. 50,000",0,0,0,0,99,99,0,0
1836890,Blaster Alert,Big Blaze Games,Big Blaze Games,2,0,"20,000 .. 50,000",0,0,0,0,99,99,0,0
1839700,Milk Bottle And Monster Girl,Cartoon Game,Cartoon Game,320,73,"20,000 .. 50,000",0,0,0,0,199,199,0,0
1839700,Milk Bottle And Monster Girl,Cartoon Game,Cartoon Game,320,73,"20,000 .. 50,000",0,0,0,0,199,199,0,0
1842610,Dungeon Wizards,Tubby Turtle Studios,Tubby Turtle Studios,52,5,"20,000 .. 50,000",0,0,0,0,699,699,0,0
1842610,Dungeon Wizards,Tubby Turtle Studios,Tubby Turtle Studios,52,5,"20,000 .. 50,000",0,0,0,0,699,699,0,0
1844640,LiS: Achados & Perdidos dos Confins do Universo,Hybernation,H7 Games,6,0,"20,000 .. 50,000",0,0,0,0,99,99,0,0
1844640,LiS: Achados & Perdidos dos Confins do Universo,Hybernation,H7 Games,6,0,"20,000 .. 50,000",0,0,0,0,99,99,0,0
1848580,WAVECADE,"Andrew Spalato, Lewis Spalato",Spalato Bros,30,2,"20,000 .. 50,000",0,0,0,0,999,999,0,0
1848580,WAVECADE,"Andrew Spalato, Lewis Spalato",Spalato Bros,30,2,"20,000 .. 50,000",0,0,0,0,999,999,0,0
1851020,River City Girls Zero,WayForward,"WayForward, Arc System Works",157,78,"20,000 .. 50,000",0,0,0,0,1499,1499,0,0
1851020,River City Girls Zero,WayForward,"WayForward, Arc System Works",157,78,"20,000 .. 50,000",0,0,0,0,1499,1499,0,0
1853810,Blood Island,Alyson Thiago Lopes,X1 Studio,12,1,"20,000 .. 50,000",0,0,0,0,199,199,0,0
1853810,Blood Island,Alyson Thiago Lopes,X1 Studio,12,1,"20,000 .. 50,000",0,0,0,0,199,199,0,0
1855190,Vektor Z,ZaxtorGameS,ZaxtorGameS,3,2,"0 .. 20,000",0,0,0,0,699,699,0,0
1855190,Vektor Z,ZaxtorGameS,ZaxtorGameS,3,2,"0 .. 20,000",0,0,0,0,699,699,0,0
1869270,Multi Turret Academy,Yulia Games,"Yulia Games, Flashlight Games",1189,53,"50,000 .. 100,000",0,0,0,0,899,899,0,42
1869270,Multi Turret Academy,Yulia Games,"Yulia Games, Flashlight Games",1189,53,"50,000 .. 100,000",0,0,0,0,899,899,0,42
1869560,Yoko Redux: Dreams of a Blue Planet,Missing Sentinel Software,RedTigerPro,15,2,"20,000 .. 50,000",0,0,0,0,249,999,75,0
1869560,Yoko Redux: Dreams of a Blue Planet,Missing Sentinel Software,RedTigerPro,15,2,"20,000 .. 50,000",0,0,0,0,249,999,75,0
1870140,Xuan-Yuan Sword: The Cloud of Han,"DOMO Studio, SOFTSTAR ENTERTAINMENT","方块游戏(CubeGame), SOFTSTAR ENTERTAINMENT",115,32,"20,000 .. 50,000",0,0,0,0,999,999,0,3
1870140,Xuan-Yuan Sword: The Cloud of Han,"DOMO Studio, SOFTSTAR ENTERTAINMENT","方块游戏(CubeGame), SOFTSTAR ENTERTAINMENT",115,32,"20,000 .. 50,000",0,0,0,0,999,999,0,3
1870150,Xuan-Yuan Sword: The Clouds Faraway,"SOFTSTAR ENTERTAINMENT, DOMO Studio","方块游戏(CubeGame), SOFTSTAR ENTERTAINMENT",123,48,"0 .. 20,000",0,0,0,0,999,999,0,10
1870150,Xuan-Yuan Sword: The Clouds Faraway,"SOFTSTAR ENTERTAINMENT, DOMO Studio","方块游戏(CubeGame), SOFTSTAR ENTERTAINMENT",123,48,"0 .. 20,000",0,0,0,0,999,999,0,10
1870220,Empyreal Dawn,blissful beryl,blissful beryl,9,1,"0 .. 20,000",0,0,0,0,2999,2999,0,0
1870220,Empyreal Dawn,blissful beryl,blissful beryl,9,1,"0 .. 20,000",0,0,0,0,2999,2999,0,0
1872740,你画我拼You draw I puzzle,碎片纪元工作室,碎片纪元工作室,59,1,"20,000 .. 50,000",0,0,0,0,0,0,0,1
1872740,你画我拼You draw I puzzle,碎片纪元工作室,碎片纪元工作室,59,1,"20,000 .. 50,000",0,0,0,0,0,0,0,1
1879690,Spirits Chronicles: Born in Flames Collector's Edition,Do Games Limited,Do Games Limited,10,3,"20,000 .. 50,000",0,0,0,0,799,799,0,1
1879690,Spirits Chronicles: Born in Flames Collector's Edition,Do Games Limited,Do Games Limited,10,3,"20,000 .. 50,000",0,0,0,0,799,799,0,1
1881460,admeowture,茄猫,茄猫,1,0,"20,000 .. 50,000",0,0,0,0,599,599,0,0
1881460,admeowture,茄猫,茄猫,1,0,"20,000 .. 50,000",0,0,0,0,599,599,0,0
1883990,The Hepatica Spring,Gallium Games,Argent Games,13,2,"0 .. 20,000",0,0,0,0,0,0,0,0
1883990,The Hepatica Spring,Gallium Games,Argent Games,13,2,"0 .. 20,000",0,0,0,0,0,0,0,0
1884030,One Of The Victims,Almost Joe,AGT - Almost Game Things,3,1,"20,000 .. 50,000",0,0,0,0,199,199,0,0
1884030,One Of The Victims,Almost Joe,AGT - Almost Game Things,3,1,"20,000 .. 50,000",0,0,0,0,199,199,0,0
1891640,AZUR BEAM,"TheBoys, 430Games, Lunacle",430Games,167,53,"20,000 .. 50,000",0,0,0,0,99,199,50,1
1891640,AZUR BEAM,"TheBoys, 430Games, Lunacle",430Games,167,53,"20,000 .. 50,000",0,0,0,0,99,199,50,1
1892600,Red Hero Adventure,Neki4 Electronics,Neki4 Electronics,4,8,"20,000 .. 50,000",0,0,0,0,999,999,0,0
1892600,Red Hero Adventure,Neki4 Electronics,Neki4 Electronics,4,8,"20,000 .. 50,000",0,0,0,0,999,999,0,0
1897480,Devil's Island,Never Say Never,Never Say Never,22,9,"50,000 .. 100,000",0,0,0,0,199,199,0,0
1897480,Devil's Island,Never Say Never,Never Say Never,22,9,"50,000 .. 100,000",0,0,0,0,199,199,0,0
1898630,Space Shrooms RollPlay,Eilidh MacKenzie,QuineTime,1,0,"0 .. 20,000",0,0,0,0,699,699,0,0
1898630,Space Shrooms RollPlay,Eilidh MacKenzie,QuineTime,1,0,"0 .. 20,000",0,0,0,0,699,699,0,0
1899160,Puzzle Mix,GiBar,RoBot,3,5,"20,000 .. 50,000",0,0,0,0,99,99,0,0
1899160,Puzzle Mix,GiBar,RoBot,3,5,"20,000 .. 50,000",0,0,0,0,99,99,0,0
1909030,Planet after us,"Bykov Valera Alekseevich, Kilin Aleksandr Evgenyevich",IE Kilin Aleksandr Evgenyevich,5,1,"0 .. 20,000",0,0,0,0,0,0,0,0
1909030,Planet after us,"Bykov Valera Alekseevich, Kilin Aleksandr Evgenyevich",IE Kilin Aleksandr Evgenyevich,5,1,"0 .. 20,000",0,0,0,0,0,0,0,0
1910360,Burial Stone,Ofer Rubinstein,Ofer Rubinstein,15,3,"20,000 .. 50,000",0,0,0,0,999,999,0,0
1910360,Burial Stone,Ofer Rubinstein,Ofer Rubinstein,15,3,"20,000 .. 50,000",0,0,0,0,999,999,0,0
1911640,Mana Chess,Good Measure Games,Good Measure Games,2,0,"50,000 .. 100,000",0,0,0,0,499,499,0,0
1911640,Mana Chess,Good Measure Games,Good Measure Games,2,0,"50,000 .. 100,000",0,0,0,0,499,499,0,0
1912480,Vacant Planet,Divine Light Games,Divine Light Games,4,5,"0 .. 20,000",0,0,0,0,299,299,0,0
1912480,Vacant Planet,Divine Light Games,Divine Light Games,4,5,"0 .. 20,000",0,0,0,0,299,299,0,0
1918170,Arclight of City,Arrebol studio,Arrebol studio,24,6,"0 .. 20,000",0,0,0,0,399,399,0,0
1918170,Arclight of City,Arrebol studio,Arrebol studio,24,6,"0 .. 20,000",0,0,0,0,399,399,0,0
1920040,One By One,Blessing Company,Blessing Company,4,4,"20,000 .. 50,000",0,0,0,0,55,199,72,0
1920040,One By One,Blessing Company,Blessing Company,4,4,"20,000 .. 50,000",0,0,0,0,55,199,72,0
1927600,Descentium,Canalside Studios,Canalside Studios,4,4,"0 .. 20,000",0,0,0,0,599,599,0,0
1927600,Descentium,Canalside Studios,Canalside Studios,4,4,"0 .. 20,000",0,0,0,0,599,599,0,0
1934340,Epic Pirate,Archor Wright,Archor Games,7,6,"0 .. 20,000",0,0,0,0,69,99,30,0
1934340,Epic Pirate,Archor Wright,Archor Games,7,6,"0 .. 20,000",0,0,0,0,69,99,30,0
1935490,Fluffy Milo,Cozy Village,Cozy Village,47,0,"20,000 .. 50,000",0,0,0,0,99,199,50,0
1935490,Fluffy Milo,Cozy Village,Cozy Village,47,0,"20,000 .. 50,000",0,0,0,0,99,199,50,0
1944000,THE DREADFUL SPACE,Caztellary Studio,Caztellary Studio,16,1,"0 .. 20,000",0,0,0,0,199,199,0,0
1944000,THE DREADFUL SPACE,Caztellary Studio,Caztellary Studio,16,1,"0 .. 20,000",0,0,0,0,199,199,0,0
1945700,Schachkampf - Fantasy Chess,KeyboardKrieger,KeyboardKrieger,16,2,"20,000 .. 50,000",0,0,0,0,499,499,0,0
1945700,Schachkampf - Fantasy Chess,KeyboardKrieger,KeyboardKrieger,16,2,"20,000 .. 50,000",0,0,0,0,499,499,0,0
1951480,Researchity | Open World Survival Game,TheGameMill,TheGameMill,0,1,"20,000 .. 50,000",0,0,0,0,3499,3499,0,0
1951480,Researchity | Open World Survival Game,TheGameMill,TheGameMill,0,1,"20,000 .. 50,000",0,0,0,0,3499,3499,0,0
1952780,Spider Slingers,Status Void Interactive,Status Void Interactive,25,1,"20,000 .. 50,000",0,0,0,0,0,0,0,0
1952780,Spider Slingers,Status Void Interactive,Status Void Interactive,25,1,"20,000 .. 50,000",0,0,0,0,0,0,0,0
1956240,World of Music Interactive Simulator,The Brothers Bourque,The Brothers Bourque,2,0,"0 .. 20,000",0,0,0,0,499,499,0,0
1956240,World of Music Interactive Simulator,The Brothers Bourque,The Brothers Bourque,2,0,"0 .. 20,000",0,0,0,0,499,499,0,0
1957170,The Unsettled,MobiusGames,MobiusGames,8,8,"20,000 .. 50,000",0,0,0,0,699,699,0,0
1957170,The Unsettled,MobiusGames,MobiusGames,8,8,"20,000 .. 50,000",0,0,0,0,699,699,0,0
1957910,Farmland Realm,Leakage Games,Leakage Games,54,38,"20,000 .. 50,000",0,0,0,0,99,99,0,0
1957910,Farmland Realm,Leakage Games,Leakage Games,54,38,"20,000 .. 50,000",0,0,0,0,99,99,0,0
1961780,Gordianaut,Jack Lance,Jack Lance,18,6,"20,000 .. 50,000",0,0,0,0,299,299,0,0
1961780,Gordianaut,Jack Lance,Jack Lance,18,6,"20,000 .. 50,000",0,0,0,0,299,299,0,0
1971190,风墓战记,DogShitStudio,DogShitStudio,20,0,"20,000 .. 50,000",0,0,0,0,99,99,0,0
1971190,风墓战记,DogShitStudio,DogShitStudio,20,0,"20,000 .. 50,000",0,0,0,0,99,99,0,0
1972050,Band Camp Boyfriend,Lovebird Game Studios,Lovebird Game Studios,100,3,"20,000 .. 50,000",0,0,0,0,1999,1999,0,0
1972050,Band Camp Boyfriend,Lovebird Game Studios,Lovebird Game Studios,100,3,"20,000 .. 50,000",0,0,0,0,1999,1999,0,0
1973260,MazezaM - Puzzle Game,eSolutions,eSolutions Nordic AB,4,0,"20,000 .. 50,000",0,0,0,0,499,499,0,0
1973260,MazezaM - Puzzle Game,eSolutions,eSolutions Nordic AB,4,0,"20,000 .. 50,000",0,0,0,0,499,499,0,0
1973310,Phoenix Springs,Calligram Studio,Calligram Studio,169,13,"0 .. 20,000",0,0,0,0,1499,1499,0,0
1973310,Phoenix Springs,Calligram Studio,Calligram Studio,169,13,"0 .. 20,000",0,0,0,0,1499,1499,0,0
1975090,Fusion Nexus: Alchemic Evolution,Dark Royalty Studios,Dark Royalty Studios,4,0,"0 .. 20,000",0,0,0,0,199,199,0,0
1975090,Fusion Nexus: Alchemic Evolution,Dark Royalty Studios,Dark Royalty Studios,4,0,"0 .. 20,000",0,0,0,0,199,199,0,0
1977960,Battlerace,TieDeveloper,TieDeveloper,68,13,"20,000 .. 50,000",0,0,0,0,199,199,0,0
1977960,Battlerace,TieDeveloper,TieDeveloper,68,13,"20,000 .. 50,000",0,0,0,0,199,199,0,0
1985930,The Backrooms 1998 - Found Footage Survival Horror Game,Steelkrill Studio,Steelkrill Studio,649,111,"20,000 .. 50,000",0,0,0,0,999,999,0,2
1985930,The Backrooms 1998 - Found Footage Survival Horror Game,Steelkrill Studio,Steelkrill Studio,649,111,"20,000 .. 50,000",0,0,0,0,999,999,0,2
1986790,Seeking Light,"Lucky Dodo, ESAT",ESAT,34,15,"0 .. 20,000",0,0,0,0,0,0,0,0
1986790,Seeking Light,"Lucky Dodo, ESAT",ESAT,34,15,"0 .. 20,000",0,0,0,0,0,0,0,0
1989650,Hearts United,Zenith Games,Zenith Games,1,1,"20,000 .. 50,000",0,0,0,0,999,999,0,0
1989650,Hearts United,Zenith Games,Zenith Games,1,1,"20,000 .. 50,000",0,0,0,0,999,999,0,0
1989770,Chickenoidz Super Party,RaveGameDev,RaveGameDev,50,1,"0 .. 20,000",0,0,0,0,999,999,0,0
1989770,Chickenoidz Super Party,RaveGameDev,RaveGameDev,50,1,"0 .. 20,000",0,0,0,0,999,999,0,0
1990110,SpellRogue,Guidelight Games,Ghost Ship Publishing,1081,154,"50,000 .. 100,000",0,0,0,0,1999,1999,0,81
1990110,SpellRogue,Guidelight Games,Ghost Ship Publishing,1081,154,"50,000 .. 100,000",0,0,0,0,1999,1999,0,81
1990400,Tales of Agaris,Metthink,Metthink Universe,20,5,"20,000 .. 50,000",0,0,0,0,0,0,0,0
1990400,Tales of Agaris,Metthink,Metthink Universe,20,5,"20,000 .. 50,000",0,0,0,0,0,0,0,0
1990740,Barro GT,SC Jogos,SC Jogos,399,79,"100,000 .. 200,000",0,0,0,0,499,499,0,1
1990740,Barro GT,SC Jogos,SC Jogos,399,79,"100,000 .. 200,000",0,0,0,0,499,499,0,1
1991420,SuperDuck!,Gamer Bear,Gamer Bear,2,2,"20,000 .. 50,000",0,0,0,0,399,399,0,0
1991420,SuperDuck!,Gamer Bear,Gamer Bear,2,2,"20,000 .. 50,000",0,0,0,0,399,399,0,0
1994510,Upirja,Sgriu Soft,Sgriu Soft,7,0,"20,000 .. 50,000",0,0,0,0,399,399,0,0
1994510,Upirja,Sgriu Soft,Sgriu Soft,7,0,"20,000 .. 50,000",0,0,0,0,399,399,0,0
2000160,Music Store Simulator,Crystalia Games,"CreativeForge Games, PlayWay S.A.",109,67,"20,000 .. 50,000",0,0,0,0,2499,2499,0,1
2000160,Music Store Simulator,Crystalia Games,"CreativeForge Games, PlayWay S.A.",109,67,"20,000 .. 50,000",0,0,0,0,2499,2499,0,1
2004080,Furnish Master,Alex Blintsov,Alex Blintsov,668,139,"50,000 .. 100,000",0,0,0,0,1499,1499,0,22
2004080,Furnish Master,Alex Blintsov,Alex Blintsov,668,139,"50,000 .. 100,000",0,0,0,0,1499,1499,0,22
2005000,Cool Game,Cool Games Studio,Cool Games Studio,8,6,"20,000 .. 50,000",0,0,0,0,99,99,0,0
2005000,Cool Game,Cool Games Studio,Cool Games Studio,8,6,"20,000 .. 50,000",0,0,0,0,99,99,0,0
2006310,我感染HIV了吗,硬石工作室,硬石工作室,5,0,"20,000 .. 50,000",0,0,0,0,99,99,0,0
2006310,我感染HIV了吗,硬石工作室,硬石工作室,5,0,"20,000 .. 50,000",0,0,0,0,99,99,0,0
2006730,Godumas,Moist Dog studio,Moist Dog studio,94,88,"20,000 .. 50,000",0,0,0,0,0,0,0,0
2006730,Godumas,Moist Dog studio,Moist Dog studio,94,88,"20,000 .. 50,000",0,0,0,0,0,0,0,0
2008050,Right and Down,mc2games,mc2games,169,47,"0 .. 20,000",0,0,0,0,999,999,0,2
2008050,Right and Down,mc2games,mc2games,169,47,"0 .. 20,000",0,0,0,0,999,999,0,2
2008330,Lost in Hell,Luan Prates de Souza,Luan Prates de Souza,11,8,"20,000 .. 50,000",0,0,0,0,499,499,0,0
2008330,Lost in Hell,Luan Prates de Souza,Luan Prates de Souza,11,8,"20,000 .. 50,000",0,0,0,0,499,499,0,0
2008560,วีรบุรุษไร้พลัง ไข่ต้ม,OKCITY,OKCITY,11,0,"20,000 .. 50,000",0,0,0,0,174,699,75,0
2008560,วีรบุรุษไร้พลัง ไข่ต้ม,OKCITY,OKCITY,11,0,"20,000 .. 50,000",0,0,0,0,174,699,75,0
2015830,Pingo Adventure,Orb Square Studio,Orb Square Studio,5,10,"0 .. 20,000",0,0,0,0,999,999,0,0
2015830,Pingo Adventure,Orb Square Studio,Orb Square Studio,5,10,"0 .. 20,000",0,0,0,0,999,999,0,0
2018380,Neon Invaders,Paul Connor,Paul Connor,13,1,"20,000 .. 50,000",0,0,0,0,499,499,0,0
2018380,Neon Invaders,Paul Connor,Paul Connor,13,1,"20,000 .. 50,000",0,0,0,0,499,499,0,0
2020860,Rush Rally 3,Brownmonster Limited,Brownmonster Limited,616,38,"20,000 .. 50,000",0,0,0,0,1499,1499,0,8
2020860,Rush Rally 3,Brownmonster Limited,Brownmonster Limited,616,38,"20,000 .. 50,000",0,0,0,0,1499,1499,0,8
2025550,Hacker life simulator,DFRGAMES,DFRGAMES,11,8,"20,000 .. 50,000",0,0,0,0,99,99,0,0
2025550,Hacker life simulator,DFRGAMES,DFRGAMES,11,8,"20,000 .. 50,000",0,0,0,0,99,99,0,0
2026750,Astra Protocol 2,Slice Bar Games,Slice Bar Games,26,3,"20,000 .. 50,000",0,0,0,0,699,699,0,0
2026750,Astra Protocol 2,Slice Bar Games,Slice Bar Games,26,3,"20,000 .. 50,000",0,0,0,0,699,699,0,0
2050680,Warbox Sandbox,Madar Games,Madar Games,213,55,"20,000 .. 50,000",0,0,0,0,699,699,0,4
2050680,Warbox Sandbox,Madar Games,Madar Games,213,55,"20,000 .. 50,000",0,0,0,0,699,699,0,4
2052040,Golden Lap,"Funselektor Labs Inc., Strelka Games",Funselektor Labs Inc.,380,59,"0 .. 20,000",0,0,0,0,1499,1499,0,74
2052040,Golden Lap,"Funselektor Labs Inc., Strelka Games",Funselektor Labs Inc.,380,59,"0 .. 20,000",0,0,0,0,1499,1499,0,74
2054730,Tempusia,"Vkev, Kither",KitherVkev,11,4,"20,000 .. 50,000",0,0,0,0,0,0,0,0
2054730,Tempusia,"Vkev, Kither",KitherVkev,11,4,"20,000 .. 50,000",0,0,0,0,0,0,0,0
2057970,Rainy Butcher,"Genunie Studio, 傅真","Genunie Studio, Paras Games",61,25,"50,000 .. 100,000",0,0,0,0,599,599,0,1
2057970,Rainy Butcher,"Genunie Studio, 傅真","Genunie Studio, Paras Games",61,25,"50,000 .. 100,000",0,0,0,0,599,599,0,1
2058220,Artifacts of Eyru,Trapped Studios,Trapped Studios,2,1,"20,000 .. 50,000",0,0,0,0,299,299,0,0
2058220,Artifacts of Eyru,Trapped Studios,Trapped Studios,2,1,"20,000 .. 50,000",0,0,0,0,299,299,0,0
2063560,Space Route,"Space R Studio, Gamesforgames","Space R Studio, Gamesforgames",11,2,"20,000 .. 50,000",0,0,0,0,124,2499,95,0
2063560,Space Route,"Space R Studio, Gamesforgames","Space R Studio, Gamesforgames",11,2,"20,000 .. 50,000",0,0,0,0,124,2499,95,0
2064490,Art Reborn: Painting Connoisseur,MuccyGames,MuccyGames,319,17,"0 .. 20,000",0,0,0,0,699,699,0,0
2064490,Art Reborn: Painting Connoisseur,MuccyGames,MuccyGames,319,17,"0 .. 20,000",0,0,0,0,699,699,0,0
2064950,Alone Again: The Countryside,Paulo Sacilotti Junior,Half Moon Game Development,20,6,"20,000 .. 50,000",0,0,0,0,1079,1079,0,0
2064950,Alone Again: The Countryside,Paulo Sacilotti Junior,Half Moon Game Development,20,6,"20,000 .. 50,000",0,0,0,0,1079,1079,0,0
2066960,New Tanks,PS Games,PS Games,15,2,"20,000 .. 50,000",0,0,0,0,499,499,0,0
2066960,New Tanks,PS Games,PS Games,15,2,"20,000 .. 50,000",0,0,0,0,499,499,0,0
2074480,Sunset Routes,Renka,Renka,474,21,"20,000 .. 50,000",0,0,0,0,99,99,0,3
2074480,Sunset Routes,Renka,Renka,474,21,"20,000 .. 50,000",0,0,0,0,99,99,0,3
2075230,Witch girl got killed.,AlleyInn,AlleyInn,4,0,"20,000 .. 50,000",0,0,0,0,299,299,0,0
2075230,Witch girl got killed.,AlleyInn,AlleyInn,4,0,"20,000 .. 50,000",0,0,0,0,299,299,0,0
2076140,Tavern Talk - A Cozy Visual Novel,Gentle Troll Entertainment,Gentle Troll Entertainment,1321,146,"20,000 .. 50,000",0,0,0,0,1799,1799,0,20
2076140,Tavern Talk - A Cozy Visual Novel,Gentle Troll Entertainment,Gentle Troll Entertainment,1321,146,"20,000 .. 50,000",0,0,0,0,1799,1799,0,20
2077310,GogMagog,Single A Games,Single A Games,37,21,"100,000 .. 200,000",0,0,0,0,0,0,0,0
2077310,GogMagog,Single A Games,Single A Games,37,21,"100,000 .. 200,000",0,0,0,0,0,0,0,0
2077580,Destroiders,Andrew Jackson,Knicker Twister Games,2,0,"20,000 .. 50,000",0,0,0,0,399,399,0,0
2077580,Destroiders,Andrew Jackson,Knicker Twister Games,2,0,"20,000 .. 50,000",0,0,0,0,399,399,0,0
2077720,Moth Lake: A Horror Story,Stefano Mazzotta (Il Sui),Sui Arts,79,16,"0 .. 20,000",0,0,0,0,799,799,0,0
2077720,Moth Lake: A Horror Story,Stefano Mazzotta (Il Sui),Sui Arts,79,16,"0 .. 20,000",0,0,0,0,799,799,0,0
2086580,Hiddens Awakening,ITDL Games,ITDL Games,5,0,"50,000 .. 100,000",0,0,0,0,0,0,0,0
2086580,Hiddens Awakening,ITDL Games,ITDL Games,5,0,"50,000 .. 100,000",0,0,0,0,0,0,0,0
2091620,Septaroad Voyager,"Rockwell Studios, LLC","Rockwell Studios, LLC",27,3,"20,000 .. 50,000",0,0,0,0,1499,1499,0,0
2091620,Septaroad Voyager,"Rockwell Studios, LLC","Rockwell Studios, LLC",27,3,"20,000 .. 50,000",0,0,0,0,1499,1499,0,0
2093020,Lonely White,Nomary,PsychoFlux Entertainment,22,0,"20,000 .. 50,000",0,0,0,0,299,299,0,0
2093020,Lonely White,Nomary,PsychoFlux Entertainment,22,0,"20,000 .. 50,000",0,0,0,0,299,299,0,0
2093110,Sharp Eyed,Jonas Herfindal,Jonas Herfindal,3,0,"20,000 .. 50,000",0,0,0,0,199,199,0,0
2093110,Sharp Eyed,Jonas Herfindal,Jonas Herfindal,3,0,"20,000 .. 50,000",0,0,0,0,199,199,0,0
2093640,Hook&Loop - The VELKRO Man,fknE,fknE,16,2,"20,000 .. 50,000",0,0,0,0,99,999,90,0
2093640,Hook&Loop - The VELKRO Man,fknE,fknE,16,2,"20,000 .. 50,000",0,0,0,0,99,999,90,0
2101760,Magus Pocus,Storm Wizard Studios,Storm Wizard Studios,1,1,"20,000 .. 50,000",0,0,0,0,99,99,0,0
2101760,Magus Pocus,Storm Wizard Studios,Storm Wizard Studios,1,1,"20,000 .. 50,000",0,0,0,0,99,99,0,0
2114190,Interstellar Turtle Legend,HappyHorse Studio,HappyHorse Studio,3,0,"20,000 .. 50,000",0,0,0,0,99,99,0,0
2114190,Interstellar Turtle Legend,HappyHorse Studio,HappyHorse Studio,3,0,"20,000 .. 50,000",0,0,0,0,99,99,0,0
2114440,Elland: The Crystal Wars,"Soft Brigade, AUK Play","Pixel Games UK, Retro Room Games",3,0,"20,000 .. 50,000",0,0,0,0,1199,1199,0,0
2114440,Elland: The Crystal Wars,"Soft Brigade, AUK Play","Pixel Games UK, Retro Room Games",3,0,"20,000 .. 50,000",0,0,0,0,1199,1199,0,0
2119740,United heist,No more Sleep,No more Sleep,1482,317,"50,000 .. 100,000",0,0,0,0,0,0,0,5
2119740,United heist,No more Sleep,No more Sleep,1482,317,"50,000 .. 100,000",0,0,0,0,0,0,0,5
2120830,Mortal Dark,Marius Popa,Marius Popa,3,1,"20,000 .. 50,000",0,0,0,0,399,399,0,0
2120830,Mortal Dark,Marius Popa,Marius Popa,3,1,"20,000 .. 50,000",0,0,0,0,399,399,0,0
2125090,Tintin Reporter - Cigars of the Pharaoh,Pendulo Studios,Microids,164,122,"0 .. 20,000",0,0,0,0,3999,3999,0,1
2125090,Tintin Reporter - Cigars of the Pharaoh,Pendulo Studios,Microids,164,122,"0 .. 20,000",0,0,0,0,3999,3999,0,1
2133040,荆轲新传（重制版）,艾露比工作室,艾露比工作室,7,3,"0 .. 20,000",0,0,0,0,499,499,0,0
2133040,荆轲新传（重制版）,艾露比工作室,艾露比工作室,7,3,"0 .. 20,000",0,0,0,0,499,499,0,0
2136970,Are You Afraid of the Dark,Spilevoi Bogdan,Spilevoi Bogdan,4,1,"20,000 .. 50,000",0,0,0,0,299,299,0,0
2136970,Are You Afraid of the Dark,Spilevoi Bogdan,Spilevoi Bogdan,4,1,"20,000 .. 50,000",0,0,0,0,299,299,0,0
2137920,Umbra,Leslie Phillips,Leslie Phillips,20,2,"20,000 .. 50,000",0,0,0,0,399,399,0,0
2137920,Umbra,Leslie Phillips,Leslie Phillips,20,2,"20,000 .. 50,000",0,0,0,0,399,399,0,0
2138580,Exotica: Petshop Simulator,Konrul Game,Konrul Game,410,78,"0 .. 20,000",0,0,0,0,799,799,0,1
2138580,Exotica: Petshop Simulator,Konrul Game,Konrul Game,410,78,"0 .. 20,000",0,0,0,0,799,799,0,1
2138780,CashGrab,Grabba Guild Games LLC,Grabba Guild Games LLC,133,11,"50,000 .. 100,000",0,0,0,0,293,293,0,0
2138780,CashGrab,Grabba Guild Games LLC,Grabba Guild Games LLC,133,11,"50,000 .. 100,000",0,0,0,0,293,293,0,0
2140100,Whisker Squadron: Survivor,Flippfly LLC,Flippfly LLC,395,82,"20,000 .. 50,000",0,0,0,0,899,1999,55,2
2140100,Whisker Squadron: Survivor,Flippfly LLC,Flippfly LLC,395,82,"20,000 .. 50,000",0,0,0,0,899,1999,55,2
2142160,Turlock Holmes,Find the Lamp Games,Neverland Entertainment,645,156,"50,000 .. 100,000",0,0,0,0,999,999,0,14
2142160,Turlock Holmes,Find the Lamp Games,Neverland Entertainment,645,156,"50,000 .. 100,000",0,0,0,0,999,999,0,14
2149870,Closer To Home,itamu,itamu,54,1,"20,000 .. 50,000",0,0,0,0,999,999,0,0
2149870,Closer To Home,itamu,itamu,54,1,"20,000 .. 50,000",0,0,0,0,999,999,0,0
2155460,Orbital Clash,Nothing Box,Nothing Box,5,1,"20,000 .. 50,000",0,0,0,0,199,199,0,0
2155460,Orbital Clash,Nothing Box,Nothing Box,5,1,"20,000 .. 50,000",0,0,0,0,199,199,0,0
2156300,Unscripted,Undergrad Studios,Undergrad Studios,46,63,"20,000 .. 50,000",0,0,0,0,0,0,0,0
2156300,Unscripted,Undergrad Studios,Undergrad Studios,46,63,"20,000 .. 50,000",0,0,0,0,0,0,0,0
2162160,The Passenger,Hosted Games,Hosted Games,104,11,"20,000 .. 50,000",0,0,0,0,699,699,0,0
2162160,The Passenger,Hosted Games,Hosted Games,104,11,"20,000 .. 50,000",0,0,0,0,699,699,0,0
2163600,Tomb of the Dead,Cult Software,Cult Software,4,2,"20,000 .. 50,000",0,0,0,0,499,499,0,0
2163600,Tomb of the Dead,Cult Software,Cult Software,4,2,"20,000 .. 50,000",0,0,0,0,499,499,0,0
2170170,Gallery : Moa's Room,Lee Geon Jae,Lee Geon Jae,3,2,"20,000 .. 50,000",0,0,0,0,99,99,0,0
2170170,Gallery : Moa's Room,Lee Geon Jae,Lee Geon Jae,3,2,"20,000 .. 50,000",0,0,0,0,99,99,0,0
2177060,The Lost Village,CODE BELL,CODE BELL,6,7,"20,000 .. 50,000",0,0,0,0,299,299,0,0
2177060,The Lost Village,CODE BELL,CODE BELL,6,7,"20,000 .. 50,000",0,0,0,0,299,299,0,0
2178130,Bomber Command,"Silent S Studios, LLC","Silent S Studios, LLC",10,13,"20,000 .. 50,000",0,0,0,0,1499,1499,0,0
2178130,Bomber Command,"Silent S Studios, LLC","Silent S Studios, LLC",10,13,"20,000 .. 50,000",0,0,0,0,1499,1499,0,0
2181350,SAVE THE EARTH,MoonlightGames,MoonlightGames,7,2,"20,000 .. 50,000",0,0,0,0,199,199,0,0
2181350,SAVE THE EARTH,MoonlightGames,MoonlightGames,7,2,"20,000 .. 50,000",0,0,0,0,199,199,0,0
2183360,ROOT,SJR Team,SJR Team,5,1,"0 .. 20,000",0,0,0,0,1999,1999,0,0
2183360,ROOT,SJR Team,SJR Team,5,1,"0 .. 20,000",0,0,0,0,1999,1999,0,0
2183380,DobbyxEscape: Halloween Adventure,LKMAD,LKMAD,4,0,"0 .. 20,000",0,0,0,0,299,299,0,0
2183380,DobbyxEscape: Halloween Adventure,LKMAD,LKMAD,4,0,"0 .. 20,000",0,0,0,0,299,299,0,0
2184110,SURVIVAL IN THE BACKROOMS, Astra Playroom, Astra Playroom,14,6,"20,000 .. 50,000",0,0,0,0,199,199,0,0
2184110,SURVIVAL IN THE BACKROOMS, Astra Playroom, Astra Playroom,14,6,"20,000 .. 50,000",0,0,0,0,199,199,0,0
2187340,ExoColony: Planet Survival,Simplemole,Simplemole,18,5,"20,000 .. 50,000",0,0,0,0,1199,1199,0,0
2187340,ExoColony: Planet Survival,Simplemole,Simplemole,18,5,"20,000 .. 50,000",0,0,0,0,1199,1199,0,0
2198620,Kingdoms Of Ereloth,Arcadius Entertainment,Arcadius Entertainment,11,107,"0 .. 20,000",0,0,0,0,0,0,0,0
2198620,Kingdoms Of Ereloth,Arcadius Entertainment,Arcadius Entertainment,11,107,"0 .. 20,000",0,0,0,0,0,0,0,0
2203730,IN THE BUILDING: CATS,Laush Dmitriy Sergeevich,Laush Studio,94,20,"20,000 .. 50,000",0,0,0,0,199,199,0,0
2203730,IN THE BUILDING: CATS,Laush Dmitriy Sergeevich,Laush Studio,94,20,"20,000 .. 50,000",0,0,0,0,199,199,0,0
2204350,Midnight Heist,MediaTale,MediaTale,364,24,"0 .. 20,000",0,0,0,0,999,999,0,6
2204350,Midnight Heist,MediaTale,MediaTale,364,24,"0 .. 20,000",0,0,0,0,999,999,0,6
2205270,Cuana,AWN Games,AWN Games,9,1,"20,000 .. 50,000",0,0,0,0,699,699,0,0
2205270,Cuana,AWN Games,AWN Games,9,1,"20,000 .. 50,000",0,0,0,0,699,699,0,0
2211870,HOSPICE Vol. 1,Dima Fyuriy,Dima Fyuriy,18,9,"20,000 .. 50,000",0,0,0,0,0,0,0,0
2211870,HOSPICE Vol. 1,Dima Fyuriy,Dima Fyuriy,18,9,"20,000 .. 50,000",0,0,0,0,0,0,0,0
2213610,A Shaman's Ballard,Retroactive Fort,Retroactive Fort,1,1,"20,000 .. 50,000",0,0,0,0,499,499,0,0
2213610,A Shaman's Ballard,Retroactive Fort,Retroactive Fort,1,1,"20,000 .. 50,000",0,0,0,0,499,499,0,0
2219830,Ricky's Rockin' Arcade,Bandit Games,Bandit Games,5,0,"20,000 .. 50,000",0,0,0,0,0,0,0,0
2219830,Ricky's Rockin' Arcade,Bandit Games,Bandit Games,5,0,"20,000 .. 50,000",0,0,0,0,0,0,0,0
2225560,Maid_hunter,Tamno,Tamno,2,0,"20,000 .. 50,000",0,0,0,0,99,99,0,0
2225560,Maid_hunter,Tamno,Tamno,2,0,"20,000 .. 50,000",0,0,0,0,99,99,0,0
2226090,Athena Code,ACKOSMIC Games,ACKOSMIC Games,2,2,"20,000 .. 50,000",0,0,0,0,399,399,0,0
2226090,Athena Code,ACKOSMIC Games,ACKOSMIC Games,2,2,"20,000 .. 50,000",0,0,0,0,399,399,0,0
2227340,DFL2,Thomas Dhaussy,Thomas Dhaussy,3,1,"0 .. 20,000",0,0,0,0,99,99,0,0
2227340,DFL2,Thomas Dhaussy,Thomas Dhaussy,3,1,"0 .. 20,000",0,0,0,0,99,99,0,0
2228280,MEMORIAPOLIS,5PM Studio,5PM Studio,1206,348,"50,000 .. 100,000",0,0,0,0,3200,3200,0,41
2228280,MEMORIAPOLIS,5PM Studio,5PM Studio,1206,348,"50,000 .. 100,000",0,0,0,0,3200,3200,0,41
2236480,僵尸（THE JIANG SHI）,谭浩翔,谭浩翔,15,16,"20,000 .. 50,000",0,0,0,0,99,99,0,0
2236480,僵尸（THE JIANG SHI）,谭浩翔,谭浩翔,15,16,"20,000 .. 50,000",0,0,0,0,99,99,0,0
2238900,STAR OCEAN THE SECOND STORY R,"Square Enix, Gemdrops, Inc.",Square Enix,3183,188,"100,000 .. 200,000",0,0,0,0,2499,4999,50,33
2238900,STAR OCEAN THE SECOND STORY R,"Square Enix, Gemdrops, Inc.",Square Enix,3183,188,"100,000 .. 200,000",0,0,0,0,2499,4999,50,33
2246110,Q REMASTERED,"liica, Inc.","liica, Inc.",336,61,"50,000 .. 100,000",0,0,0,0,629,899,30,16
2246110,Q REMASTERED,"liica, Inc.","liica, Inc.",336,61,"50,000 .. 100,000",0,0,0,0,629,899,30,16
2246400,Confabulation,Authogin,Authogin,90,5,"20,000 .. 50,000",0,0,0,0,499,499,0,0
2246400,Confabulation,Authogin,Authogin,90,5,"20,000 .. 50,000",0,0,0,0,499,499,0,0
2258040,World of Turtle,"Jack Le Hamster, Vincent Le Quang",Dobuki Studio,11,1,"0 .. 20,000",0,0,0,0,499,499,0,0
2258040,World of Turtle,"Jack Le Hamster, Vincent Le Quang",Dobuki Studio,11,1,"0 .. 20,000",0,0,0,0,499,499,0,0
2266010,The Reacher,CodingApe Games,Vulpis Yazilim,2,0,"20,000 .. 50,000",0,0,0,0,499,499,0,0
2266010,The Reacher,CodingApe Games,Vulpis Yazilim,2,0,"20,000 .. 50,000",0,0,0,0,499,499,0,0
2266500,NUSNUR,Team PARAFOX,Team PARAFOX,20,1,"20,000 .. 50,000",0,0,0,0,499,499,0,1
2266500,NUSNUR,Team PARAFOX,Team PARAFOX,20,1,"20,000 .. 50,000",0,0,0,0,499,499,0,1
2268000,The Multi Maze,Two Wild and Crazy,Wilds Server Hosting,2,0,"20,000 .. 50,000",0,0,0,0,99,99,0,0
2268000,The Multi Maze,Two Wild and Crazy,Wilds Server Hosting,2,0,"20,000 .. 50,000",0,0,0,0,99,99,0,0
2272290,Bottoms Up!: Part 1,Hopsbrook Studios,Hopsbrook Studios,16,0,"20,000 .. 50,000",0,0,0,0,299,299,0,0
2272290,Bottoms Up!: Part 1,Hopsbrook Studios,Hopsbrook Studios,16,0,"20,000 .. 50,000",0,0,0,0,299,299,0,0
2274550,Cycle Chaser H-5,PD_CGT,PD_CGT,28,3,"20,000 .. 50,000",0,0,0,0,599,599,0,0
2274550,Cycle Chaser H-5,PD_CGT,PD_CGT,28,3,"20,000 .. 50,000",0,0,0,0,599,599,0,0
2275130,Rope Bowling,Tuga Studios,Tuga Studios,1,0,"0 .. 20,000",0,0,0,0,299,299,0,0
2275130,Rope Bowling,Tuga Studios,Tuga Studios,1,0,"0 .. 20,000",0,0,0,0,299,299,0,0
2276420,绝命游歌,"DreamStep, Wild Kid Games",Lightning Games,184,30,"20,000 .. 50,000",0,0,0,0,699,699,0,2
2276420,绝命游歌,"DreamStep, Wild Kid Games",Lightning Games,184,30,"20,000 .. 50,000",0,0,0,0,699,699,0,2
2278380,Haunting of the Evil Spirit - Horror Choose your own adventure Novel,Amin Adukov,Amin Adukov,2,0,"20,000 .. 50,000",0,0,0,0,599,599,0,0
2278380,Haunting of the Evil Spirit - Horror Choose your own adventure Novel,Amin Adukov,Amin Adukov,2,0,"20,000 .. 50,000",0,0,0,0,599,599,0,0
2285410,Leta Adventure,CarlPlay,CarlPlay,2,0,"0 .. 20,000",0,0,0,0,2499,2499,0,0
2285410,Leta Adventure,CarlPlay,CarlPlay,2,0,"0 .. 20,000",0,0,0,0,2499,2499,0,0
2288210,三国真龙传,怪侠一枝梅,怪侠一枝梅工作室,383,90,"0 .. 20,000",0,0,0,0,249,499,50,1
2288210,三国真龙传,怪侠一枝梅,怪侠一枝梅工作室,383,90,"0 .. 20,000",0,0,0,0,249,499,50,1
2291880,Murder Is Game Over: Streaming Death,HitherYon Games,HitherYon Games,27,0,"20,000 .. 50,000",0,0,0,0,499,499,0,0
2291880,Murder Is Game Over: Streaming Death,HitherYon Games,HitherYon Games,27,0,"20,000 .. 50,000",0,0,0,0,499,499,0,0
2294290,Pandora,Sucurema GmbH,Sucurema GmbH,4,0,"20,000 .. 50,000",0,0,0,0,999,999,0,0
2294290,Pandora,Sucurema GmbH,Sucurema GmbH,4,0,"20,000 .. 50,000",0,0,0,0,999,999,0,0
2294880,Bodhi 'n' Friends,Lachlan Shelton,Bloody Vulpine,23,1,"20,000 .. 50,000",0,0,0,0,599,599,0,0
2294880,Bodhi 'n' Friends,Lachlan Shelton,Bloody Vulpine,23,1,"20,000 .. 50,000",0,0,0,0,599,599,0,0
2295930,Dongeng Bayang Kulit,No One Studios,No One Studios,1,0,"50,000 .. 100,000",0,0,0,0,400,400,0,0
2295930,Dongeng Bayang Kulit,No One Studios,No One Studios,1,0,"50,000 .. 100,000",0,0,0,0,400,400,0,0
2299040,DIGITAL EXORCIST case_(0);,COOL BEANS PRODUCTIONS,COOL BEANS PRODUCTIONS,130,9,"20,000 .. 50,000",0,0,0,0,0,0,0,0
2299040,DIGITAL EXORCIST case_(0);,COOL BEANS PRODUCTIONS,COOL BEANS PRODUCTIONS,130,9,"20,000 .. 50,000",0,0,0,0,0,0,0,0
2299840,Memory Land Extreme,Cosy Computer,Cosy Computer,7,0,"0 .. 20,000",0,0,0,0,0,0,0,0
2299840,Memory Land Extreme,Cosy Computer,Cosy Computer,7,0,"0 .. 20,000",0,0,0,0,0,0,0,0
2306160,MULTIPLAYER KNIGHTS,Archor Wright,Archor Games,19,10,"20,000 .. 50,000",0,0,0,0,99,99,0,0
2306160,MULTIPLAYER KNIGHTS,Archor Wright,Archor Games,19,10,"20,000 .. 50,000",0,0,0,0,99,99,0,0
2310630,Citizens: On Mars,RedKar Devs,"RedKar Devs, CreativeForge Games",4,8,"20,000 .. 50,000",0,0,0,0,249,499,50,0
2310630,Citizens: On Mars,RedKar Devs,"RedKar Devs, CreativeForge Games",4,8,"20,000 .. 50,000",0,0,0,0,249,499,50,0
2311540,Basketball Pinball,Super PowerUp Games,Super PowerUp Games,1,1,"20,000 .. 50,000",0,0,0,0,224,299,25,0
2311540,Basketball Pinball,Super PowerUp Games,Super PowerUp Games,1,1,"20,000 .. 50,000",0,0,0,0,224,299,25,0
2315130,Happy,Rosa Special Studio,Rosa Special Studio,6,22,"50,000 .. 100,000",0,0,0,0,699,699,0,0
2315130,Happy,Rosa Special Studio,Rosa Special Studio,6,22,"50,000 .. 100,000",0,0,0,0,699,699,0,0
2316880,Fabulous Field Trip,EnsenaSoft,EnsenaSoft,1,0,"20,000 .. 50,000",0,0,0,0,1499,1499,0,0
2316880,Fabulous Field Trip,EnsenaSoft,EnsenaSoft,1,0,"20,000 .. 50,000",0,0,0,0,1499,1499,0,0
2324110,FMTC,FMTC,FMTC,45,12,"20,000 .. 50,000",0,0,0,0,700,700,0,70
2324110,FMTC,FMTC,FMTC,45,12,"20,000 .. 50,000",0,0,0,0,700,700,0,70
2326960,Battle of Hořice 1423,Petr Šimůnek,Petr Šimůnek,15,8,"20,000 .. 50,000",0,0,0,0,599,599,0,0
2326960,Battle of Hořice 1423,Petr Šimůnek,Petr Šimůnek,15,8,"20,000 .. 50,000",0,0,0,0,599,599,0,0
2332540,Riftania,Rift Haven,Zachary Sullivan,4,0,"50,000 .. 100,000",0,0,0,0,1199,1199,0,0
2332540,Riftania,Rift Haven,Zachary Sullivan,4,0,"50,000 .. 100,000",0,0,0,0,1199,1199,0,0
2334250,Miuratale,"Carrion Wave LLC, Studio Nemi",Carrion Wave LLC,3,0,"20,000 .. 50,000",0,0,0,0,1299,1299,0,0
2334250,Miuratale,"Carrion Wave LLC, Studio Nemi",Carrion Wave LLC,3,0,"20,000 .. 50,000",0,0,0,0,1299,1299,0,0
2334850,SHIRIME: The Curse of Butt-Eye,"7TaleZ, 100 Creepy Tales","7TaleZ, 100 Creepy Tales",51,11,"0 .. 20,000",0,0,0,0,399,399,0,0
2334850,SHIRIME: The Curse of Butt-Eye,"7TaleZ, 100 Creepy Tales","7TaleZ, 100 Creepy Tales",51,11,"0 .. 20,000",0,0,0,0,399,399,0,0
2335690,The House of E.,Gamenastica Studios,Gamenastica Studios,57,3,"0 .. 20,000",0,0,0,0,0,0,0,0
2335690,The House of E.,Gamenastica Studios,Gamenastica Studios,57,3,"0 .. 20,000",0,0,0,0,0,0,0,0
2337360,Story of the Olivia,Uğur ÇELİK,Uğur ÇELİK,0,4,"20,000 .. 50,000",0,0,0,0,1299,1299,0,0
2337360,Story of the Olivia,Uğur ÇELİK,Uğur ÇELİK,0,4,"20,000 .. 50,000",0,0,0,0,1299,1299,0,0
2341540,Train to Nowhere,M0R STUDIO,M0R STUDIO,27,3,"50,000 .. 100,000",0,0,0,0,200,200,0,0
2341540,Train to Nowhere,M0R STUDIO,M0R STUDIO,27,3,"50,000 .. 100,000",0,0,0,0,200,200,0,0
2349250,Violations Will Be Punished,Igor Galochkin,Igor Galochkin,39,7,"20,000 .. 50,000",0,0,0,0,499,499,0,0
2349250,Violations Will Be Punished,Igor Galochkin,Igor Galochkin,39,7,"20,000 .. 50,000",0,0,0,0,499,499,0,0
2356460,Untitled Ghost Game,Dubscr,Dubscr,420,38,"20,000 .. 50,000",0,0,0,0,0,0,0,1
2356460,Untitled Ghost Game,Dubscr,Dubscr,420,38,"20,000 .. 50,000",0,0,0,0,0,0,0,1
2359170,Witch's Rhythm Puzzle,Fogime,Eroge Japan,157,39,"20,000 .. 50,000",0,0,0,0,499,499,0,0
2359170,Witch's Rhythm Puzzle,Fogime,Eroge Japan,157,39,"20,000 .. 50,000",0,0,0,0,499,499,0,0
2366130,Flint: Treasure of Oblivion,Savage Level,Microids,56,41,"20,000 .. 50,000",0,0,0,0,2499,2499,0,1
2366130,Flint: Treasure of Oblivion,Savage Level,Microids,56,41,"20,000 .. 50,000",0,0,0,0,2499,2499,0,1
2368860,Paws of Coal,Gamechuck,Gamechuck,59,5,"20,000 .. 50,000",0,0,0,0,499,499,0,0
2368860,Paws of Coal,Gamechuck,Gamechuck,59,5,"20,000 .. 50,000",0,0,0,0,499,499,0,0
2383780,Treasure Hunter: History of Monastery Gold,Ulab Games,Ulab Games,15,2,"20,000 .. 50,000",0,0,0,0,499,499,0,0
2383780,Treasure Hunter: History of Monastery Gold,Ulab Games,Ulab Games,15,2,"20,000 .. 50,000",0,0,0,0,499,499,0,0
2383860,Octodad (Student Edition),"Young Horses: Free Range, Young Horses",Young Horses,106,10,"20,000 .. 50,000",0,0,0,0,0,0,0,1
2383860,Octodad (Student Edition),"Young Horses: Free Range, Young Horses",Young Horses,106,10,"20,000 .. 50,000",0,0,0,0,0,0,0,1
2386330,Cat Search in Medieval Times,Simon Eftestol,Simon Eftestol,107,8,"20,000 .. 50,000",0,0,0,0,49,99,51,0
2386330,Cat Search in Medieval Times,Simon Eftestol,Simon Eftestol,107,8,"20,000 .. 50,000",0,0,0,0,49,99,51,0
2387720,おいでませ、こくりさん - Welcome Kokurisan -,"CyberStep, Inc.","Bloomz, Inc.",9,0,"20,000 .. 50,000",0,0,0,0,2499,2499,0,0
2387720,おいでませ、こくりさん - Welcome Kokurisan -,"CyberStep, Inc.","Bloomz, Inc.",9,0,"20,000 .. 50,000",0,0,0,0,2499,2499,0,0
2388070,Criminal Archives: Alphabetic Murders Collector's Edition,Do Games Limited,Do Games Limited,10,6,"20,000 .. 50,000",0,0,0,0,479,799,40,1
2388070,Criminal Archives: Alphabetic Murders Collector's Edition,Do Games Limited,Do Games Limited,10,6,"20,000 .. 50,000",0,0,0,0,479,799,40,1
2395510,Racing Tanks!,ManuEcheveste,ManuEcheveste,4,0,"0 .. 20,000",0,0,0,0,399,399,0,0
2395510,Racing Tanks!,ManuEcheveste,ManuEcheveste,4,0,"0 .. 20,000",0,0,0,0,399,399,0,0
2395810,富豪派对重制版,Tianmu Games,Tianmu Games,795,165,"100,000 .. 200,000",0,0,0,0,699,699,0,0
2395810,富豪派对重制版,Tianmu Games,Tianmu Games,795,165,"100,000 .. 200,000",0,0,0,0,699,699,0,0
2398500,Two Portals - A Gemstone Puzzle Game,Stubbird Games,Stubbird Games,20,4,"0 .. 20,000",0,0,0,0,0,0,0,0
2398500,Two Portals - A Gemstone Puzzle Game,Stubbird Games,Stubbird Games,20,4,"0 .. 20,000",0,0,0,0,0,0,0,0
2406030,Cross Impact,Team Impact,Larsonsoft,78,56,"0 .. 20,000",0,0,0,0,0,0,0,0
2406030,Cross Impact,Team Impact,Larsonsoft,78,56,"0 .. 20,000",0,0,0,0,0,0,0,0
2416370,Cruel Reality: A horrible dream,Keer&Deem Creations,Keer&Deem Creations,41,1,"20,000 .. 50,000",0,0,0,0,2999,2999,0,0
2416370,Cruel Reality: A horrible dream,Keer&Deem Creations,Keer&Deem Creations,41,1,"20,000 .. 50,000",0,0,0,0,2999,2999,0,0
2417060,Dojo Assault,arcadestyle,arcadestyle,3,2,"20,000 .. 50,000",0,0,0,0,0,0,0,0
2417060,Dojo Assault,arcadestyle,arcadestyle,3,2,"20,000 .. 50,000",0,0,0,0,0,0,0,0
2421440,Chronicles of Vaeltaja: In Search of the Great Wanderer,Witchgrove Games,Witchgrove Games,11,1,"20,000 .. 50,000",0,0,0,0,1899,1899,0,1
2421440,Chronicles of Vaeltaja: In Search of the Great Wanderer,Witchgrove Games,Witchgrove Games,11,1,"20,000 .. 50,000",0,0,0,0,1899,1899,0,1
2423090,Reincarnated as a Noble - RPG,S Xavier Uy,S Xavier Uy,2,1,"20,000 .. 50,000",0,0,0,0,599,599,0,0
2423090,Reincarnated as a Noble - RPG,S Xavier Uy,S Xavier Uy,2,1,"20,000 .. 50,000",0,0,0,0,599,599,0,0
2426990,Delearnia: Fractions of Hope,Win or Learn,Win or Learn,3,0,"20,000 .. 50,000",0,0,0,0,999,999,0,0
2426990,Delearnia: Fractions of Hope,Win or Learn,Win or Learn,3,0,"20,000 .. 50,000",0,0,0,0,999,999,0,0
2430690,Clover Day's Plus,ALcot,"HIKARI FIELD, NekoNyan Ltd.",691,31,"20,000 .. 50,000",0,0,0,0,3499,3499,0,14
2430690,Clover Day's Plus,ALcot,"HIKARI FIELD, NekoNyan Ltd.",691,31,"20,000 .. 50,000",0,0,0,0,3499,3499,0,14
2454060,MAZEMAZE,LuuuLuuuL,LuuuLuuuL,43,10,"20,000 .. 50,000",0,0,0,0,111,199,44,0
2454060,MAZEMAZE,LuuuLuuuL,LuuuLuuuL,43,10,"20,000 .. 50,000",0,0,0,0,111,199,44,0
2458530,魔女的夜宴,YUZUSOFT,HIKARI FIELD,8658,117,"100,000 .. 200,000",0,0,0,0,3499,3499,0,295
2458530,魔女的夜宴,YUZUSOFT,HIKARI FIELD,8658,117,"100,000 .. 200,000",0,0,0,0,3499,3499,0,295
2475040,纯爱独白：小小 Purelove Monologue: Xiaoxiao,Hollowings,LoveStoryProject,316,20,"0 .. 20,000",0,0,0,0,499,499,0,2
2475040,纯爱独白：小小 Purelove Monologue: Xiaoxiao,Hollowings,LoveStoryProject,316,20,"0 .. 20,000",0,0,0,0,499,499,0,2
2478970,Tomb Raider I-III Remastered Starring Lara Croft,"Aspyr, Crystal Dynamics",Aspyr,6128,721,"200,000 .. 500,000",0,0,0,0,2999,2999,0,252
2478970,Tomb Raider I-III Remastered Starring Lara Croft,"Aspyr, Crystal Dynamics",Aspyr,6128,721,"200,000 .. 500,000",0,0,0,0,2999,2999,0,252
2481020,Vampire Therapist,Little Bat Games,Little Bat Games,594,22,"20,000 .. 50,000",0,0,0,0,1499,1499,0,25
2481020,Vampire Therapist,Little Bat Games,Little Bat Games,594,22,"20,000 .. 50,000",0,0,0,0,1499,1499,0,25
2481520,Glowstrike: Robot Obliteration,"Nosse, César Baudry",César Baudry,3,0,"100,000 .. 200,000",0,0,0,0,99,99,0,0
2481520,Glowstrike: Robot Obliteration,"Nosse, César Baudry",César Baudry,3,0,"100,000 .. 200,000",0,0,0,0,99,99,0,0
2481820,Trade City,Bilal Demir,Pirasa Studios,1,1,"0 .. 20,000",0,0,0,0,399,399,0,0
2481820,Trade City,Bilal Demir,Pirasa Studios,1,1,"0 .. 20,000",0,0,0,0,399,399,0,0
2481930,Scamper,Bezbro Games,Bezbro Games,66,2,"20,000 .. 50,000",0,0,0,0,999,999,0,2
2481930,Scamper,Bezbro Games,Bezbro Games,66,2,"20,000 .. 50,000",0,0,0,0,999,999,0,2
2487060,Anonymous Hacker Simulator,Sicarius,G-DEVS.com,506,83,"20,000 .. 50,000",0,0,0,0,1999,1999,0,10
2487060,Anonymous Hacker Simulator,Sicarius,G-DEVS.com,506,83,"20,000 .. 50,000",0,0,0,0,1999,1999,0,10
2488240,Light City District,Gokiburigeemu,Gokiburigeemu,4,1,"20,000 .. 50,000",0,0,0,0,500,500,0,0
2488240,Light City District,Gokiburigeemu,Gokiburigeemu,4,1,"20,000 .. 50,000",0,0,0,0,500,500,0,0
2488590,Dungeons of Blood and Dream,Lori Vornoy,Lori Vornoy,787,35,"0 .. 20,000",0,0,0,0,1899,1899,0,6
2488590,Dungeons of Blood and Dream,Lori Vornoy,Lori Vornoy,787,35,"0 .. 20,000",0,0,0,0,1899,1899,0,6
2492290,Uncover the Smoking Gun,"ReLU Games, Inc.","ReLU Games, Inc., KRAFTON, Inc.",347,16,"0 .. 20,000",0,0,0,0,1999,1999,0,3
2492290,Uncover the Smoking Gun,"ReLU Games, Inc.","ReLU Games, Inc., KRAFTON, Inc.",347,16,"0 .. 20,000",0,0,0,0,1999,1999,0,3
2493510,CYBERFIELD,Dex Games Studio,Dex Games Studio,16,5,"0 .. 20,000",0,0,0,0,699,699,0,0
2493510,CYBERFIELD,Dex Games Studio,Dex Games Studio,16,5,"0 .. 20,000",0,0,0,0,699,699,0,0
2494450,The Last Soldier of the Ming Dynasty,Circuit_Art,2P Games,386,91,"0 .. 20,000",0,0,0,0,1499,1499,0,0
2494450,The Last Soldier of the Ming Dynasty,Circuit_Art,2P Games,386,91,"0 .. 20,000",0,0,0,0,1499,1499,0,0
2494810,Dark Hunting Ground,BingX,The Bueno Interactive,366,18,"20,000 .. 50,000",0,0,0,0,649,1299,50,60
2494810,Dark Hunting Ground,BingX,The Bueno Interactive,366,18,"20,000 .. 50,000",0,0,0,0,649,1299,50,60
2495500,ALIEN WAR 2 DOGFIGHT,Game Museum,Game Museum,2,0,"20,000 .. 50,000",0,0,0,0,799,799,0,0
2495500,ALIEN WAR 2 DOGFIGHT,Game Museum,Game Museum,2,0,"20,000 .. 50,000",0,0,0,0,799,799,0,0
2497390,Viking Hiking,Team Asgardeners,Breda University of Applied Sciences,97,14,"20,000 .. 50,000",0,0,0,0,0,0,0,0
2497390,Viking Hiking,Team Asgardeners,Breda University of Applied Sciences,97,14,"20,000 .. 50,000",0,0,0,0,0,0,0,0
2502220,Only Ban!,Shkilla 89,Shkilla 89,12,5,"20,000 .. 50,000",0,0,0,0,299,299,0,1
2502220,Only Ban!,Shkilla 89,Shkilla 89,12,5,"20,000 .. 50,000",0,0,0,0,299,299,0,1
2506580,Gearbits,Quackpond Games,Quackpond Games,324,9,"0 .. 20,000",0,0,0,0,999,999,0,0
2506580,Gearbits,Quackpond Games,Quackpond Games,324,9,"0 .. 20,000",0,0,0,0,999,999,0,0
2515210,SKIBIDI BACKROOMS,Advanced Games B,Advanced Games B,1435,646,"100,000 .. 200,000",0,0,0,0,199,199,0,2
2515210,SKIBIDI BACKROOMS,Advanced Games B,Advanced Games B,1435,646,"100,000 .. 200,000",0,0,0,0,199,199,0,2
2528940,Unending,Aaron Steed,Aaron Steed,8,0,"50,000 .. 100,000",0,0,0,0,499,499,0,0
2528940,Unending,Aaron Steed,Aaron Steed,8,0,"50,000 .. 100,000",0,0,0,0,499,499,0,0
2529540,硬币与仙人掌 (Coins & Wishpalm),Moshow Games,Moshow Games,295,73,"20,000 .. 50,000",0,0,0,0,1399,1399,0,0
2529540,硬币与仙人掌 (Coins & Wishpalm),Moshow Games,Moshow Games,295,73,"20,000 .. 50,000",0,0,0,0,1399,1399,0,0
2541360,Tales From The Arcade: Starship Murder,My Next Games,My Next Games,27,2,"20,000 .. 50,000",0,0,0,0,197,299,34,0
2541360,Tales From The Arcade: Starship Murder,My Next Games,My Next Games,27,2,"20,000 .. 50,000",0,0,0,0,197,299,34,0
2552310,Dungeon Inn,Cat Society,Spiral Up Games,515,36,"20,000 .. 50,000",0,0,0,0,1299,1299,0,3
2552310,Dungeon Inn,Cat Society,Spiral Up Games,515,36,"20,000 .. 50,000",0,0,0,0,1299,1299,0,3
2560100,Midnight Special,Scared Stupid Inc,Scared Stupid Inc,103,12,"0 .. 20,000",0,0,0,0,1499,1499,0,1
2560100,Midnight Special,Scared Stupid Inc,Scared Stupid Inc,103,12,"0 .. 20,000",0,0,0,0,1499,1499,0,1
2569820,Manic Mechanics,4J Studios,Curve Games,44,15,"20,000 .. 50,000",0,0,0,0,999,2499,60,1
2569820,Manic Mechanics,4J Studios,Curve Games,44,15,"20,000 .. 50,000",0,0,0,0,999,2499,60,1
2575110,Riot of Willy,Too Production,Too Production,33,4,"20,000 .. 50,000",0,0,0,0,199,199,0,0
2575110,Riot of Willy,Too Production,Too Production,33,4,"20,000 .. 50,000",0,0,0,0,199,199,0,0
2597970,Finding Frankie,SUPERLOU,SUPERLOU,1339,144,"20,000 .. 50,000",0,0,0,0,1499,1499,0,16
2597970,Finding Frankie,SUPERLOU,SUPERLOU,1339,144,"20,000 .. 50,000",0,0,0,0,1499,1499,0,16
2598490,ColorCoordination,El Demso,El Demso,55,2,"20,000 .. 50,000",0,0,0,0,0,0,0,1
2598490,ColorCoordination,El Demso,El Demso,55,2,"20,000 .. 50,000",0,0,0,0,0,0,0,1
2598930,Game Store Simulator,Pex Entertainment,Pex Entertainment,170,51,"0 .. 20,000",0,0,0,0,499,499,0,0
2598930,Game Store Simulator,Pex Entertainment,Pex Entertainment,170,51,"0 .. 20,000",0,0,0,0,499,499,0,0
2599300,Dead Signal,Reflect Studios,Reflect Studios,824,102,"50,000 .. 100,000",0,0,0,0,1299,1299,0,8
2599300,Dead Signal,Reflect Studios,Reflect Studios,824,102,"50,000 .. 100,000",0,0,0,0,1299,1299,0,8
2601940,Pinball Spire,Apparition Games,indie.io,275,46,"20,000 .. 50,000",0,0,0,0,1499,1499,0,2
2601940,Pinball Spire,Apparition Games,indie.io,275,46,"20,000 .. 50,000",0,0,0,0,1499,1499,0,2
2603860,Underground Defense Force -Sword and Sorcery and Swarm of Insects-,Yakuentei,Yakuentei,19,0,"20,000 .. 50,000",0,0,0,0,699,699,0,0
2603860,Underground Defense Force -Sword and Sorcery and Swarm of Insects-,Yakuentei,Yakuentei,19,0,"20,000 .. 50,000",0,0,0,0,699,699,0,0
2607260,Demon Corporation: Onboarding,A Shrine of Ludens,"A Shrine of Ludens, SapStaR Games",54,0,"20,000 .. 50,000",0,0,0,0,699,699,0,0
2607260,Demon Corporation: Onboarding,A Shrine of Ludens,"A Shrine of Ludens, SapStaR Games",54,0,"20,000 .. 50,000",0,0,0,0,699,699,0,0
2609420,The Mask behind the Dream,IdyllsEnd Studios,IdyllsEnd Studios,2,0,"0 .. 20,000",0,0,0,0,299,299,0,0
2609420,The Mask behind the Dream,IdyllsEnd Studios,IdyllsEnd Studios,2,0,"0 .. 20,000",0,0,0,0,299,299,0,0
2610720,Cultivation Fantasy,Peach,Peach,75,54,"0 .. 20,000",0,0,0,0,499,499,0,6
2610720,Cultivation Fantasy,Peach,Peach,75,54,"0 .. 20,000",0,0,0,0,499,499,0,6
2611040,Cat Fred Evil Pet,WildGamesNet,WildGamesNet,48,20,"20,000 .. 50,000",0,0,0,0,0,0,0,0
2611040,Cat Fred Evil Pet,WildGamesNet,WildGamesNet,48,20,"20,000 .. 50,000",0,0,0,0,0,0,0,0
2613720,CYBERMATRIX,Tim Murich,Tim Murich,106,13,"20,000 .. 50,000",0,0,0,0,1200,1200,0,0
2613720,CYBERMATRIX,Tim Murich,Tim Murich,106,13,"20,000 .. 50,000",0,0,0,0,1200,1200,0,0
2615440,Lloyd the Monkey 3: Judgement Day,Meyer Games,Meyer Games,3,0,"50,000 .. 100,000",0,0,0,0,899,899,0,0
2615440,Lloyd the Monkey 3: Judgement Day,Meyer Games,Meyer Games,3,0,"50,000 .. 100,000",0,0,0,0,899,899,0,0
2638340,The Legend of Lumina,Wizbane,Wizbane,87,1,"20,000 .. 50,000",0,0,0,0,0,0,0,0
2638340,The Legend of Lumina,Wizbane,Wizbane,87,1,"20,000 .. 50,000",0,0,0,0,0,0,0,0
2642080,Spacecraft Tactics,Stephan Birkl,Stephan Birkl,3,1,"20,000 .. 50,000",0,0,0,0,899,899,0,0
2642080,Spacecraft Tactics,Stephan Birkl,Stephan Birkl,3,1,"20,000 .. 50,000",0,0,0,0,899,899,0,0
2642970,Stealth Assault: Urban Strike,HapGames,HapGames,12,4,"20,000 .. 50,000",0,0,0,0,299,299,0,0
2642970,Stealth Assault: Urban Strike,HapGames,HapGames,12,4,"20,000 .. 50,000",0,0,0,0,299,299,0,0
2655660,Staff Runner,Brain Sprout,Brain Sprout,7,1,"0 .. 20,000",0,0,0,0,0,0,0,0
2655660,Staff Runner,Brain Sprout,Brain Sprout,7,1,"0 .. 20,000",0,0,0,0,0,0,0,0
2656410,SCP: Bloodwater,Neuroticfly Games,Neuroticfly Games,47,16,"20,000 .. 50,000",0,0,0,0,0,0,0,0
2656410,SCP: Bloodwater,Neuroticfly Games,Neuroticfly Games,47,16,"20,000 .. 50,000",0,0,0,0,0,0,0,0
2664330,Assassin War Sniper Shooting,"Yusuf Islam Seyhan, Samet Acar",Inspector Studios,1,7,"20,000 .. 50,000",0,0,0,0,99,99,0,0
2664330,Assassin War Sniper Shooting,"Yusuf Islam Seyhan, Samet Acar",Inspector Studios,1,7,"20,000 .. 50,000",0,0,0,0,99,99,0,0
2678300,Rise of a Legend,"Masquarade, Nicholas St. Germain",TyGames LLC,26,6,"20,000 .. 50,000",0,0,0,0,1799,1799,0,7
2678300,Rise of a Legend,"Masquarade, Nicholas St. Germain",TyGames LLC,26,6,"20,000 .. 50,000",0,0,0,0,1799,1799,0,7
2680330,HunterX: code name T,ORANGE POPCORN,ORANGE POPCORN,100,13,"20,000 .. 50,000",0,0,0,0,1699,1699,0,3
2680330,HunterX: code name T,ORANGE POPCORN,ORANGE POPCORN,100,13,"20,000 .. 50,000",0,0,0,0,1699,1699,0,3
2680520,Nathan Morgan: Dilemma,98 INTERACTIVE,98 INTERACTIVE,21,14,"20,000 .. 50,000",0,0,0,0,990,990,0,0
2680520,Nathan Morgan: Dilemma,98 INTERACTIVE,98 INTERACTIVE,21,14,"20,000 .. 50,000",0,0,0,0,990,990,0,0
2684420,BALL PIT KING 3D,Gembel Games,Carben Games,5,0,"50,000 .. 100,000",0,0,0,0,199,199,0,0
2684420,BALL PIT KING 3D,Gembel Games,Carben Games,5,0,"50,000 .. 100,000",0,0,0,0,199,199,0,0
2688890,UFO: Henfield,TACS Games Ltd.,TACS Games Ltd.,1,0,"50,000 .. 100,000",0,0,0,0,899,899,0,0
2688890,UFO: Henfield,TACS Games Ltd.,TACS Games Ltd.,1,0,"50,000 .. 100,000",0,0,0,0,899,899,0,0
2695730,Sofi Origins,Cristian Gonzalez,Cristian Gonzalez,5,2,"50,000 .. 100,000",0,0,0,0,99,99,0,0
2695730,Sofi Origins,Cristian Gonzalez,Cristian Gonzalez,5,2,"50,000 .. 100,000",0,0,0,0,99,99,0,0
2700780,my eyes deceive,nouhidev,nouhidev,538,116,"20,000 .. 50,000",0,0,0,0,0,0,0,2
2700780,my eyes deceive,nouhidev,nouhidev,538,116,"20,000 .. 50,000",0,0,0,0,0,0,0,2
2720010,Rogue Fable IV,Pixel Forge Games,Pixel Forge Games,167,11,"0 .. 20,000",0,0,0,0,1199,1199,0,32
2720010,Rogue Fable IV,Pixel Forge Games,Pixel Forge Games,167,11,"0 .. 20,000",0,0,0,0,1199,1199,0,32
2728100,Perfect Chess,Erik Reis,Erik Reis,0,1,"20,000 .. 50,000",0,0,0,0,1999,1999,0,0
2728100,Perfect Chess,Erik Reis,Erik Reis,0,1,"20,000 .. 50,000",0,0,0,0,1999,1999,0,0
2728460,Capital Fire,Lizards Games,Lizards Games,8,1,"20,000 .. 50,000",0,0,0,0,99,99,0,0
2728460,Capital Fire,Lizards Games,Lizards Games,8,1,"20,000 .. 50,000",0,0,0,0,99,99,0,0
2731760,The Krampus,Horrid Vision LLC,Horrid Vision LLC,5,9,"20,000 .. 50,000",0,0,0,0,999,999,0,0
2731760,The Krampus,Horrid Vision LLC,Horrid Vision LLC,5,9,"20,000 .. 50,000",0,0,0,0,999,999,0,0
2732100,Medieval Blacksmith,OGO Play,OGO Play,387,75,"0 .. 20,000",0,0,0,0,1999,1999,0,30
2732100,Medieval Blacksmith,OGO Play,OGO Play,387,75,"0 .. 20,000",0,0,0,0,1999,1999,0,30
2740080,Strategic Command WWII: War in the Pacific,Fury Software,Matrix Games,77,11,"0 .. 20,000",0,0,0,0,3999,3999,0,8
2740080,Strategic Command WWII: War in the Pacific,Fury Software,Matrix Games,77,11,"0 .. 20,000",0,0,0,0,3999,3999,0,8
2744150,Proud To Love,Master Entertainment,"Master Entertainment , LGD Gaming",133,223,"50,000 .. 100,000",0,0,0,0,999,999,0,0
2744150,Proud To Love,Master Entertainment,"Master Entertainment , LGD Gaming",133,223,"50,000 .. 100,000",0,0,0,0,999,999,0,0
2745630,《未解之谜2：桥师》,GameMaker,GameMaker,2,0,"20,000 .. 50,000",0,0,0,0,99,99,0,0
2745630,《未解之谜2：桥师》,GameMaker,GameMaker,2,0,"20,000 .. 50,000",0,0,0,0,99,99,0,0
2753730,"美女,应接不暇",筠悦游戏,筠悦游戏,395,62,"20,000 .. 50,000",0,0,0,0,999,999,0,0
2753730,"美女,应接不暇",筠悦游戏,筠悦游戏,395,62,"20,000 .. 50,000",0,0,0,0,999,999,0,0
2778250,Solace Inc.,AploveStudio,AploveStudio,87,6,"20,000 .. 50,000",0,0,0,0,399,399,0,1
2778250,Solace Inc.,AploveStudio,AploveStudio,87,6,"20,000 .. 50,000",0,0,0,0,399,399,0,1
2793690,WITHOUT YOU,Aleksey Izimov,VN Devs,46,6,"20,000 .. 50,000",0,0,0,0,359,599,40,0
2793690,WITHOUT YOU,Aleksey Izimov,VN Devs,46,6,"20,000 .. 50,000",0,0,0,0,359,599,40,0
2800840,Gunbot Diplomacy,Sleepy Sentry,"GrabTheGames, Gamersky Games",121,17,"20,000 .. 50,000",0,0,0,0,499,499,0,14
2800840,Gunbot Diplomacy,Sleepy Sentry,"GrabTheGames, Gamersky Games",121,17,"20,000 .. 50,000",0,0,0,0,499,499,0,14
2809820,Dawn of the Ashen Queen,Shattered Moon Games,Shattered Moon Games,37,9,"20,000 .. 50,000",0,0,0,0,1999,1999,0,0
2809820,Dawn of the Ashen Queen,Shattered Moon Games,Shattered Moon Games,37,9,"20,000 .. 50,000",0,0,0,0,1999,1999,0,0
2818860,Outflow,Horizonity,Horizonity,0,1,"0 .. 20,000",0,0,0,0,499,499,0,0
2818860,Outflow,Horizonity,Horizonity,0,1,"0 .. 20,000",0,0,0,0,499,499,0,0
2821890,PegIdle,EagleEye Games,EagleEye Games,270,92,"20,000 .. 50,000",0,0,0,0,499,499,0,51
2821890,PegIdle,EagleEye Games,EagleEye Games,270,92,"20,000 .. 50,000",0,0,0,0,499,499,0,51
2829600,风流公子romantic young man,Ronin SoftWork,Ronin SoftWork,676,50,"20,000 .. 50,000",0,0,0,0,499,499,0,2
2829600,风流公子romantic young man,Ronin SoftWork,Ronin SoftWork,676,50,"20,000 .. 50,000",0,0,0,0,499,499,0,2
2832620,Stray Shot,PUNKCAKE Délicieux,PUNKCAKE Délicieux,39,0,"20,000 .. 50,000",0,0,0,0,599,599,0,0
2832620,Stray Shot,PUNKCAKE Délicieux,PUNKCAKE Délicieux,39,0,"20,000 .. 50,000",0,0,0,0,599,599,0,0
2839940,The Tomb of Corruption,Pumancz,Pumancz,5,0,"20,000 .. 50,000",0,0,0,0,399,399,0,0
2839940,The Tomb of Corruption,Pumancz,Pumancz,5,0,"20,000 .. 50,000",0,0,0,0,399,399,0,0
2841470,Sunset Humanity,Jayden Everest,Jayden Everest,12,3,"20,000 .. 50,000",0,0,0,0,199,199,0,0
2841470,Sunset Humanity,Jayden Everest,Jayden Everest,12,3,"20,000 .. 50,000",0,0,0,0,199,199,0,0
2866780,Pineford: Part I,Rebel Rebel Studio,Rebel Rebel Studio,4,0,"20,000 .. 50,000",0,0,0,0,699,699,0,0
2866780,Pineford: Part I,Rebel Rebel Studio,Rebel Rebel Studio,4,0,"20,000 .. 50,000",0,0,0,0,699,699,0,0
2869320,Soul Wizards & Roguelite,Cotobito Games,Cotobito Games,15,3,"0 .. 20,000",0,0,0,0,199,199,0,0
2869320,Soul Wizards & Roguelite,Cotobito Games,Cotobito Games,15,3,"0 .. 20,000",0,0,0,0,199,199,0,0
2900040,Lost Meow,Sanya Laneev,Sanya Laneev,10,1,"20,000 .. 50,000",0,0,0,0,299,299,0,0
2900040,Lost Meow,Sanya Laneev,Sanya Laneev,10,1,"20,000 .. 50,000",0,0,0,0,299,299,0,0
2906710,Necrophobia,Sapphire Comics,Sapphire Comics,1,0,"0 .. 20,000",0,0,0,0,999,999,0,0
2906710,Necrophobia,Sapphire Comics,Sapphire Comics,1,0,"0 .. 20,000",0,0,0,0,999,999,0,0
2907220,Steel Symphony,Steel Symphony Development Team,Steel Symphony Development Team,10,2,"20,000 .. 50,000",0,0,0,0,0,0,0,0
2907220,Steel Symphony,Steel Symphony Development Team,Steel Symphony Development Team,10,2,"20,000 .. 50,000",0,0,0,0,0,0,0,0
2907870,Room 817: Director's Cut,Bormak Studio,Bormak Studio,52,14,"0 .. 20,000",0,0,0,0,199,199,0,0
2907870,Room 817: Director's Cut,Bormak Studio,Bormak Studio,52,14,"0 .. 20,000",0,0,0,0,199,199,0,0
2918550,Drive Me Crazy,Tenth Art Studio,"EE GAMES, Tenth Art Studio",288,111,"20,000 .. 50,000",0,0,0,0,1299,1299,0,1
2918550,Drive Me Crazy,Tenth Art Studio,"EE GAMES, Tenth Art Studio",288,111,"20,000 .. 50,000",0,0,0,0,1299,1299,0,1
2921600,Angvik 2,Alastair John Jack,Alastair John Jack,157,8,"20,000 .. 50,000",0,0,0,0,500,500,0,0
2921600,Angvik 2,Alastair John Jack,Alastair John Jack,157,8,"20,000 .. 50,000",0,0,0,0,500,500,0,0
2923390,Clothing Store Simulator,Kiki Games,Kiki Games,996,83,"50,000 .. 100,000",0,0,0,0,1299,1299,0,38
2923390,Clothing Store Simulator,Kiki Games,Kiki Games,996,83,"50,000 .. 100,000",0,0,0,0,1299,1299,0,38
2927550,Polda 5,Zima software,Zima software,14,3,"20,000 .. 50,000",0,0,0,0,399,399,0,0
2927550,Polda 5,Zima software,Zima software,14,3,"20,000 .. 50,000",0,0,0,0,399,399,0,0
2934190,Aooni,Game Studio Inc.," LiTMUS Co., Ltd.",585,171,"50,000 .. 100,000",0,0,0,0,499,999,50,9
2934190,Aooni,Game Studio Inc.," LiTMUS Co., Ltd.",585,171,"50,000 .. 100,000",0,0,0,0,499,999,50,9
2942060,莫比乌斯疑案,YiMiao Game,YiMiao Game,1,1,"20,000 .. 50,000",0,0,0,0,699,699,0,0
2942060,莫比乌斯疑案,YiMiao Game,YiMiao Game,1,1,"20,000 .. 50,000",0,0,0,0,699,699,0,0
2978470,Where wh..?,Pita Game,Pita Game,20,4,"20,000 .. 50,000",0,0,0,0,499,499,0,0
2978470,Where wh..?,Pita Game,Pita Game,20,4,"20,000 .. 50,000",0,0,0,0,499,499,0,0
3002510,REPOSE,Bozó Attila Bertold,Akupara Games,90,9,"0 .. 20,000",0,0,0,0,799,799,0,0
3002510,REPOSE,Bozó Attila Bertold,Akupara Games,90,9,"0 .. 20,000",0,0,0,0,799,799,0,0
3023190,Deduce Together,PushForward,PushForward,109,33,"0 .. 20,000",0,0,0,0,599,599,0,56
3023190,Deduce Together,PushForward,PushForward,109,33,"0 .. 20,000",0,0,0,0,599,599,0,56
3037470,Asterisk 2: Next -Now a Days-,暗de刺客,TVM Studio,2,0,"20,000 .. 50,000",0,0,0,0,499,499,0,0
3037470,Asterisk 2: Next -Now a Days-,暗de刺客,TVM Studio,2,0,"20,000 .. 50,000",0,0,0,0,499,499,0,0
3039720,Sealed,Doky,Doky,1,2,"20,000 .. 50,000",0,0,0,0,1099,1099,0,0
3039720,Sealed,Doky,Doky,1,2,"20,000 .. 50,000",0,0,0,0,1099,1099,0,0
3072450,FAKEBOOK,banjihagames,banjihagames,530,55,"20,000 .. 50,000",0,0,0,0,1199,1499,20,9
3072450,FAKEBOOK,banjihagames,banjihagames,530,55,"20,000 .. 50,000",0,0,0,0,1199,1499,20,9
3090800,Love and Fear,Mango x2,Mango x2,5,0,"20,000 .. 50,000",0,0,0,0,299,299,0,0
3090800,Love and Fear,Mango x2,Mango x2,5,0,"20,000 .. 50,000",0,0,0,0,299,299,0,0
3092470,Fast video cutter joiner,XiangJi Software Studio,XiangJi Software Studio,3,2,"20,000 .. 50,000",0,0,0,0,1999,1999,0,0
3092470,Fast video cutter joiner,XiangJi Software Studio,XiangJi Software Studio,3,2,"20,000 .. 50,000",0,0,0,0,1999,1999,0,0
3103750,PENGUIN HOTEL -Chapter 1-,lemorion_1224,lemorion_1224,63,4,"20,000 .. 50,000",0,0,0,0,0,0,0,4
3103750,PENGUIN HOTEL -Chapter 1-,lemorion_1224,lemorion_1224,63,4,"20,000 .. 50,000",0,0,0,0,0,0,0,4
3103760,Animals,"Leonel Aimar, neo^k",maxi,10,17,"0 .. 20,000",0,0,0,0,0,0,0,0
3103760,Animals,"Leonel Aimar, neo^k",maxi,10,17,"0 .. 20,000",0,0,0,0,0,0,0,0
3111020,Between Life & Darkness,Marek Lamos,Filip Bujdak,4,0,"20,000 .. 50,000",0,0,0,0,299,299,0,0
3111020,Between Life & Darkness,Marek Lamos,Filip Bujdak,4,0,"20,000 .. 50,000",0,0,0,0,299,299,0,0
3122100,The Ritual,Mad Genius Games,HandMade Games,2,1,"0 .. 20,000",0,0,0,0,99,1999,95,0
3122100,The Ritual,Mad Genius Games,HandMade Games,2,1,"0 .. 20,000",0,0,0,0,99,1999,95,0
3125250,STORROR Parkour Pro,Hole in the Sleeve Game Studios,Hole in the Sleeve Game Studios,640,279,"20,000 .. 50,000",0,0,0,0,2499,2499,0,17
3125250,STORROR Parkour Pro,Hole in the Sleeve Game Studios,Hole in the Sleeve Game Studios,640,279,"20,000 .. 50,000",0,0,0,0,2499,2499,0,17
3125710,Fake Ducks: Spooky Chronicles,Mattia De Berardinis,Mattia De Berardinis,2,0,"20,000 .. 50,000",0,0,0,0,699,699,0,0
3125710,Fake Ducks: Spooky Chronicles,Mattia De Berardinis,Mattia De Berardinis,2,0,"20,000 .. 50,000",0,0,0,0,699,699,0,0
3126160,Nazar,"Eray Dinc Studio, Recontact Games",Eray Dinc Interactive,24,4,"20,000 .. 50,000",0,0,0,0,999,999,0,0
3126160,Nazar,"Eray Dinc Studio, Recontact Games",Eray Dinc Interactive,24,4,"20,000 .. 50,000",0,0,0,0,999,999,0,0
3138780,Do No Harm,Darts Games,"Darts Games, Hawthorn Games",443,156,"20,000 .. 50,000",0,0,0,0,1599,1599,0,22
3138780,Do No Harm,Darts Games,"Darts Games, Hawthorn Games",443,156,"20,000 .. 50,000",0,0,0,0,1599,1599,0,22
3142060,Mine From Here,Photon Experience,Photon Experience,3,0,"20,000 .. 50,000",0,0,0,0,99,99,0,0
3142060,Mine From Here,Photon Experience,Photon Experience,3,0,"20,000 .. 50,000",0,0,0,0,99,99,0,0
3148490,Kindred [Subject 6244],Victoria Rafaelian,Captain Edge Studios,25,0,"20,000 .. 50,000",0,0,0,0,199,199,0,0
3148490,Kindred [Subject 6244],Victoria Rafaelian,Captain Edge Studios,25,0,"20,000 .. 50,000",0,0,0,0,199,199,0,0
3149370,ROGUE LIGHT DECK BUILDER,Gil Lawson,Gil Lawson,528,21,"20,000 .. 50,000",0,0,0,0,399,399,0,2
3149370,ROGUE LIGHT DECK BUILDER,Gil Lawson,Gil Lawson,528,21,"20,000 .. 50,000",0,0,0,0,399,399,0,2
3162920,Forest 6174,itandfeel,itandfeel,17,3,"20,000 .. 50,000",0,0,0,0,299,299,0,1
3162920,Forest 6174,itandfeel,itandfeel,17,3,"20,000 .. 50,000",0,0,0,0,299,299,0,1
3168260,Blackthorn Arena: Reforged,PersonaeGame Studio,Light Up Games,604,273,"50,000 .. 100,000",0,0,0,0,999,2499,60,41
3168260,Blackthorn Arena: Reforged,PersonaeGame Studio,Light Up Games,604,273,"50,000 .. 100,000",0,0,0,0,999,2499,60,41
3173620,The Knights Order,Ethel Chamomile,Ethel Chamomile,10,0,"20,000 .. 50,000",0,0,0,0,399,399,0,0
3173620,The Knights Order,Ethel Chamomile,Ethel Chamomile,10,0,"20,000 .. 50,000",0,0,0,0,399,399,0,0
3174540,Night Hacking,Time Traveling Badger,Time Traveling Badger,1,0,"20,000 .. 50,000",0,0,0,0,999,999,0,0
3174540,Night Hacking,Time Traveling Badger,Time Traveling Badger,1,0,"20,000 .. 50,000",0,0,0,0,999,999,0,0
3182400,Cherry Jump,Heinrich Venter,Heinrich Venter,0,1,"20,000 .. 50,000",0,0,0,0,199,199,0,0
3182400,Cherry Jump,Heinrich Venter,Heinrich Venter,0,1,"20,000 .. 50,000",0,0,0,0,199,199,0,0
3185510,Lucky Pikinini - Advanced Killer Cyborg,Lucky Pikinini,Lucky Pikinini,2,1,"200,000 .. 500,000",0,0,0,0,99,199,50,0
3185510,Lucky Pikinini - Advanced Killer Cyborg,Lucky Pikinini,Lucky Pikinini,2,1,"200,000 .. 500,000",0,0,0,0,99,199,50,0
3210650,Petrified Pawns,Bepansrad Studio,Bepansrad Studio,9,0,"20,000 .. 50,000",0,0,0,0,149,599,75,1
3210650,Petrified Pawns,Bepansrad Studio,Bepansrad Studio,9,0,"20,000 .. 50,000",0,0,0,0,149,599,75,1
3213440,Halved,Ace Velazquez,Ace Velazquez,1,0,"20,000 .. 50,000",0,0,0,0,499,499,0,0
3213440,Halved,Ace Velazquez,Ace Velazquez,1,0,"20,000 .. 50,000",0,0,0,0,499,499,0,0
3223090,808 - Firetower12,Zeeentify,Zeeentify,5,2,"20,000 .. 50,000",0,0,0,0,199,199,0,0
3223090,808 - Firetower12,Zeeentify,Zeeentify,5,2,"20,000 .. 50,000",0,0,0,0,199,199,0,0
3226700,Goblin: Mutation,richard,richard,2,6,"20,000 .. 50,000",0,0,0,0,300,300,0,0
3226700,Goblin: Mutation,richard,richard,2,6,"20,000 .. 50,000",0,0,0,0,300,300,0,0
3227760,Paper Bride 6 Nightmare,HeartBeat Plus,HeartBeat Plus,233,62,"20,000 .. 50,000",0,0,0,0,999,999,0,6
3227760,Paper Bride 6 Nightmare,HeartBeat Plus,HeartBeat Plus,233,62,"20,000 .. 50,000",0,0,0,0,999,999,0,6
3232040,BodyRecords,MIROWIN,MIROWIN,187,135,"0 .. 20,000",0,0,0,0,349,699,50,3
3232040,BodyRecords,MIROWIN,MIROWIN,187,135,"0 .. 20,000",0,0,0,0,349,699,50,3
3247150,PLAYTOWN: Genesis,Deadsignal Studios,Deadsignal Studios,18,5,"20,000 .. 50,000",0,0,0,0,399,399,0,1
3247150,PLAYTOWN: Genesis,Deadsignal Studios,Deadsignal Studios,18,5,"20,000 .. 50,000",0,0,0,0,399,399,0,1
3265880,魔女黏糊笔记,墨元素,墨元素,205,44,"0 .. 20,000",0,0,0,0,999,999,0,4
3265880,魔女黏糊笔记,墨元素,墨元素,205,44,"0 .. 20,000",0,0,0,0,999,999,0,4
3266590,Die for the Economy!,Tea Monster Games,Tea Monster Games,14,0,"0 .. 20,000",0,0,0,0,799,799,0,0
3266590,Die for the Economy!,Tea Monster Games,Tea Monster Games,14,0,"0 .. 20,000",0,0,0,0,799,799,0,0
3268600,Milo's Dream,lightUP,lightUP,2,0,"0 .. 20,000",0,0,0,0,359,599,40,0
3268600,Milo's Dream,lightUP,lightUP,2,0,"0 .. 20,000",0,0,0,0,359,599,40,0
3292600,Eva's Lab,Funflashstudio,Funflashstudio,3,1,"20,000 .. 50,000",0,0,0,0,299,299,0,0
3292600,Eva's Lab,Funflashstudio,Funflashstudio,3,1,"20,000 .. 50,000",0,0,0,0,299,299,0,0
3298150,Flip Flop XL,Adamvision Studios,Adamvision Studios,102,1,"0 .. 20,000",0,0,0,0,199,199,0,2
3298150,Flip Flop XL,Adamvision Studios,Adamvision Studios,102,1,"0 .. 20,000",0,0,0,0,199,199,0,2
3308280,SYNTHROME,SnowFlake Studio,SnowFlake Studio,1,0,"20,000 .. 50,000",0,0,0,0,999,999,0,0
3308280,SYNTHROME,SnowFlake Studio,SnowFlake Studio,1,0,"20,000 .. 50,000",0,0,0,0,999,999,0,0
3310350,Tactical Battles,Franck Games,Franck Games,1,0,"0 .. 20,000",0,0,0,0,299,299,0,0
3310350,Tactical Battles,Franck Games,Franck Games,1,0,"0 .. 20,000",0,0,0,0,299,299,0,0
3318000,Flatinside Simulator,SncI Studios,SncI Studios,53,14,"20,000 .. 50,000",0,0,0,0,999,999,0,0
3318000,Flatinside Simulator,SncI Studios,SncI Studios,53,14,"20,000 .. 50,000",0,0,0,0,999,999,0,0
3330250,Ithya: Magic Studies,BlueTurtle,BlueTurtle,685,18,"0 .. 20,000",0,0,0,0,1099,1099,0,361
3330250,Ithya: Magic Studies,BlueTurtle,BlueTurtle,685,18,"0 .. 20,000",0,0,0,0,1099,1099,0,361
3330280,Free Solitaire,WMGames,WMGames,253,7,"20,000 .. 50,000",0,0,0,0,0,0,0,79
3330280,Free Solitaire,WMGames,WMGames,253,7,"20,000 .. 50,000",0,0,0,0,0,0,0,79
3355060,Unknown Hero,Svero Forge,Svero Forge,0,1,"20,000 .. 50,000",0,0,0,0,499,499,0,0
3355060,Unknown Hero,Svero Forge,Svero Forge,0,1,"20,000 .. 50,000",0,0,0,0,499,499,0,0
3367780,Mutational Loading,Plexus Studio,Blacc Ski Weekend Industries,0,1,"50,000 .. 100,000",0,0,0,0,299,299,0,0
3367780,Mutational Loading,Plexus Studio,Blacc Ski Weekend Industries,0,1,"50,000 .. 100,000",0,0,0,0,299,299,0,0
3373660,Look Outside,Francis Coulombe,Devolver Digital,2615,27,"50,000 .. 100,000",0,0,0,0,999,999,0,346
3373660,Look Outside,Francis Coulombe,Devolver Digital,2615,27,"50,000 .. 100,000",0,0,0,0,999,999,0,346
3435310,Dragon Expedition,Eternal Studio,Eternal Studio,5,1,"20,000 .. 50,000",0,0,0,0,599,599,0,1
3435310,Dragon Expedition,Eternal Studio,Eternal Studio,5,1,"20,000 .. 50,000",0,0,0,0,599,599,0,1
3447410,The Test: Reality Check,Randumb Studios,Randumb Studios,472,6,"20,000 .. 50,000",0,0,0,0,499,499,0,0
3447410,The Test: Reality Check,Randumb Studios,Randumb Studios,472,6,"20,000 .. 50,000",0,0,0,0,499,499,0,0
3469500,Golden Knight,Guara Studios,Guara Studios,19,0,"20,000 .. 50,000",0,0,0,0,999,999,0,1
3469500,Golden Knight,Guara Studios,Guara Studios,19,0,"20,000 .. 50,000",0,0,0,0,999,999,0,1
3470660,Goat Survivor,DUMARU Inc.,DUMARU Inc.,27,6,"50,000 .. 100,000",0,0,0,0,799,799,0,5
3470660,Goat Survivor,DUMARU Inc.,DUMARU Inc.,27,6,"50,000 .. 100,000",0,0,0,0,799,799,0,5
3502250,Sabotage City,Dart Sherman,Rainbow Dye Games,3,0,"50,000 .. 100,000",0,0,0,0,99,99,0,0
3502250,Sabotage City,Dart Sherman,Rainbow Dye Games,3,0,"50,000 .. 100,000",0,0,0,0,99,99,0,0
3506030,The Stones,Kovik Studios,Kovik Studios,20,21,"20,000 .. 50,000",0,0,0,0,99,99,0,88
3506030,The Stones,Kovik Studios,Kovik Studios,20,21,"20,000 .. 50,000",0,0,0,0,99,99,0,88
3523140,Boeckham's Football Manager,Bitbeast Games,Bitbeast Games,27,2,"20,000 .. 50,000",0,0,0,0,499,499,0,0
3523140,Boeckham's Football Manager,Bitbeast Games,Bitbeast Games,27,2,"20,000 .. 50,000",0,0,0,0,499,499,0,0
3538840,Haunted Service,Daring Cat Studio,Daring Cat Studio,5,1,"0 .. 20,000",0,0,0,0,99,99,0,0
3538840,Haunted Service,Daring Cat Studio,Daring Cat Studio,5,1,"0 .. 20,000",0,0,0,0,99,99,0,0
3566430,Botomy,Brokkli Labs LLC,Brokkli Labs LLC,2,0,"50,000 .. 100,000",0,0,0,0,1499,1499,0,0
3566430,Botomy,Brokkli Labs LLC,Brokkli Labs LLC,2,0,"50,000 .. 100,000",0,0,0,0,1499,1499,0,0
3574300,Enchanted Stories: Mystic Woods Collector's Edition,Do Games Limited,Do Games Limited,1,2,"20,000 .. 50,000",0,0,0,0,899,899,0,0
3574300,Enchanted Stories: Mystic Woods Collector's Edition,Do Games Limited,Do Games Limited,1,2,"20,000 .. 50,000",0,0,0,0,899,899,0,0
3607450,Le Bureau des Rêves,Habile Bill,A Maze In - Live Escape Game,5,0,"20,000 .. 50,000",0,0,0,0,299,299,0,0
3607450,Le Bureau des Rêves,Habile Bill,A Maze In - Live Escape Game,5,0,"20,000 .. 50,000",0,0,0,0,299,299,0,0
3644150,Sprinkler Co.,Shrimple Studio,Shrimple Studio,1,0,"0 .. 20,000",0,0,0,0,0,0,0,0
3644150,Sprinkler Co.,Shrimple Studio,Shrimple Studio,1,0,"0 .. 20,000",0,0,0,0,0,0,0,0
3651940,Submeris,OxygenStudio,OxygenStudio,15,4,"20,000 .. 50,000",0,0,0,0,499,499,0,0
3651940,Submeris,OxygenStudio,OxygenStudio,15,4,"20,000 .. 50,000",0,0,0,0,499,499,0,0
3687320,Mystery of Myths: Mystery of the Fjords Collector's Edition,Do Games Limited,Do Games Limited,1,1,"20,000 .. 50,000",0,0,0,0,899,899,0,0
3687320,Mystery of Myths: Mystery of the Fjords Collector's Edition,Do Games Limited,Do Games Limited,1,1,"20,000 .. 50,000",0,0,0,0,899,899,0,0
3688340,All About Chopsticks,Achimphang Studio,Achimphang Studio,48,8,"20,000 .. 50,000",0,0,0,0,239,399,40,1
3688340,All About Chopsticks,Achimphang Studio,Achimphang Studio,48,8,"20,000 .. 50,000",0,0,0,0,239,399,40,1
3703570,Synthetic Dreams: Falling,Recnil,Recnil,1,0,"20,000 .. 50,000",0,0,0,0,199,199,0,0
3703570,Synthetic Dreams: Falling,Recnil,Recnil,1,0,"20,000 .. 50,000",0,0,0,0,199,199,0,0
