id_name,name
1,Counter-Strike: Global Offensive
2,Apex Legends
3,Pubg: Battlegrounds
4,Palworld
5,Team Fortress 2
6,Call Of Duty: Modern Warfare Ii
7,New World: Aeternum
8,Black Myth: Wukong
9,Grand Theft Auto V Legacy
10,Left 4 Dead 2
11,Unturned
12,Lost Ark
13,War Thunder
14,Monster Hunter Wilds
15,Helldivers 2
16,Warframe
17,Elden Ring
18,Terraria
19,Path Of Exile 2
20,Wallpaper Engine
21,Baldur'S Gate 3
22,Brawlhalla
23,Garry'S Mod
24,Destiny 2
25,Tom Clancy'S Rainbow Six Siege
26,Rust
27,World Of Warships
28,Ark: Survival Evolved
29,Stardew Valley
30,The Forest
31,War Robots: Frontiers
32,Path Of Exile
33,Payday 2
34,Warface: Clutch
35,Grand Theft Auto Iv: Complete Edition
36,Last Epoch
37,Half-Life 2: Lost Coast
38,Cyberpunk 2077
39,Dead By Daylight
40,Hogwarts Legacy
41,Vrchat
42,The Witcher 3: Wild Hunt
43,Among Us
44,Fall Guys: Ultimate Knockout
45,Borderlands 2
46,Euro Truck Simulator 2
47,Valheim
48,Phasmophobia
49,Paladins
50,Naraka: Bladepoint
51,Half-Life 2: Deathmatch
52,Half-Life
53,Monster Hunter: World
54,Heroes & Generals
55,Rocket League
56,Project Zomboid
57,Lethal Company
58,Red Dead Redemption 2
59,Battlefield 2042
60,Halo Infinite
61,Raft
62,Smite
63,World Of Tanks Blitz
64,Counter-Strike
65,Counter-Strike: Source
66,Schedule I
67,Ring Of Elysium
68,Portal
69,The Sims 4
70,Black Squad
71,Don'T Starve Together
72,Dying Light
73,Human Fall Flat
74,7 Days To Die
75,Counter-Strike: Condition Zero
76,Efootball
77,Street Warriors Online
78,Z1 Battle Royale
79,Hunt: Showdown 1896
80,Sekiro: Shadows Die Twice - Goty Edition
81,Cybercorp
82,Half-Life 2
83,Arma 3
84,Sons Of The Forest
85,Grim Dawn
86,Cities: Skylines
87,Mount & Blade Ii: Bannerlord
88,Sid Meier'S Civilization V
89,Trove
90,Sid Meier’S Civilization Vi
91,Fallout 4
92,Life Is Strange 2
93,"Warhammer 40,000: Rogue Trader"
94,Battlefield V
95,R.E.P.O.
96,Dayz
97,Satisfactory
98,Nba 2K20
99,Risk Of Rain 2
100,Ea Sports Fifa 23
101,Castle Crashers
102,Planetside 2
103,The Elder Scrolls V: Skyrim
104,Hearts Of Iron Iv
105,The Elder Scrolls V: Skyrim Special Edition
106,Geometry Dash
107,Monster Hunter Rise
108,No More Room In Hell
109,Tomb Raider Game Of The Year
110,No Man'S Sky
111,Hollow Knight
112,Robocraft
113,War Robots
114,Resident Evil 4
115,Deceit
116,Beamng.Drive
117,A Story About My Uncle
118,Subnautica
119,Kathy Rain
120,Deathmatch Classic
121,Guacamelee! Super Turbo Championship Edition
122,Content Warning
123,Call Of Duty: Black Ops Iii
124,Dirty Bomb
125,Sea Of Thieves: 2026 Edition
126,Fallout: New Vegas
127,The Binding Of Isaac: Rebirth
128,Scp: Secret Laboratory
129,Call Of Duty: Modern Warfare 2 (2009)
130,Black Desert
131,Ultrakill
132,Dota Underlords
133,It Takes Two
134,Ea Sports Fc 24
135,"Warhammer 40,000: Space Marine 2"
136,Resident Evil 2
137,Chivalry: Medieval Warfare
138,The Elder Scrolls Online
139,Assetto Corsa
140,Xcom 2
141,Vampire Survivors
142,Multiversus
143,Assassin’S Creed Iv Black Flag
144,Day Of Defeat
145,Europa Universalis Iv
146,Clicker Heroes
147,Thehunter Classic
148,Doom
149,Evolve Stage 2
150,Crab Game
151,Kurtzpel
152,Devil May Cry 5
153,Star Wars: The Old Republic
154,Blender
155,Life Is Strange - Episode 1
156,Forza Horizon 4
157,Hades
158,Battlebit Remastered
159,Factorio
160,Age Of Empires Ii (Retired)
161,Company Of Heroes 2
162,Realm Royale
163,Total War: Warhammer Ii
164,Undertale
165,Halo: The Master Chief Collection
166,Slay The Spire
167,Dead Cells
168,Cuphead
169,Z1 Battle Royale: Test Server
170,Left 4 Dead
171,People Playground
172,Portal 2
173,Forza Horizon 5
174,Eternal Return
175,Half-Life 2: Episode One
176,Half-Life Deathmatch: Source
177,Total War: Three Kingdoms
178,Prison Architect
179,Doom Eternal
180,Cry Of Fear
181,Scum
182,Splitgate: Arena Warfare
183,Stumble Guys
184,Neverwinter
185,Half-Life 2: Episode Two
186,Business Tour - Board Game With Online Multiplayer
187,Doki Doki Literature Club!
188,Divinity: Original Sin 2 - Definitive Edition
189,Football Manager 2020
190,V Rising
191,Dying Light 2 Stay Human: Reloaded Edition
192,Russian Fishing 4
193,Deep Rock Galactic
194,Rimworld
195,Counter-Strike Nexon: Studio
196,The Cycle: Frontier
197,Hitman 2
198,Titanfall 2
199,Infestation: The New Z
200,Little Nightmares
201,Ea Sports Fc 25
202,Thehunter: Call Of The Wild
203,Tom Clancy’S The Division
204,Postal 2
205,Middle-Earth: Shadow Of Mordor
206,Adventure Capitalist
207,Grand Theft Auto V Enhanced
208,Conan Exiles Enhanced
209,Dark Souls Iii
210,Dave The Diver
211,For Honor
212,Loadout
213,Mount & Blade: Warband
214,Call Of Duty 2
215,Grand Theft Auto Iv: The Complete Edition
216,Ready Or Not
217,Apb Reloaded
218,Stray
219,Saints Row Iv: Re-Elected
220,Fishing Planet
221,Just Cause 3
222,Braveland
223,Metro 2033 Redux
224,Dcs World Steam Edition
225,God Of War
226,Crossout
227,Battlefield 1
228,Assassin'S Creed Odyssey
229,Poppy Playtime
230,Bloons Td 6
231,Saints Row: The Third
232,Darkest Dungeon
233,Albion Online
234,Split Fiction
235,Stellaris
236,Divide By Sheep
237,Starbound
238,Just Cause 2
239,"Star Wars Battlefront Ii (Classic, 2005)"
240,Totally Accurate Battle Simulator
241,Call Of Duty: Modern Warfare 3 (2011)
242,Magicka
243,Final Fantasy Xiv Online
244,Need For Speed Heat
245,The Descendant
246,Killing Floor
247,The Elder Scrolls Iv: Oblivion Remastered
248,Frostpunk
249,Starfield
250,Age Of Empires Ii: Definitive Edition
251,Alien Swarm
252,Amnesia: The Dark Descent
253,Distraint: Deluxe Edition
254,The Witcher 2: Assassins Of Kings Enhanced Edition
255,Ftl: Faster Than Light
256,Battlerite
257,Tabletop Simulator
258,Enter The Gungeon
259,Survarium
260,Hades Ii
261,Crosshair X
262,Resident Evil Village
263,House Flipper
264,Star Wars Jedi: Fallen Order
265,Call Of Duty: Black Ops Ii
266,Inside
267,Plants Vs. Zombies Goty Edition
268,Party Animals
269,Arma 2: Operation Arrowhead
270,The Lord Of The Rings Online
271,Oxygen Not Included
272,Beat Saber
273,Detroit: Become Human
274,Marvel’S Spider-Man Remastered
275,Dishonored
276,Payday The Heist
277,Fifa 22
278,Ultimate Custom Night
279,Grounded
280,Middle-Earth: Shadow Of War
281,Broforce
282,Mad Max
283,Eve Online
284,Far Cry 5
285,Bioshock
286,Vampire: The Masquerade - Bloodhunt
287,American Truck Simulator
288,Enshrouded
289,Yu-Gi-Oh! Duel Links
290,Borderlands 3
291,Grand Theft Auto: San Andreas
292,Hitman
293,Stick Fight: The Game
294,Crsed: F.O.A.D.
295,Kingdom Two Crowns
296,Mirror 2: Project X
297,Batman: Arkham Knight
298,Limbo
299,Balatro
300,Far Cry 4
301,Call Of Duty: Black Ops
302,Torchlight Ii
303,Crusader Kings Ii
304,Clair Obscur: Expedition 33
305,Space Engineers
306,Dyson Sphere Program
307,Supermarket Together
308,Total War: Shogun 2
309,Tekken 7
310,Call Of Duty: World At War
311,Days Gone
312,Borderlands: The Pre-Sequel
313,Kerbal Space Program
314,Total War: Warhammer Iii
315,Fistful Of Frags
316,Hotline Miami
317,The Expendabros
318,Rising Storm 2: Vietnam
319,Raceroom Racing Experience
320,Last Man Standing
321,The Witcher: Enhanced Edition Director'S Cut
322,Warhammer: Vermintide 2
323,Ori And The Will Of The Wisps
324,Elite Dangerous
325,Total War: Rome Ii - Emperor Edition
326,Saints Row 2
327,Skullgirls 2Nd Encore
328,The Walking Dead
329,Red Orchestra 2: Heroes Of Stalingrad With Rising Storm
330,Gang Beasts
331,Killing Floor 2
332,Century: Age Of Ashes
333,Kingdom Come: Deliverance Ii
334,Watch_Dogs 2
335,Xcom: Enemy Unknown
336,Astroneer
337,Arma 2
338,Guns Of Icarus Online
339,Mortal Kombat X
340,Transformice
341,Dishonored 2
342,Spiral Knights
343,Helltaker
344,Metal Gear Solid V: The Phantom Pain
345,Tom Clancy'S Ghost Recon Wildlands
346,Don'T Starve
347,The Tiny Bang Story
348,Trine 2: Complete Story
349,Pummel Party
350,Scrap Mechanic
351,Hell Let Loose
352,Bioshock Remastered
353,Resident Evil 7 Biohazard
354,Mafia Ii (Classic)
355,Cookie Clicker
356,Kingdom Come: Deliverance
357,Hotline Miami 2: Wrong Number
358,Postal
359,Manor Lords
360,Minimalism
361,Assassin'S Creed Unity
362,Mirror'S Edge
363,Company Of Heroes - Legacy Edition
364,Gray Zone Warfare
365,Shadow Warrior
366,Wolfenstein: Youngblood
367,Mortal Kombat 11
368,Codename Cure
369,Dragon Ball Fighterz
370,Fallout 76
371,Block N Load
372,South Park: The Stick Of Truth
373,World Of Guns: Gun Disassembly
374,Defiance
375,Kingdom: Classic
376,Liar'S Bar
377,Dark Souls Ii: Scholar Of The First Sin
378,Kenshi
379,Getting Over It With Bennett Foddy
380,Layers Of Fear (2016)
381,The Scroll Of Taiwu : Beyond The Dome
382,Outlast
383,This War Of Mine
384,Metro Exodus
385,Crusader Kings Iii
386,Chained Together
387,Goat Simulator
388,Alien: Isolation
389,Black Mesa
390,Friday The 13Th: The Game
391,Remnant: From The Ashes
392,Fallout Shelter
393,Escape The Backrooms
394,Hitman: Absolution
395,Grand Theft Auto Iii
396,Conqueror'S Blade
397,Phantasy Star Online 2
398,Brotato
399,Battleblock Theater
400,Fallout: A Post Nuclear Role Playing Game
401,Granblue Fantasy: Relink
402,Dungeon Defenders
403,Sins Of A Solar Empire: Rebellion
404,Metal Gear Rising: Revengeance
405,Insurgency: Sandstorm
406,Ori And The Blind Forest: Definitive Edition
407,Overcooked! 2
408,Rise Of The Tomb Raider
409,Bioshock Infinite
410,Tree Of Savior (English Ver.)
411,"Papers, Please"
412,Mordhau
413,The Crew 2
414,Dragon'S Dogma: Dark Arisen
415,Far Cry
416,Pacify
417,Ark: Survival Ascended
418,Jurassic World Evolution
419,Rec Room
420,The Day Before
421,Nier:Automata
422,The Long Dark
423,Titan Quest Anniversary Edition
424,Need For Speed: Hot Pursuit
425,Soundpad
426,Quake Live
427,Governor Of Poker 3
428,The Outlast Trials
429,Metin2
430,Assassin'S Creed 2
431,Who'S Your Daddy?!
432,Resident Evil 6
433,Devour
434,A Way Out
435,鬼谷八荒 Tale Of Immortal
436,Metro: Last Light Redux
437,Dark Souls: Remastered
438,Payday 3
439,Magic Duels
440,Age Of Empires Iii (2007)
441,Teardown
442,Trackmania Nations Forever
443,Bully: Scholarship Edition
444,Noita
445,Cult Of The Lamb
446,Ori And The Blind Forest
447,"Warhammer 40,000: Darktide"
448,The Stanley Parable
449,Sniper Elite 3
450,Gunz 2: The Second Duel
451,Microsoft Flight Simulator (2020) 40Th Anniversary Edition
452,They Are Billions
453,The Escapists 2
454,Bless Unleashed
455,Insurgency
456,Orcs Must Die! 2
457,Football Manager 2022
458,America'S Army: Proving Grounds
459,Supermarket Simulator
460,F1 2015
461,Farming Simulator 19
462,Northgard: Definitive Edition
463,Speedrunners
464,Inscryption
465,Golf With Your Friends
466,Toribash
467,Bastion
468,Batman: Arkham Origins
469,Battlefield: Bad Company 2
470,Subnautica: Below Zero
471,S.K.I.L.L. - Special Force 2 (Shooter)
472,Tales Of Arise
473,Spore
474,Argo
475,Elden Ring Nightreign
476,Far Cry 3
477,Gunfire Reborn
478,Farming Simulator 22
479,Party Jousting
480,Carx Drift Racing Online
481,Just Cause 2: Multiplayer Mod
482,Hellblade: Senua'S Sacrifice
483,Alan Wake
484,Homefront
485,封灵档案
486,Mirror
487,Football Manager 2021
488,Ark: Survival Of The Fittest
489,Muse Dash
490,The I Of The Dragon
491,Wolfenstein: The New Order
492,Five Nights At Freddy'S
493,Armored Core Vi Fires Of Rubicon
494,World War 3
495,Street Fighter V
496,Resident Evil 3
497,Cities: Skylines Ii
498,Age Of Empires Iv: Anniversary Edition
499,Football Manager 2023
500,Darksiders Ii Deathinitive Edition
501,Kards - The Wwii Card Game
502,Quake Champions
503,Half-Life: Opposing Force
504,Krunker
505,Dirt Rally
506,Dragon Age: The Veilguard
507,Resident Evil 4 (2005)
508,Sniper Elite 5
509,Grand Theft Auto: Episodes From Liberty City
510,Green Hell
511,Back To Bed
512,Uno
513,Blockade 3D
514,Banished
515,Dungeon Defenders Ii
516,Firewatch
517,Star Wars Battlefront Ii
518,Spellbreak
519,Sniper Elite 4
520,Ace Combat 7: Skies Unknown
521,Disco Elysium - The Final Cut
522,Batman: Arkham City - Game Of The Year Edition
523,Squad
524,Super Meat Boy
525,Dead Bits
526,Half-Life: Source
527,Ironsight
528,Star Conflict
529,L.A. Noire
530,Serious Sam 3: Bfe
531,Spec Ops: The Line
532,Guild Wars 2
533,Nioh: Complete Edition
534,Trine Enchanted Edition
535,Sanctum 2
536,Soma
537,State Of Decay 2: Juggernaut Edition
538,Jotun: Valhalla Edition
539,Brutal Legend
540,Buckshot Roulette
541,Surviving Mars
542,Star Trek Online
543,Call Of Duty 4: Modern Warfare (2007)
544,Planet Coaster
545,Kholat
546,Celeste
547,The Red Solstice
548,Helldivers Dive Harder Edition
549,Risk: Global Domination
550,Total War: Attila
551,S.T.A.L.K.E.R. 2: Heart Of Chornobyl
552,Call Of Juarez: Gunslinger
553,Sniper Elite V2
554,Aura Kingdom
555,Football Manager 2017
556,Heaven Forest Nights
557,Fallout 3: Game Of The Year Edition
558,Naruto Shippuden: Ultimate Ninja Storm 4
559,Totally Accurate Battlegrounds
560,Max Payne 3
561,Pathfinder: Wrath Of The Righteous - Enhanced Edition
562,Pathfinder: Kingmaker — Enhanced Plus Edition
563,The Sims 3
564,Final Fantasy Xv Windows Edition
565,Planet Zoo
566,Batman: Arkham Asylum Game Of The Year Edition
567,Katana Zero
568,Darksiders
569,Deus Ex: Mankind Divided
570,Slime Rancher
571,Deus Ex: Human Revolution - Director'S Cut
572,For The King
573,Rift
574,Sleeping Dogs: Definitive Edition
575,Age Of Mythology: Extended Edition
576,Dragon'S Dogma 2
577,Car Mechanic Simulator 2018
578,Day Of Defeat: Source
579,Dragon Ball: Sparking! Zero
580,Marvel'S Midnight Suns
581,Mitos.Is: The Game
582,Operation: Harsh Doorstop
583,Dome Keeper
584,Bioshock 2 Remastered
585,Dwarf Fortress
586,"Warhammer 40,000: Dawn Of War Ii - Anniversary Edition (Classic)"
587,No Rest For The Wicked
588,Lossless Scaling
589,Heaven Forest - Vr Mmo
590,The Bureau: Xcom Declassified
591,Black Myth: Wukong Benchmark Tool
592,Monster Hunter Stories 2: Wings Of Ruin
593,Ghost Of Tsushima Director'S Cut
594,Barotrauma
595,Moonlighter
596,Mechwarrior Online Solaris 7
597,Chivalry 2
598,"Warhammer 40,000: Space Marine - Anniversary Edition"
599,Borderlands Game Of The Year
600,The Elder Scrolls Iv: Oblivion Game Of The Year Edition Deluxe (2009)
601,Duck Game
602,Ghostrunner
603,Runescape
604,Freddy Fazbear'S Pizzeria Simulator
605,Creative Destruction
606,Shadowrun Returns
607,Dead Frontier 2
608,Microsoft Flight Simulator X: Steam Edition
609,Street Fighter 6
610,Return To Castle Wolfenstein
611,Life Is Strange: Before The Storm
612,Assassin'S Creed Syndicate
613,Dead Space (2008)
614,Awesomenauts
615,Soulworker - Anime Action Mmo
616,Shadow Of The Tomb Raider: Definitive Edition
617,Line Of Sight
618,Hitman World Of Assassination
619,Neon Abyss
620,Tribes Of Midgard
621,Outriders
622,Code Vein
623,"Warhammer 40,000: Chaos Gate - Daemonhunters"
624,To The Moon
625,Secret In Story
626,Iron Snout
627,Vindictus
628,Mafia Ii: Definitive Edition
629,Hacknet
630,Ryse: Son Of Rome
631,The Elder Scrolls Iv: Oblivion Game Of The Year Edition (2009)
632,Persona 5 Royal
633,Magicka 2
634,Monaco: What'S Yours Is Mine
635,Tcg Card Shop Simulator
636,A Dance Of Fire And Ice
637,Hitman: Blood Money
638,Crucible Beta
639,The Evil Within
640,Glass Masquerade
641,Knight Online
642,Endless Legend
643,South Park: The Fractured But Whole
644,Gtfo
645,Half-Life: Alyx
646,Stories: The Path Of Destinies
647,The Darkness Ii
648,The Awesome Adventures Of Captain Spirit
649,Shadowverse Ccg
650,Naruto To Boruto: Shinobi Striker
651,Star Wars Knights Of The Old Republic
652,Call Of Duty: Wwii
653,Red Dead Online
654,Rounds
655,Heart Of A Warrior
656,Gris
657,One-Armed Robber
658,Openttd
659,Ultimate Chicken Horse
660,Besiege
661,Back 4 Blood
662,Romero'S Aftermath
663,Endless Space - Definitive Edition
664,Airmech Strike
665,Tropico 4
666,God Of War Ragnarök
667,Depth
668,Ddracenetwork
669,Powerwash Simulator
670,Tiny Tina'S Wonderlands
671,Gothic 3
672,Football Manager 2019
673,Pillars Of Eternity
674,Crysis Warhead
675,Gorilla Tag
676,Darksiders Iii
677,Total War: Empire – Definitive Edition
678,Legends Of Idleon - Idle Mmo
679,Need For Speed Payback
680,Plague Inc: Evolved
681,Ax:El - Air Xenodawn
682,Shadow Warrior 2
683,Keep Talking And Nobody Explodes
684,Superhot
685,Far Cry New Dawn
686,Game Dev Tycoon
687,Bigfoot
688,Total War: Warhammer
689,Tropico 6
690,Grand Theft Auto: Vice City
691,Bayonetta
692,Command & Conquer Remastered Collection
693,Idle Champions Of The Forgotten Realms
694,Kingdoms And Castles
695,Fps Chess
696,Verdun
697,Thief
698,Warmode
699,Ravenfield
700,Dark Messiah Of Might & Magic
701,Baldur'S Gate: Enhanced Edition
702,Resident Evil 5
703,Holocure - Save The Fans!
704,Blade And Sorcery
705,Fallen Earth Free2Play
706,Resident Evil
707,Hero Siege
708,Blockpost
709,Pc Building Simulator
710,Assassin’S Creed Brotherhood
711,Yakuza 0
712,Train Simulator Classic
713,Wreckfest
714,Gigantic
715,Emily Is Away
716,Signalis
717,"Star Wars Battlefront (Classic, 2004)"
718,Assassin'S Creed Origins
719,Rise Of Nations: Extended Edition
720,We Were Here
721,Riders Of Icarus
722,Dusk
723,The Elder Scrolls Iii: Morrowind Game Of The Year Edition
724,Generation Zero
725,Mafia
726,Sabre Team
727,Wolfenstein Ii: The New Colossus
728,Murderous Pursuits
729,Webfishing
730,Digimon Masters Online
731,Stronghold Crusader 2
732,Star Wars Republic Commando
733,Superliminal
734,Old School Runescape
735,Battlefield 4
736,Predecessor
737,Orcs Must Die!
738,Miside
739,Control Ultimate Edition
740,Mass Effect 2 (2010 Edition)
741,Rain World
742,"Warhammer 40,000: Dawn Of War Iii"
743,Sleeping Dogs
744,Tom Clancy’S Splinter Cell Blacklist
745,Total War: Napoleon – Definitive Edition
746,Crush Crush
747,Dragon Age: Origins - Ultimate Edition
748,Ea Sports Fifa 21
749,Creativerse
750,Doom + Doom Ii
751,Battletech
752,Dirt Rally 2.0
753,Thief Simulator
754,Wolcen: Lords Of Mayhem
755,Dragon Ball Z: Kakarot
756,Watch_Dogs
757,Guilty Gear -Strive-
758,Orwell: Keeping An Eye On You
759,Astral Party
760,Metal: Hellsinger
761,Crypt Of The Necrodancer
762,Endless Space 2
763,Medal Of Honor
764,Company Of Heroes: Opposing Fronts
765,Gear Up
766,Shakes And Fidget
767,A Plague Tale: Innocence
768,Squad 44
769,Age Of Empires Iii: Definitive Edition
770,Dc Universe Online
771,Aeon Command
772,Company Of Heroes
773,Surgeon Simulator
774,Draw & Guess
775,Bloodstained: Ritual Of The Night
776,Assassin'S Creed: Director'S Cut Edition
777,Polygon: Multiplayer Shooter
778,Remnant Ii
779,Resident Evil Revelations 2
780,Nba 2K21
781,Natural Selection 2
782,Capcom Arcade Stadium
783,Far Cry 2
784,The Ascent
785,Eador. Masters Of The Broken World
786,Half-Life: Blue Shift
787,Radical Heights
788,Enclave
789,Call Of Duty: Infinite Warfare
790,Blasphemous
791,Sega Mega Drive And Genesis Classics
792,Wargame: Red Dragon
793,S.T.A.L.K.E.R.: Shadow Of Chernobyl
794,Star Wars Empire At War - Gold Pack
795,Untitled Goose Game
796,Atlas
797,Dragon Ball Xenoverse 2
798,Gwent: The Witcher Card Game
799,Battlefield 3
800,Dragon Ball Xenoverse
801,The Henry Stickmin Collection
802,Skul: The Hero Slayer
803,Mark Of The Ninja
804,Brothers - A Tale Of Two Sons
805,Transistor
806,Defy Gravity Extended
807,The Binding Of Isaac
808,Quake
809,Graveyard Keeper
810,Source Filmmaker
811,Sid Meier'S Civilization: Beyond Earth
812,Divinity: Original Sin - Enhanced Edition
813,Core Keeper
814,One Piece: Pirate Warriors 4
815,Data Hacker: Initiation
816,Unheard - Voices Of Crime
817,Torchlight
818,Tribes: Ascend
819,Tekken 8
820,Orcs Must Die! 3
821,The Last Remnant
822,Freebie
823,Sid Meier'S Civilization Iv
824,"Warhammer 40,000: Dawn Of War - Anniversary Edition (Classic)"
825,Love Is All Around
826,Diablo Iv
827,Just Cause
828,Aliens Vs. Predator
829,Maplestory
830,Armored Warfare
831,The Surge
832,"Warhammer 40,000: Inquisitor - Martyr"
833,Outer Wilds
834,Artifact
835,Dungeons & Dragons Online
836,Fortified
837,音灵 Invaxion
838,Wakfu
839,Arma: Cold War Assault Remastered
840,School Of Dragons
841,Metal Gear Solid V: Ground Zeroes
842,Two Point Hospital
843,Outlast 2
844,Running With Rifles
845,Deponia: The Complete Journey
846,Farming Simulator 17
847,Loop Hero
848,Crysis
849,Kingdoms Of Amalur: Reckoning
850,Lord Of The Rings: War In The North
851,Bioshock 2
852,God Eater 3
853,Shadow Tactics: Blades Of The Shogun
854,Archeblade
855,"Warhammer 40,000: Dawn Of War Ii Chaos Rising"
856,Mass Effect (2007)
857,Dead Island Definitive Edition
858,Fez
859,Bright Memory: Infinite
860,Stormgate
861,Evolvation
862,Heroes Of Might & Magic Iii - Hd Edition
863,Horizon Zero Dawn Complete Edition
864,Town Of Salem
865,Turbo Pug
866,The Elder Scrolls: Legends
867,The Evil Within 2
868,Car Mechanic Simulator 2021
869,Final Fantasy Vii
870,Total War: Medieval Ii – Definitive Edition
871,Dragons And Titans
872,Mudrunner
873,Dmc: Devil May Cry
874,Panzar
875,Catan Universe
876,Paint The Town Red
877,Sherlock Holmes: The Devil'S Daughter
878,Pizza Tower
879,Brick Rigs
880,Ghostwire: Tokyo
881,Orcs Must Die! Unchained
882,X4: Foundations
883,Brainbread 2
884,Sid Meier'S Civilization Iii Complete
885,Saving Grace
886,Assetto Corsa Competizione
887,Serious Sam Hd: The First Encounter
888,The Planet Crafter
889,Tower Of Fantasy
890,"Warhammer 40,000: Dawn Of War Ii: Retribution"
891,Trailmakers
892,Dredge
893,Inside The Backrooms
894,Cs2D
895,Victoria 3
896,Tropico 5
897,Hand Simulator
898,Hitman 2: Silent Assassin
899,Call Of Duty: Ghosts
900,Cruelty Squad
901,Age Of History Ii
902,Star Wars - The Force Unleashed Ultimate Sith Edition
903,Knights And Merchants
904,Persona 4 Golden
905,Unrailed!
906,Bright Memory
907,Demonologist
908,Crysis 3 Remastered
909,Death Stranding Director'S Cut
910,Transport Fever
911,How To Survive
912,暖雪 Warm Snow
913,Wobbly Life
914,Earth Defense Force 4.1 The Shadow Of New Despair
915,Killer Is Dead - Nightmare Edition
916,Star Wars Knights Of The Old Republic Ii - The Sith Lords
917,Scarlet Nexus
918,Day Of Infamy
919,Plateup!
920,Beholder
921,The Talos Principle
922,Quantum Break
923,Mortal Kombat Komplete Edition
924,Bloons Td Battles
925,Super Animal Royale
926,Pillars Of Eternity Ii: Deadfire
927,Rome: Total War - Collection
928,Lobotomy Corporation | Monster Management Simulation
929,Baldur'S Gate Ii: Enhanced Edition
930,Alan Wake'S American Nightmare
931,Sniper: Ghost Warrior 2
932,Deadlink
933,Ace Of Spades: Battle Builder
934,World War Z
935,Jump Force
936,Darksiders Warmastered Edition
937,Bless Online
938,Civilization Iv: Beyond The Sword
939,Overcooked
940,Craftopia
941,Medieval Dynasty
942,Steep
943,Red Faction: Armageddon
944,Dynasty Warriors 8: Xtreme Legends Complete Edition
945,Spyro Reignited Trilogy
946,Ragnarok Online 2
947,Crysis 2 - Maximum Edition
948,Farm Together
949,Sands Of Salzaar
950,Five Nights At Freddy'S: Security Breach
951,Deus Ex: Game Of The Year Edition
952,Spelunky
953,Secret World Legends
954,Mafia Iii: Definitive Edition
955,Amid Evil
956,Thunder Tier One
957,Kingdom Hearts -Hd 1.5+2.5 Remix-
958,Move Or Die
959,Mafia: Definitive Edition
960,Boneworks
961,Nba 2K19
962,Serious Sam Ii
963,Outward Definitive Edition
964,The First Berserker: Khazan
965,Woodle Tree Adventures
966,Capcom Arcade 2Nd Stadium
967,Strobophagia | Rave Horror
968,Dead Rising 3 Apocalypse Edition
969,Viscera Cleanup Detail
970,Jack Orlando: Director'S Cut
971,The Lab
972,Lego Star Wars: The Skywalker Saga
973,Command & Conquer: Red Alert 3
974,Lego Marvel Super Heroes
975,The Long Drive
976,Braid
977,The Lego Ninjago Movie Video Game
978,The Past Within
979,Not For Broadcast
980,Lost Castle / 失落城堡
981,Star Wars Jedi: Survivor
982,Aseprite
983,The Riftbreaker
984,The Walking Dead: Season Two
985,Mass Effect Legendary Edition
986,Age Of Wonders Iii
987,Portal Knights
988,Atomic Heart
989,Farthest Frontier
990,Soulcalibur Vi
991,Spiritfarer: Farewell Edition
992,Omori
993,"Warhammer 40,000: Dawn Of War - Soulstorm"
994,Prismata
995,Escape Room - Der Kranke Kollege
996,Modern Combat 5
997,Dino D-Day
998,Darkwood
999,Amnesia: A Machine For Pigs
1000,Serious Sam 4
1001,Action Taimanin
1002,The Last Of Us Part I
1003,Civilization Iv: Warlords
1004,Dream Daddy: A Dad Dating Simulator
1005,Stoneshard
1006,Pico Park
1007,The Callisto Protocol
1008,Furry Killer
1009,小黑盒加速器
1010,X-Com: Ufo Defense
1011,Warriors Of Vilvatikta
1012,Orion: Prelude
1013,Strife
1014,Dungeons 2
1015,Bleach Brave Souls
1016,Bopl Battle
1017,Secret Neighbor: Hello Neighbor Multiplayer
1018,Need For Speed Unbound
1019,Stranded Deep
1020,Escape Simulator
1021,Timberborn
1022,F.E.A.R. 3
1023,Efootball Pes 2021 Season Update
1024,Crysis 2 Remastered
1025,Sharex
1026,Streets Of Rogue
1027,Sakura Clicker
1028,Stormworks: Build And Rescue
1029,S.T.A.L.K.E.R.: Clear Sky
1030,Starship Troopers: Extermination
1031,Project Winter
1032,Necesse
1033,Lords Of The Fallen
1034,Spongebob Squarepants: Battle For Bikini Bottom - Rehydrated
1035,My Summer Car
1036,The Witness
1037,Turmoil
1038,High Octane Drift
1039,The Pillage
1040,Zero Escape: Zero Time Dilemma
1041,"Warhammer 40,000: Dawn Of War - Dark Crusade"
1042,Sonic Mania
1043,Little Nightmares Ii
1044,The Ship: Murder Party
1045,Furi
1046,Drug Dealer Simulator
1047,Spooky'S Jump Scare Mansion
1048,Unreal Tournament 2004: Editor'S Choice Edition
1049,Cell To Singularity - Evolution Never Ends
1050,Just Survive
1051,Poker Night At The Inventory
1052,Darkest Dungeon Ii
1053,Need For Speed
1054,Fallout 2: A Post Nuclear Role Playing Game
1055,Overlord Ii
1056,Spelunky 2
1057,Supreme Commander: Forged Alliance
1058,Psychonauts
1059,Tera - Action Mmorpg
1060,嗜血印 Bloody Spell
1061,Worms Armageddon
1062,Ground Branch
1063,Sunless Sea
1064,Far Cry 3 - Blood Dragon
1065,Unreal Tournament 3 Black
1066,Bacteria
1067,Team Fortress Classic
1068,Rage
1069,Sultan'S Game
1070,Rivals Of Aether
1071,Fable Anniversary
1072,Her Story
1073,Infestation: Survivor Stories 2020
1074,Punch Club
1075,Foxhole
1076,The Wolf Among Us
1077,Night In The Woods
1078,Call To Arms
1079,Assassin’S Creed Rogue
1080,Chinese Parents
1081,"Invisible, Inc."
1082,Universe Sandbox
1083,Nba 2K24
1084,Dishonored: Death Of The Outsider
1085,Mx Bikes
1086,Kingdom: New Lands
1087,Duke Nukem Forever
1088,Cossacks 3
1089,Inzoi
1090,Townscaper
1091,F.E.A.R.
1092,Injustice: Gods Among Us Ultimate Edition
1093,"Hot Dogs, Horseshoes & Hand Grenades"
1094,Dungeon Of The Endless
1095,Gauntlet Slayer Edition
1096,Tales Of Berseria
1097,Assassin'S Creed Revelations
1098,Nine Sols
1099,Archeage
1100,Superhot Vr
1101,Final Fantasy Vii Remake Intergrade
1102,Borderlands Game Of The Year Enhanced
1103,Minecraft Dungeons
1104,Zula Global
1105,War Selection
1106,Heaven Island - Vr Mmo
1107,Kingdoms Of Amalur: Re-Reckoning
1108,Wartales
1109,Gothic Playable Teaser
1110,Shellshock Live
1111,Machinarium
1112,Audiosurf
1113,3Dmark
1114,F1 23
1115,Needy Streamer Overload
1116,Two Worlds Epic Edition
1117,Armello
1118,Police Simulator: Patrol Officers
1119,Torque Drift
1120,Tricolour Lovestory
1121,Icey
1122,The Culling
1123,Football Manager 2024
1124,Brain / Out
1125,Project Cars
1126,Let It Die
1127,Resident Evil 0
1128,Battalion 1944
1129,60 Seconds! Reatomized
1130,Zombie Defense: The Last Frontier
1131,Project Cars 2
1132,Reflex
1133,Relic Hunters Zero: Remix
1134,Crash Bandicoot N. Sane Trilogy
1135,Just Cause 4 Reloaded
1136,100% Orange Juice
1137,Victoria Ii
1138,Lego Star Wars - The Complete Saga
1139,Prototype 2
1140,Empyrion - Galactic Survival
1141,My Friend Pedro
1142,Moonbase Alpha
1143,Trine 4: The Nightmare Prince
1144,Lego The Lord Of The Rings
1145,Nba 2K18
1146,Deathloop
1147,Prime World
1148,Tyranny
1149,Cthulhu Saves The World
1150,Steamvr
1151,Hardspace: Shipbreaker
1152,Quake Ii
1153,Scribble It!
1154,Blood Bowl 2: Legendary Edition (Classic)
1155,Solasta: Crown Of The Magister
1156,Sonic Adventure 2
1157,World Of Warplanes
1158,Sally Face - Episode One
1159,Dorfromantik
1160,Darksiders Genesis
1161,Real Pool 3D - Poolians
1162,Humankind
1163,X-Plane 11
1164,Portal 2 Sixense Perceptual Pack
1165,Road Redemption
1166,Devil May Cry 4 Special Edition
1167,Rogue Legacy 2
1168,Dark Deception
1169,Euro Truck Simulator
1170,Kartrider: Drift
1171,Vega Conflict
1172,Forts
1173,We Were Here Expeditions: The Friendship
1174,Salt And Sanctuary
1175,Clustertruck
1176,Far Cry Primal
1177,Resident Evil 3: Raccoon City Demo
1178,20 Minutes Till Dawn
1179,Red Faction Guerrilla Steam Edition
1180,Tricky Towers
1181,Stronghold Crusader Hd (2012)
1182,Dune: Spice Wars
1183,Scribblenauts Unlimited
1184,Iron Harvest
1185,Efootball  Pes 2020
1186,Nba 2K23
1187,Mount & Blade: With Fire & Sword
1188,Max Payne
1189,Worldbox - God Simulator
1190,Last Oasis
1191,Murdered: Soul Suspect
1192,Farming Simulator 25
1193,Sid Meier'S Civilization Vii
1194,Vtube Studio
1195,Marvel'S Avengers - The Definitive Edition
1196,Anno 1800
1197,Dawn Of Man
1198,World Of Tanks
1199,Contagion
1200,Jurassic World Evolution 2
1201,Retroarch
1202,Xcom: Chimera Squad
1203,Gotham City Impostors Free To Play
1204,Jet Set Radio
1205,Battlerite Royale
1206,Hydroneer
1207,Potion Craft: Alchemist Simulator
1208,Islands Of Nyne: Battle Royale
1209,Lego The Hobbit
1210,"Ranch Simulator: Build, Hunt, Farm"
1211,Slime Rancher 2
1212,Kingdom Rush  - Tower Defense
1213,Wo Long: Fallen Dynasty
1214,Nobody - The Turnaround
1215,Marvel’S Spider-Man: Miles Morales
1216,Men Of War: Assault Squad 2
1217,Easy Esports
1218,Nioh 2 – The Complete Edition
1219,Beyond: Two Souls
1220,Dead Island: Riptide Definitive Edition
1221,Call Of Duty: Advanced Warfare - Gold Edition
1222,Forager
1223,Darwin Project
1224,Galactic Civilizations Iii
1225,Dread Hunger
1226,Lovechoice
1227,Deep Rock Galactic: Survivor
1228,Satellite Reign
1229,Carrion
1230,Scorn
1231,Everspace 2
1232,Swords Of Legends Online
1233,Gems Of War - Puzzle Rpg
1234,The Wind Road
1235,Deponia
1236,Hell Yeah! Wrath Of The Dead Rabbit
1237,"Pirates, Vikings, And Knights Ii"
1238,Shop Titans
1239,Realm Grinder
1240,Cursed Dawn
1241,Skater Xl - The Ultimate Skateboarding Game
1242,Anno 2205
1243,Assassin'S Creed Iii Remastered
1244,Star Wars Battlefront
1245,Need For Speed Rivals
1246,Metaphor: Refantazio
1247,My Singing Monsters
1248,Risk Of Rain Returns
1249,Your Only Move Is Hustle
1250,F1 2021
1251,Horizon Forbidden West Complete Edition
1252,Dinkum
1253,Gujian3(古剑奇谭三)
1254,Star Wars: Squadrons
1255,Sniper Ghost Warrior 3
1256,Volcano Princess
1257,Dead Space 2
1258,Romance Of The Three Kingdoms Xiv
1259,Tropico 3
1260,Just Shapes & Beats
1261,Forza Motorsport
1262,My Beautiful Paper Smile
1263,Legion Td 2 - Multiplayer Tower Defense
1264,Teeworlds
1265,Fallout 3
1266,Need For Speed Undercover
1267,Spacechem
1268,Dust: An Elysian Tail
1269,Deus Ex: Invisible War
1270,Marauders
1271,World Of Goo
1272,Terraformers
1273,Sniper: Ghost Warrior
1274,Golf It!
1275,Brick-Force
1276,Oneshot
1277,Final Fantasy Ix
1278,Tunic
1279,Deltarune
1280,Cortex Command
1281,House Party
1282,Lego Harry Potter: Years 1-4
1283,The Incredible Adventures Of Van Helsing
1284,Warhammer: End Times - Vermintide
1285,Clone Drone In The Danger Zone
1286,Injustice 2
1287,Sword Art Online: Fatal Bullet
1288,Overcast - Walden And The Werewolf
1289,Need For Speed Hot Pursuit Remastered
1290,Songs Of Conquest
1291,Super Hexagon
1292,Dark Souls: Prepare To Die Edition
1293,Five Nights At Freddy'S 2
1294,Lockdown Protocol
1295,Wwii Online
1296,Final Fantasy Xii The Zodiac Age
1297,Transport Fever 2
1298,Will To Live Online
1299,Need For Speed Most Wanted
1300,Zombie Army Trilogy
1301,Ragnarok Online
1302,Resident Evil 7 Teaser: Beginning Hour
1303,Make It Indie!
1304,Bombergrounds: Battle Royale
1305,F1 2020
1306,Radical Roach Remastered
1307,Door Kickers: Action Squad
1308,Poker Night 2
1309,Persona 3 Reload
1310,Lies Of P
1311,Tails Noir
1312,Tom Clancy’S The Division 2
1313,Double Action: Boogaloo
1314,Pixel Sketch
1315,Call Of Cthulhu
1316,Evil West
1317,Mobius Final Fantasy
1318,Earth Defense Force 5
1319,Planetbase
1320,Doom 3
1321,Leaf Blower Revolution - Idle Game
1322,Huniepop
1323,A.V.A
1324,觅长生
1325,Flame Of Memory
1326,Antichamber
1327,Danganronpa: Trigger Happy Havoc
1328,The Walking Dead: A New Frontier
1329,Hatred
1330,Witch It
1331,Star Wars: The Force Unleashed Ii
1332,Dead Maze
1333,My Time At Portia
1334,Serial Cleaner
1335,The Way Of Life Free Edition
1336,Mechabellum
1337,Plants Vs. Zombies: Battle For Neighborville
1338,Metal Slug 3
1339,S.T.A.L.K.E.R.: Call Of Pripyat
1340,Heaven Island Life
1341,Amnesia: Rebirth
1342,"Warhammer 40,000: Gladius - Relics Of War"
1343,Prototype
1344,Drift Streets Japan
1345,Assassin’S Creed Iii
1346,Homeworld Remastered Collection
1347,Puzzle Galaxies
1348,Danganronpa V3: Killing Harmony
1349,Mr. Sun'S Hatbox
1350,Wildstar
1351,Children Of Morta
1352,Mcosu
1353,Nba 2K25
1354,Soulworker
1355,Xera: Survival
1356,Labyrinthine
1357,Pavlov
1358,Superhot: Mind Control Delete
1359,The Legend Of Bum-Bo
1360,Sas: Zombie Assault 4
1361,Aliens: Fireteam Elite
1362,America'S Army 3
1363,Godot Engine
1364,Heroes Of Hammerwatch Ii
1365,Persona 5 Strikers
1366,Astlibra Revision
1367,Call To Arms - Gates Of Hell: Ostfront
1368,Final Fantasy X/X-2 Hd Remaster
1369,Art Of War: Red Tides
1370,Phoenix Wright: Ace Attorney Trilogy
1371,Vampyr
1372,Battle Brothers
1373,Dragon Age Inquisition
1374,Ender Lilies: Quietus Of The Knights
1375,Blood And Bacon
1376,Summer Memories
1377,Devil May Cry Hd Collection
1378,Into The Breach
1379,Demon Slayer -Kimetsu No Yaiba- The Hinokami Chronicles
1380,State Of Decay: Yose
1381,Omsi 2: Steam Edition
1382,Snow - The Ultimate Edition
1383,Djmax Respect V
1384,Pixel Strike 3D
1385,Blockade
1386,Plants Vs. Zombies Garden Warfare 2: Deluxe Edition
1387,Across The Obelisk
1388,Lego Jurassic World
1389,Elsword
1390,Snowrunner
1391,Terra Incognita Chapter One: The Descendant
1392,Gears 5
1393,Chronicon
1394,Elex
1395,Endless Sky
1396,Baba Is You
1397,The Outer Worlds
1398,Turbo Pug Dx
1399,Himno
1400,Library Of Ruina
1401,Imperator: Rome
1402,Enlisted: Reinforced
1403,Sinking Simulator
1404,Octodad: Dadliest Catch
1405,Sven Co-Op
1406,Destroy All Humans!
1407,The Stanley Parable: Ultra Deluxe
1408,Magic Lantern
1409,Prey
1410,Company Of Heroes 3
1411,Call Of Duty: Modern Warfare
1412,Wildermyth
1413,Aragami
1414,Judgment
1415,Breathedge
1416,Resident Evil Revelations
1417,Ixion
1418,Wolfenstein: The Old Blood
1419,Supreme Commander
1420,Mass Effect: Andromeda Deluxe Edition
1421,Sanctum
1422,Sniper Ghost Warrior Contracts 2
1423,12 Is Better Than 6
1424,Biomutant
1425,Kena: Bridge Of Spirits
1426,Soccer Online: Ball 3D
1427,Post Void
1428,Fran Bow
1429,Turnsignal
1430,Heavy Metal Machines
1431,Farming Simulator 15
1432,Hyper Light Drifter
1433,Mindustry
1434,Alice: Madness Returns
1435,Dungeons 3
1436,Esea
1437,The Hungry Lamb: Traveling In The Late Ming Dynasty
1438,War Trigger 3
1439,Talisman: Digital Classic Edition
1440,Undefeated
1441,Wasteland 2: Director'S Cut
1442,Yolomouse - Cursor Changer
1443,City Car Driving
1444,Syberia
1445,Thrive: Heavy Lies The Crown
1446,Dsx
1447,Worms Reloaded
1448,Shadow Arena
1449,Flatout 2
1450,Strange Brigade
1451,Abzu
1452,Kingdom Heroes 8
1453,Call Of Duty: Black Ops Cold War
1454,Session: Skate Sim
1455,Wizard Of Legend
1456,Stronghold: Definitive Edition
1457,What Remains Of Edith Finch
1458,Gothic 1
1459,Richman10
1460,"Dr. Langeskov, The Tiger, And The Terribly Cursed Emerald: A Whirlwind Heist"
1461,Trine 3: The Artifacts Of Power
1462,Monopoly Plus
1463,Saints Row: Gat Out Of Hell
1464,Amazing Cultivation Simulator
1465,Sword And Fairy 7
1466,Sometimes: Success Requires Sacrifice
1467,Dragon Age: Origins
1468,My Time At Sandrock
1469,Heroes Of Hammerwatch
1470,Heavy Rain
1471,Poly Bridge
1472,Vainglory
1473,Five Nights At Freddy'S 4
1474,Sifu
1475,Minion Masters
1476,Propnight
1477,Uncharted: Legacy Of Thieves Collection
1478,Neverwinter Nights: Enhanced Edition
1479,Necrosmith
1480,Foundation
1481,In Silence
1482,Yume Nikki
1483,Steamvr Performance Test
1484,Thief Gold (1999)
1485,Planetary Annihilation: Titans
1486,Against The Storm
1487,Everquest Ii
1488,Divinity: Original Sin (Classic)
1489,Pinball Arcade
1490,Ghost Watchers
1491,Icarus
1492,Stellar 2D
1493,Ovr Advanced Settings
1494,Dead Or Alive 6
1495,Suzerain
1496,Binary Domain
1497,Dreadnought
1498,Luma Island
1499,Age Of Wonders 4
1500,The Dungeon Of Naheulbeuk: The Amulet Of Chaos
1501,60 Seconds!
1502,The Pirate: Caribbean Hunt
1503,F1 22
1504,The Isle
1505,Hired Ops
1506,Anarchy: Wolf'S Law
1507,Race The Sun
1508,Streets Of Rage 4
1509,Super Crate Box
1510,Kane & Lynch 2: Dog Days
1511,Torchlight Iii
1512,Madness: Project Nexus
1513,Ultimate Fishing Simulator
1514,Battleborn
1515,"Warhammer 40,000: Eternal Crusade"
1516,Dead Space
1517,Mortal Kombat 1
1518,Sun Haven
1519,Xuan-Yuan Sword Vii
1520,Doki Doki Literature Club Plus!
1521,Elyon
1522,Dungeon Siege
1523,Remember Me
1524,Distant Space
1525,Disillusions Manga Horror
1526,Marvel Puzzle Quest
1527,Changed
1528,Cyber Hunter
1529,Styx: Master Of Shadows
1530,Supraland
1531,Mr.Mine
1532,Everquest
1533,Skyforge
1534,Age Of Conan: Unchained
1535,Never Split The Party
1536,The Last Spell
1537,Only If
1538,Backrooms: Escape Together
1539,Undisputed
1540,Risen 2: Dark Waters
1541,Iron Front: Digital War Edition
1542,Spedv
1543,Mini Metro
1544,Yakuza 3 Remastered
1545,Backpack Battles
1546,Mutant Year Zero: Road To Eden
1547,Copa Petrobras De Marcas
1548,Tetris Effect: Connected
1549,Slay The Princess — The Pristine Cut
1550,Operation Flashpoint: Dragon Rising
1551,The Invincible
1552,Driver Booster 4 For Steam
1553,Titan Souls
1554,Two Worlds Ii Hd
1555,Total War: Rome Remastered
1556,Zero Hour
1557,Project Wingman
1558,Mirror'S Edge Catalyst
1559,Outland
1560,Risen 3 - Titan Lords
1561,Sunset Overdrive
1562,State Of Decay
1563,Bonelab
1564,Candle In Darkness
1565,Angel Legion
1566,Rollercoaster Tycoon 3: Platinum
1567,Arizona Sunshine Vr Legacy
1568,Head Shot
1569,Gunpoint
1570,Kritika:Reboot
1571,Far: Lone Sails
1572,Firework
1573,One Finger Death Punch
1574,Abiotic Factor
1575,Stacklands
1576,Undawn
1577,Command & Conquer 3: Tiberium Wars
1578,Airport Ceo
1579,Eastern Exorcist
1580,Webbed
1581,Blood Fresh Supply
1582,Suchart: Creative Space
1583,Ancestors Legacy
1584,Everlasting Summer
1585,Dark And Light
1586,Assassin'S Creed Valhalla
1587,港詭實錄Paranormalhk
1588,The Walking Dead: The Telltale Definitive Series
1589,Bodycam
1590,"Kivi, Toilet And Shotgun"
1591,Pool 2D - Poolians
1592,Steel Ocean
1593,妄想破绽 Broken Delusion
1594,Next Day: Survival
1595,Primal Carnage: Extinction
1596,Greedfall
1597,Immortal Soul: Black Survival
1598,Dreamfall Chapters
1599,神舞幻想 Faith Of Danschant
1600,Ngu Idle
1601,Ultra Street Fighter Iv
1602,Facerig
1603,Mabinogi
1604,Journey
1605,Shift Happens
1606,Backpack Hero
1607,Professional Fishing
1608,Age Of Empires: Definitive Edition
1609,Nba 2K16
1610,Infinity Wars: Animated Trading Card Game
1611,Wwe 2K20
1612,Aska
1613,Worms W.M.D
1614,The Skies - Beta
1615,Guns Up!
1616,$1 Ride
1617,Mini Motorways
1618,Shadowrun: Hong Kong - Extended Edition
1619,One Piece Pirate Warriors 3
1620,Anno 2070
1621,Tomb Raider: Anniversary
1622,Wuppo: Definitive Edition
1623,Hitman: Contracts
1624,Rwby: Grimm Eclipse
1625,Sonic & All-Stars Racing Transformed Collection
1626,Temple Of Apshai Trilogy
1627,Hero Quest: Tower Conflict
1628,Worm.Is: The Game
1629,Magicraft
1630,Google Earth Vr
1631,Cubic Castles
1632,Divine Divinity
1633,Nba 2K22
1634,We Were Here Forever
1635,Game Of Thrones - A Telltale Games Series
1636,Blood Of Steel
1637,A Game About Digging A Hole
1638,Crime Scene Cleaner
1639,Blockstorm
1640,Onraid
1641,Toxikk
1642,Touhou Mystia'S Izakaya
1643,Achievements Printer
1644,Elems
1645,Frostpunk 2
1646,Hurtworld
1647,Melvor Idle
1648,Metal Slug Defense
1649,Might & Magic: Heroes Vi
1650,Legend Of Grimrock
1651,Red Faction
1652,Risen
1653,Villagers And Heroes
1654,Riders Republic
1655,Closers
1656,Nekopara Vol. 0
1657,Adventure Communist
1658,The Banner Saga
1659,Star Wars Jedi Knight: Dark Forces Ii
1660,Dead Rising
1661,Knockout City
1662,Valkyria Chronicles
1663,Overgrowth
1664,Tiny Glade
1665,Cloudpunk
1666,Star Wars Jedi Knight - Jedi Academy
1667,Monster Prom
1668,Wargroove
1669,Desperados Iii
1670,Burnout Paradise: The Ultimate Box
1671,极限求生
1672,F.E.A.R. 2: Project Origin
1673,Spore Galactic Adventures
1674,Viking: Battle For Asgard
1675,Zombie Panic! Source
1676,Lego Batman: The Videogame
1677,Bomber Crew
1678,Puyo Puyotetris
1679,Owlboy
1680,X-Blades
1681,Wargame: European Escalation
1682,Soda Dungeon
1683,Lego Marvel'S Avengers
1684,Reign Of Guilds
1685,Evga Precision X1
1686,Cooking Simulator
1687,Breath Of Death Vii
1688,Firestone: Online Idle Rpg
1689,Deepest Sword
1690,Monster Train
1691,Deadside
1692,Five Nights At Freddy'S: Sister Location
1693,Lucius
1694,Renegade Ops
1695,Amazing Frog?
1696,Viscera Cleanup Detail: Shadow Warrior
1697,Cpucores :: Maximize Your Fps
1698,Mount & Blade
1699,Cities In Motion 2
1700,Rocksmith 2014 Edition Remastered Learn & Play
1701,Zombie Army 4: Dead War
1702,Everspace
1703,Figment
1704,We Happy Few
1705,Onmyoji
1706,Knightfall: A Daring Journey
1707,A Detective'S Novel
1708,Melty Blood: Type Lumina
1709,Steins;Gate
1710,Sonic Generations Collection
1711,Atlas Reactor
1712,Craft The World
1713,Combat Arms: Reloaded
1714,Hammerwatch
1715,Travellers Rest
1716,Thronefall
1717,The Test
1718,Aster Fpv Drone Simulator
1719,Shadowrun: Dragonfall - Director'S Cut
1720,Fable - The Lost Chapters
1721,Data Hacker: Corruption
1722,"Flashing Lights - Police, Firefighting, Emergency Services (Ems) Simulator"
1723,Gorebox
1724,Crysis Remastered
1725,Returnal
1726,The Walking Dead: The Final Season
1727,"Cook, Serve, Delicious!"
1728,Royal Quest
1729,Terratech
1730,Magicite
1731,Wayfinder
1732,Max Payne 2: The Fall Of Max Payne
1733,Sakura Swim Club
1734,Thedawn
1735,Rayman Legends
1736,Total War Battles: Kingdom
1737,Might & Magic Heroes Vii
1738,Lego City Undercover
1739,Supraland Six Inches Under
1740,Dirt 4
1741,Reus
1742,Jump King
1743,Holdfast: Nations At War
1744,Blackshot: Mercenary Warfare Fps
1745,Avorion
1746,Octopath Traveler
1747,Eternal Card Game
1748,Yet Another Zombie Survivors
1749,Book Of Demons
1750,Snake Pass
1751,Far Cry 6
1752,Swords & Souls: Neverseen
1753,She Will Punish Them
1754,Return Of The Obra Dinn
1755,Call Of War: World War 2
1756,Vladik Brutal
1757,Naruto Shippuden: Ultimate Ninja Storm 3 Full Burst Hd
1758,Ni No Kuni Ii: Revenant Kingdom
1759,Unravel Two
1760,Wasteland 3
1761,Dungeon Journey
1762,Bendy And The Dark Revival
1763,Dr Livesey Rom And Death Edition
1764,Anarchy Arcade
1765,Vtol Vr
1766,Soda Dungeon 2
1767,Homefront: The Revolution
1768,Shovel Knight: Treasure Trove
1769,Steamworld Dig
1770,Final Fantasy Xiii
1771,Perfect Heist 2
1772,Call Of Duty: Modern Warfare Remastered (2017)
1773,Construction Simulator 2015
1774,Soccer Manager 2022
1775,Hitman: Codename 47
1776,Dungeon Siege Ii
1777,Dude Simulator
1778,Ovr Toolkit - Desktop Overlay
1779,Expeditions: Rome
1780,Death'S Door
1781,Bus Simulator 18
1782,Bigscreen Beta
1783,Lego Worlds
1784,Notes Of Soul
1785,Faeria
1786,Maniac Path
1787,Gloomhaven
1788,Puzzle Agent
1789,Blair Witch
1790,Hero'S Hour
1791,Chernobylite Complete Edition
1792,Curious Expedition 2
1793,Men Of War: Assault Squad
1794,The Walking Dead: Saints & Sinners
1795,Day Of Dragons
1796,Red Orchestra: Ostfront 41-45
1797,Champions Online
1798,Undead Citadel
1799,Dragon Age Ii: Ultimate Edition
1800,Going Medieval
1801,Hi-Fi Rush
1802,Iratus: Lord Of The Dead
1803,Hello Neighbor
1804,Juicy Realm
1805,Gas Station Simulator
1806,Kolb Antarctica Experience
1807,Tom Clancy'S Ghost Recon Breakpoint
1808,Soulstone Survivors
1809,Rhythm Doctor
1810,Kuboom
1811,Time Clickers
1812,Thronebreaker: The Witcher Tales
1813,The Operator
1814,Syberia Ii
1815,Marvel'S Guardians Of The Galaxy
1816,Friday The 13Th: Killer Puzzle
1817,Archeage: Unchained
1818,Sniper Ghost Warrior Contracts
1819,Dead Space 3
1820,Eternal Senia
1821,Gold Mining Simulator
1822,Maneater
1823,The Escapists
1824,Sniper Fury
1825,Evil Genius 2: World Domination
1826,Simply Chess
1827,Five Nights At Freddy'S 3
1828,Life Is Strange: True Colors
1829,Bulletstorm: Full Clip Edition
1830,Sid Meier'S Civilization Iv: Colonization
1831,Crysis 3
1832,Alien Rage - Unlimited
1833,Transmissions: Element 120
1834,Youtubers Life
1835,Lizards Must Die
1836,It Takes Two Friend'S Pass
1837,Hand Of Fate
1838,"Warhammer 40,000: Mechanicus"
1839,Silent Hill 2
1840,Battlefleet Gothic: Armada 2
1841,Synthetik: Legion Rising
1842,Anomaly: Warzone Earth
1843,Company Of Heroes: Tales Of Valor
1844,Resurgence
1845,Superbrothers: Sword & Sworcery Ep
1846,We Need To Go Deeper
1847,Car Mechanic Simulator 2015
1848,Crosscode
1849,Tales Of Zestiria
1850,Yakuza 5 Remastered
1851,Empires Mod
1852,The Pasture
1853,Path Of Wuxia
1854,Pinball Fx3
1855,Dynasty Warriors: Origins
1856,Tales From The Borderlands
1857,Halls Of Torment
1858,Dark Sector
1859,Thymesia
1860,Do Not Feed The Monkeys
1861,Age Of Mythology: Retold
1862,Legend Of Mortal
1863,We Were Here Together
1864,Mortal Online 2
1865,Pony Island
1866,Dream Pinball 3D
1867,Smart Game Booster
1868,Victor Vran Arpg
1869,Fallout 4 Vr
1870,Murder Miners
1871,The Battle Of Polytopia
1872,Yooka-Laylee
1873,Touhou Luna Nights
1874,Final Fantasy
1875,Blackguards
1876,Yakuza Kiwami
1877,League Of Maidens
1878,Star Wars Jedi Knight Ii - Jedi Outcast
1879,The Room
1880,Nier Replicant Ver.1.22474487139...
1881,The Coffin Of Andy And Leyley
1882,The Secret Of Monkey Island: Special Edition
1883,Blasphemous 2
1884,Doom: The Dark Ages
1885,Ninja Kiwi Archive
1886,Nba 2K17
1887,Lost Judgment
1888,Thief: Deadly Shadows
1889,The Mean Greens - Plastic Warfare
1890,Railway Empire
1891,War Of Rights
1892,Sea Of Stars: Sunset Edition
1893,New Frontier
1894,I'M On Observation Duty 3
1895,Police Stories
1896,Grimm
1897,Brink
1898,Beholder 2
1899,Cube World
1900,Quake Ii Rtx
1901,Warspear Online
1902,Battle Islands
1903,Due Process
1904,Kingdom Rush 5: Alliance Td
1905,The Dark Pictures Anthology: Man Of Medan
1906,Nostale - Anime Mmorpg
1907,Particula
1908,Doom Ii
1909,Simpleplanes
1910,Grid Autosport
1911,Crab Champions
1912,Ruiner
1913,Beat Hazard
1914,Coral Island
1915,Sd Gundam G Generation Cross Rays
1916,Elin
1917,Fields Of Mistria
1918,Pulsar: Lost Colony
1919,System Shock 2 (1999)
1920,Xenonauts
1921,Rogue Tower
1922,How To Survive 2
1923,The Surge 2
1924,Risk Of Rain (2013)
1925,Robocop: Rogue City
1926,Universe Sandbox Legacy
1927,Section 8: Prejudice
1928,Final Fantasy Viii - Remastered
1929,Pyre
1930,Descenders
1931,Warhammer: Chaosbane
1932,Ibb & Obb
1933,Mordheim: City Of The Damned
1934,Rage 2
1935,Cat Or Bread?
1936,Warlock - Master Of The Arcane
1937,Pixark
1938,Uplink
1939,Lords Mobile
1940,Grand Theft Auto: San Andreas – The Definitive Edition
1941,Sniper Elite
1942,Absolver
1943,Danganronpa 2: Goodbye Despair
1944,Va-11 Hall-A: Cyberpunk Bartender Action
1945,Polarity
1946,Blacksmith Hit
1947,Door Kickers
1948,Child Of Light
1949,Unreal Gold
1950,Dragon Cliff
1951,Last Year
1952,Streamline
1953,Only Up
1954,Continent Of The Ninth Seal
1955,Valiant Hearts: The Great War / Soldats Inconnus : Mémoires De La Grande Guerre
1956,Mount Your Friends
1957,King Arthur'S Gold
1958,Realm Of The Mad God Exalt
1959,Sd Gundam Battle Alliance
1960,Unpacking
1961,Rpg Mo
1962,Smite 2
1963,Bit Heroes Quest
1964,Town Of Salem 2
1965,Bejeweled 3
1966,911 Operator
1967,Feed And Grow: Fish
1968,Tom Clancy'S Splinter Cell Conviction
1969,Cube Escape: Paradox
1970,Gotham Knights
1971,Rollercoaster Tycoon 2: Triple Thrill Pack
1972,Zero Sievert
1973,Ride 4
1974,Five Nights At Freddy'S: Help Wanted
1975,Spellforce 3 Reforced
1976,Terminator: Resistance
1977,Mechwarrior 5: Mercenaries
1978,Death Trash
1979,Feed The Cups
1980,Exanima
1981,Age Of History 3
1982,Workers & Resources: Soviet Republic
1983,Starpoint Gemini 2
1984,Dissidia Final Fantasy Nt Free Edition
1985,Duke Nukem 3D: 20Th Anniversary World Tour
1986,Monmusu
1987,Trackmania² Stadium
1988,Eco
1989,Synthetik 2
1990,Timberman
1991,Naruto Shippuden: Ultimate Ninja Storm Revolution
1992,Rabiez: Epidemic
1993,Breakout 13
1994,Killing Floor - Toy Master
1995,Nidhogg
1996,Neo Scavenger
1997,Yakuza: Like A Dragon
1998,Sanabi
1999,The Messenger
2000,Moon Hunters
2001,The Swapper
2002,Rubber Bandits
2003,Ghostrunner 2
2004,Wizard101
2005,Cyber Knights: Flashpoint
2006,Cat Goes Fishing
2007,Fun With Ragdolls: The Game
2008,Castlevania: Lords Of Shadow – Ultimate Edition
2009,Banner Of The Maid
2010,Temtem
2011,Homeworld: Deserts Of Kharak
2012,F1 24
2013,Neon Beats
2014,Vampire: The Masquerade - Bloodlines
2015,"Sir, You Are Being Hunted"
2016,The Coin Game
2017,Ultimate Epic Battle Simulator
2018,Barony
2019,Cultist Simulator
2020,This Is The Police
2021,Postal Redux
2022,Galactic Civilizations Ii: Ultimate Edition
2023,Supreme Commander 2
2024,Scp: Labrat
2025,Mass Effect 3 N7 Digital Deluxe Edition (2012)
2026,Purgatory Ii
2027,X3: Terran Conflict
2028,Overcooked! All You Can Eat
2029,Night-Runners Prologue
2030,Journey To The Center Of The Earth
2031,Halo Wars: Definitive Edition
2032,Tell Me Why
2033,Final Fantasy Viii
2034,Thomas Was Alone
2035,Lisa: The Painful
2036,Severed Steel
2037,Hood: Outlaws & Legends
2038,Okami Hd
2039,Disgaea Pc
2040,Defense Grid: The Awakening
2041,Pixel Puzzles Ultimate Jigsaw Puzzles
2042,Of Guards And Thieves
2043,"Gremlins, Inc."
2044,Overlord
2045,Kerbal Space Program 2
2046,Islanders
2047,Card Hunter
2048,The Case Of The Golden Idol
2049,Shop Heroes
2050,Gothic Ii: Gold Edition
2051,Impostor Factory
2052,The Walking Dead: Michonne - A Telltale Miniseries
2053,Bendy And The Ink Machine
2054,Kingdom Rush Vengeance - Tower Defense
2055,Warno
2056,Deponia Doomsday
2057,Eaten By Darkness
2058,A Plague Tale: Requiem
2059,Chrono Trigger
2060,New Kind Of Adventure
2061,Pathologic 2
2062,Reversion - The Escape (1St Chapter)
2063,A Total War Saga: Thrones Of Britannia
2064,Into The Radius Vr
2065,Manual Samuel - Last Tuesday Edition
2066,Castleminer Z
2067,Reignbreaker
2068,Hero'S Adventure: Road To Passion
2069,Catch A Falling Star
2070,West Of Loathing
2071,Lego Marvel Super Heroes 2
2072,Disintegration
2073,Atom Rpg: Post-Apocalyptic Indie Game
2074,Back To The Future: The Game
2075,Wrc 7 Fia World Rally Championship
2076,Face It - A Game To Fight Inner Demons
2077,Return To Monkey Island
2078,Oddworld: Abe'S Oddysee
2079,Nickelodeon All-Star Brawl
2080,Sonic Origins
2081,Lords Of The Fallen 2014
2082,Space Hulk: Deathwing Enhanced Edition
2083,Prprlive
2084,Stay Out
2085,Hero Zero
2086,Highfleet
2087,For The King Ii
2088,Tom Clancy'S Rainbow Six Vegas 2
2089,Wgt Golf
2090,Dead Island 2
2091,A Hat In Time
2092,Zombie Defense
2093,Cyberdimension Neptunia: 4 Goddesses Online
2094,War For The Overworld
2095,Nine To Five
2096,Quake Iii Arena
2097,Shotgun Farmers
2098,Tiny Rogues
2099,Big Ambitions
2100,Tomb Raider I (1996)
2101,The Plan
2102,Commandos 3: Destination Berlin
2103,Griftlands
2104,Lego Star Wars Iii - The Clone Wars
2105,Death Must Die
2106,Heat Signature
2107,Twelve Minutes
2108,The Desolate Hope
2109,Roboquest
2110,Secret Of Magia
2111,Samoliotik
2112,Space Pilgrim Episode I: Alpha Centauri
2113,Nuclear Throne
2114,Tick Tock: A Tale For Two
2115,Magic 2014 — Duels Of The Planeswalkers
2116,Zero-K
2117,Guardians Of Victoria
2118,Epistory - Typing Chronicles
2119,Blazblue Entropy Effect
2120,Tharsis
2121,Home Sweet Home : Survive
2122,The Forever Winter
2123,Frozen Synapse
2124,Stronghold 3 Gold
2125,Unepic
2126,Drunken Wrestlers 2
2127,Ratchet & Clank: Rift Apart
2128,Prominence Poker
2129,Steam Link
2130,Dragon Nest
2131,月圆之夜 (Night Of Full Moon)
2132,Mortal Online
2133,Parkitect
2134,Chinese Paladin：Sword And Fairy
2135,Endzone - A World Apart
2136,Ai: Rampage
2137,Call Of Juarez
2138,Rome: Total War - Alexander
2139,Batman - The Telltale Series
2140,Overlord: Raising Hell
2141,Grimm'S Hollow
2142,Liftoff: Fpv Drone Racing
2143,Minimum
2144,Greyfox Rpg
2145,Red Faction Guerrilla Re-Mars-Tered
2146,Dungeon Fighter Online
2147,Surroundead
2148,Kingdom Wars
2149,Yuppie Psycho: Executive Edition
2150,Meadow - A Shelter Game
2151,Symphony Of War: The Nephilim Saga
2152,Ticket To Ride: Classic Edition
2153,Wolfenstein 3D
2154,Two Point Campus
2155,Senren＊Banka
2156,Teslagrad
2157,Pikuniku
2158,Divinity Ii: Developer'S Cut
2159,Broken Dreams
2160,Crisis Core –Final Fantasy Vii– Reunion
2161,Biped
2162,Mu Legend
2163,Choo-Choo Charles
2164,Soccer Manager 2021
2165,F.I.S.T.: Forged In Shadow Torch
2166,Construction Simulator
2167,Totally Reliable Delivery Service Beta
2168,Teamfight Manager
2169,Heroes Of The Three Kingdoms 7
2170,Pro Evolution Soccer 2019 Lite
2171,Lego Star Wars: The Force Awakens
2172,Kingdom Rush Frontiers - Tower Defense
2173,Duelyst
2174,The Elder Scrolls V: Skyrim Vr
2175,Derail Valley
2176,Party Hard
2177,Gods Will Be Watching
2178,Sid Meier'S Railroads!
2179,Rebel Galaxy
2180,Tiny Bunny
2181,So Many Cubes
2182,Fate Seeker
2183,Coloring Pixels
2184,Wall World
2185,Dungeons & Dragons: Chronicles Of Mystara
2186,Final Fantasy Iii (3D Remake)
2187,Hide And Shriek
2188,Escape Machines
2189,Monster Sanctuary
2190,While True: Learn()
2191,The King Of Fighters Xiii Steam Edition
2192,Operation Flashpoint: Red River
2193,Tom Clancy'S Splinter Cell
2194,Suicide Squad: Kill The Justice League
2195,Neon Hardcorps
2196,Velvet Sundown
2197,Runescape: Dragonwilds
2198,Pacific Drive
2199,Final Fantasy Xvi
2200,The Beginner'S Guide
2201,Peggle Deluxe
2202,Pickcrafter
2203,Spaceengine
2204,Bloodline Champions
2205,Lara Croft And The Temple Of Osiris
2206,Mydockfinder
2207,Assassin'S Creed Freedom Cry
2208,Alien Shooter
2209,Avowed
2210,The Quarry
2211,Tomb Raider: Underworld
2212,Anno 1404 - History Edition
2213,Zenith: Nexus
2214,Genital Jousting
2215,Sonic Forces
2216,Vvvvvv
2217,One Way Heroics
2218,Worms Ultimate Mayhem
2219,Swordhaven: Iron Conspiracy
2220,Steamworld Heist
2221,Cyber Manhunt
2222,Disney Dreamlight Valley
2223,Train Sim World 2
2224,Shiplord
2225,F1 2019
2226,"Yes, Your Grace"
2227,小白兔电商~Bunny E-Shop
2228,Zuma Deluxe
2229,Lacuna – A Sci-Fi Noir Adventure
2230,Trepang2
2231,Battlestations: Midway
2232,Divine Souls F2P Mmo
2233,Divine Knockout (Dko)
2234,Bugsnax
2235,Mist Of The Undead
2236,Tower Unite
2237,Reigns
2238,Suicide Guy
2239,Nobody Wants To Die
2240,There Is No Game: Wrong Dimension
2241,Partisans 1941
2242,Master Of Orion
2243,Secret Neighbor Beta
2244,Once In Yaissor
2245,The Crew
2246,Unfortunate Spacemen
2247,Aliens: Dark Descent
2248,Spiderheck
2249,异化之恶〇Abnormal Treatment
2250,Intralism
2251,Comedy Night
2252,Little Witch Nobeta
2253,Sonic Adventure Dx
2254,Ampersand
2255,Postal 4: No Regerts
2256,Infection Free Zone
2257,E.Y.E: Divine Cybermancy
2258,Hard Reset Extended Edition
2259,Potionomics
2260,Bus Simulator 16
2261,Super Mustache
2262,Little Inferno
2263,Vitatio 2
2264,Arcania
2265,Caesaria
2266,Pixel Starships
2267,Citizen Sleeper
2268,The Vanishing Of Ethan Carter
2269,Killer Frequency
2270,Supraball
2271,Yakuza Kiwami 2
2272,Lego Batman 3: Beyond Gotham
2273,Nekopara Vol. 2
2274,Wandering Sword
2275,Mortal Shell
2276,The Last Campfire
2277,Cyberhunt
2278,Onward
2279,Garfield Kart
2280,Automation - The Car Company Tycoon Game
2281,The Dark Pictures Anthology: House Of Ashes
2282,Hell Is Others
2283,Like A Dragon: Infinite Wealth
2284,Feign
2285,Valkyria Chronicles 4 Complete Edition
2286,Anarchy
2287,Homeworld 3
2288,Unforgiving Trials: The Space Crusade
2289,Road 96
2290,Worms Clan Wars
2291,Heroes Of Might & Magic V
2292,Call Of Duty (2003)
2293,The Guild 3
2294,Hellish Quart
2295,Cliff Empire
2296,Manhunt
2297,Animal Jam
2298,The Tenants
2299,Motorsport Manager
2300,R.U.S.E.
2301,Ficket: 追剧引擎
2302,Blush Blush
2303,Mountain
2304,Eron
2305,A Date With Death
2306,Car Mechanic Simulator 2014
2307,Battle For Wesnoth
2308,Rabi-Ribi
2309,Empires Of The Undergrowth
2310,Hearts Of Iron Iii
2311,Superflight
2312,Deus Ex: The Fall
2313,Gone Home
2314,Descension
2315,Uboat
2316,Freeman: Guerrilla Warfare
2317,Cosmoteer: Starship Architect & Commander
2318,Dark Souls Ii
2319,Olympic Games Tokyo 2020 – The Official Video Game
2320,Audition Online
2321,Midnight Carnival
2322,Rollercoaster Tycoon: Deluxe
2323,The Forgotten City
2324,Turbo Dismount
2325,Super Robot Wars 30
2326,Stream Service
2327,Enslaved: Odyssey To The West Premium Edition
2328,Contraband Police
2329,Necromunda: Hired Gun
2330,Doka 2 Kishki Edition
2331,Marvel'S Spider-Man 2
2332,Revelations
2333,Vroid Studio V0.13.1
2334,Sacred 3
2335,Pumpkin Jack
2336,Mouse (Sneaking)
2337,Stonehearth
2338,Virtual Desktop Classic
2339,Prince Of Persia: The Sands Of Time
2340,Cosmicbreak Universal
2341,Age Of Conquest Iv
2342,Mist Survival
2343,Tempest Rising
2344,Omon Simulator
2345,Fernbus Simulator
2346,Tales Of Symphonia
2347,Party Club
2348,Tiny And Big: Grandpa'S Leftovers
2349,Villagerhapsody
2350,Notruf 112 | Emergency Call 112
2351,Russian Life Simulator
2352,Star Wars: Battlefront Classic Collection
2353,Sunkenland
2354,Oxenfree
2355,Kane And Lynch: Dead Men
2356,Detention
2357,Dwarfs - F2P
2358,Between Horizons – A Sci-Fi Detective Adventure
2359,Defender'S Quest: Valley Of The Forgotten (Dx Edition)
2360,System Shock
2361,Hypercharge: Unboxed
2362,X3: Reunion
2363,Rakion Chaos Force
2364,Aliens: Colonial Marines Collection
2365,King Arthur: Knight'S Tale
2366,Time Of Dragons
2367,Banishers: Ghosts Of New Eden
2368,Space Pirates And Zombies
2369,Strider / ストライダー飛竜
2370,Nomad
2371,Thief Simulator 2
2372,Blackwake
2373,F1 2018
2374,Pro Evolution Soccer 2018 Lite
2375,Human Resource Machine
2376,Intravenous
2377,Strike Suit Zero
2378,The Horus Heresy: Legions
2379,Legend Creatures(传奇生物)
2380,Forewarned
2381,Kingdoms Reborn
2382,The Incredible Adventures Of Van Helsing Ii
2383,Strange Horticulture
2384,Coh 2 - The Western Front Armies: Us Forces
2385,Insaniquarium Deluxe
2386,Pool Nation Fx Lite
2387,Little Witch In The Woods
2388,Lara Croft And The Guardian Of Light
2389,My Lands: Black Gem Hunting
2390,Blacktail
2391,Beep
2392,Navy Field 2 : Conqueror Of The Ocean
2393,X Rebirth
2394,One Troll Army
2395,Destination Sol
2396,Tactical Monsters Rumble Arena
2397,The Four Kings Casino And Slots
2398,Invasion: Brain Craving
2399,Sid Meier’S Ace Patrol: Pacific Skies
2400,Rusty Lake Hotel
2401,Deadlight
2402,Wildfrost
2403,The Great Rebellion
2404,Redout: Enhanced Edition
2405,Recettear: An Item Shop'S Tale
2406,Devolverland Expo
2407,Tabletopia
2408,Batla
2409,The Guild Ii Renaissance
2410,Tomb Raider: Legend
2411,Bpm: Bullets Per Minute
2412,Bit Blaster Xl
2413,Trials Rising
2414,Legacy Of Kain: Soul Reaver
2415,Royal Crown
2416,Rise Of Flight United
2417,Burnout Paradise Remastered
2418,Clergy Splode
2419,古剑奇谭(Gujian)
2420,Milk Inside A Bag Of Milk Inside A Bag Of Milk
2421,Dead Rising 2
2422,Firefighting Simulator - The Squad
2423,Cryptomoneya
2424,The Testament Of Sherlock Holmes
2425,Mad Games Tycoon
2426,Dark Elf
2427,Lethal League
2428,Nightingale
2429,Teleglitch: Die More Edition
2430,Project Torque - Free 2 Play Mmo Racing Game
2431,Final Fantasy Vii Rebirth
2432,Yi Xian: The Cultivation Card Game
2433,Moss Vr
2434,Alien Breed 2: Assault
2435,Wrecked
2436,X-Com: Terror From The Deep
2437,Mega Man X Legacy Collection
2438,Kao The Kangaroo: Round 2 (2003 Re-Release)
2439,Animaze By Facerig
2440,Propagation Vr
2441,Atonement: Scourge Of Time
2442,Vanquish
2443,Neos Vr
2444,Bokura
2445,Guns And Robots
2446,Tank Mechanic Simulator
2447,Hyperdimension Neptunia Re;Birth1
2448,Garfield Kart - Furious Racing
2449,Skald: Against The Black Priory
2450,Star Wars Galactic Battlegrounds Saga
2451,Pixel Puzzles: Japan
2452,The Next Door
2453,Agents Of Mayhem
2454,Curse Of The Dead Gods
2455,Population: One
2456,灵魂筹码 Soul At Stake
2457,Outcore: Desktop Adventure
2458,Pseudoregalia
2459,Quern - Undying Thoughts
2460,Blameless
2461,Q.U.B.E: Director'S Cut
2462,Jamestown
2463,Puzzle Agent 2
2464,Insanity Clicker
2465,Despair
2466,Rising Storm Game Of The Year Edition
2467,Shadows Of Doubt
2468,Crazy Machines 3
2469,The Corridor: On Behalf Of The Dead
2470,The Medium
2471,Mr. Prepper: Prologue
2472,Space Beret
2473,Madout2 Bigcityonline [Closed]
2474,Aloft
2475,Desolate
2476,Fallout Tactics: Brotherhood Of Steel
2477,Psychonauts 2
2478,Alien Breed: Impact
2479,Ultimate Marvel Vs. Capcom 3
2480,Peglin
2481,Eastward
2482,Serious Sam: Siberian Mayhem
2483,Hello Neighbor Alpha 4
2484,Eldevin
2485,Wwe 2K16
2486,Boundary
2487,Kovaak'S
2488,Wurm Online
2489,Race 07
2490,Drawful 2
2491,Rotwood
2492,The Flame In The Flood
2493,Cadria Item Shop
2494,F1 2014
2495,Fireworks Mania - An Explosive Simulator
2496,Guacamelee! Gold Edition
2497,Subsistence
2498,Osiris: New Dawn
2499,Casecracker2
2500,Super Bunny Man
2501,Calcu-Late
2502,Samsara Room
2503,Beachhead Rogue
2504,Idle Slayer
2505,Ion Fury
2506,Alpha Protocol
2507,Cultivation Tales
2508,Spacelords
2509,Coromon
2510,Scp: 5K
2511,Samorost 3
2512,Train Valley
2513,Iracing
2514,Howl
2515,Receiver 2
2516,Nekopara Vol. 1
2517,Red Trees Rail. Co.
2518,Swag And Sorcery
2519,This Is The Police 2
2520,Modern Combat Versus
2521,Lunch Lady
2522,Sunrider: Mask Of Arcadius
2523,Megabyte Punch
2524,Baldi'S Basics Plus
2525,Ember Knights
2526,The Lost Village
2527,Reign Of Kings
2528,Batman: The Enemy Within - The Telltale Series
2529,Catherine Classic
2530,Steel Division 2
2531,Ruined King: A League Of Legends Story
2532,Minicraft Shooter
2533,Flatout: Ultimate Carnage Collector'S Edition
2534,Grim Fandango Remastered
2535,High On Life
2536,The Painscreek Killings
2537,Doom Eternal: The Ancient Gods - Part One
2538,Cosmic Pioneer
2539,Undermine
2540,Final Fantasy Vi
2541,Deadly Animal Duel
2542,Morphopolis
2543,Hatsune Miku: Project Diva Mega Mix+
2544,I Wanna Maker
2545,The Uncertain: Last Quiet Day
2546,We Were Here Too
2547,Sonic The Hedgehog 4 - Episode I
2548,Medal Of Honor: Airborne
2549,Finding Paradise
2550,Hazard Ops
2551,Idle Big Devil
2552,Command & Conquer: Red Alert 3 - Uprising
2553,Sonic Cd
2554,Dysmantle
2555,Operation: Tango
2556,Never Alone (Kisima Ingitchuna)
2557,Day Of The Tentacle Remastered
2558,Styx: Shards Of Darkness
2559,The Lego Movie - Videogame
2560,Simcity 4 Deluxe Edition
2561,Thief Ii: The Metal Age
2562,Crown Trick
2563,Legacy Of Kain: Soul Reaver 2 (2001)
2564,Reventure
2565,Plebby Quest: The Crusades
2566,10 Second Ninja X
2567,Rock Of Ages 2: Bigger & Boulder
2568,Screencheat
2569,Rock 'N' Roll Defense
2570,Ale & Tale Tavern
2571,The 4 Sins
2572,The Deed
2573,Sanfu
2574,Thimbleweed Park
2575,Escape From Voyna: Dead Forest
2576,Rocketbirds: Hardboiled Chicken
2577,Dragon Quest Builders 2
2578,Arma: Gold Edition
2579,Blazblue Centralfiction
2580,Madden Nfl 22
2581,Until We Die
2582,Pid
2583,Men Of War
2584,Tormented Souls
2585,Missed Messages.
2586,Milk Outside A Bag Of Milk Outside A Bag Of Milk
2587,Grav
2588,Tower Of Babel: Survivors Of Chaos
2589,Planets Under Attack
2590,Jdm Tuner Racing
2591,Ravenous Devils
2592,Desolate Wastes: Vendor Chronicles
2593,Shadow Warrior 3: Definitive Edition
2594,Dead Or Alive 5 Last Round: Core Fighters
2595,Forgive Me Father
2596,Tomb Joe
2597,Commandos 2: Men Of Courage
2598,Hue
2599,Ship Of Fools
2600,Shadow Tactics: Aiko'S Choice
2601,Myth Of Empires
2602,Castlevania: Lords Of Shadow 2
2603,The Beast Inside
2604,Mcpixel
2605,Viridi
2606,Blade Symphony
2607,Death And Taxes
2608,Unturned - Dedicated Server
2609,Huniecam Studio
2610,Hyperdrive Massacre
2611,Mouthwashing
2612,Grand Theft Auto Iii – The Definitive Edition
2613,Hover
2614,Ea Sports Wrc
2615,Sonic Frontiers
2616,Skyborn
2617,Dynasty Warriors 9
2618,Oldtv
2619,In Sound Mind
2620,Soccer Manager 2020
2621,Little Misfortune
2622,Death Train - Warning: Unsafe Vr Experience
2623,Fishing: Barents Sea
2624,Bellwright
2625,Botanicula
2626,Interstellar Marines
2627,Battle Of Rebels
2628,Aimtastic
2629,Cube Racer
2630,Sands Of Fire
2631,Star Fetchers
2632,Fell Seal: Arbiter'S Mark
2633,Blockland
2634,Rfactor 2
2635,Supreme Ruler Global Outbreak
2636,Kaku: Ancient Seal
2637,The Legend Of Heroes: Trails In The Sky
2638,Tales Of Escape
2639,全球戒备
2640,Homicipher
2641,Panicore
2642,Black Skylands: Origins
2643,Crayon Physics Deluxe
2644,Hudsight - Crosshair Overlay
2645,Nya Nya Nya Girls (ʻʻʻ)_(=^･Ω･^=)_(ʻʻʻ)
2646,Wargame: Airland Battle
2647,Istrolid
2648,Mad Games Tycoon 2
2649,Mercenary Kings: Reloaded Edition
2650,Jagged Alliance 2 - Wildfire
2651,Blood Trail
2652,Industria
2653,Stronghold 2: Steam Edition
2654,Bad North: Jotunn Edition
2655,Street Racing Syndicate
2656,Gloomwood
2657,Inferna
2658,Warrior Beneath Heaven
2659,Gameguru Classic
2660,The Last Of Us Part Ii Remastered
2661,Hand Simulator: Survival
2662,The Room Two
2663,Soldier Front 2
2664,Paradise Killer
2665,Our Life: Beginnings & Always
2666,"Warhammer 40,000: Dawn Of War – Winter Assault"
2667,Resident Evil Resistance
2668,再刷一把 Playagain
2669,System Shock: Enhanced Edition
2670,Commandos: Behind Enemy Lines
2671,The Entropy Centre
2672,Barro
2673,Bad Rats: The Rats' Revenge
2674,Walking Zombie 2
2675,Hd Poker: Texas Hold'Em
2676,Another Eden
2677,Terraforming Mars
2678,Space Hulk: Deathwing
2679,The Darkside Detective
2680,Heroine'S Quest: The Herald Of Ragnarok
2681,Rampage Knights
2682,Eaten Alive
2683,"Football, Tactics & Glory"
2684,Apocalypse Party
2685,Fog Of War - Free Edition
2686,Tiny Tina'S Assault On Dragon Keep: A Wonderlands One-Shot Adventure
2687,Dragon Saga
2688,Predator: Hunting Grounds
2689,Alien Shooter: Revisited
2690,Rise To Ruins
2691,Project Cars - Pagani Edition
2692,Observer: System Redux
2693,Lost Castle 2
2694,雀姬/姫麻雀
2695,Atomicrops
2696,Vr Ninja Dojo
2697,Pixel Studio For Pixel Art
2698,Drowned God: Conspiracy Of The Ages.
2699,Cave Story+
2700,Driver Booster For Steam
2701,Medusa'S Labyrinth
2702,Budget Cuts
2703,Home Behind 2
2704,Sable
2705,The Guild Ii
2706,Rusty'S Retirement
2707,The Texas Chain Saw Massacre
2708,Second Extinction
2709,Planescape: Torment: Enhanced Edition
2710,Kingdom Rush Origins - Tower Defense
2711,Madden Nfl 21
2712,Blacksad: Under The Skin
2713,Deovr Video Player
2714,Dark Shadows - Army Of Evil
2715,The Incredible Adventures Of Van Helsing Iii
2716,Bridge Constructor Portal
2717,懒人修仙传
2718,Shapez
2719,Realm Revolutions
2720,Antenna
2721,Luck Be A Landlord
2722,Maelstrom
2723,Democracy 3
2724,Dungeon Siege Iii
2725,Train Sim World 2020
2726,35Mm
2727,Brigador: Up-Armored Edition
2728,Dicey Dungeons
2729,Hades' Star
2730,Ricochet
2731,Halo: Spartan Assault
2732,Guilty Gear Xrd Rev 2
2733,The Wild Eight
2734,Guild Quest
2735,Xiii - Classic
2736,Fantasy Life I: The Girl Who Steals Time
2737,Bus Simulator 21 Next Stop
2738,Intruder
2739,Unloved
2740,Unlimited Fight
2741,Everhood
2742,Oh...Sir!! The Insult Simulator
2743,Dungeons Of Dredmor
2744,Necropolis: Brutal Edition
2745,Arctic Eggs
2746,Downwell
2747,Scania Truck Driving Simulator
2748,The Final Station
2749,Metal War Online: Retribution
2750,Community Garden
2751,Syberia: The World Before
2752,Anatomy Of Fear
2753,Pixel Piracy
2754,Pga Tour 2K21
2755,Clownfield 2042
2756,Ravenswatch
2757,Tom Clancy'S Splinter Cell Chaos Theory
2758,Music Racer
2759,Internet Cafe Simulator 2
2760,Cryofall
2761,Shank 2
2762,Tails Of Iron
2763,Sword Of The Stars: The Pit
2764,Tavern Master
2765,Sweatshop
2766,Pro Soccer Online
2767,Neon White
2768,Startopia
2769,Medieval Engineers
2770,Clicker Guild
2771,Crawl
2772,Drug Dealer Simulator: Free Sample
2773,Throne Of Lies: Medieval Politics
2774,Vendetta - Curse Of Raven'S Cry
2775,Ragnarok Clicker
2776,Caves Of Qud
2777,American Fugitive
2778,Yog-Sothoth’S Yard
2779,X-Morph: Defense
2780,Broken Sword 5 - The Serpent'S Curse
2781,Bloons Adventure Time Td
2782,Project Hospital
2783,Doom 64
2784,Spyparty
2785,Mind Spheres
2786,Hand Of Fate 2
2787,The Survivalists
2788,Septerra Core
2789,Jagged Alliance 3
2790,The Red Strings Club
2791,Space Haven
2792,Heavenly Bodies
2793,Winter Memories
2794,Sid Meier'S Pirates!
2795,Dungreed
2796,Hunger Dungeon
2797,Cities Xl Platinum
2798,Retro Run
2799,Wytchwood
2800,Forced: Slightly Better Edition
2801,Atlyss
2802,Miscreated
2803,Pioneers Of Pagonia
2804,>Observer_
2805,Troubleshooter: Abandoned Children
2806,Oddworld: New 'N' Tasty
2807,Loot Hero Dx
2808,Liberated
2809,Wwe 2K22
2810,Pharaoh: A New Era
2811,Hot Lava
2812,Warriors Of The Nile
2813,Steamworld Dig 2
2814,Dinosaur Hunt
2815,Soulmask
2816,Wolfquest: Anniversary Edition
2817,Immortal Realms: Vampire Wars
2818,Fabledom
2819,Despotism 3K
2820,Phoenix Point
2821,Crusaders Of The Lost Idols
2822,Rebel Forces
2823,Yet Another Zombie Defense Hd
2824,From The Depths
2825,Garten Of Banban
2826,Alien Shooter 2: Reloaded
2827,Midnight Ghost Hunt
2828,Anno Online
2829,King'S Bounty: The Legend
2830,河洛群俠傳 (Ho Tu Lo Shu ： The Books Of Dragon)
2831,Car For Sale Simulator 2023
2832,Game Of Thrones Winter Is Coming
2833,Steel Division: Normandy 44
2834,The Sinking City Remastered
2835,Ai War: Fleet Command
2836,Cartel Tycoon
2837,Russia Battlegrounds
2838,Toki Tori
2839,Cogs
2840,Sky Force Reloaded
2841,Futon And Rocket Launcher
2842,Gorn
2843,Spore Creepy & Cute Parts Pack
2844,The Slormancer
2845,Record Of Lodoss War-Deedlit In Wonder Labyrinth-
2846,Death Road To Canada
2847,Chaos On Deponia
2848,Monster Prom 2: Monster Camp
2849,Survivalist
2850,Deep Space Dash
2851,Drift (Over) Drive
2852,Gloria Victis: Medieval Mmorpg
2853,Shapez 2 - Factory
2854,Animal Well
2855,X-Com: Apocalypse
2856,Simairport
2857,Rivals Of Aether Ii
2858,Ken Follett'S The Pillars Of The Earth
2859,Duck Simulator 2
2860,Train Fever
2861,Lost
2862,Dude Simulator 2
2863,Hidden Folks
2864,Star Trek Timelines
2865,Shroud Of The Avatar: Forsaken Virtues
2866,Pistol Whip
2867,"Planes, Bullets And Vodka"
2868,A Bird Story
2869,Synthetik: Arena
2870,Storyteller
2871,Haven
2872,Hot Wheels Unleashed
2873,Final Doom
2874,Happy Room
2875,The Deer
2876,Polywar
2877,Octopath Traveler Ii
2878,Silent Storm Gold Edition
2879,Wwe 2K24
2880,Blood West
2881,Fate Seeker Ii
2882,Escape From Nightmare School
2883,古剑奇谭二(Gujian2)
2884,Flower
2885,Trolley Gold
2886,Runes Of Magic
2887,Night Of The Dead
2888,Nyasha
2889,Find Love Or Die Trying
2890,Quake 4
2891,The Perfect Tower Ii
2892,Void Bastards
2893,Windward
2894,Puzzle Pirates
2895,Pitch Black: A Dusklight Story - Episode One
2896,The Static Speaks My Name
2897,Citadel: Forged With Fire
2898,Turbo Overkill
2899,Secrets Of Grindea
2900,Peggle Extreme
2901,Tis-100
2902,Earth 2160
2903,The Bridge
2904,House Flipper 2
2905,Lara Croft Go
2906,Master Levels For Doom Ii
2907,Super Seducer : How To Talk To Girls
2908,Tdp4:Team Battle
2909,Europa Universalis Iii Complete
2910,Rpg Maker Mv
2911,Bound By Flame
2912,The Wandering Village
2913,Nordic Ashes: Survivors Of Ragnarok
2914,Prince Of Persia
2915,Anno: Mutationem
2916,Turbo Pug 3D
2917,Occupy Mars: Prologue
2918,The Settlers Online
2919,Arma Reforger
2920,Apotheon
2921,"Cook, Serve, Delicious! 2!!"
2922,Primal Carnage
2923,Dungeons
2924,Pentiment
2925,Lost Planet 3
2926,The Jackbox Party Pack 3
2927,Rento Fortune: Online Dice Board Game (大富翁)
2928,Limsod
2929,Tom Clancy'S Ghost Recon: Future Soldier
2930,Stacking
2931,Legacy Of Kain: Defiance (2003)
2932,The Archotek Project
2933,Hammerfight
2934,Siege Survival: Gloria Victis Prologue
2935,Home Safety Hotline
2936,Orqa Fpv.Skydive
2937,Stoneshard: Prologue
2938,Devil Daggers
2939,Beached
2940,The Lost Mythologies
2941,Opus Magnum
2942,Wild Hearts
2943,Isonzo
2944,Dreaming Sarah
2945,Dead Estate
2946,Circuit Superstars
2947,Ducktales: Remastered
2948,Viscera Cleanup Detail: Santa'S Rampage
2949,Slipways
2950,Capsized
2951,Dead Age
2952,Bloons Monkey City
2953,Diplomacy Is Not An Option
2954,The House Of Da Vinci
2955,Rayman Origins
2956,The Library Of Babel
2957,Stronghold Hd (2012)
2958,Idling To Rule The Gods
2959,Carpe Diem
2960,Memoir '44 Online
2961,Battlestations Pacific
2962,Anomaly Agent
2963,Champions Of Regnum
2964,Order Of Battle: World War Ii
2965,Rusted Warfare - Rts
2966,Way Of The Hunter
2967,Spellcaster University
2968,Fatal Frame / Project Zero: Maiden Of Black Water
2969,Squishy The Suicidal Pig
2970,The Culling Of The Cows
2971,Hardcore Mecha
2972,Bloody Hell
2973,Ultimate Epic Battle Simulator 2
2974,Il-2 Sturmovik: Battle Of Stalingrad
2975,Star Wars Jedi Knight - Mysteries Of The Sith
2976,Shieldwall
2977,Painkiller Hell & Damnation
2978,Nine Parchments
2979,The Underground Man
2980,Harry Potter: Quidditch Champions
2981,Ultimate Zombie Defense
2982,Minecraft: Story Mode - A Telltale Games Series
2983,Party Hard 2
2984,Space Rangers Hd: A War Apart
2985,Btd:Btd
2986,Watch Dogs: Legion
2987,Star Fields
2988,Call Of Juarez: Bound In Blood
2989,Caster
2990,Color Symphony
2991,Sakura Spirit
2992,Conflict Of Nations: World War 3
2993,Get Off My Lawn!
2994,Vikings - Wolves Of Midgard
2995,Barn Finders
2996,Terra Nil
2997,Blood Bowl 3
2998,Linevox
2999,Resident Evil Re:Verse
3000,Kentucky Route Zero: Pc Edition
3001,Tomb Raider Iii (1998)
3002,Gears Tactics
3003,Ran: Lost Islands
3004,Syrian Warfare
3005,Cabal Online
3006,Pokerstars Vr
3007,Nexomon: Extinction
3008,Street Fighter 30Th Anniversary Collection
3009,Hello Neighbor Pre-Alpha
3010,Galaxy On Fire 2 Full Hd
3011,Colt Canyon
3012,Sheltered
3013,Final Fantasy V
3014,Dis The Game
3015,Narcissu 1St & 2Nd
3016,Startup Company
3017,Amanda The Adventurer
3018,Just Hero
3019,Revolution Ace
3020,Unravel
3021,The Ship: Single Player
3022,Monsters Sandbox
3023,Red Risk
3024,Cat Quest
3025,Icewind Dale: Enhanced Edition
3026,Loading Screen Simulator
3027,Shenzhen I/O
3028,Lego Batman 2: Dc Super Heroes
3029,Sniper 3D Assassin: Free To Play
3030,Spirit Of The North
3031,《蜀山：初章》买断版
3032,Ancestors: The Humankind Odyssey
3033,Sacred Gold
3034,Backbone: Prologue
3035,King'S Bounty: Armored Princess
3036,Worms Revolution
3037,F1 Manager 2022
3038,Serious Sam Classic: The First Encounter
3039,Lovebeat
3040,Waveform
3041,Just Cause 3: Multiplayer Mod
3042,King'S Table - The Legend Of Ragnarok
3043,Down To One
3044,Badland: Game Of The Year Edition
3045,High Profits
3046,"I Have No Mouth, And I Must Scream"
3047,Long Live The Queen
3048,The Turing Test
3049,Black The Fall
3050,The Dark Eye: Memoria
3051,Soda Crisis
3052,Dead Rising 4
3053,World Of Horror
3054,Grow Home
3055,Trials On Tatooine
3056,Xsoverlay
3057,Digimon Story Cyber Sleuth: Complete Edition
3058,Shotgun King: The Final Checkmate
3059,Project Highrise
3060,Neoverse
3061,Labyronia Rpg
3062,Carx Street
3063,Iron Brigade
3064,Elex Ii
3065,Atri -My Dear Moments-
3066,Sherlock Holmes: Crimes And Punishments
3067,Atom Fishing Ii
3068,Manifold Garden
3069,Game Of Thrones
3070,Ballads Of Hongye: Reborn
3071,Dear Esther: Landmark Edition
3072,Legacy Of Kain Soul Reaver 1&2 Remastered
3073,Mini World: Block Art
3074,Class Of '09
3075,Metal Slug
3076,Planet'S Edge
3077,Metal Gear Survive
3078,Lightning Returns: Final Fantasy Xiii
3079,Ionball 2: Ionstorm
3080,The Mortuary Assistant
3081,Volcanoids
3082,Gas Guzzlers Extreme
3083,Price
3084,Starpoint Gemini Warlords
3085,Infested Planet
3086,Cossacks: Back To War
3087,Katamari Damacy Reroll
3088,One Piece Bounty Rush
3089,Caveblazers
3090,Boring Man - Online Tactical Stickman Combat
3091,Among Ripples
3092,Tower Wars
3093,Il-2 Sturmovik: 1946
3094,The Riftbreaker: Prologue
3095,Romance Of The Three Kingdoms Maker
3096,One Step From Eden
3097,Depersonalization
3098,Renowned Explorers: International Society
3099,Russian Superhero Dead Ivan
3100,Ghost Exorcism Inc.
3101,Lost Eidolons
3102,Lethal League Blaze
3103,Gorogoa
3104,Material Girl
3105,From Dust
3106,Cabals: Card Blitz
3107,Home Behind
3108,Star Renegades
3109,Chilloutvr
3110,1914: Prelude To Chaos
3111,20Xx
3112,Inkbound
3113,Outlaws Of The Old West
3114,Nightmare Reaper
3115,White Day: A Labyrinth Named School
3116,Noobs Want To Live
3117,Swinging-Man
3118,Cryptark
3119,Have A Nice Death
3120,Citybattle | Virtual Earth
3121,Might & Magic: Clash Of Heroes
3122,Rime
3123,Archvale
3124,Tomb Raider V: Chronicles (2000)
3125,Prince Of Persia: The Forgotten Sands
3126,Stolen Realm
3127,"I Love You, Colonel Sanders! A Finger Lickin’ Good Dating Simulator"
3128,Storm Area 51: Ayy Lmao Edition
3129,Hello Neighbor Alpha 1
3130,Uebergame
3131,No-Brainer Heroes 挂机吧！勇者
3132,Need For Speed: Shift
3133,Audiosurf 2
3134,The Room Three
3135,Yu-Gi-Oh! Legacy Of The Duelist
3136,Gridiron
3137,Uriel'S Chasm
3138,Way Of The Samurai 4
3139,Canyon Capers
3140,Cosmic Dust & Rust
3141,Dragon Quest Xi S: Echoes Of An Elusive Age - Definitive Edition
3142,Settlement Survival
3143,Star Saviors
3144,Ufo: Afterlight
3145,Teenage Mutant Ninja Turtles: Shredder'S Revenge
3146,Gravitas
3147,Heroes Of The Three Kingdoms
3148,Singularity
3149,Strike.Is: The Game
3150,Prison Simulator: Prologue
3151,Jet Racing Extreme: The First Encounter
3152,Arx Fatalis
3153,Command & Conquer 3: Kane’S Wrath
3154,Tank Force
3155,Crystal Project
3156,The Dark Eye: Chains Of Satinav
3157,The Exit 8
3158,Kartkraft
3159,Forge Of Gods (Rpg)
3160,Empire Of Sin
3161,Metal Slug X
3162,Starbase
3163,Gunsmith Simulator: Prologue
3164,Sniper Elite: Nazi Zombie Army 2
3165,Ghost Of A Tale
3166,Emily Is Away <3
3167,Wwe 2K18
3168,Pox Nora
3169,Defcon
3170,Really Big Sky
3171,Lyne
3172,Tryp Fpv: Drone Racer Simulator
3173,Outdrive
3174,Digger Online
3175,Edna & Harvey: The Breakout
3176,We Went Back
3177,The Mageseeker: A League Of Legends Story
3178,Monument Valley
3179,Welcome To Lakewood
3180,Le Mans Ultimate
3181,Boris And The Dark Survival
3182,Senran Kagura Peach Beach Splash
3183,Agrou
3184,Let'S School
3185,Gedonia
3186,Crying Suns
3187,The Dream Machine: Chapter 1 & 2
3188,Stranded: Alien Dawn
3189,Lurk In The Dark : Prologue
3190,Stratside
3191,Mainframe Defenders
3192,The God'S Chain
3193,Zombie Driver Hd
3194,Among The Sleep - Enhanced Edition
3195,Walking Simulator
3196,Zeno Clash
3197,Robot Roller-Derby Disco Dodgeball
3198,The Iron Union
3199,Mandagon
3200,The Howler
3201,Naval Action
3202,Soldat
3203,A New Beginning - Final Cut
3204,N++ (Nplusplus)
3205,Metro Conflict: The Origin
3206,Rake
3207,Northern Journey
3208,The Basement Collection
3209,Blackthorn Arena
3210,Naruto: Ultimate Ninja Storm
3211,Final Fantasy Iv (3D Remake)
3212,The Dark Pictures Anthology: Little Hope
3213,Furidashi: Drift Cyber Sport
3214,Devil May Cry 3 Special Edition
3215,Final Fantasy Type-0 Hd
3216,Pac-Man Championship Edition Dx+
3217,Jazzpunk: Director'S Cut
3218,Boxhead:Immortal
3219,Just Die Already
3220,Zup! S
3221,Sword Art Online: Hollow Realization Deluxe Edition
3222,Thirty Flights Of Loving
3223,Hit Of Chernobyl
3224,Battlefleet Gothic: Armada (Classic)
3225,Underground Blossom
3226,Serious Sam: The Random Encounter
3227,Out There Somewhere
3228,Cat Quest Ii
3229,Unreal Tournament: Game Of The Year Edition
3230,Meteor 60 Seconds!
3231,Intrusion 2
3232,You Have To Win The Game
3233,Sonic Lost World
3234,Quadrilateral Cowboy
3235,Pax Dei
3236,Carcassonne - Tiles & Tactics
3237,Shadow Strikers
3238,Jusant
3239,Wrc 4 Fia World Rally Championship
3240,Age Of Wonders: Planetfall
3241,A Little To The Left
3242,Mega Man 11
3243,Door Kickers 2: Task Force North
3244,Consortium
3245,Overdungeon
3246,Unsung Warriors - Prologue
3247,Arcane Sorcery
3248,Poly Bridge 2
3249,Castle Story
3250,Stasis
3251,Kaptain Brawe: A Brawe New World
3252,Dale & Dawson Stationery Supplies
3253,Beyond Divinity
3254,Crisis In The Kremlin
3255,Tilt Brush
3256,Sparkle 2 Evo
3257,Combat Arms: The Classic
3258,Irec
3259,Evoland
3260,Colony Survival
3261,Voin
3262,Hyperdimension Neptunia Re;Birth3 V Generation
3263,Gladiator Guild Manager
3264,Fahrenheit: Indigo Prophecy Remastered
3265,Escape From Infection Zone
3266,Tiny Pasture
3267,Amorous
3268,Homework Is Crazy / 作业疯了
3269,The Spell Brigade
3270,Witches Of The Fourth Multiplayer
3271,The Bus
3272,X2: The Threat
3273,"Gunner, Heat, Pc!"
3274,Fiesta Online Na
3275,Nuclear Dawn
3276,Captain Of Industry
3277,Upside Down
3278,Roadcraft
3279,Amnesia: The Bunker
3280,Case: Animatronics
3281,Lifeless Planet Premier Edition
3282,Monkey Island 2 Special Edition: Lechuck’S Revenge
3283,Sudden Strike 4
3284,Bloons Td 5
3285,Coh 2 - The Western Front Armies: Oberkommando West
3286,Aaaaaaaaaaaaaaaaaaaaaaaaa!!! For The Awesome
3287,Regions Of Ruin
3288,再刷一把2：金色传说
3289,Far Away
3290,Norco
3291,Einar
3292,Osmos
3293,Otaku'S Adventure
3294,Farming Simulator 2013 Titanium Edition
3295,Grand Theft Auto: Vice City – The Definitive Edition
3296,Questrun
3297,Anachronox
3298,Doom Eternal: The Ancient Gods - Part Two
3299,Aegis Defenders
3300,Birdgut
3301,Cosmonautica
3302,The Jackbox Party Pack 2
3303,Knightshift
3304,Dead Effect
3305,Vagante
3306,Golf Club Nostalgia
3307,Devil Slayer - Raksasi
3308,Crime Boss: Rockay City
3309,Forward To The Sky
3310,Coffee Talk
3311,House Of Detention
3312,Hellsplit: Arena
3313,Puyo Puyo Tetris 2
3314,The Rewinder
3315,Stardrive
3316,Spongebob Squarepants: The Cosmic Shake
3317,Donut County
3318,Battle Royale Trainer
3319,Ea Sports Pga Tour
3320,"I, Zombie"
3321,Neo Cab
3322,Marfusha:Sentinel Girls
3323,强军
3324,Sniper Elite V2 Remastered
3325,Nemesis: Distress
3326,Pga Tour 2K23
3327,Automobilista 2
3328,Sker Ritual
3329,Jade Empire: Special Edition
3330,Montaro
3331,10 Minutes Till Dawn
3332,The Typing Of The Dead: Overkill
3333,7 Days To End With You
3334,Galactic Junk League
3335,Freestyle 2: Street Basketball
3336,Sid Meier’S Ace Patrol
3337,Karos
3338,Late Shift
3339,When The Darkness Comes
3340,Knights Of Pen And Paper +1 Edition
3341,Project Warlock
3342,Kabounce
3343,Idol Manager
3344,Edge
3345,Atlas Fallen: Reign Of Sand
3346,Axyos
3347,Yakuza 6: The Song Of Life
3348,Internet Cafe Simulator
3349,Norland
3350,Ubermosh:Black
3351,Bounty Train
3352,Beyond Good And Evil
3353,Ubermosh Vol.3
3354,Songs Of Syx
3355,9 Kings
3356,Altf4
3357,Tesla Effect: A Tex Murphy Adventure
3358,Life Is Feudal: Mmo
3359,Defiance 2050
3360,Airstrike Hd
3361,Pizza Hero
3362,Detective Grimoire
3363,Asteroid Bounty Hunter
3364,7 Billion Humans
3365,The Legend Of Tianding
3366,The Final Take
3367,Virtual Cottage
3368,Project Cars 3
3369,Towerfall Ascension
3370,Anna'S Quest
3371,Dreadout
3372,Shadow Gambit: The Cursed Crew
3373,Receiver
3374,Sector'S Edge
3375,Star Control: Origins
3376,Tom Clancy'S Rainbow Six 3 Gold
3377,M.A.R.S.
3378,"Love, Money, Rock'N'Roll"
3379,Tainted Grail: The Fall Of Avalon
3380,Boneraiser Minions
3381,Refunct
3382,The Ball
3383,Subwar 2050
3384,Party Rush!!
3385,Wallpaper Maker （造物主视频桌面）
3386,Rollerdrome
3387,Arcanum: Of Steamworks And Magick Obscura
3388,Captain Tsubasa: Rise Of New Champions
3389,Dragon Quest Iii Hd-2D Remake
3390,"Please, Don’T Touch Anything"
3391,Hobo: Tough Life
3392,Kindergarten
3393,Mighty Party
3394,Oil Rush
3395,Zombie Night Terror
3396,Knights Of Pen And Paper 2
3397,Roguebook
3398,Subzero Stealth
3399,"Warhammer 40,000: Warpforge"
3400,Final Fantasy Xiii-2
3401,Dude Simulator 3
3402,Minds Beneath Us
3403,Ratropolis
3404,Rogue Legacy
3405,Word Game
3406,Zup! 3
3407,Crown And Council
3408,Hyper Demon
3409,Retrowave
3410,Elemental Girls
3411,Sam & Max Save The World
3412,Worms Pinball
3413,Daikatana
3414,Rusty Lake: Roots
3415,Nobody Saves The World
3416,Twin Mind: Nobody'S Here Collector'S Edition
3417,No One Survived
3418,Subsurface Circular
3419,Lost In Random
3420,Dragon Quest Xi: Echoes Of An Elusive Age - Digital Edition Of Light
3421,Breach & Clear
3422,And Yet It Moves
3423,Mars Horizon
3424,Jojo'S Bizarre Adventure: All-Star Battle R
3425,Majesty 2 Collection
3426,Airships: Conquer The Skies
3427,Edna & Harvey: Harvey'S New Eyes
3428,Mysterious School
3429,Magic 2015 - Duels Of The Planeswalkers
3430,Darq: Complete Edition
3431,Chaos
3432,Reverse Collapse: Code Name Bakery
3433,Book Of Yog Idle Rpg
3434,Mini Ninjas
3435,Terra Invicta
3436,Indiana Jones And The Great Circle
3437,Darza'S Dominion
3438,Twilight Struggle
3439,Aliens Versus Predator Classic 2000
3440,Ash Of Gods: Redemption
3441,Star Shift Origins
3442,Root
3443,Indiana Jones And The Fate Of Atlantis
3444,Lone Leader
3445,Trials Of Mana
3446,Fault
3447,Starship Annihilator
3448,Super Blue Boy Planet
3449,The Werecleaner
3450,Lego Dc Super-Villains
3451,Red Lake
3452,Florence
3453,Prime World: Defenders 2
3454,Pixeljunk Monsters Ultimate
3455,Trophy Fishing 2
3456,Pleasure Puzzle:Portrait 趣拼拼：肖像画
3457,Hyperdimension Neptunia U: Action Unleashed
3458,Bus Driver
3459,Deceive Inc.
3460,Star Traders: 4X Empires
3461,Swords And Sandals Classic Collection
3462,Arma Tactics
3463,The Life And Suffering Of Sir Brante
3464,Cataegis : The White Wind
3465,Surviving The Aftermath
3466,(The) Gnorp Apologue
3467,Mon Bazou
3468,Tom Clancy'S Splinter Cell Double Agent
3469,Turing Complete
3470,Scribblenauts Unmasked: A Dc Comics Adventure
3471,Marbles On Stream
3472,Keplerth
3473,Midnight Shift
3474,Nuclear Nightmare
3475,Windblown
3476,Dg2: Defense Grid 2
3477,Nekopara Vol. 4
3478,Tales From Candlekeep: Tomb Of Annihilation
3479,Conscript: Director’S Cut
3480,Coloring Game 2
3481,Unreal 2: The Awakening
3482,Contradiction: Spot The Liar
3483,Closure
3484,R.A.W. Realms Of Ancient War
3485,Requiem: Rise Of The Reaver
3486,F1 2012
3487,Observation
3488,Rusty Lake Paradise
3489,Underrail
3490,Headsnatchers
3491,Quest Hunter
3492,Defense Of The Oasis
3493,Freefall 3050Ad
3494,Total Tank Simulator
3495,Driftland: The Magic Revival
3496,Hit
3497,I Expect You To Die
3498,Life Is Feudal: Forest Village
3499,Deliver Us The Moon
3500,Trapped
3501,Energy Cycle
3502,Azur Lane Crosswave
3503,Lovers In A Dangerous Spacetime
3504,Starship Troopers: Terran Command
3505,Crossroads Inn Anniversary Edition
3506,Space Codex
3507,Shadow Of Azrael
3508,Betrayer
3509,Murders On The Yangtze River
3510,X: Beyond The Frontier
3511,Goodbye Deponia
3512,The Longing
3513,Mega Man Legacy Collection
3514,Full Mojo Rampage
3515,Die Again
3516,Sprocket
3517,The Room 4: Old Sins
3518,Death'S Gambit: Afterlife
3519,Hextech Mayhem: A League Of Legends Story
3520,Old World
3521,Broken Armor
3522,Ace Combat Assault Horizon - Enhanced Edition
3523,Dustforce Dx
3524,Sniper Elite: Nazi Zombie Army
3525,A Virus Named Tom
3526,Motor Town: Behind The Wheel
3527,Cities Xxl
3528,Momodora: Reverie Under The Moonlight
3529,Alina Of The Arena
3530,Rogue Stormers
3531,Rise Of The Ancients
3532,下一站江湖Ⅱ
3533,Savage Lands
3534,Drayt Empire
3535,Voltage High Society
3536,The Tower Of Elements
3537,Easy Red 2
3538,Gladiabots - Ai Combat Arena
3539,Roguelands
3540,Grand Theft Auto 2
3541,Retail Royale
3542,Ubermosh
3543,Legendary
3544,Hrot
3545,Spellforce - Platinum Edition
3546,Darkness Assault
3547,Abyss Odyssey
3548,All Is Dust
3549,Lightmatter
3550,Hand Of The Gods
3551,Cities In Motion
3552,March Of Empires
3553,Supremacy 1914: World War 1
3554,Dark Hope: A Puzzle Adventure
3555,Stationeers
3556,Omfg: One Million Fatal Guns
3557,Distrust: Polar Survival
3558,Team Sonic Racing
3559,Mother Russia Bleeds
3560,Dungeon Souls
3561,Warfront Defenders
3562,Blood Bowl: Chaos Edition (Classic)
3563,Missing Translation
3564,Magnus Positive Phototaxis
3565,Battlerush
3566,What Never Was
3567,Lakeview Cabin Collection
3568,Battle Command
3569,Battle Tanks: Legends Of World War Ii
3570,Dark
3571,Dead Rising 2: Off The Record
3572,Ryzom
3573,Orbital Gear
3574,The Universim
3575,Hydrophobia: Prophecy
3576,Weird West: Definitive Edition
3577,Rising World
3578,Creed: Rise To Glory
3579,Borderless Gaming
3580,Wwe 2K23
3581,Crystals Of Time
3582,The Silent Age
3583,Autonauts
3584,The Lion'S Song: Episode 1 - Silence
3585,Per Aspera
3586,Killer Instinct
3587,Evoland 2
3588,Alien Hallway
3589,I Am Alive
3590,Stride
3591,Half Minute Hero: Super Mega Neo Climax Ultimate Boy
3592,Synthwavez
3593,Hob
3594,Tokyo Xtreme Racer
3595,Ultimate Admiral: Dreadnoughts
3596,War Trigger 2
3597,Inmost
3598,Rakuen
3599,Tooth And Tail
3600,Rise Of Legions
3601,The Rise Of The Golden Idol
3602,Smalland: Survive The Wilds
3603,Neighbours From Hell Compilation
3604,Shinorubi
3605,Deathtrap
3606,Final Quest
3607,Academia : School Simulator
3608,Forspoken
3609,Gttod
3610,Epic Battle Fantasy 5
3611,Sang-Froid - Tales Of Werewolves
3612,Stronghold: Warlords
3613,Stickman Killing Zombie
3614,The Longest Journey
3615,Legend Of Grimrock 2
3616,Guardians Of Middle-Earth
3617,Zero Caliber Vr
3618,Enemy Front
3619,Gundam Breaker 4
3620,The Banner Saga 2
3621,Bionic Dues
3622,Ace - Arena: Cyber Evolution
3623,Godus
3624,Shadowgrounds
3625,Greed Is Good
3626,Enigma Of Fear
3627,Hotshot Racing
3628,Aer Memories Of Old
3629,Ai Limit
3630,War Rock
3631,Sign Of Silence
3632,Nimrods
3633,The Last Stand: Aftermath
3634,Bionic Commando: Rearmed
3635,War Robots Vr: The Skirmish
3636,Mini Healer
3637,Polygoneer
3638,Blood Omen 2: Legacy Of Kain
3639,Clown House (Palyaço Evi)
3640,Fantasy Strike
3641,Global Ops: Commando Libya
3642,Mindnight
3643,Chillquarium
3644,Fluffy Creatures Vs The World
3645,Slice & Dice
3646,Paper Bride
3647,Crow Country
3648,Kidnapped Girl
3649,Six Days In Fallujah
3650,No Case Should Remain Unsolved
3651,Nomad Survival
3652,Deadpoly
3653,Dungeon Clawler
3654,Sword With Sauce
3655,Two Worlds Ii Castle Defense
3656,Timen Runner
3657,I Am Future: Cozy Apocalypse Survival
3658,Daemon X Machina
3659,Hard West
3660,The Talos Principle 2
3661,Shadows Over Loathing
3662,Whispering Willows
3663,Topspin 2K25
3664,The Precinct
3665,Rabbit And Steel
3666,Upgun
3667,F1 2017
3668,Sundered: Eldritch Edition
3669,Steamworld Quest: Hand Of Gilgamech
3670,Lost Planet: Extreme Condition
3671,Shooty Skies
3672,Broken Sword 2 - The Smoking Mirror: Remastered (2010)
3673,Rapidfire
3674,Super Star
3675,Guilty Gear Xx Accent Core Plus R
3676,Atmasphere
3677,Hack 'N' Slash
3678,3Switched
3679,Snezhinka:Sentinel Girls2
3680,Rogue Heroes: Ruins Of Tasos
3681,Tower Of Guns
3682,Fly O'Clock
3683,Visage
3684,S E V E R A N C E
3685,Mad Father
3686,Furry Love
3687,"Little Kitty, Big City"
3688,There Is No Game: Jam Edition 2015
3689,Placid Plastic Duck Simulator
3690,Fate
3691,Camera Obscura
3692,Voidigo
3693,The Whispered World Special Edition
3694,Astral Ascent
3695,Gibbous -  A Cthulhu Adventure
3696,God Mode
3697,Nuclear Contingency
3698,Retro City Rampage Dx
3699,Damned
3700,Spacebourne 2
3701,Cheeky Chooks
3702,Ghosts Of Tabor
3703,Doom Vfr
3704,Super Buckyball Tournament Preseason
3705,Tomb Raider Ii (1997)
3706,Blazblue: Chronophantasma Extend
3707,Shoppe Keep
3708,Divinity: Dragon Commander
3709,Frederic: Evil Strikes Back
3710,Lieat
3711,The Hat Man: Shadow Ward
3712,Hyper Color Ball
3713,Aircar
3714,Grid
3715,Energy Balance
3716,Sparkle 3 Genesis
3717,Insincere
3718,Postal Iii
3719,Deep Space Waifu
3720,Screeps: World
3721,Fingerbones
3722,Il-2 Sturmovik: Cliffs Of Dover Blitz Edition
3723,Aim Hero
3724,The Dawning Clocks Of Time - Director'S Cut
3725,Touhou Rhapsody Of Moon Rabbit
3726,Kandidatos
3727,Nyctophobia
3728,Beat Cop
3729,Musynx
3730,Deadbolt
3731,Prop And Seek
3732,Rules Of Survival
3733,Nvidia Vr Funhouse
3734,The Game Of Life
3735,Hellpoint
3736,Dark Deity
3737,Spirit Of Adventure
3738,Vigil: The Longest Night
3739,Fisher Online
3740,Battlefield Hardline
3741,Song Of Horror Complete Edition
3742,Outpost: Infinity Siege
3743,Deepworld
3744,Hellbound: Survival Mode
3745,Thriving City: Song
3746,"Knowledge, Or Know Lady"
3747,We Who Are About To Die
3748,Commandos: Beyond The Call Of Duty
3749,Peripeteia
3750,Gemcraft - Chasing Shadows
3751,Rise Of Industry
3752,God Of Weapons
3753,La-Mulana
3754,Etherlords Ii
3755,Passing Pineview Forest
3756,Hatoful Boyfriend
3757,The Legend Of Heroes: Trails Of Cold Steel
3758,Cluckmech Oasis
3759,Crimsaw
3760,Tinykin
3761,Aberoth
3762,Pro Cycling Manager 2018
3763,Victory: The Age Of Racing
3764,Screenplay
3765,Red Rage
3766,Survivor Mercs
3767,Pagan: Absent Gods
3768,Casual Golf
3769,Madden Nfl 24
3770,Hyposphere
3771,Goat Simulator 3
3772,Adventurequest 3D
3773,Zeno Clash 2
3774,Chompy Chomp Chomp
3775,Pharaoh + Cleopatra
3776,Serious Sam Double D Xxl
3777,Gasp
3778,Laser League
3779,Darkend
3780,Oddworld: Abe'S Exoddus
3781,Sniper Art Of Victory
3782,Karate Survivor
3783,Ender Magnolia: Bloom In The Mist
3784,Luftrausers
3785,Obduction
3786,Nekopara Vol. 3
3787,Caesar 3
3788,Dreamscaper: Prologue
3789,Poker Championship
3790,My Garage
3791,Saffron Fields
3792,Age Of Darkness: Final Stand
3793,Volgarr The Viking
3794,Holyday City: Reloaded
3795,Daemonsgate
3796,Revenge Of The Titans
3797,Sakuna: Of Rice And Ruin
3798,Starmade
3799,Creeper World 3: Arc Eternal
3800,Contractville
3801,The Jackbox Party Pack 6
3802,大千世界
3803,Prince Of Persia: The Two Thrones
3804,Paranormasight: The Seven Mysteries Of Honjo
3805,Fruit Arranger
3806,Emergency Call 112 – The Fire Fighting Simulation 2
3807,Prehistoric Kingdom
3808,Reassembly
3809,Some Some Convenience Store
3810,Beyond The Wire
3811,Idlebeer
3812,Railroad Tycoon 3
3813,Mainframe Defenders: Meltdown - Prologue
3814,Full Metal Furies
3815,Let'S Build A Zoo
3816,Mitsurugi Kamui Hikae
3817,Heretic'S Fork
3818,Phantom Doctrine
3819,Bombtag
3820,Heroes Of Might & Magic V: Tribes Of The East
3821,Aperture Hand Lab
3822,Oceanhorn: Monster Of Uncharted Seas
3823,Evil Genius
3824,Pipe By Bmx Streets
3825,Minds Eyes
3826,Timelie
3827,Project Druid - 2D Labyrinth Explorer-
3828,Souldiers
3829,Uncrashed : Fpv Drone Simulator
3830,Journey To The Savage Planet
3831,Niche - A Genetics Survival Game
3832,Tangle Tower
3833,Life Is Strange Remastered
3834,Production Line : Car Factory Simulation
3835,Fps Game: Dev Test
3836,Hello Neighbor 2 Alpha 1
3837,Farsky
3838,Megadimension Neptunia Vii
3839,Marie'S Room
3840,Oblivity - Find Your Perfect Sensitivity
3841,The Defender: Farm And Castle
3842,Succubus: Prologue
3843,Lord Of The Dark Castle
3844,Assetto Corsa Evo
3845,Hook
3846,Pixel Puzzles 2: Anime
3847,Alpha Prime
3848,The Crew Motorfest
3849,Yoku'S Island Express
3850,Stuck In Time
3851,Hentai 3018
3852,Star Trucker
3853,Greedland
3854,家有大貓 Nekojishi
3855,Cyberia 2: Resurrection
3856,The 39 Steps
3857,Steel Rats
3858,Hormone Wars - Tower Defense
3859,Creeper World 4
3860,A Game Of Thrones: The Board Game - Digital Edition
3861,Metal Waltz: Anime Tank Girls
3862,"Star Wars Dark Forces (Classic, 1995)"
3863,Else Heart.Break()
3864,Dungeons Of Sundaria
3865,Time Commando
3866,Dmt: Dream Dealer Trip
3867,Epic Battle Fantasy 3
3868,恶魔迷宫 | Evil Maze
3869,Carmageddon: Max Damage
3870,Beyond A Steel Sky
3871,Fallen Enchantress: Legendary Heroes
3872,Gunscape
3873,Grip: Combat Racing
3874,Granblue Fantasy Versus: Rising
3875,Space Farmers
3876,Rebel Inc: Escalation
3877,Slain: Back From Hell
3878,Grey Goo
3879,Guilty Gear Xrd -Sign-
3880,Street Legal Racing: Redline V2.3.1
3881,2Dark
3882,Shelter
3883,Hack_Me 2
3884,Time Wasters
3885,Vail Vr
3886,Ember
3887,Hello Neighbor Alpha 3
3888,Prodeus
3889,Steambirds Alliance
3890,Chants Of Sennaar
3891,Sin Slayers: Reign Of The 8Th
3892,"Time Gentlemen, Please! And Ben There, Dan That! Special Edition  Double Pack"
3893,Always Sometimes Monsters
3894,Zaccaria Pinball
3895,Emergency 2017
3896,Windowkill
3897,Atom Zombie Smasher
3898,Luckcatchers
3899,Of Orcs And Men
3900,Nekopalive
3901,Rush
3902,Army Of Tentacles: (Not) A Cthulhu Dating Sim
3903,Ready Player One: Oasis Beta
3904,Haydee
3905,Commandos 2 - Hd Remaster
3906,The Front
3907,轮回修仙路
3908,Iosoccer
3909,Fear In The Modern House - Ch3
3910,侠客风云传(Tale Of Wuxia)
3911,Contractors
3912,Tattletail
3913,Kinitopet
3914,Ultimate Tic-Tac-Toe
3915,Void Crew
3916,Vanguard Princess
3917,Ai: The Somnium Files - Nirvana Initiative
3918,Opus: Echo Of Starsong - Full Bloom Edition
3919,Cayne
3920,Super Mega Neo Pug
3921,Zup! 2
3922,Accounting (Legacy)
3923,Force Of Nature
3924,Sos
3925,Blade Runner: Enhanced Edition
3926,Red Hot Vengeance
3927,The Jackbox Party Pack
3928,Devil May Cry 4
3929,Ratz Instagib
3930,Dealer'S Life 2
3931,Flesh Eaters
3932,Shelter 2
3933,Anomaly 2
3934,Iron Marines
3935,武林志（Wushu Chronicles）
3936,Deadly Premonition: The Director'S Cut
3937,Pongo
3938,Killsquad
3939,Pogostuck: Rage With Your Friends
3940,Pixel Puzzles: Undeadz
3941,Cat Interstellar
3942,Ylands
3943,The Forgotten Ones
3944,Seen
3945,Bridge Constructor
3946,Holodrive
3947,Quaver
3948,Battle Ram
3949,Scars Above
3950,Gladiator Guild Manager: Prologue
3951,Hooked On You: A Dead By Daylight Dating Sim
3952,Hexcraft: Harlequin Fair
3953,Black Sand Drift
3954,Infinitum
3955,The White Door
3956,Falcon
3957,The Infected
3958,Removed
3959,Drug Dealer Simulator 2
3960,Apotheon Arena
3961,Sonic Superstars
3962,Jax: History Repeats Itself
3963,Touhou Hero Of Ice Fairy: Prologue
3964,Depression Quest
3965,Disciples Iii - Renaissance Steam Special Edition
3966,Twin Saga
3967,Office No.41: Prototype Edition
3968,Normality
3969,One Hour One Life
3970,Trouble In The Manor
3971,Kopanito All-Stars Soccer
3972,Office Battle
3973,Cataclismo
3974,Battle Realms: Zen Edition
3975,Blind Trust
3976,King'S Bounty Ii
3977,Pressured
3978,Orbt Xl
3979,The Vagrant
3980,Prince Of Persia: Warrior Within
3981,Dragon Ball: The Breakers
3982,Viking Trickshot
3983,Living With Sister: Monochrome Fantasy
3984,Let'S Draw
3985,60 Parsecs!
3986,Kagura Survivors: Endless Night
3987,Far: Changing Tides
3988,Good Company
3989,Ys I & Ii Chronicles+
3990,Empires Apart
3991,Surfingers
3992,Mark Of The Ninja: Remastered
3993,Nebulous: Fleet Command
3994,Rose Online
3995,Out There: Ω Edition
3996,To Be Or Not To Be
3997,Alchemyland
3998,Pac-Man Championship Edition 2
3999,Multishop Tycoon Deluxe
4000,Medieval: Total War - Collection
4001,Galak-Z
4002,Waking Mars
4003,Blades Of Time
4004,Barrier X
4005,Hide Vs. Seek
4006,The Emperor'S Own: Alpha Teaser
4007,Prince Of Persia The Lost Crown
4008,Final Quest Ii
4009,Sins Of The Demon Rpg
4010,Lake
4011,What The Golf?
4012,The Heiress
4013,Who'S Lila?
4014,Sigils Of Elohim
4015,Cover Fire: Offline Shooting Game
4016,Soviet Jump Game
4017,Clanfolk
4018,Streamer Life Simulator
4019,Earth 2150 Trilogy
4020,Space Run Galaxy
4021,Trick & Treat
4022,Stash
4023,秦殇 (Prince Of Qin)
4024,Defend The Highlands
4025,Millennium - A New Hope
4026,Serious Sam Classics: Revolution
4027,Another Crab'S Treasure
4028,Immortals Of Aveum
4029,Galactic Civilizations Iv
4030,Wrc Generations – The Fia Wrc Official Game
4031,Picross Touch
4032,Tactics Ogre: Reborn
4033,Pinstripe
4034,Moxter
4035,Exit The Gungeon
4036,Takedown: Red Sabre
4037,Ballisticng
4038,Little Square Things
4039,Star Realms
4040,Lost Lands: Mahjong
4041,Hell Girls
4042,Hellsign
4043,Flyknight
4044,Super Monkey Ball Banana Mania
4045,Dark Matter
4046,Job Simulator
4047,The Inquisitor
4048,Ascension
4049,Oppressed
4050,Mad Digger
4051,Shatter
4052,Telling Lies
4053,Democracy 4
4054,Warhammer: Chaos And Conquest
4055,Simulacra
4056,Orake Classic
4057,King’S Bounty: Legions
4058,Black Book
4059,Lucius Ii
4060,The Night Of The Rabbit
4061,Angel At Dusk
4062,Cyrano Story
4063,Star Chronicles: Delta Quadrant
4064,Blitzkrieg 2 Anthology
4065,Port Royale 3
4066,Ashland:Explore
4067,Super Killer Hornet: Resurrection
4068,The Raven - Legacy Of A Master Thief
4069,Caravan Sandwitch
4070,Cannon Brawl
4071,Syberia 3
4072,Friends Vs Friends
4073,Ages Of Conflict: World War Simulator
4074,King'S Bounty: Warriors Of The North
4075,No Time To Relax
4076,Esports Legend
4077,Planetside Arena
4078,Rpg Maker Xp
4079,Turok
4080,Slingshot People
4081,Sub Rosa
4082,The Bridge Curse Road To Salvation
4083,Blast Zone! Tournament
4084,The Great Ace Attorney Chronicles
4085,There'S Poop In My Soup
4086,Wobbledogs
4087,Trencheswip
4088,Steelrising
4089,Commando Jack
4090,Anomaly Korea
4091,Q.U.B.E. 2
4092,Zombotron
4093,Clue/Cluedo: Classic Edition
4094,No Love
4095,Worlds Of Magic
4096,Blackhole
4097,Hitman Go: Definitive Edition
4098,Ghost Exile
4099,Cinderella Phenomenon - Otome/Visual Novel
4100,Zeus + Poseidon
4101,Until You Fall
4102,Valdis Story: Abyssal City
4103,Drop Alive
4104,Feminazi: The Triggering
4105,Wetlands
4106,Tales Of Monkey Island: Complete Season
4107,Lovely Planet
4108,Sludge Life
4109,The Quinfall
4110,Weable
4111,The Matchless Kungfu
4112,Tales Of The Black Forest
4113,Lightyear Frontier
4114,Operation: New Earth
4115,Desperados: Wanted Dead Or Alive
4116,Call Of Cthulhu: Dark Corners Of The Earth
4117,Rocksmith
4118,Spear Of Destiny
4119,Gravilon
4120,Shardbound
4121,Deliver Us Mars
4122,Red Dead Redemption
4123,Dinosaur Forest
4124,Trinity Fusion
4125,Yokai'S Secret
4126,Guild Of Dungeoneering Ultimate Edition
4127,Frontlines: Fuel Of War
4128,Battlepaths
4129,Nova Drift
4130,Scp: Escape Together
4131,Nodebuster
4132,Hidden Deep
4133,Faith: The Unholy Trinity
4134,Mr. Prepper
4135,Warfare Online
4136,Harmless Demons
4137,Stealth Inc 2: A Game Of Clones
4138,Survived By
4139,Warplanes: Ww2 Dogfight
4140,Battle Grounds Iii
4141,Tainted Grail: Conquest
4142,Zombie Shooter
4143,Dlc Quest
4144,Genesis Online
4145,Low Magic Age
4146,Platypus Ii
4147,Littlewood
4148,Serious Sam Fusion 2017 (Beta)
4149,Dragon'S Prophet
4150,Marble Mayhem: Fragile Ball
4151,3D Aim Trainer
4152,King Of Crabs
4153,Builders Of Egypt: Prologue
4154,Disturbed
4155,Beatbuddy: Tale Of The Guardians
4156,Vr Museum
4157,Assassin’S Creed Liberation Hd
4158,Twin-Turbo Supercharged Nitro-Fueled Papamobile
4159,Ben And Ed
4160,Bad End Theater
4161,Full Throttle Remastered
4162,Sherlock Holmes Chapter One
4163,Unearthed: Trail Of Ibn Battuta - Episode 1 - Gold Edition
4164,Super Sanctum Td
4165,Emergency 20
4166,Bomb Rush Cyberfunk
4167,Black Mirror I
4168,Rochard
4169,Sizeable
4170,Mr. Shifty
4171,Megaton Rainfall
4172,Peggle Nights
4173,Crash Bandicoot 4: It’S About Time
4174,Moe Era
4175,Saints Row
4176,Castle Of Illusion
4177,Vanity Fair: The Pursuit
4178,Alien Breed 3: Descent
4179,Reset 1-1
4180,Indie Game: The Movie
4181,Surgeon Simulator Vr: Meet The Medic
4182,Costume Quest
4183,Two Point Museum
4184,Soccer Manager 2016
4185,Kung Fury: Street Rage - Ultimate Edition
4186,Circle Empires Rivals
4187,Solforge
4188,Endoparasitic
4189,Lone Survivor: The Director'S Cut
4190,City Game Studio: A Tycoon About Game Dev
4191,Velvet Assassin
4192,It'S Always Monday
4193,Exapunks
4194,Spirit Hunters: Infinite Horde
4195,Just Fishing
4196,Giana Sisters: Twisted Dreams
4197,Stubbs The Zombie In Rebel Without A Pulse
4198,Wooden House
4199,Becastled
4200,Valkyrie Connect
4201,Conflict Desert Storm
4202,Planet Centauri
4203,Mecha Knights: Nightmare
4204,Space Hulk (Classic)
4205,Expeditions: Viking
4206,Staxel
4207,Minibong
4208,Starbreak
4209,Disciples: Liberation
4210,Encased: A Sci-Fi Post-Apocalyptic Rpg
4211,Zup! 4
4212,Fort Solis
4213,Split Or Steal
4214,Rustbucket Rumble
4215,World Of Diving
4216,Like A Dragon: Pirate Yakuza In Hawaii
4217,Expeditions: A Mudrunner Game
4218,Megaloot
4219,Cocoon
4220,Star Trek: Bridge Crew
4221,Bit.Trip Runner
4222,Invictus: In The Shadow Of Olympus
4223,Ubermosh:Wraith
4224,Unalive
4225,Football Manager 2020 Touch
4226,Cepheus Protocol
4227,Pro Evolution Soccer 2019
4228,Indika
4229,The Adventure Pals
4230,Distance
4231,The Stalin Subway
4232,Zombidle : Remonstered
4233,Echo Point Nova
4234,Influent Language Learning Game
4235,Men Of War: Condemned Heroes
4236,A Short Hike
4237,Masked Shooters 2
4238,Total Annihilation
4239,Afterimage
4240,Valley
4241,仙剑奇侠传九野
4242,Depraved
4243,Ram Pressure
4244,Nights Into Dreams
4245,Fight'N Rage
4246,"Warhammer 40,000: Boltgun"
4247,Heroes Of The Three Kingdoms 3
4248,Animation Throwdown: The Quest For Cards
4249,Before Your Eyes
4250,Wasteland 1 - The Original Classic
4251,Alien Swarm: Reactive Drop
4252,Mars: War Logs
4253,Nascar '15 Victory Edition
4254,Convoy
4255,Merlin Adventurer Store
4256,Timberman Vs
4257,Valhalla Hills
4258,Lords Of Kingdoms
4259,Zup! F
4260,Xiii
4261,Gorky 17
4262,The Orville - Interactive Fan Experience
4263,Orlando Theme Park Vr - Roller Coaster And Rides
4264,Railroad Tycoon Ii Platinum
4265,Necrosmith 2
4266,Buried Stars
4267,Granny
4268,Paint Warfare
4269,Stealth Bastard Deluxe
4270,Talvisota - Winter War
4271,Dragonia
4272,Serious Sam Vr: The Last Hope
4273,Just Go
4274,Florensia
4275,Frozenheim
4276,White Noise 2
4277,Songs For A Hero - Definitive Edition
4278,Chorus
4279,Hellscreen
4280,Monday Night Combat
4281,Mullet Madjack
4282,Hacker Man
4283,8-Bit Armies
4284,Wedding Witch
4285,Battle Carnival
4286,Paper Dolls 2 纸人贰
4287,Barro F
4288,The Sandbox Evolution - Craft A 2D Pixel Universe!
4289,Grand Ages: Rome
4290,Tron 2.0
4291,Tree Of Life
4292,Exo One
4293,Stray Gods: The Roleplaying Musical
4294,Ride 2
4295,Yumenikki -Dream Diary-
4296,The Incredible Adventures Of Van Helsing: Final Cut
4297,The Banner Saga: Factions
4298,Mighty No. 9
4299,Broke Protocol
4300,Tactical Craft Online
4301,Emily Is Away Too
4302,Bramble: The Mountain King
4303,Sengoku Dynasty
4304,Dead Realm
4305,Bloodstained: Curse Of The Moon
4306,Contrast
4307,Evil Inside - Prologue
4308,Marvel'S Guardians Of The Galaxy: The Telltale Series
4309,Idle Research
4310,King Exit
4311,Weird Rpg
4312,Revelation Online
4313,Fairy Fencer F
4314,Little Big Workshop
4315,Han Xiongnu Wars
4316,Silica
4317,Might & Magic Heroes Online
4318,Zort
4319,Tree
4320,Duck Season
4321,Lego Pirates Of The Caribbean: The Video Game
4322,Scooterflow
4323,Vostok Inc.
4324,Lunacid
4325,Blitzkrieg 3
4326,Assassin’S Creed Chronicles: China
4327,Skyhill
4328,Nba Playgrounds
4329,Sakura Dungeon
4330,Dungeon Team
4331,Shoppe Keep 2
4332,Quantum Conundrum
4333,Hard West 2
4334,Richman 11
4335,Adventure Escape Mysteries
4336,Super Seducer 2 - Advanced Seduction Tactics
4337,Neon Boost
4338,Gothic 3: Forsaken Gods Enhanced Edition
4339,King'S Bounty: Dark Side
4340,Majesty 2
4341,Trombone Champ
4342,Scrap Garden
4343,Autobahn Police Simulator
4344,Games Of Glory
4345,Another Adventure
4346,村庄-The Village
4347,From Hell
4348,Nex Machina
4349,Darkest Hour: A Hearts Of Iron Game
4350,Dirt 5
4351,The Stalin Subway: Red Veil
4352,It Came From Space And Ate Our Brains
4353,Red Solstice 2: Survivors
4354,The Housewife
4355,Spellforce 2 - Demons Of The Past
4356,Redacted:Genome
4357,Shotgun N  Zombies
4358,Railroads Online
4359,Mind Over Magic
4360,洪荒西行录
4361,Ivry Driver For Steamvr
4362,Melissa K. And The Heart Of Gold Collector'S Edition
4363,Attack On Titan 2 - A.O.T.2
4364,Rough Kuts: Night Of The Living Dead
4365,Anomaly Defenders
4366,Wanted: Dead
4367,Monstrum
4368,Shark Attack Deathmatch 2
4369,The Shrouded Isle
4370,Unplagued
4371,Half-Life: A Place In The West
4372,执剑九霄
4373,Rumble
4374,Blade Assault
4375,Lego Indiana Jones: The Original Adventures
4376,Old Man'S Journey
4377,Nightsky
4378,Ninja Stealth
4379,永远消失的幻想乡 ～ The Disappearing Of Gensokyo
4380,Grime
4381,Back To The Dawn
4382,The Land Of Dasthir
4383,Incoming + Incoming Forces
4384,Prime World: Defenders
4385,Trials Evolution: Gold Edition
4386,Disc Jam
4387,Thea: The Awakening
4388,Maize
4389,Orcs Must Die! Deathtrap
4390,Zelter
4391,Tom Clancy'S Rainbow Six Vegas
4392,Forbidden Planet
4393,Assemble With Care
4394,Epicenter Vr
4395,Train Station Renovation - First Job
4396,The Council
4397,Blacklight: Retribution
4398,Cradle
4399,Blue Prince
4400,Proteus
4401,Dig Or Die
4402,Galactic Mining Corp
4403,Fort Triumph
4404,F1 2016
4405,Minecraft Legends
4406,Agatha Christie - The Abc Murders
4407,No Time To Explain Remastered
4408,道不可道
4409,Seduce Me The Otome
4410,Clannad
4411,Thea 2: The Shattering
4412,Geometry May. I Swear It'S A Nice Free Game
4413,Digseum
4414,Rock Of Ages
4415,The Jackbox Party Pack 5
4416,Destiny Warriors Rpg
4417,Ashes Of The Singularity: Escalation
4418,Still Wakes The Deep
4419,Valfaris
4420,Neon Echo
4421,Falcon A.T.
4422,Dead Get Rekt
4423,Gold Rush! Classic
4424,Drift Racing Car
4425,Wrath: Aeon Of Ruin
4426,King'S Guard Td
4427,Ampu-Tea
4428,Shawarma Legend
4429,Potion Permit
4430,Code2040
4431,Battle Chasers: Nightwar
4432,Treasure Hunter Claire
4433,Agent A: A Puzzle In Disguise
4434,Heroes Of Soulcraft - Arcade Moba
4435,Intravenous 2: Mercenarism
4436,The Cat Lady
4437,Epic Character Generator
4438,Röki
4439,Awkward Dimensions Redux
4440,Timespinner
4441,Vertigo 2
4442,Controller Companion
4443,No Umbrellas Allowed
4444,Invisible Mind
4445,Trials Fusion
4446,Front Mission Evolved
4447,Ys Origin
4448,Gun Rocket
4449,Automobilista
4450,Sao Utils: Beta
4451,Airscape - The Fall Of Gravity
4452,Forever Skies
4453,Vampires' Melody
4454,Witchfire
4455,Mxgp - The Official Motocross Videogame
4456,Vault Of The Void
4457,Magic: The Gathering - Duels Of The Planeswalkers 2013
4458,Gensokyo Night Festival
4459,The Pedestrian
4460,Inmind Vr
4461,Horizon Chase Turbo
4462,Eden Rising
4463,Agent Awesome
4464,Circle Empires
4465,Persona 4 Arena Ultimax
4466,Beholder 3
4467,Assassin'S Creed Mirage
4468,Knock-Knock
4469,Shank
4470,The Undying Plague
4471,Heroes Of The Three Kingdoms 2
4472,Tt Isle Of Man: Ride On The Edge
4473,The Lord Of The Rings: Return To Moria
4474,Ghostbusters: The Video Game Remastered
4475,Shardpunk
4476,Path Of Kung Fu
4477,Milmo
4478,Brawl Of Ages
4479,Trailer Park Boys: Greasy Money
4480,Sword Art Online Alicization Lycoris
4481,中华三国志 The Three Kingdoms Of China
4482,Splatter - Zombiecalypse Now
4483,Spooky Horror Game
4484,Mx Vs. Atv Reflex
4485,Tropico Reloaded
4486,Sierra Ops - Space Strategy Visual Novel
4487,Desktop Dungeons
4488,Spirit City: Lofi Sessions
4489,Island Saver
4490,Element Td 2 - Tower Defense
4491,Jagged Alliance - Back In Action
4492,Half Dead
4493,Moto Racer  4
4494,404Sight
4495,Dirty Wars: September 11
4496,Yu-Gi-Oh! Legacy Of The Duelist : Link Evolution
4497,Immortals Fenyx Rising
4498,Syberia: The World Before - Prologue
4499,The Challenge
4500,8Bitboy
4501,Bloodstained: Curse Of The Moon 2
4502,Zuma'S Revenge!
4503,Rise Of The Argonauts
4504,Robotex
4505,Inner Chains
4506,Zeus' Battlegrounds
4507,Like A Dragon Gaiden: The Man Who Erased His Name
4508,The Cave
4509,Quantum League
4510,Siralim Ultimate
4511,Animal Revolt Battle Simulator
4512,Death Coming/死神来了
4513,Coppercube 6 Game Engine
4514,Madden Nfl 23
4515,Condemned: Criminal Origins
4516,Tom Clancy’S Rainbow Six Extraction
4517,Eastside Hockey Manager
4518,Beavers Be Dammed
4519,Imugi
4520,Batman: Arkham Origins Blackgate - Deluxe Edition
4521,Mushroom Wars
4522,Tempest: Pirate Action Rpg
4523,Atom Rpg Trudograd
4524,The Fall
4525,Frozen Flame
4526,Dungeon Of Rikka
4527,Hammerting
4528,Conquest Of Elysium 5
4529,Hunted: The Demon’S Forge
4530,Creaks
4531,Meet Your Maker
4532,Ys Viii: Lacrimosa Of Dana
4533,Lego Harry Potter: Years 5-7
4534,Mashinky
4535,Seek Girl
4536,Earth 2140
4537,Succubus
4538,Samurai Chess
4539,Wild Warfare
4540,Seek Girl:Fog Ⅰ
4541,The Dark Side Of The Moon: An Interactive Fmv Thriller
4542,Melatonin
4543,Munin
4544,Long Live Santa!
4545,Vessel
4546,Call Of The Wild: The Angler
4547,Eets
4548,Gordian Quest
4549,Broken Age
4550,Sunless Skies: Sovereign Edition
4551,King'S Bounty: Crossworlds
4552,Clickteam Fusion 2.5
4553,White Hell
4554,Home Sweet Home : Online
4555,Dungeon Hunter Champions
4556,Swords 'N Magic And Stuff
4557,Compound
4558,Dominion
4559,Pure Farming 2018
4560,Ink
4561,Wrc 8 Fia World Rally Championship
4562,Sailing Era
4563,Pixel Puzzles 2: Birds
4564,Red Wake Carnage
4565,Fear Surrounds
4566,Museum Of Other Realities
4567,West Of Dead
4568,Riichi City
4569,Thumper
4570,Kebab Chefs! - Restaurant Simulator
4571,Nightspawn
4572,Spin Rhythm Xd
4573,The Swords Of Ditto: Mormo'S Curse
4574,Slayaway Camp
4575,Sam & Max: The Devil’S Playhouse
4576,Wild Terra Online
4577,Melody'S Escape
4578,Ai: The Somnium Files
4579,Liftoff: Micro Drones
4580,The Thaumaturge
4581,Won'T You Be My Laser?
4582,Superfighters Deluxe
4583,Event[0]
4584,Mortarmen
4585,The Excavation Of Hob'S Barrow
4586,Submerged
4587,Broken Sword: Director'S Cut (2009)
4588,Adventures Of Shuggy
4589,Zed Zone
4590,Axiom Verge
4591,Blazblue: Cross Tag Battle
4592,A Space For The Unbound
4593,Dungeon Defenders Eternity
4594,En Garde!
4595,Nova-Life: Amboise
4596,Sayonara Wild Hearts
4597,Star Ruler 2
4598,King And Kingdoms
4599,Crazy Flasher Series 2021
4600,Shankaram: Code Reborn
4601,Jotunnslayer: Hordes Of Hel
4602,Party Panic
4603,Shadow Man Remastered
4604,Grocery Store Simulator
4605,恋爱模拟器 Love Simulation
4606,Tagline
4607,Hypnospace Outlaw
4608,Portal 2 - The Final Hours
4609,Unmetal
4610,Under Night In-Birth Exe:Late[Cl-R]
4611,Cube Escape Collection
4612,Juno: New Origins
4613,My Dream Setup
4614,Star Wars Rebellion
4615,Sacred 2 Gold
4616,Mortal Sin
4617,Marvel Vs. Capcom: Infinite
4618,Ufo Online: Invasion
4619,Iron Sky: Invasion
4620,Race - The Wtcc Game
4621,Nubby'S Number Factory
4622,Anarea Battle Royale
4623,Strange Night
4624,Wizorb
4625,Minami Lane
4626,江湖十一
4627,Edge Of Space
4628,Dungeon Keeper 2
4629,Tap Tap Infinity
4630,Axis & Allies 1942 Online
4631,Elite Soldier: 3D Shooter
4632,Ez2On Reboot : R
4633,Lost Saga Na
4634,Postal: Brain Damaged
4635,Sacred Citadel
4636,Ostriv
4637,Drive Megapolis
4638,Rolling Line
4639,Spiritwish
4640,Mansions Of Madness
4641,Clones
4642,Nordhold
4643,The Uncertain: Light At The End
4644,Boid
4645,Lego Builder'S Journey
4646,Dragon'S Sin
4647,Quarantine Town
4648,Granny Simulator
4649,Heroes Evolved
4650,Stranded In Time
4651,Rushdown Revolt - Alpha Testing
4652,Tower Of Time
4653,Infra
4654,龙魂时刻
4655,Revita
4656,Star Wars - X-Wing Special Edition
4657,Zoop! - Hunter'S Grimm
4658,Warfork
4659,Final Fantasy Iii
4660,Phantom Brigade
4661,Mobile Empire
4662,Assault Android Cactus+
4663,Zup!
4664,Hyperdimension Neptunia Re;Birth2: Sisters Generation
4665,Cubetractor
4666,Elemgate
4667,Detective Girl Of The Steam City
4668,Voidtrain
4669,My Little Universe
4670,The Dreamlord
4671,Small World
4672,B
4673,Gwent: Rogue Mage (Single-Player Expansion)
4674,Sky Force Anniversary
4675,Megaquarium
4676,Urban Empire
4677,Tyrone Vs Cops
4678,Transport Defender
4679,Grim Clicker
4680,Durka Simulator
4681,We Become What We Behold [Fan-Made Port]
4682,Penumbra: Black Plague Gold Edition
4683,Galactic Civilizations I: Ultimate Edition
4684,Underworld Idle
4685,Secret Of Mana
4686,Greak: Memories Of Azur
4687,Earth Defense Force 6
4688,Z
4689,War Planet Online: Global Conquest
4690,Zero Escape: The Nonary Games
4691,Dungeon 100
4692,Chained Echoes
4693,Seven: Enhanced Edition
4694,Infinifactory
4695,Lost In Vivo
4696,Puzzle Together
4697,Phantom Breaker: Battle Grounds Classic
4698,Happy Game
4699,Rpg Maker Mz
4700,Talespire
4701,Age Of Wonders
4702,At Home Alone
4703,Bear And Breakfast
4704,Halo: Spartan Strike
4705,Strategic War In Europe
4706,American Arcadia
4707,Scanner Sombre
4708,Allods Online Ru
4709,Eon Altar
4710,Retromaze
4711,The Book Of Unwritten Tales
4712,我的变色龙女友My Chameleon Girlfriend
4713,Cozy Grove
4714,Wholesome Slaughter
4715,The Saboteur
4716,Rogue Agent
4717,Zup! X
4718,Penny Arcade'S On The Rain-Slick Precipice Of Darkness 3
4719,Approaching Blocks
4720,Pandemic Express - Zombie Escape
4721,Fishing: North Atlantic - Enhanced Edition
4722,Theotown
4723,Fishards
4724,Animality
4725,Definitely Not Fried Chicken
4726,Monstrum 2 Beta
4727,Traitors In Salem
4728,Mushroom Wars 2
4729,Tacoma
4730,Daily Chthonicle: Editor'S Edition
4731,A Perfect Day
4732,The Dark Pictures Anthology: The Devil In Me
4733,"Warhammer 40,000: Space Wolf"
4734,Hacker Simulator
4735,Minimax Tinyverse
4736,Deep Dungeons Of Doom
4737,Might & Magic X - Legacy
4738,Arise: A Simple Story
4739,Colin Mcrae Rally
4740,Tomb Raider Vi: The Angel Of Darkness (2003)
4741,Scp: Nukalypse
4742,Fight Crab 2
4743,Fears To Fathom - Ironbark Lookout
4744,The Almost Gone
4745,King Arthur - The Role-Playing Wargame
4746,King'S Quest
4747,Endorlight
4748,Rooftops & Alleys: The Parkour Game
4749,Murky Divers
4750,Hellcard
4751,Expeditions: Conquistador
4752,Animal Shelter
4753,Deadfall Adventures
4754,Ship Simulator Extremes
4755,Onimusha 2: Samurai'S Destiny
4756,Space Pilgrim Episode Ii: Epsilon Indi
4757,Legend Of Mysteria Rpg
4758,Barro 2020
4759,Paper Dolls: Original / 纸人
4760,Sixtieth Kilometer
4761,Through The Ages
4762,Life Goes On: Done To Death
4763,Moving Out
4764,Trek To Yomi
4765,Guardians Of Orion (Phase 2)
4766,Dungeons 4
4767,One Eyed Kutkh
4768,Wrc 9 Fia World Rally Championship
4769,The Song Of Saya
4770,Dropzone
4771,Trackmania United Forever
4772,Spellforce 3 Fallen God
4773,Otaku'S Fantasy
4774,Shogun Showdown
4775,Lost Lands: A Hidden Object Adventure
4776,Power Champions
4777,Demise Of Nations
4778,Ultimate General: Civil War
4779,Sonic & Sega All-Stars Racing
4780,Shattered Pixel Dungeon
4781,Bread & Fred
4782,I Wanna Be The Creator
4783,Slime Rule
4784,The Farmer Was Replaced
4785,Planet Explorers
4786,Relic Hunters Legend
4787,The First Tree
4788,Juice Galaxy
4789,Blackbay Asylum
4790,Joana'S Life
4791,Big Pharma
4792,Going Under
4793,Super Distro
4794,Balancity
4795,Fatalzone
4796,Deadzone: Rogue
4797,The King Of Fighters 2002 Unlimited Match
4798,Homebrew - Patent Unknown
4799,Zanzarah: The Hidden Portal
4800,Spellforce 3: Versus Edition
4801,Left On Read
4802,The Life And Suffering Of Sir Brante — Chapter 1&2
4803,Panzer Corps Gold
4804,Cognition: An Erica Reed Thriller
4805,Learn To Fly 3
4806,Red Faction Ii
4807,Vegas Pro 18 Edit Steam Edition
4808,Rise Of The Triad
4809,Oshirabu: Waifus Over Husbandos
4810,Flotsam
4811,Hiveswap: Act 1
4812,Whispers Of A Machine
4813,Lumino City
4814,Hexcells
4815,Cosmic Collapse
4816,Sword Art Online: Integral Factor
4817,10Mg: Locked In
4818,Lichdom: Battlemage
4819,Navyfield
4820,Zone Of Death
4821,Sherlock Holmes: The Awakened (2008)
4822,Evan'S Remains
4823,Ride 3
4824,Notch - The Innocent Luna: Eclipsed Sinners
4825,This Land Is My Land
4826,Rebirth:Beware Of Mr.Wang
4827,Judgment: Apocalypse Survival Simulation
4828,Strike Team Delta
4829,我来自江湖 From Jianghu
4830,Jalopy
4831,Starseed Pilgrim
4832,Bright Memory: Infinite Ray Tracing Benchmark
4833,Foundry
4834,Lost In Play
4835,Bionic Commando
4836,Your Chronicle
4837,Outpost
4838,Planet Of Lana
4839,The Braves
4840,The King Of Fighters Xiv Steam Edition
4841,Tom Clancy'S Ghost Recon
4842,Battle For Blood - Epic Battles Within 30 Seconds!
4843,Aliya: Timelink
4844,Ice Lakes
4845,Penumbra Overture
4846,Agony
4847,Metallic Child
4848,Slapshot
4849,The Bookwalker: Thief Of Tales
4850,Live2Dviewerex
4851,Tom Clancy'S Endwar
4852,Planet Coaster 2
4853,Search For The Titanic
4854,Riven (1997)
4855,Blocky Dungeon
4856,Zezenia Online
4857,Overture
4858,Crazy Maze ~疯狂迷宫 ~ 狂った迷路 ~ Laberinto Loco ~ Labyrinthe Fou ~ Verrücktes Labyrinth
4859,"Kid,Napper: Gosh, I'M Kidnapped By A Pupil"
4860,Space Run
4861,Thank Goodness You'Re Here!
4862,Beasts Of Bermuda
4863,No More Room In Hell 2
4864,Daymare: 1998
4865,Polyball
4866,Fallen ~Makina And The City Of Ruins~
4867,No More Heroes
4868,Fire Pro Wrestling World
4869,Tales Of Vesperia: Definitive Edition
4870,//N.P.P.D. Rush//- The Milk Of Ultraviolet
4871,Miasma: Citizens Of Free Thought
4872,Original War
4873,Ghost Song
4874,Raid: World War Ii
4875,Freedom Force
4876,风信楼
4877,The World Of Kungfu: Dragon And Eagle
4878,Corroded
4879,Table Top Racing: World Tour
4880,Shadowgrounds Survivor
4881,A Difficult Game About Climbing
4882,Doodle God Blitz
4883,Two Digits
4884,Hex: Shards Of Fate
4885,Game Corp Dx
4886,Streamer Life Simulator 2
4887,Star Drifter
4888,City Of Chains
4889,Legends Of Kingdom Rush
4890,Superfuse
4891,Dread Delusion
4892,Livelock
4893,Viewfinder
4894,Cato: Buttered Cat
4895,Pro Evolution Soccer 2018
4896,Oniria Crimes
4897,Amber Tail Adventure
4898,Contraption Maker
4899,Venba
4900,Ascension: Deckbuilding Game
4901,Final Fantasy Ii
4902,Weed Shop 3
4903,The Axis Unseen
4904,Legend Of Heroes: Three Kingdoms
4905,Demonicon
4906,Iron Lung
4907,Wet Girl
4908,171
4909,Strike Vector Ex
4910,Grim Wanderings 2
4911,Star Wars: The Clone Wars - Republic Heroes
4912,Nosferatu: The Wrath Of Malachi
4913,Serious Sam Hd: The Second Encounter
4914,An Alt Girl For Skoof
4915,Refactor
4916,Hexen: Beyond Heretic
4917,Star Wars: Rogue Squadron 3D
4918,Acceleration Of Suguri 2
4919,The Jackbox Party Pack 8
4920,The Panic Room
4921,1954 Alcatraz
4922,Drova - Forsaken Kin
4923,Roborumble
4924,Liv
4925,Mr.President!
4926,Silent
4927,Greed Corp
4928,Police Simulator: Patrol Duty
4929,Caveman World: Mountains Of Unga Boonga
4930,Oddworld: Stranger'S Wrath Hd
4931,Kreedz Climbing
4932,Wonhon: Prologue
4933,Blackjack Championship
4934,Machine Hunt
4935,Eldest Souls
4936,Aerofly Fs 2 Flight Simulator
4937,Battle Islands: Commanders
4938,Pulsecharge
4939,Skara - The Blade Remains
4940,Scythe: Digital Edition
4941,Endless Dungeon - Definitive Edition
4942,Myths Of Rules
4943,Spectraball
4944,The Expanse: A Telltale Series
4945,Train Station Renovation
4946,Phantom Abyss
4947,Dungeon Hunter 5
4948,Killing Room
4949,Electrician Simulator - First Shock
4950,Shantae: Half-Genie Hero
4951,Robin Hood: The Legend Of Sherwood
4952,Fight Knight
4953,Necrovision
4954,Blue Fire
4955,Desync
4956,Railroad Corporation
4957,Distraint 2
4958,The Jackbox Party Pack 4
4959,Tomb Raider I-Iii Remastered Starring Lara Croft
4960,Lucky Pikinini - Advanced Killer Cyborg
4961,Omno
4962,Dynamic
4963,Masquerada: Songs And Shadows
4964,Romance Of The Three Kingdoms Xiii
4965,Fast Food Simulator
4966,Ultimate General: Gettysburg
4967,Grimoire: Manastorm
4968,Wrc 10 Fia World Rally Championship
4969,Tank Commander: Battlefield
4970,She Sees Red - Interactive Movie
4971,Seraph'S Last Stand
4972,Woolfe - The Red Hood Diaries
4973,Farm Manager 2021
4974,Nation Red
4975,Aces & Adventures
4976,Paintball War
4977,Magrunner: Dark Pulse
4978,Beyond Blue
4979,Airborne Kingdom
4980,Draw A Stickman: Epic
4981,Progressbar95
4982,Shot Shot Tactic
4983,Knights Of Honor
4984,Soccer Manager 2017
4985,Scrappage
4986,Heckabomb
4987,Tomb Raider Iv: The Last Revelation (1999)
4988,Realpolitiks
4989,Yesterday
4990,Melty Blood Actress Again Current Code
4991,挂机神话
4992,Hacker Evolution: Untold
4993,Killing Time (Classic)
4994,Night In Riverager
4995,墨心：波云诡船
4996,Chinese Online Game
4997,Tukoni: Prologue
4998,Behind The Frame: The Finest Scenery
4999,Desktop Magic Engine
5000,The Moon Sliver
5001,Danger Scavenger
5002,Dogs Of War Online
5003,Bombix
5004,Scott Pilgrim Vs. The World: The Game – Complete Edition
5005,Anomaly Zone
5006,Minishoot' Adventures
5007,Altspacevr
5008,Zombie Apocalypse Survival Simulator
5009,Disgaea 5 Complete
5010,Brothers In Arms: Hell'S Highway
5011,2064: Read Only Memories
5012,Omerta - City Of Gangsters
5013,The King Of Fighters '98 Ultimate Match Final Edition
5014,Blackguards 2
5015,Miasma 2: Freedom Uprising
5016,Factory Town
5017,Cute Honey
5018,Contra Anniversary Collection
5019,Werewolf: The Apocalypse - Earthblood
5020,Fruit Postal Service
5021,Sins Of A Solar Empire Ii
5022,Forbidden Art
5023,Dk Online
5024,Warriors Orochi 4
5025,Warriors Orochi 3 Ultimate Definitive Edition
5026,Assassin’S Creed Chronicles: India
5027,English Country Tune
5028,Pixeljunk Nom Nom Galaxy
5029,Cannons Lasers Rockets
5030,Maurice: In The Predator'S Nest
5031,Monsteria
5032,Toree 2
5033,Lay A Beauty To Rest: The Darkness Peach Blossom Spring
5034,Sun Blast: Star Fighter
5035,Five Nights At Freddy'S: Help Wanted 2
5036,Project Xandata
5037,鋼鉄戦記C21
5038,Werewolf: The Apocalypse — Heart Of The Forest
5039,Blitzkrieg Anthology
5040,Tentacle Girl
5041,Iconoclasts
5042,Decisive Strike
5043,Particle Mace
5044,Eternal Flame:Romance Dawn
5045,Suicide Countdown: 7 Days
5046,The Old Tree
5047,Dreamfall: The Longest Journey
5048,Atlantica Global
5049,Sandwalkers
5050,Survivor Day
5051,Scp022
5052,Rollercoaster Tycoon World
5053,Jack Styler
5054,Monster Train 2
5055,Leap Up No Jutsu
5056,Racer 8
5057,Trials Of Fire
5058,Double Dragon: Neon
5059,Phat Stacks
5060,Scarlet Hollow
5061,Five Dates
5062,Summerland
5063,Music Maker Steam Edition
5064,Stronghold Kingdoms
5065,Astebreed: Definitive Edition
5066,Depth Hunter 2: Deep Dive
5067,Siege Survival: Gloria Victis
5068,The Faction
5069,Spacebase Df-9
5070,Krosmaga
5071,Offspring Fling!
5072,We Love Katamari Reroll+ Royal Reverie
5073,Space Tyrant
5074,The Age Of Decadence
5075,Rising Front
5076,Cursed Treasure 2
5077,Chusingura46+1 S
5078,Passpartout: The Starving Artist
5079,Yakuza 4 Remastered
5080,Zup! Z
5081,Space Pilgrim Episode Iii: Delta Pavonis
5082,Narcosis
5083,The Backrooms Game Free Edition
5084,Midnight Club 2
5085,Hoard
5086,Silent Hill Homecoming
5087,Alter World
5088,Hylics
5089,Teenage Mutant Ninja Turtles: Out Of The Shadows
5090,Perfect Golf
5091,Three Digits
5092,Bang-On Balls: Chronicles
5093,Action! - Gameplay Recording And Streaming
5094,Edge Of Eternity
5095,Egos - Tales Of Fallen Souls
5096,The Chosen Rpg
5097,Insomnia: The Ark
5098,Spin Rush
5099,Crush Online
5100,Redeemer: Enhanced Edition
5101,Torment: Tides Of Numenera
5102,Healing Movement
5103,Hack_Me
5104,Lost Planet 2
5105,Kind Words (Lo Fi Chill Beats To Write To)
5106,Higurashi When They Cry Hou - Ch.1 Onikakushi
5107,Krater
5108,Trick And Treat - Visual Novel
5109,Theblu
5110,X-Com: Enforcer
5111,神都不良探 Underdog Detective
5112,Stellar Impact
5113,Bean Battles
5114,Splice
5115,Yonder: The Cloud Catcher Chronicles
5116,A Wonder
5117,Trimmer Tycoon
5118,Terrascape
5119,Westerado: Double Barreled
5120,Guts And Glory
5121,Clicker Heroes 2
5122,Mo:Astray
5123,Darkstory Online
5124,Bit.Trip Beat
5125,Holoparade
5126,Silent Hunter Iii
5127,Farmer'S Dynasty - Final Harvest Edition
5128,Shin Megami Tensei V: Vengeance
5129,Runestone Keeper
5130,Rollercoaster Tycoon 3: Complete Edition
5131,The Great Below
5132,Fox Hime Zero
5133,State Of Anarchy
5134,Yooka-Laylee And The Impossible Lair
5135,Path Of The Abyss
5136,Grimhook
5137,Square Of Joy
5138,Gun
5139,Split/Second
5140,Soccer Manager 2019
5141,One Finger Death Punch 2
5142,Mini Battlegrounds
5143,Oxenfree Ii: Lost Signals
5144,Splat The Blob
5145,Sleeping Valley
5146,Curious Expedition
5147,Obscure Ii (Obscure: The Aftermath)
5148,Men Of War Ii
5149,Fortresscraft Evolved!
5150,Epic Roller Coasters
5151,Lamplight City
5152,Plug & Play
5153,Frozen Free Fall: Snowball Fight
5154,Colony Ship: A Post-Earth Role Playing Game
5155,Eldegarde
5156,Lord Of Midchester
5157,Ring Of Pain
5158,Tactical Breach Wizards
5159,Heaven'S Vault
5160,Ubermosh Vol.5
5161,Granblue Fantasy: Versus
5162,The Cubicle.
5163,孤胆惊魂2：消失的207（Fear 2: The Disappeared 207）
5164,My Little Farmies
5165,The Initial
5166,Toem: A Photo Adventure
5167,Minit
5168,The Tenants - Free Trial
5169,Five Nights At Freddy'S: Into The Pit
5170,Beyond Good & Evil - 20Th Anniversary Edition
5171,私のリアルは充実しすぎている フルボイス版
5172,Insanely Twisted Shadow Planet
5173,Grandia Ii Hd Remaster
5174,Ratopia
5175,Tribes Of Midgard - Open Beta
5176,Chicken Invaders Universe
5177,Boom Faster
5178,Metal Slug Tactics
5179,Strike Suit Zero: Director'S Cut
5180,Trainz Simulator 12
5181,Dalafri
5182,Uriel'S Chasm 2: את
5183,Decay: The Mare
5184,Timore Inferno
5185,140
5186,Billionaire Lovers
5187,Marble It Up! Ultra
5188,Mologa
5189,Smartphone Tycoon
5190,The Game Of Life 2
5191,Ancient Space
5192,Frostrunner
5193,Zombi
5194,Sheltered 2
5195,Shillelagh
5196,Eldritch
5197,Otxo
5198,Granado Espada
5199,Turnip Boy Commits Tax Evasion
5200,Quantum League - Free Open Beta
5201,Deadly Days
5202,Buried Alive Vr
5203,Nolimits 2 Roller Coaster Simulation
5204,Fear Therapy
5205,Onimusha: Warlords
5206,Necromunda: Underhive Wars
5207,Terrorhedron Tower Defense
5208,Opus: Rocket Of Whispers
5209,Sword Of The Stars Ii: Enhanced Edition
5210,Save Jesus
5211,Panic
5212,Merger 3D
5213,The Northern Gate : Special Agent
5214,Stormbound
5215,Wayout 2: Hex
5216,Rick And Morty: Virtual Rick-Ality
5217,Shadwen
5218,Sin Episodes: Emergence
5219,Quickclaw
5220,Meme Mayhem
5221,Marble Age
5222,The Ultimatest Battle
5223,99 Spirits
5224,Pico Park 2
5225,Retropolis 2: Never Say Goodbye
5226,The Headliners
5227,Pro Cycling Manager 2017
5228,High On Racing
5229,Soccer Manager 2018
5230,Templar Battleforce
5231,Randal'S Monday
5232,Dominions 5 - Warriors Of The Faith
5233,Substance 3D Painter 2022
5234,Treasure Hunter Simulator
5235,Black Skylands
5236,Warlock 2: The Exiled
5237,Akiba'S Trip: Undead ＆ Undressed
5238,The Lost Valley
5239,Numba Deluxe
5240,Toy Soldiers: Complete
5241,Hellion
5242,The Hundred Line -Last Defense Academy-
5243,Alpha Runner
5244,They Can'T Stop All Of Us
5245,One Piece Burning Blood
5246,The Break-In
5247,Shipwrecked 64
5248,The Solus Project
5249,Inspector Schmidt - A Bavarian Tale
5250,Mythgard
5251,The King Of Fighters Xv
5252,Magical Girl Celesphonia
5253,Wurm Unlimited
5254,Spaceflight Simulator
5255,Eets Munchies
5256,Dungeons & Dragons: Dark Alliance
5257,Space Dudes Vs Alien Dudes
5258,Radiator 2: Anniversary Edition
5259,Farm Manager 2018
5260,Monument Valley 2
5261,Papa'S Freezeria Deluxe
5262,Life Is Feudal: Your Own
5263,Princess Remedy In A World Of Hurt
5264,Layers Of Fear 2 (2019)
5265,Lost: Find
5266,Tape To Tape
5267,Legendary Tales
5268,Stronghold Legends: Steam Edition
5269,Cute Cats
5270,Amaze 2
5271,Space Pirate Trainer
5272,Driver Booster 5 For Steam
5273,Ridge Racer Unbounded
5274,Wasteland Of East
5275,Savant - Ascent
5276,Majesty Gold Hd
5277,Flatout 3: Chaos & Destruction
5278,We. The Revolution
5279,"Guns, Gore & Cannoli"
5280,Men Of War: Vietnam
5281,Wilderplace
5282,Flatout 4: Total Insanity
5283,Heavy Fire: Shattered Spear
5284,Boo Men
5285,Shredders
5286,Dreadout: Keepers Of The Dark
5287,Beholder: Conductor
5288,Shallow Space
5289,Gish
5290,Battlevoid: Harbinger
5291,Toejam & Earl: Back In The Groove!
5292,Magic: The Gathering - Duels Of The Planeswalkers 2012
5293,Project Lazarus
5294,Worms Rumble
5295,Have A Nice Dream
5296,Song Of Nunu: A League Of Legends Story
5297,Quasimorph
5298,Gaokao.Love.100Days
5299,Firefly Online Cortex
5300,Inquisitor
5301,Starfighter General
5302,Deadly Desire
5303,Spartans Vs Zombies Defense
5304,Warstone Td
5305,Volunteer
5306,Dogfight 1942
5307,Impire
5308,Realmyst: Masterpiece Edition
5309,Beneath A Steel Sky
5310,Dear Red - Extended
5311,Overlord: Fellowship Of Evil
5312,Swarm Grinder
5313,Killing Floor: Incursion
5314,Elementary My Dear Majesty!
5315,Conan Chop Chop
5316,Obscure
5317,Toy Soldiers
5318,The Death | Thần Trùng
5319,Modbox
5320,Castlevania Advance Collection
5321,Teenage Mutant Ninja Turtles: Splintered Fate
5322,Project Pulsation
5323,Warzone 2100
5324,Fairy Fencer F Advent Dark Force
5325,Birth
5326,Territory Idle
5327,Breathe
5328,Resident Evil: Operation Raccoon City
5329,Victory At Sea
5330,Fpsvr
5331,Hentai Girl
5332,Blazblue: Continuum Shift Extend
5333,Desktop Kanojo
5334,Organ Trail: Director'S Cut
5335,When It Falls
5336,Elven Assassin
5337,In Verbis Virtus
5338,Heat
5339,Hero Of The Kingdom
5340,Shadow Warrior Classic Redux
5341,Three Kingdoms The Last Warlord
5342,Sea Of Solitude
5343,Frankenstein: Master Of Death
5344,Midas Gold Plus
5345,Pegasus: Broken Wings
5346,Chicory: A Colorful Tale
5347,Broken Ground
5348,Incredibox
5349,Elise The Devil
5350,Journey Of A Roach
5351,Trine 5: A Clockwork Conspiracy
5352,Verge:Lost Chapter
5353,Space Crew: Legendary Edition
5354,Framed Collection
5355,Grow Defense
5356,Battlestar Galactica Deadlock
5357,Intergalactic Bubbles
5358,Orwell: Ignorance Is Strength
5359,Kingdoms Ccg
5360,The Terrible Old Man
5361,I Am Legion: Stand Survivors
5362,Brothers In Arms: Road To Hill 30
5363,Alien Hominid Invasion
5364,Jets'N'Guns Gold
5365,Empire Tv Tycoon
5366,Spark The Electric Jester 3
5367,Car Dealership Simulator
5368,Lucy -The Eternity She Wished For-
5369,Vecter
5370,Project Eagle: A 3D Interactive Mars Base
5371,"Hamlet Or The Last Game Without Mmorpg Features, Shaders And Product Placement"
5372,Sam & Dan: Floaty Flatmates
5373,Albert And Otto
5374,Seek Girl Ⅲ
5375,Ittle Dew
5376,1000Xresist
5377,Artisan Td
5378,Valkyrie: Journey To Midgard
5379,Weapons Genius
5380,Ozymandias: Bronze Age Empire Sim
5381,World War Iii: Black Gold
5382,Crimsonland
5383,Sudeki
5384,Aquaria
5385,Sneak Thief
5386,Glowie Shooter
5387,It Steals
5388,Chroma Squad
5389,Mech Mechanic Simulator
5390,Rogue: Genesia
5391,Ghost Master
5392,Wildfire
5393,末日航路-The Termination
5394,Bedlam
5395,We Are Football
5396,Genesis Alpha One Deluxe Edition
5397,Mineirinho Director'S Cut
5398,Sentinels Of The Multiverse
5399,Squares
5400,Isles Of Limbo
5401,Star Trek: Infinite
5402,The Designer'S Curse
5403,Ten Trials Of Babel: The Doppelganger Maze
5404,Ninja Stealth 2
5405,Dev Guy
5406,Chip
5407,Chicken Labyrinth Puzzles
5408,Halcyon 6: Starbase Commander (Lightspeed Edition)
5409,Choppa (Classic)
5410,Pankapu
5411,巅峰骑士团
5412,Quest Of Dungeons
5413,The Crown Of Leaves
5414,Ufo: Aftermath
5415,古龙风云录
5416,Space Hack
5417,Chasm
5418,Sharpshooter3D
5419,Scourgebringer
5420,Toymaker
5421,Disney•Pixar Toy Story 3: The Video Game
5422,Coloring Game
5423,Turok 2: Seeds Of Evil
5424,Rift Wizard
5425,Doorways: Prelude
5426,North
5427,Cyber Shadow
5428,270 | Two Seventy Us Election
5429,Battleplan: American Civil War
5430,Stygian: Reign Of The Old Ones
5431,100 Hidden Cats
5432,Glare1More
5433,Fox Hime
5434,Haunt The House: Terrortown
5435,Ben And Ed - Blood Party
5436,Boson X
5437,Altitude
5438,Racing Classics: Drag Race Simulator
5439,Light Bearers
5440,Sword And Fairy
5441,Lost Patrol
5442,The Dark Side Of Mars
5443,Rainy
5444,Emergency 4 Deluxe
5445,Roots Of Pacha
5446,Space Pirates And Zombies 2
5447,Strike Suit Infinity
5448,Achievement Clicker
5449,Urban Rivals
5450,Call Of Duty: United Offensive
5451,Fate/Extella
5452,Shortest Trip To Earth
5453,Men Of War: Assault Squad 2 - Cold War
5454,Scrap Garden - The Day Before
5455,Drunken Robot Pornography
5456,Worms Crazy Golf
5457,Dragon Hunters
5458,Killing Time
5459,The Textorcist: The Story Of Ray Bibbia
5460,Adorables
5461,Painkiller Redemption
5462,Book Of Hours
5463,Swords And Soldiers Hd
5464,Dogfight
5465,Höll Space 5D6
5466,Tony Hawk'S Pro Skater 1 + 2
5467,The Happy Hereafter
5468,Halcyon 6: Starbase Commander
5469,Ape Out
5470,12 Labours Of Hercules Ii: The Cretan Bull
5471,Iron Warriors: T-72 Tank Command
5472,God Eater 2 Rage Burst
5473,Seum: Speedrunners From Hell
5474,Wardwell House
5475,Kindergarten 2
5476,Blake Stone: Planet Strike
5477,Black Rose
5478,Transport Inc
5479,Streamer Daily
5480,Final Fantasy Iv
5481,The Darkest Tales — Into The Nightmare
5482,Battle Arena Vr
5483,Jet Gunner
5484,Object N
5485,The Franz Kafka Videogame
5486,Infinipicross
5487,Erica
5488,Humanitz
5489,Gomo
5490,Miss Neko
5491,A Total War Saga: Troy
5492,Haven Moon
5493,Army Of Ruin
5494,Zenith
5495,Chantelise - A Tale Of Two Sisters
5496,Molek-Syntez
5497,Time In Time
5498,Of Blades & Tails
5499,Crab Dub
5500,Cultic
5501,Dreamscaper
5502,The Golf Club
5503,Eufloria Hd
5504,Trackmania² Canyon
5505,Rune Factory 4 Special
5506,Dnf Duel
5507,A Mortician'S Tale
5508,Esports Godfather
5509,Rollercoaster Tycoon Classic
5510,Mega Man X Legacy Collection 2
5511,Will: A Wonderful World / Will：美好世界
5512,Immortal Life
5513,Legendary Creatures 2
5514,Tap Heroes
5515,Blazing Sails
5516,Ai War 2
5517,Ports Of Call Classic
5518,Senran Kagura Shinovi Versus
5519,Age Of Water
5520,Spellstone
5521,Alien Agent X
5522,Pilgrims
5523,The Last Flame
5524,Hexcells Infinite
5525,Worlds Adrift Island Creator
5526,Terminus: Zombie Survivors
5527,Empty Shell: Prologue
5528,Fake Hostel
5529,Case 2: Animatronics Survival
5530,Monsti
5531,Candle
5532,Class Of '09: The Re-Up
5533,Samurai Bringer
5534,Boxes: Lost Fragments
5535,Skulls Of The Shogun
5536,Naissancee
5537,As Dusk Falls
5538,Super Time Force Ultra
5539,Ronin
5540,Idle Wizard
5541,Deadcore
5542,Legend Of Dungeon
5543,Counter Agents
5544,Fallen Aces
5545,Autobahn Police Simulator 2
5546,Post Apocalyptic Mayhem
5547,Spellforce 3 Soul Harvest
5548,The Blue Flamingo
5549,Streng Check
5550,Gone In November
5551,You Must Build A Boat
5552,Lonely Mountains: Downhill
5553,Nexuiz
5554,Snufkin: Melody Of Moominvalley
5555,Gratuitous Space Battles
5556,Super Mega Baseball 2
5557,The Classrooms
5558,Cronix
5559,I Was A Teenage Exocolonist
5560,It'S Spring Again
5561,Dungeon Munchies
5562,Eleven Table Tennis
5563,Suchart: Genius Artist Simulator
5564,World War Next
5565,Summer In Mara
5566,Out Of Space
5567,Suits: A Business Rpg
5568,Machinecraft
5569,Taskpals
5570,Sticky Business
5571,Crash Time 2
5572,Drift86
5573,Age Of Steel: Recharge
5574,Chaser
5575,Aarklash: Legacy
5576,Shattered Planet
5577,Bloodwood Reload
5578,My Free Zoo
5579,Sinless + Ost
5580,Bounty Game
5581,Steredenn: Binary Stars
5582,The Stronghold Collection
5583,Final Exam
5584,Monster Slayers
5585,Starship Corporation
5586,Maximum Action
5587,"Mýrdalssandur, Iceland"
5588,.Hack//G.U. Last Recode
5589,Bum Simulator
5590,Break The Game
5591,Daylight
5592,Galcon 2: Galactic Conquest
5593,Mosaique Neko Waifus 4
5594,Cubicle Quest
5595,Mining Mechs
5596,Speedball 2 Hd
5597,All Guns On Deck
5598,Shadow Walls
5599,Ride
5600,The Architects Of The Universe: The Orphans
5601,Star Swarm Stress Test
5602,Wandersong
5603,Banners Of Ruin
5604,Anarchy Online
5605,99 Levels To Hell
5606,Spellforce 2 - Anniversary Edition
5607,Ib
5608,Lizards Must Die 2
5609,Headliner: Novinews
5610,Or
5611,Fate: The Cursed King
5612,Killer7
5613,Hunted
5614,Wolvesville
5615,Magdalena
5616,They Bleed Pixels
5617,Rail Route
5618,Emporea: Realms Of War And Magic
5619,Isle Of Arrows
5620,Astra
5621,Starpoint Gemini
5622,Pro Cycling Manager 2019
5623,Chrono Ark
5624,Samorost 2
5625,Greed Of Man
5626,Just A To The Moon Series Beach Episode
5627,Ambrosia
5628,Crypto Mining Simulator
5629,Sinister City
5630,Megatagmension Blanc + Neptune Vs Zombies (Neptunia)
5631,Another Brick In The Mall
5632,Replica
5633,Hacker Evolution Duality
5634,The Cosmic Wheel Sisterhood
5635,Imperium Romanum Gold Edition
5636,Dead Synchronicity: Tomorrow Comes Today
5637,Immune - True Survival
5638,Mitoza
5639,Tracks - The Train Set Game
5640,Paradigm
5641,Urban Trial Freestyle
5642,Interstellaria
5643,Hero Of The Kingdom Iii
5644,Veterans Online - Open Beta
5645,Ace Of Words
5646,E.T. Armies
5647,Time Walker: Dark World
5648,Star Fleet Ii - Krellan Commander Version 2.0
5649,Chill Pulse
5650,Growing Up
5651,Euro Fishing
5652,Senran Kagura Estival Versus
5653,Deep The Game
5654,Zup! 8
5655,Action Alien
5656,Depo : Death Epileptic Pixel Origins
5657,Cave To Kingdom
5658,Pool Nation
5659,Soul Dossier
5660,King Of The Bridge
5661,Miss Neko 3
5662,House Of The Soul
5663,Pixeljunk Eden
5664,Scoot
5665,Buddy Simulator 1984
5666,Capcom Beat 'Em Up Bundle
5667,Othercide
5668,Krita
5669,Peekaboo
5670,Gemcraft - Frostborn Wrath
5671,Aliens Vs. Ghosts
5672,Mx Vs Atv All Out
5673,Wings Of Prey: Special Edition
5674,I Wani Hug That Gator!
5675,Castlevania Anniversary Collection
5676,Gemini Rue
5677,Galaxy Control: 3D Strategy
5678,Total War: Pharaoh
5679,Patrician Iv
5680,Strafe: Gold Edition
5681,River City Girls
5682,Aimbeast
5683,Talisman: Prologue
5684,Cropped
5685,Ashes Of Immortality
5686,"Haiku, The Robot"
5687,Geometry Wars 3: Dimensions Evolved
5688,There Is No Greendam
5689,Evoland Legendary Edition
5690,Life Is Strange: Before The Storm Remastered
5691,Tom Clancy'S Rainbow Six Lockdown
5692,Aces High Iii
5693,Anna - Extended Edition
5694,Geometry Wars: Retro Evolved
5695,Find Out
5696,Epic Battle Fantasy 4
5697,Days Under Custody
5698,Varenje
5699,Sanctuaryrpg: Black Edition
5700,10 Miles To Safety
5701,Cryptmaster
5702,Backrooms Media
5703,Asterigos: Curse Of The Stars
5704,Virtuaverse
5705,"Species: Artificial Life, Real Evolution"
5706,大侠请重来
5707,Violett Remastered
5708,The Occupation
5709,Simulacra 2
5710,Conan Unconquered
5711,Trip To Vinelands
5712,Moons Of Madness
5713,Press Any Button
5714,X-Plane 12
5715,The Jackbox Megapicker
5716,Blood: One Unit Whole Blood
5717,Ricky Did Nothing Wrong
5718,Patron
5719,Godfall Ultimate Edition
5720,Clover Tale
5721,Pit People
5722,The Sapling
5723,Hoa
5724,Nightmare Of Decay
5725,The Odyssey: Winds Of Athena
5726,Legion Gold
5727,What The Fog
5728,Silent Hunter 5: Battle Of The Atlantic
5729,Brain Syndrome Vr
5730,Commander: Conquest Of The Americas
5731,Monsters' Den Chronicles
5732,The Day Online
5733,Realms Of The Haunting
5734,Kona
5735,A Grande Bagunça Espacial - The Big Space Mess
5736,Dark Deity 2
5737,Princess Maker 2 Refine
5738,In Other Waters
5739,Demolish & Build 2018
5740,Immortal Planet
5741,Super Chicken Jumper
5742,Recore: Definitive Edition
5743,Broken Sword 3 - The Sleeping Dragon (2003)
5744,1 Moment Of Time: Silentville
5745,Sid Meier'S Starships
5746,My Suika - Watermelon Game
5747,Shantae: Risky'S Revenge - Director'S Cut
5748,Kingdom Of Secrets مملكة الأسرار
5749,Home
5750,Dune: Imperium
5751,Walkabout Mini Golf Vr
5752,Heroes Of Annihilated Empires
5753,Soul Hackers 2
5754,No Place Like Home
5755,Radio Commander: Vietnam '64
5756,Nihilumbra
5757,It'S Time To Get Out From The Solar System
5758,Overstep
5759,Agarest: Generations Of War
5760,Tactical Vanguard Saga
5761,To The Core
5762,Rive
5763,Armikrog
5764,Quiplash
5765,Exocraft
5766,Broken Blade: Prelude
5767,Necrovision: Lost Company
5768,Heli Heroes
5769,Horizon
5770,Military Attack
5771,Electronic Super Joy
5772,Lucifer Within Us
5773,Pixel Puzzles 2: Space
5774,Ilum
5775,Superpower 2 Steam Edition
5776,Summerhouse
5777,Persona 3 Portable
5778,Primordia
5779,Touch Type Tale - Strategic Typing
5780,Broken Edge
5781,Gato Roboto
5782,Cloudbuilt
5783,Call Of Duty: Vanguard
5784,Operation: Tango - Demo
5785,Emily Wants To Play
5786,Plantera
5787,Worms
5788,Cossacks Ii: Battle For Europe
5789,Winter
5790,Bloodbound: Vampire Hunters
5791,Nebuchadnezzar
5792,Fuhrer In La - Special Edition
5793,Orbox C
5794,Bell Ringer
5795,Cards And Castles
5796,Blocks That Matter
5797,Ninja Gaiden 3: Razor'S Edge [Ninja Gaiden: Master Collection]
5798,Alba: A Wildlife Adventure
5799,Rocketsrocketsrockets
5800,Red Wings: Aces Of The Sky
5801,Burgers
5802,Deadly Dozen
5803,Chaos Domain
5804,Mandragora: Whispers Of The Witch Tree
5805,Second Galaxy
5806,"Playclaw 7 - Game Overlays, Recording And Streaming"
5807,Speed Kills
5808,Survival: Postapocalypse Now
5809,Love Love School Days
5810,狐の旅路
5811,Vinecard
5812,Slash It Ultimate
5813,Take On Helicopters
5814,Toren
5815,My Free Farm 2
5816,Legacy
5817,A Raven Monologue
5818,Leap Year
5819,Sherlock Holmes: The Silver Earring
5820,Hive Jump
5821,Nibiru Voyage
5822,Who Pressed Mute On Uncle Marcus?
5823,Re: Lief ~ Shin'Ainaru Anata E~
5824,Death Rally (Classic)
5825,Pandemic: The Board Game
5826,Lemnis Gate
5827,A Winding Path
5828,Boxvr
5829,Cobi Treasure Deluxe
5830,Despot'S Game: Dystopian Battle Simulator
5831,Unavowed
5832,Bloop Reloaded
5833,Command & Conquer 4: Tiberian Twilight
5834,Sansar
5835,Incitement 3
5836,東周列萌志 Philosophic Love
5837,American Conquest: Fight Back
5838,Everything
5839,Touhou Juuouen 〜 Unfinished Dream Of All Living Ghost.
5840,Chicken Shoot Gold
5841,Miracle Snack Shop
5842,Hellblade Ii: Senua’S Saga
5843,天际起源 The Ark Of Horizon
5844,"Warhammer 40,000: Inquisitor - Prophecy"
5845,Red Trigger
5846,Apewar
5847,Millie
5848,Chrono Cross: The Radical Dreamers Edition
5849,Project Genom
5850,Morth
5851,Midair
5852,Worlds Adrift
5853,Songs Of Silence
5854,Jack Move: I.C.E. Breaker
5855,Super Bernie World
5856,Insect Swarm
5857,Master Of Orion 2
5858,Sudoku Universe / 数独宇宙
5859,Tap Adventure: Time Travel
5860,Glyphica: Typing Survival
5861,Vivid Knight
5862,Moncage
5863,Railroader
5864,Crypto Miner Tycoon Simulator Starter Edition
5865,Fadeout: Underground
5866,Tiny Town Vr
5867,Labyronia Rpg 2
5868,Volt
5869,Over 9000 Zombies!
5870,Cultivation Story: Reincarnation
5871,Citalis
5872,Chip'S Challenge 1
5873,Truberbrook / Trüberbrook
5874,The Curse Of Monkey Island
5875,"El Paso, Nightmare"
5876,Weird Worlds: Return To Infinite Space
5877,Blood Bowl - Legendary Edition
5878,Riding Club Championships
5879,Epic Clicker Journey
5880,Tiny Civilization
5881,Fpv Drone Simulator
5882,Coloring Game 4
5883,Destroy All Humans! 2 - Reprobed
5884,The Detail
5885,J.U.L.I.A.: Among The Stars
5886,Don'T Scream
5887,Frog Fractions: Game Of The Decade Edition
5888,Roundguard
5889,"Please, Don'T Touch Anything 3D"
5890,Casecracker
5891,Test Drive Unlimited Solar Crown
5892,Horizon Shift
5893,Sherlock Holmes Versus Jack The Ripper
5894,Fantasy Tales Online
5895,Commander Keen
5896,Doodle God
5897,Danganronpa Another Episode: Ultra Despair Girls
5898,200% Mixed Juice!
5899,Larva Mortus
5900,80 Days
5901,Negligee
5902,Seek Or Die
5903,Warhammer Age Of Sigmar: Champions
5904,Fantasy Realm: A Land Torn Asunder
5905,Parkasaurus
5906,Ys: The Oath In Felghana
5907,The Witcher Adventure Game
5908,Prison Simulator
5909,Evolva
5910,Until Then
5911,Robot Resistors
5912,Between The Stars
5913,Victim Of Xen
5914,Anomaly Warzone Earth Mobile Campaign
5915,The Dark Stone From Mebara
5916,Eiyuden Chronicle: Hundred Heroes
5917,Chronostorm: Siberian Border
5918,Motogp15
5919,Neverending Nightmares
5920,Distant Space 2
5921,Hellgate: London
5922,Project Liminal Redux
5923,Our End Of The World
5924,Smilemo
5925,Neon Prism
5926,The Technomancer
5927,Pretty Angel
5928,Transocean 2: Rivals
5929,Machinika: Museum
5930,Force Of Nature 2: Ghost Keeper
5931,Minimally Invasive
5932,Hotel Anatolia
5933,Dream Date
5934,Bishojo Mangekyo Kotowari To Meikyu No Shojo
5935,Mxgp3 - The Official Motocross Videogame
5936,Punch Club 2: Fast Forward
5937,F1 Manager 2024
5938,- Arcane Raise -
5939,Jurassic Park: The Game
5940,Iesabel
5941,Andarilho
5942,Never Return
5943,Medieval Defenders
5944,Drive Beyond Horizons
5945,Wizard With A Gun
5946,Echoed World
5947,Apocalipsis
5948,Saturnalia
5949,Discord Bot Maker
5950,Jagged Alliance: Rage!
5951,Tumblestone
5952,Swarmriders
5953,魔女的夜宴
5954,Hacker Evolution
5955,West Ride
5956,Chess Ultra
5957,Dungeon Warfare
5958,Knock On The Coffin Lid
5959,Santa Rockstar
5960,Slipslop: World'S Hardest Platformer Game
5961,The Spike
5962,Synth Riders
5963,Hard Reset Redux
5964,Lovers Of Aether
5965,"One Night, Hot Springs"
5966,Break Space: Out Of Bounds
5967,Goetia
5968,Tinyfolks
5969,Duterra
5970,King Of Retail
5971,Feeding Frenzy 2 Deluxe
5972,Mineirinho Shooter Dc
5973,Chess Knights: High Noon
5974,Magic And Machines
5975,Allods Online
5976,Visions Of Mana
5977,"What The Heck, Dude?"
5978,Road Madness
5979,Merchants Of Kaidan
5980,The Lord Of The Rings: Journeys In Middle-Earth
5981,Shadow Vault
5982,Trainz: A New Era
5983,Czo Online
5984,Mussoumano: Ataque Dos Haters
5985,Seasons After Fall
5986,Echo Of The Wilds
5987,Deceit 2
5988,Frog Detective 1: The Haunted Island
5989,Hektor
5990,The Killing Antidote
5991,Farm Manager 2021: Prologue
5992,Warpips
5993,妄想症：Deliver Me
5994,Hostile Waters: Antaeus Rising
5995,Metal Assault
5996,Crusade In Europe
5997,Through The Fog
5998,Caesar Iv
5999,Squirrel With A Gun
6000,Battle Chef Brigade Deluxe
6001,Kyn
6002,Unblinking
6003,Epic Battles Within 5 Seconds!
6004,Escape This
6005,Hokko Life
6006,Joe Danger 2: The Movie
6007,Home Sweet Home
6008,Symphony
6009,Zombillie
6010,Hunt Down The Freeman
6011,Age Of Cavemen
6012,Ancient Warfare 3
6013,Storm Of Spears Rpg
6014,Aven Colony
6015,Stranger Of Paradise Final Fantasy Origin
6016,Anima: Gate Of Memories
6017,Kiborg
6018,Pathway
6019,Tale Of Toast
6020,Fly And Destroy
6021,Tuzaq
6022,Fault - Milestone One
6023,Pan'Orama
6024,Picayune Dreams
6025,Bulb Boy
6026,Eye 4 Eye
6027,Steins;Gate 0
6028,Into The Dead: Our Darkest Days
6029,Delphyq
6030,Dice Legacy
6031,Painkiller: Black Edition
6032,The Tale Of Onogoro
6033,Black Book: Prologue
6034,Neon Space
6035,Fate Of Windshift
6036,Book Of Travels
6037,The Nadi Project
6038,Null State
6039,Sonic Colors: Ultimate
6040,Arma 3 Tools
6041,上帝之城 I：监狱帝国 [City Of God I - Prison Empire]
6042,Tesla Vs Lovecraft
6043,Mushroom 11
6044,Lucid9: Inciting Incident
6045,Hentai Vs Furries
6046,Coffin Of Ashes
6047,Bloody Walls
6048,The Undisputables : Online Multiplayer Shooter
6049,Motogp20
6050,Infectonator 3: Apocalypse
6051,Not For Broadcast: Prologue
6052,Imperial Glory
6053,Hobs
6054,9 Monkeys Of Shaolin
6055,Road Scars: Origins
6056,La-Mulana 2
6057,River City Ransom: Underground
6058,Dungeon Of Zolthan
6059,Fingered
6060,Spellwake
6061,Grim Nights
6062,Omikron: The Nomad Soul
6063,Puzzle Dimension
6064,Clash: Mutants Vs Pirates
6065,Blackout Z: Slaughterhouse Edition
6066,Scp: Secret Files
6067,Arcade Boy
6068,Obulis
6069,Kidnapped
6070,Return To Abyss 重返深渊
6071,Grow Up
6072,Rocket Science
6073,Wwe 2K Battlegrounds
6074,Among Us 3D: Vr
6075,Labyrinth City: Pierre The Maze Detective
6076,Exoprimal
6077,Helmet Heroes
6078,Dragon Marked For Death
6079,Garten Of Banban 2
6080,Meridian: New World
6081,Outergalactic Aliens Pinball
6082,Warplanes: Ww1 Sky Aces
6083,Cult Of The Wind
6084,Anoxemia
6085,Omega 卡牌冒险
6086,Nux
6087,Projectzombiesurvivors
6088,Paunch
6089,Press X To Not Die
6090,Gravity Circuit
6091,Chimera Custom Xg
6092,Ostalgie: The Berlin Wall
6093,Monster Loves You!
6094,Dawn
6095,Zup! 6
6096,In Stars And Time
6097,Survivalist: Invisible Strain
6098,Winter Ember
6099,Telltale Texas Hold ‘Em
6100,Day Of The Dino: Survival
6101,Freedom Fighters
6102,Perspective
6103,The Inner World
6104,Falcon Gold
6105,"Warhammer 40,000: Battlesector"
6106,Something In The Well
6107,Masky
6108,Sherlock Holmes: The Mystery Of The Mummy
6109,From Space
6110,8Doors: Arum'S Afterlife Adventure
6111,Star Wars X-Wing Vs Tie Fighter - Balance Of Power Campaigns
6112,Warbox
6113,16Bit Trader
6114,Ship Graveyard Simulator 2
6115,Spellweaver
6116,Erzurum
6117,Shinobi Warfare
6118,House Of Caravan
6119,Romance Of The Three Kingdoms Xi With Power Up Kit
6120,Survive.Com
6121,Bitmaster
6122,Nexus Pi
6123,Karos Returns
6124,Dark Roll: Free Kick Challenge
6125,Say No! More
6126,The Bloodline
6127,The Juicer
6128,Tadpole Tales
6129,The Drone Racing League Simulator
6130,Knights Of Honor Ii: Sovereign
6131,Don'T Bite Me Bro! +
6132,Grimind
6133,Kickbeat Steam Edition
6134,Pwnd
6135,Scourge: Outbreak
6136,"Runaway, A Road Adventure"
6137,Like A Dragon: Ishin!
6138,Monster Puzzle
6139,Folk Tale
6140,Luna Online: Reborn
6141,Stories Untold
6142,Lost Ruins
6143,Terminator: Dark Fate - Defiance
6144,Shiren The Wanderer: The Tower Of Fortune And The Dice Of Fate
6145,Nikopol: Secrets Of The Immortals
6146,The House Of Da Vinci 2
6147,Sega Bass Fishing
6148,Selaco
6149,Egypt: Old Kingdom
6150,Warhammer Quest (Classic)
6151,11-11 Memories Retold
6152,A Long Road Home
6153,Matchmaking Inc.
6154,Witchspring R
6155,Heroes Of Scene
6156,The First Templar - Steam Special Edition
6157,The Casting Of Frank Stone
6158,Swallow The Sea
6159,The Bridge Curse 2: The Extrication
6160,R-Type Final 2
6161,Little Noah: Scion Of Paradise
6162,Shin Megami Tensei Iii Nocturne Hd Remaster
6163,Retirement Simulator
6164,Greyhill Incident
6165,Ashes Of Creation Apocalypse
6166,Lead And Gold: Gangs Of The Wild West
6167,European Ship Simulator
6168,Islands Of Insight
6169,Incursion Red River
6170,Lucent Heart
6171,Orangeblood
6172,Deep Under The Sky
6173,Youropa
6174,Zombie Party
6175,東方憑依華　～ Antinomy Of Common Flowers.
6176,The Thrill Of The Fight - Vr Boxing
6177,Tokyo 42
6178,Ikaruga
6179,Rebel Cops
6180,"Imperivm Rtc - Hd Edition ""Great Battles Of Rome"""
6181,Deeeer Simulator: Your Average Everyday Deer Game
6182,Akane
6183,Metal Gear Solid 3: Snake Eater - Master Collection Version
6184,Lines X
6185,Men Of Valor
6186,Loom
6187,Venetica - Gold Edition
6188,The End Is Nigh
6189,Judas
6190,Su Hack
6191,Blaite
6192,Skydrift
6193,Spirit Of Maya
6194,绝望监牢 / 絶望プリズン
6195,Crossing Souls
6196,Game Dev Story
6197,Legend Of Mana
6198,Eternal Magic
6199,Total Conflict: Resistance
6200,Red Planet Farming
6201,The Way
6202,Invisible Apartment
6203,Karmazoo
6204,Dead6Hot
6205,Bierzerkers
6206,World Of Soccer
6207,Grievous Survivors
6208,Dark Harvest
6209,The Room Vr: A Dark Matter
6210,Astronarch
6211,Eternal Battlefield
6212,"Undying - ""Kingdom"""
6213,Old Market Simulator
6214,Arcade Moonlander
6215,Astro Looter: Survivor
6216,Realm Of Ink
6217,Til Nord
6218,Eiyuden Chronicle: Rising
6219,Incremental Cubes
6220,Garten Of Banban 3
6221,Magma Tsunami
6222,Cue Club 2: Pool & Snooker
6223,Equilinox
6224,Escape The Game
6225,Heavy Bullets
6226,Tiny Troopers
6227,Space Channel 5: Part 2
6228,Rune Classic
6229,Dead State: Reanimated
6230,Hard Truck Apocalypse / Ex Machina
6231,Last Day Of June
6232,Tactical Assault Vr
6233,Laughing To Die
6234,Castlevania: Lords Of Shadow – Mirror Of Fate Hd
6235,No Way Out
6236,Wizardry: Proving Grounds Of The Mad Overlord
6237,Children Of The Sun
6238,Confrontation
6239,Transocean: The Shipping Company
6240,Hide And Seek
6241,Star Sonata 2
6242,Fate/Extella Link
6243,Sphere 3
6244,Pla_Toon
6245,Gunslingers
6246,Castlestorm
6247,The Fermi Paradox
6248,Valakas Story
6249,Zolg
6250,Assassin’S Creed Chronicles: Russia
6251,Tales & Tactics
6252,Patch Quest
6253,Card City Nights
6254,Cloud Climber
6255,The Jackbox Party Pack 9
6256,Paradise Lost
6257,Sunset Rangers
6258,Coma: Mortuary
6259,Mechdefender - Tower Defense
6260,寄居隅怪奇事件簿 Hermitage Strange Case Files
6261,Neva
6262,他人世界末 On-Looker
6263,Maitetsu:Pure Station
6264,Nimby Rails
6265,Divekick
6266,"Good Pizza, Great Pizza - Cooking Simulator Game"
6267,A Timely Intervention
6268,Lethis - Path Of Progress
6269,Still Life 2
6270,Creepy Tale
6271,The Friends Of Ringo Ishikawa
6272,Sherlock Holmes The Awakened
6273,Deadly Sin 2
6274,Alone In The Dark
6275,Company Of Heroes 2 - The British Forces
6276,Elmarion: Dragon'S Princess
6277,Lego Indiana Jones 2: The Adventure Continues
6278,Raidland
6279,Intravenous 2
6280,Tevi
6281,Contraband Police: Prologue
6282,Wild Dose: First Session
6283,Panzer Corps 2
6284,Corridors
6285,Gamelooper
6286,"Dude, Stop"
6287,One Piece World Seeker
6288,Jagged Alliance: Crossfire
6289,Dead In Vinland
6290,Spooky'S Jump Scare Mansion: Hd Renovation
6291,Sin Gold
6292,Morbid: The Seven Acolytes
6293,Lords Of The Black Sun
6294,Holy Potatoes! A Weapon Shop?!
6295,112 Operator
6296,Sackboy: A Big Adventure
6297,Silence
6298,Pathologic Classic Hd
6299,Mirror Party
6300,Firealpaca Se
6301,Katawa Shoujo
6302,Magnificent 5
6303,Vr Kanojo / Vrカノジョ
6304,Simple Ball: Extended Edition
6305,Rayman Raving Rabbids
6306,Don'T Disturb
6307,Big Bang Empire
6308,Strike Vector
6309,Castle Clicker : Building Tycoon
6310,Star Crusade Ccg
6311,Aquanox
6312,The Last Spell: Prologue
6313,Gun Metal
6314,Dungeon Defenders: Awakened
6315,Disciples Iii: Reincarnation
6316,Farlanders: Prologue
6317,Dev Bloodline
6318,Tribal Wars
6319,Touhou Hero Of Ice Fairy
6320,Insomnia: Theater In The Head
6321,Paper Bride 3 Unresolved Love
6322,Footlol: Epic Soccer League
6323,Conquest Of Elysium 4
6324,Warlord: Britannia
6325,Cultures - 8Th Wonder Of The World
6326,How To Survive: Third Person Standalone
6327,Girlfriend Rescue
6328,Skader
6329,Blightbound
6330,Riddle Joker
6331,Sherlock Holmes - Nemesis
6332,Iron Danger
6333,Orion: The Eternal Punishment
6334,Peaks Of Yore
6335,Big Bash Boom
6336,Toybox Turbos
6337,Without Within
6338,Emergenyc
6339,The Late Arrival
6340,Popucom
6341,Cultures - Northland
6342,Cuisineer
6343,Death From Above: A Ukrainian Drone Warstory
6344,The Shore
6345,Gnosia
6346,Fae Farm
6347,Digimon Survive
6348,Ara Fell: Enhanced Edition
6349,Gehinnom
6350,Electrician Simulator
6351,The Park
6352,Grim Legends: The Forsaken Bride
6353,Shutter
6354,Synduality Echo Of Ada
6355,Duck Detective: The Secret Salami
6356,Crafting Idle Clicker
6357,Δv: Rings Of Saturn
6358,The Gunk
6359,A House Of Many Doors
6360,Age Of Ilcoin Vr : Retribution
6361,Postmouse
6362,Tribloos 2
6363,Urbek City Builder
6364,Oxygen: First Breath
6365,Yury
6366,Airline Tycoon Deluxe
6367,Golden Rush
6368,Get Out!
6369,Concrete Jungle
6370,Detective Di: The Silk Rose Murders
6371,Royal Defense
6372,Pew Dew Redemption
6373,Nightcry
6374,Dark Hours
6375,Yasuke Simulator
6376,Amaze
6377,Hordecore
6378,Brazilian Drug Dealer 3: I Opened A Portal To Hell In The Favela Trying To Revive Mit Aia I Need To Close It
6379,The Pirate: Plague Of The Dead
6380,Sprawl
6381,Bit Dungeon Ii
6382,失业了，我获得了亿万游戏财产！
6383,Tanks: The Crusades
6384,Green Project
6385,Armajet
6386,Initial Drift Online
6387,Undercoveragent
6388,Game Of Thrones: Kingsroad
6389,Road 96: Mile 0
6390,Giants
6391,Gladihaters
6392,Urban Myth Dissolution Center
6393,China: Mao'S Legacy
6394,Echo
6395,Memories Of A Vagabond
6396,Sentinel: Cursed Knight
6397,The Warlock Of Firetop Mountain
6398,Gal*Gun 2
6399,Haunt Chaser
6400,Army Men Rts
6401,Sam & Max 301: The Penal Zone
6402,Here Comes Niko!
6403,Boo! Hunt
6404,Swaying Girl
6405,Hello Kitty Island Adventure
6406,Worms World Party Remastered
6407,"Guns, Gore And Cannoli 2"
6408,Immortal Seeker
6409,Ava: Dog Tag
6410,Star Wars Episode I Racer
6411,Aground
6412,Five Hearts Under One Roof
6413,The Soldier In The Mine
6414,Touhou Danmaku Kagura Phantasia Lost
6415,Boomerang Fu
6416,Vrosty
6417,Cupid - A Free To Play Visual Novel
6418,Ultimate Hardbass Defence
6419,Bomberzone
6420,Voyeur
6421,Sword Art Online Fractured Daydream
6422,Riff Racer - Race Your Music!
6423,Chinesezodiac
6424,Астролорды: Облако Оорта
6425,Echoes+
6426,Star Valor
6427,The Experiment
6428,Regiments
6429,Virtual Soldiers
6430,Combat Wings: Battle Of Britain
6431,Adolescent Santa Claus
6432,Fun Hospital
6433,Chaos Combat Chess
6434,Hammerwatch Ii
6435,Ovrdrop
6436,Nyaruru Fishy Fight
6437,Gurumin: A Monstrous Adventure
6438,Byte Family
6439,Chicken Police - Paint It Red!
6440,Gem Tower Defense 2
6441,Banana Hell
6442,Fausts Alptraum
6443,7Th Sector
6444,Rebel Galaxy Outlaw
6445,Touhou Fantasia / 东方梦想曲
6446,Wing Of Misadventure
6447,Defunct
6448,"Cook, Serve, Delicious! 3?!"
6449,Downtown Mafia: Gang Wars
6450,All Our Asias
6451,"Precipice Of Darkness, Episode One"
6452,Wanda - A Beautiful Apocalypse
6453,The Hex
6454,Redfall
6455,Wildlife Park 3
6456,Wwe 2K17
6457,Phobos
6458,Blake Stone: Aliens Of Gold
6459,Escape Dead Island
6460,Bad Parenting 1: Mr. Red Face
6461,Wizardry 8
6462,Wasted
6463,Umbrella Corps
6464,Indivisible
6465,Die In The Dungeon
6466,Learn Japanese To Survive! Hiragana Battle
6467,"Linea, The Game"
6468,Scrapnaut: Prologue
6469,Dungeon Painter Studio
6470,Welcome To The Game Ii
6471,Cricket 24
6472,Morrigan'S Isle
6473,Roadwarden
6474,Sky Clash: Lords Of Clans 3D
6475,Deadly 30
6476,Millennia
6477,Gomoku Let'S Go
6478,Super Neptunia Rpg
6479,Misao - 2024 Hd Remaster
6480,Gravewood High
6481,Duskers
6482,東方翠神廻廊 〜 Faith In The Goddess Of Suwa.
6483,Praey For The Gods
6484,Paleo Pines
6485,Bomb Bots Arena
6486,Rpg Maker 2003
6487,A Date In The Park
6488,That'S Not My Neighbor
6489,Foretales
6490,Struckd - 3D Game Creator
6491,Russian Roulette: Online
6492,Vup- Vtuber & Animation & Motion Capture & 3D & Live2D
6493,Chop Goblins
6494,Dead Dreams
6495,The Crackpet Show: Prologue
6496,Myths Or Reality: Fairy Lands Collector'S Edition
6497,Rally 9000
6498,3Drpg
6499,Junkyard Simulator: First Car (Prologue 2)
6500,Cube-E 2
6501,Deitrus
6502,Simutrans
6503,Battleworks Vr | Online Physics Based Pvp
6504,World'S Dawn
6505,Twisted Worlds
6506,Aviary Attorney
6507,Heroes Of Three Kingdoms
6508,Myst
6509,Spy Alliance
6510,Fighting Fantasy Classics
6511,Imperium Galactica Ii
6512,Elisa: The Innkeeper - Prequel
6513,Zengeon
6514,Maui
6515,Beast Saga
6516,The Sexy Brutale
6517,The Next Big Thing
6518,Order Of War
6519,Sonic X Shadow Generations
6520,This Bed We Made
6521,Real Boxing
6522,The Space Bar
6523,Fuse
6524,Super Woden Gp 2
6525,Between Me And The Night
6526,Tengami
6527,Bear With Me - Episode One
6528,Nerts! Online
6529,Zoo Tycoon: Ultimate Animal Collection
6530,Forgotton Anne
6531,Zodiakalik
6532,Explosiver
6533,Spellforce: Conquest Of Eo
6534,Sketch! Run!
6535,Oddworld: Soulstorm Enhanced Edition
6536,Chuzzle Deluxe
6537,Flatout
6538,Qorena
6539,Fears To Fathom - Woodbury Getaway
6540,Gods And Idols
6541,Are You Ready For Valve Index?
6542,Sairento Vr
6543,Atari Vault
6544,Swing Dunk
6545,Angvik
6546,Anima : The Reign Of Darkness
6547,Wigmund
6548,Day Island
6549,Fairy Tail
6550,Tavern Of Empire
6551,The Matriarch
6552,Trust No One
6553,Get To Work
6554,Their Land
6555,Red Death
6556,Dariusburst Chronicle Saviours
6557,Kairo
6558,英雄群侠传Ii
6559,Rip - Trilogy
6560,House Of The Dying Sun
6561,Tenrow
6562,Phoenix Force
6563,Orborun
6564,Men Of War: Red Tide
6565,Dead Rising Deluxe Remaster
6566,Taxi Life: A City Driving Simulator
6567,Thorne - Death Merchants
6568,Fights In Tight Spaces (Prologue)
6569,Enigmoon
6570,Cooking Simulator Vr
6571,Diaries Of A Spaceport Janitor
6572,Star Trek: Resurgence
6573,Sanitarium
6574,Slender: The Arrival
6575,Luna The Shadow Dust
6576,Ukrainian Ninja
6577,First Class Trouble
6578,Frosty Kiss
6579,Stasis: Bone Totem
6580,Jackpot Poker By Pokerstars
6581,Thrive
6582,Fights In Tight Spaces
6583,Ramify
6584,Cricket 19
6585,Klocki
6586,Dwarven Realms
6587,That'S Mahjong!
6588,Rogue Lords
6589,Tortuga - A Pirate'S Tale
6590,Star Ruler
6591,Nobunaga'S Ambition: Awakening
6592,Voices From The Sea
6593,Perseverance Mission - Astronaut Charlie
6594,Crimzon Clover World Ignition
6595,Dead Pixels
6596,Faces Of War
6597,Ocean'S Heart
6598,Last Room
6599,100 Doors Game - Escape From School
6600,鸿源战纪 - Tales Of Hongyuan
6601,Sentience: The Android'S Tale
6602,There Was A Caveman
6603,Coldage
6604,Doorways: Old Prototype
6605,Myth Survivor
6606,Rise Of Liberty
6607,Ship Graveyard Simulator: Prologue
6608,One Manga Day
6609,Zup! 7
6610,Heave Ho
6611,Hearts Of Iron 2 Complete
6612,The Invisible Hand
6613,Drift Horizon Online
6614,Star Command (1988)
6615,Gigantic: Rampage Edition
6616,The Average Everyday Adventures Of Samantha Browne
6617,Neon Space 2
6618,Street Fighter X Tekken
6619,Archean
6620,Dungeon Crawler
6621,Sword And Fairy 2
6622,New Tales From The Borderlands
6623,Yesterday Origins
6624,Project: Snowblind
6625,Star Wolves 3: Civil War
6626,Martha Is Dead
6627,Warriors Of The Nile 2
6628,Plunder Ball
6629,Demonsarecrazy
6630,Heading Out
6631,The Dig
6632,Secret Agent Allan Martin In ... Phoenix Erupting
6633,Once A Stray
6634,Killrun
6635,Chasing Tails ~A Promise In The Snow~
6636,Cat On A Diet
6637,The Zombie'S Horror
6638,Action Henk
6639,Hyper Light Breaker
6640,Hidden Through Time
6641,Life Is Strange: Double Exposure
6642,Darkhouse
6643,Builder Simulator
6644,Cargo Commander
6645,Pixel Puzzles Traditional Jigsaw Puzzles
6646,Duck Season Pc
6647,Rogue Reaper
6648,Glass Masquerade 2: Illusions
6649,We Heist Too: Theft & Stealth Game
6650,Space Pilgrim Episode Iv: Sol
6651,Lumberjack'S Dynasty
6652,Rocket Arena
6653,The House Of The Dead: Remake
6654,Batman: Arkham Vr
6655,Shadow Ninja: Apocalypse
6656,Age Of Fear: The Free World
6657,Deadliest Catch: The Game
6658,Cubepuzzle
6659,Dungeon-Party
6660,The Wonderful End Of The World
6661,Die By The Blade
6662,Nuclear Option
6663,The Fishing Club 3D: Co-Op Sport Angling
6664,Ark -The Lost Fairytale-
6665,Mosaique Neko Waifus 2
6666,Redemption: Eternal Quest
6667,Starbase Gunship
6668,Time Warpers
6669,Medal Of Honor: Above And Beyond
6670,Zoonomaly
6671,No One Lives Under The Lighthouse Director'S Cut
6672,Avalon Lords: Dawn Rises
6673,Parquet
6674,Snow Strike
6675,Ni No Kuni Wrath Of The White Witch Remastered
6676,East Trade Tycoon: Inheritance
6677,Raging Loop
6678,Vertical Drop Heroes Hd
6679,Hundred Days - Winemaking Simulator
6680,Lastcloudia
6681,Standable: Full Body Estimation
6682,Thunder Wolves
6683,Unholy Heights
6684,Wonder Boy: The Dragon'S Trap
6685,Nokbak
6686,Only Up: With Friends
6687,Pretty Neko
6688,Double Dragon Iv
6689,Act Of War: Direct Action
6690,Home Design 3D
6691,Pobeda
6692,Grey Hack
6693,Ragnarock
6694,Poker Legends: Texas Hold'Em Poker Tournaments
6695,Escape From School
6696,The Cost Of Bliss
6697,Xenobox Vr
6698,Life Forge - Reborn Orpg
6699,Astralis
6700,Escape: Vr
6701,Cryengine
6702,Mini Guns - Omega Wars
6703,Space Commander: War And Trade
6704,Drift Ce
6705,Gunnheim
6706,Titanfall­
6707,Marvel End Time Arena
6708,Goat Of Duty
6709,Deadlight: Director'S Cut
6710,Abrix 2 - Diamond Version
6711,Brothers In Arms: Earned In Blood
6712,Ct Special Forces: Fire For Effect
6713,Thief Simulator Vr
6714,Drake Hollow
6715,Bug Fables: The Everlasting Sapling
6716,Beacon Pines
6717,Mandew Vs The Colorless Curse
6718,Basement
6719,The List
6720,Metal Slug Xx
6721,Camp Canyonwood
6722,Whisper Trip
6723,Therian Saga
6724,Night Raider
6725,Wasteland Express 废土快递
6726,Avatar: Frontiers Of Pandora
6727,Dangerous Golf
6728,Super Blue Fighter
6729,Taiku Mansion
6730,天外武林 (Traveler Of Wuxia)
6731,Ai Roguelite
6732,Kingspray Graffiti Vr
6733,The Land Of Pain
6734,Dawn Of Discovery
6735,Find The Murderer 2
6736,64.0
6737,Unmechanical
6738,Field Of Glory Ii
6739,Len'S Island
6740,Epic Cards Battle(Tcg)
6741,Lili: Child Of Geos - Complete Edition
6742,Valand
6743,Star Traders: Frontiers
6744,Void Scrappers
6745,Amnesia: Memories
6746,The Blackout Club
6747,Rollers Of The Realm
6748,C. Kane
6749,Post Trauma
6750,Software Inc.
6751,Clickdraw Clicker
6752,Neon Drive
6753,How Do You Do It?
6754,买个可乐饼吧！ - Buy A Croquette!
6755,Bladed Fury
6756,War Tech Fighters
6757,Kalaban
6758,After The Fall
6759,Timeshift
6760,Destroy All Humans! – Clone Carnage
6761,Madison
6762,Gunjitsu
6763,Mega Man Zero/Zx Legacy Collection
6764,Yiik: A Postmodern Rpg
6765,Stay Close
6766,Zup! 5
6767,Xombee Mpfps
6768,Demoncrawl
6769,Battletronics
6770,傲剑情缘
6771,Towers Of Aghasba
6772,Trigon: Space Story
6773,Meta Ghost: Breaking Show
6774,Die Pig Die
6775,Slime & Friends
6776,The Hong Kong Massacre
6777,Crashbots
6778,Silent Hunter: Wolves Of The Pacific
6779,Sword And Fairy Inn 2
6780,Icons: Legacy Edition
6781,Smart Factory Tycoon: Beginnings
6782,Sky To Fly: Faster Than Wind
6783,Once Upon A Dungeon Ii
6784,Hello Neighbor 2 Alpha 1.5
6785,Heartbound
6786,Evil Defenders
6787,Solar 2
6788,Roshambo
6789,Gaia Beyond
6790,Goblin Stone
6791,Half Dead 2
6792,100 Hidden Cats 2
6793,花园魔三国2 -The Sacrificial Girl Of The Fantasy 3 Kingdoms 2-
6794,Warmachine: Tactics
6795,Maitetsu:Last Run!!
6796,Fieldrunners
6797,The Novelist
6798,Ghost 1.0
6799,Disgaea 2 Pc
6800,Phoning Home
6801,Analogue: A Hate Story
6802,Disney•Pixar Cars
6803,Frozen Synapse Prime
6804,Portal Dungeon
6805,Mortal Glory
6806,Cat Quest Iii
6807,Broken Reality
6808,Wingspan
6809,I Am Fish
6810,Pixel Noir
6811,Zompiercer
6812,Marine Sharpshooter Ii: Jungle Warfare
6813,Dogfighter
6814,Lizard Survivors: Battle For Hyperborea
6815,Post Mortem
6816,Enigmatis 2: The Mists Of Ravenwood
6817,Longvinter
6818,Endless Railway
6819,Cyber City 2157: The Visual Novel
6820,Arcade Game Series: Pac-Man
6821,Variant 22
6822,Death To Spies
6823,Rebuild 3: Gangs Of Deadsville
6824,Groove Coaster
6825,Pink Hour
6826,Darkwind: War On Wheels
6827,Hexen Ii
6828,Haste
6829,军团战棋Legion War
6830,Inbento
6831,Towns
6832,Metel - Horror Escape
6833,Nam
6834,Spirit Messages
6835,For The Glory: A Europa Universalis Game
6836,Affogato
6837,Crumble
6838,Ty The Tasmanian Tiger
6839,Drekirokr - Dusk Of The Dragon
6840,Blind Fate: Edo No Yami — Dojo
6841,Mothergunship
6842,The House In Fata Morgana
6843,Train Sim World 3
6844,Mysteria ~Occult Shadows~
6845,Gibz
6846,World Of Subways 3 – London Underground Circle Line
6847,Caravaneer 2
6848,Pools
6849,Warspace
6850,Vectromirror 0
6851,Ultratron
6852,M.A.S.S. Builder
6853,Epic Arena
6854,Ded
6855,Dungeons & Degenerate Gamblers
6856,Painkiller: Recurring Evil
6857,The Last Faith
6858,Mutilate-A-Doll 2
6859,One Day For Ched
6860,Warbands: Bushido
6861,Deathspank
6862,Escape From Tatris
6863,Project Senko
6864,Don'T Be Afraid - The First Toy
6865,Let'S School Homeroom
6866,Syder Arcade
6867,Lovelorn Sanatoriumⅰ
6868,Demolish & Build 2017
6869,Revhead
6870,Octogeddon
6871,Staffer Case: A Supernatural Mystery Adventure
6872,Cruel Arena
6873,Super Raft Boat Classic
6874,Kletka
6875,Ancient Planet Tower Defense
6876,Kami
6877,Ninja Stealth 3
6878,The Count Lucanor
6879,Humanity Asset
6880,Kingdoms
6881,All Walls Must Fall - A Tech-Noir Tactics Game
6882,Super Circuit Breakers
6883,Skyshine'S Bedlam
6884,Regular Human Basketball
6885,Temtem: Swarm
6886,Poker World - Single Player
6887,Somniphobia
6888,Umurangi Generation
6889,Lost Awakening
6890,Dyo
6891,Pile Up!
6892,Emberward
6893,Corn Kidz 64
6894,Vampire'S Fall: Origins
6895,Sea Dogs: To Each His Own
6896,Deuterium Wars
6897,Kingsway
6898,Supreme Ruler Ultimate
6899,Oh! Rpg!
6900,Mystic Midway: Rest In Pieces
6901,Gnumz: Masters Of Defense
6902,Progress Game
6903,Gomorrah
6904,Out Of The Park Baseball 19
6905,Patrick'S Parabox
6906,Super House Of Dead Ninjas
6907,Pesterquest
6908,Diluvian Winds
6909,Tower 57
6910,Wwbit
6911,斗地主少女/ Landlord Girls
6912,Bloody Raid
6913,Predynastic Egypt
6914,Kick-Ass 2
6915,Spaceplan
6916,Heliborne Collection
6917,Aurora - Hidden Colors
6918,Oddworld: Munch'S Oddysee
6919,Bloody Good Time
6920,Eternal Hope
6921,노베나 디아볼로스
6922,Deep Blue Fantasy
6923,Way Of The Samurai 3
6924,Sword And Fairy 3
6925,Lawn Mowing Simulator
6926,Faery - Legends Of Avalon
6927,Zzzz-Zzzz-Zzzz
6928,Gaben: The Final Decision
6929,American Theft 80S
6930,Motogp21
6931,迷雾之夏-The Vigilant Villa
6932,Metal Slug 2
6933,Star Ocean The Second Story R
6934,Gogmagog
6935,Bullet Noir
6936,Monster Boy And The Cursed Kingdom
6937,Skibidi Backrooms
6938,12 Labours Of Hercules Iii: Girl Power
6939,Voiceattack
6940,Galaxy In Turmoil
6941,Talisman: The Horus Heresy (Classic)
6942,Cyanide & Happiness - Freakpocalypse (Episode 1)
6943,Resonance
6944,Victoria I Complete
6945,Daisy Flies To The Moon
6946,Thehunter: Primal
6947,Slipstream 5000
6948,New Star Soccer 5
6949,Sucker For Love: First Date
6950,Corridor 7: Alien Invasion
6951,Goblin Rush
6952,Café Stella And The Reaper'S Butterflies
6953,Final Dusk
6954,Commandos Pro Simulator
6955,Void And Meddler
6956,Christmas Massacre
6957,Fake Colours
6958,Alekhine'S Gun
6959,Somerville
6960,Trauma
6961,A Monster'S Expedition
6962,Nightmares From The Deep: The Cursed Heart
6963,Vectorio - Early Access
6964,Monument
6965,Highrise City
6966,Cybercube
6967,Terminal Hacker
6968,Spell Fighter Vr
6969,Into The Radius 2
6970,Year Walk
6971,Duke Of Alpha Centauri
6972,Star Wars: Tie Fighter Special Edition
6973,Eclipse
6974,Live Labyrinth
6975,Dps Idle
6976,Laika: Aged Through Blood
6977,Kynseed
6978,Quest For Glory 1-5
6979,Skye
6980,Ingnomia
6981,Captain Vs Sky Pirates
6982,Formicide
6983,Trail Out
6984,Assassination Box
6985,Aaaaaa!!! - A Reckless Disregard For Gravity
6986,Cereal Soup
6987,Doctor Who: The Lonely Assassins
6988,镇邪
6989,Dungeons - The Dark Lord
6990,Unity Of Command Ii
6991,Battleship Apollo
6992,Battlejuice Alchemist
6993,Call Of The Sea
6994,Them And Us
6995,Falldown 79: Bottle Of Truth
6996,Romancing Saga 2: Revenge Of The Seven
6997,Incline
6998,The Supper
6999,Air Conflicts: Secret Wars
7000,Of Mice And Sand -Revised-
7001,Ideology In Friction
7002,"Yeah! You Want ""Those Games,"" Right? So Here You Go! Now, Let'S See You Clear Them!"
7003,Farlands
7004,Four Last Things
7005,Cursed To Golf
7006,Dual Universe
7007,Imscared
7008,No Sun To Worship
7009,Run Build Pew!
7010,Ship Graveyard Simulator
7011,Zenge
7012,Vagrus - The Riven Realms
7013,Code:29
7014,Ghost Trick: Phantom Detective
7015,Calico
7016,Dungeon Keeper Gold
7017,Conan The Mighty Pig
7018,The Banner Saga 3
7019,Survival Driver
7020,Randomlands
7021,Etherium
7022,Formata
7023,Cubemen
7024,A Boy And His Blob
7025,Survival: Fountain Of Youth
7026,King Arthur Ii: The Role-Playing Wargame
7027,Riddle Of The Sphinx The Awakening (Enhanced Edition)
7028,Endless
7029,Puzzle Pirates: Dark Seas
7030,Koewotayorini / 声之寄托
7031,Nuc: After The Blast
7032,Max Gentlemen
7033,Hélène Est Dans Mon Ventre.
7034,Jelly Brawl: Classic
7035,Disney Epic Mickey 2:  The Power Of Two
7036,Sound Slide
7037,Krosmaster Arena
7038,Fantasy Blacksmith
7039,Goblock'S Impossible Medley
7040,Not My Car – Battle Royale
7041,Botology
7042,Dust To The End
7043,"Warhammer 40,000: Shootas, Blood & Teef"
7044,Dashpunch
7045,Una Ad Astra
7046,Interplanetary: Enhanced Edition
7047,Kung Fu Strike - The Warrior'S Rise
7048,Railway Empire 2
7049,A Game Of Thrones - Genesis
7050,Nova Lands
7051,Timewalk Tower Defense
7052,铁道物语：陆王（Railway Saga:Land King）
7053,Air Brawl
7054,Raw Data
7055,Cerebral Clash
7056,Draugen
7057,The Purring Quest
7058,Necrodome
7059,The Misadventures Of P.B. Winterbottom
7060,Unbound: Worlds Apart
7061,Jesus Christ Rpg Trilogy
7062,Summer Of '58
7063,Deus Ex: Breach
7064,Gal*Gun: Double Peace
7065,The Blackwell Legacy
7066,Silt
7067,Way Walkers: University 2
7068,Phantom Tentacle
7069,Scars Of Summer
7070,Xiangsheng Simulator
7071,Saurian
7072,Nascar Heat 4
7073,Darkness Within 1: In Pursuit Of Loath Nolder
7074,Richman 4
7075,Omg Zombies!
7076,Paper Bride 2 Zangling Village
7077,Unrailed 2: Back On Track
7078,Microsoft Flight Simulator 2024
7079,Kingdom Eighties
7080,Only For Gamers
7081,Ziggurat
7082,Divided We Fall: Play For Free
7083,One Deck Dungeon
7084,Painkiller Overdose
7085,Bot Vice
7086,Red Eclipse 2
7087,Absolute Drift
7088,Dirge
7089,The Lego Movie 2 Videogame
7090,Distant Worlds: Universe
7091,Cossacks: European Wars
7092,Let'S! Revolution!
7093,孙美琪疑案 第二季
7094,River City Super Sports Challenge ~All Stars Special~
7095,Piratopia
7096,Secret Government
7097,Dragon Vr
7098,Alien Shooter 2 Conscription
7099,罗马之链
7100,"Warhammer 40,000: Deathwatch - Enhanced Edition"
7101,Poop Clicker
7102,Re-Volt
7103,Hell Architect: Prologue
7104,Level Zero: Extraction
7105,9 Years Of Shadows
7106,Trackmania Turbo
7107,Deadly Rain
7108,Adr1Ft
7109,The Anacrusis
7110,Nash Racing
7111,Winter Novel
7112,Industry Manager: Future Technologies
7113,Black Home
7114,Little Kite
7115,Miasma Chronicles
7116,Ohmicide
7117,When The Past Was Around
7118,Live Wallpaper Master
7119,Chariot
7120,Legends Of Dionysos
7121,Gray Matter
7122,Metal Unit
7123,Star Ocean The Divine Force
7124,Pink Heaven
7125,Ziggurat 2
7126,Angry Video Game Nerd Adventures
7127,Act Of Aggression - Reboot Edition
7128,Russiaphobia
7129,Quickerflak
7130,Vitatio 3
7131,Start Again: A Prologue
7132,Golfing Over It With Alva Majo
7133,Heroes Tactics
7134,Galaxy Admirals
7135,Those Who Remain
7136,Superfight
7137,Bzzzt
7138,Rockshot
7139,Interplanetary
7140,Kitaria Fables
7141,The Light Remake
7142,Not The Robots
7143,The Suicide Of Rachel Foster
7144,Broken Pieces
7145,Machiavillain
7146,炎黄战纪之三国烽烟
7147,Conflict: Denied Ops
7148,True Or False
7149,奇迹一刻 Surmount
7150,Berserk And The Band Of The Hawk
7151,Shonen Idle Z
7152,Dangerous Lands
7153,One Dreamer: Prologue
7154,Marauder
7155,The Last Tinker: City Of Colors
7156,Spark The Electric Jester
7157,Wesprau Senki
7158,Clatter
7159,Wanderlust: Rebirth
7160,V-Rally 4
7161,Occult
7162,Age Of Gladiators
7163,Wheels Of Duty
7164,Second Samurai
7165,Shadow Complex Remastered
7166,World Legends
7167,Darkout
7168,Anvil
7169,Sonder
7170,Arctico
7171,Project Zero Deaths
7172,Go! Go! Nippon! ~My First Trip To Japan~
7173,Dwarves  & Dungeons
7174,Diggles: The Myth Of Fenris
7175,Touhou Monster Td ~ 幻想乡妖怪塔防
7176,Pandora: First Contact
7177,Project Screwed
7178,Tribal Pass
7179,The Night Fisherman
7180,Merchant
7181,Bomjman
7182,Block Tower Td
7183,Wrestling Empire
7184,Rubber Bandits: Christmas Prologue
7185,Axiom Verge 2
7186,Operation Body Count
7187,Ys Vi: The Ark Of Napishtim
7188,The Dragoness: Command Of The Flame
7189,Versus Squad
7190,"Dwarves: Glory, Death And Loot"
7191,Battle Ranch: Pigs Vs Plants
7192,Polterheist
7193,Frisky Business
7194,Astrea: Six-Sided Oracles
7195,A Dump In The Dark
7196,Metal Reaper Online
7197,Left In The Dark: No One On Board
7198,Zup! Zero
7199,Battlestick
7200,Affected Zone Tactics
7201,Bardbarian
7202,Rebirth Online
7203,B100X - Auto Dungeon Rpg
7204,Carmageddon Max Pack
7205,Mida'S Adventure
7206,Impossible Creatures Steam Edition
7207,Story Of Seasons: Friends Of Mineral Town
7208,"Creature Clicker - Capture, Train, Ascend!"
7209,Flotilla
7210,Nunholy
7211,Toki Tori 2+
7212,Air Strike
7213,Fantasy Girl
7214,Ace Academy
7215,Cute Honey 2
7216,Mind
7217,P.A.S.
7218,Nidhogg 2
7219,Mercenary Skirmish
7220,Crimson Snow (2023)
7221,Kinetic Void
7222,No Lights
7223,Vampire: The Masquerade - Coteries Of New York
7224,Kinoko
7225,Soul Gambler
7226,Ravensword: Shadowlands
7227,Pac-Man Museum+
7228,Cargame
7229,Keyboard Killers
7230,Freedom Planet
7231,Mega Man X Dive Offline
7232,Penguins Arena: Sedna'S World
7233,Curse Of Mermos
7234,Ashina: The Red Witch: Prologue
7235,The Noexistencen Of You And Me
7236,Shufflepuck Cantina Deluxe
7237,Cyber Manhunt 2: New World - The Hacking Simulator
7238,Age Of Wonders Shadow Magic
7239,Violet Bricks
7240,Cyberpunkdreams
7241,Boyfriend Dungeon
7242,Cyubevr
7243,Grizzly Valley
7244,Atom Universe
7245,Zortch
7246,You Suck At Parking - Complete Edition
7247,The Dolls: Reborn
7248,Sullen: Light Is Your Friend
7249,Agatha Christie - Hercule Poirot: The First Cases
7250,Slayers X: Terminal Aftermath: Vengance Of The Slayer
7251,Substance 3D Painter 2021
7252,Liquid Sunshine
7253,Sonic The Hedgehog 4 - Episode Ii
7254,Lines X Free
7255,Industries Of Titan
7256,Glass Wings
7257,Marooners
7258,1953 - Kgb Unleashed
7259,Tcheco In The Castle Of Lucio
7260,Rolling Sun
7261,Wwe 2K19
7262,Bryce'S Movement Engine¹
7263,Ghostbusters: Spirits Unleashed Ecto Edition
7264,The Good Time Garden
7265,Idle Adventure
7266,Untrusted
7267,Date A Live: Rio Reincarnation
7268,Exiled Kingdoms
7269,Viking Butcher
7270,Lunar Rover
7271,Alan'S Automaton Workshop
7272,Bad Guys At School
7273,Crackhead
7274,Survivor Squad
7275,Conrad Stevenson'S Paranormal P.I.
7276,Soldiers: Heroes Of World War Ii - Enhanced Edition
7277,Motogp13
7278,South Park: Snow Day!
7279,Aria Chronicle
7280,Welcome To The Game
7281,Chef Chen
7282,Vambrace: Cold Soul
7283,Scarlet Tower
7284,Drill Deal: Borehole (Alpha)
7285,Feel The Snow
7286,Samurai Gunn 2
7287,Infinite Tao
7288,Wonhon: A Vengeful Spirit
7289,Kalimba
7290,Chronicles Of The Witches And Warlocks
7291,Starblast
7292,Hungry Flame
7293,Khet 2.0
7294,Sol 0: Mars Colonization
7295,Class Of '09: The Flip Side
7296,Bleed
7297,The Escape: Together
7298,Seek Girl Ⅱ
7299,Dotage
7300,Xeno Wipeout!
7301,Cosmic Star Heroine
7302,The Spirit Underneath
7303,Darkstar One
7304,Taur
7305,Dead Island Retro Revenge
7306,Enforcer: Police Crime Action
7307,Half-Life: Alyx - Final Hours
7308,Fairy Bloom Freesia
7309,Starcrawlers Chimera
7310,Fluffy Store
7311,Starcom: Unknown Space
7312,Nekopara Extra
7313,Black Mirror Ii
7314,Myst: Masterpiece Edition
7315,Minesweeper 3D 三维扫雷
7316,Uncharted Waters Online
7317,Our Adventurer Guild
7318,The Monster Inside
7319,"10,000,000"
7320,Mosaique Neko Waifus
7321,Ships At Sea
7322,Audioshield
7323,Crusaders Of Light
7324,Chex Quest Hd
7325,Quintet
7326,Drift Type C
7327,孙美琪疑案 第四季
7328,Estranged: The Departure
7329,Super Mega Baseball 3
7330,Chef Life: A Restaurant Simulator
7331,My Vow To My Liege
7332,The Complex
7333,Beautiful Mystic Survivors
7334,Blood Feed
7335,Love Is Blind: Mutants
7336,Sins Of A Solar Empire: Trinity
7337,Foreign Legion: Multi Massacre
7338,Shadow Of Engimor
7339,Zombie Training Simulator
7340,Dreadout 2
7341,Flowscape
7342,Space Trader: Merchant Marine
7343,Ghost Blood
7344,Swords And Sandals Immortals
7345,Wanderland
7346,Myst Iii: Exile
7347,Psycho Patrol R
7348,Bio Inc. Redemption
7349,反转21克
7350,Ethyrial: Echoes Of Yore
7351,Close Combat - Gateway To Caen
7352,The Lost Souls
7353,Environmental Station Alpha
7354,Undergeon'S Pilgrims
7355,Freedom Force Vs. The Third Reich
7356,The Book Of Unwritten Tales: The Critter Chronicles
7357,梦江湖
7358,Fight The Dragon
7359,Wizardry: The Five Ordeals
7360,Skater 2D
7361,Kubifaktorium
7362,Industry Empire
7363,Alice With Gatling
7364,The Secret Of Retropolis
7365,Zeroranger
7366,Fishing Adventure
7367,Home - A Vr Spacewalk
7368,Tower Tactics: Liberation
7369,Block'Hood
7370,Bet On Soldier
7371,Castle
7372,Simplerockets
7373,Steam Tactics
7374,I Am Your President: Prologue
7375,Nancy Drew: Midnight In Salem
7376,Gourdlets
7377,Your Mother
7378,Accident: The Pilot
7379,Vr Shooting Range: Multiple Weapons
7380,Disgaea 7: Vows Of The Virtueless
7381,Lost In Paradise
7382,Trianguluv
7383,Bad Day
7384,Cat Cafe Manager
7385,Space Simulation Toolkit
7386,Foregone
7387,Eisenwald: Blood Of November
7388,New Gundam Breaker
7389,The Last Federation
7390,Quake Mission Pack 2: Dissolution Of Eternity
7391,Cold Cable: Lifeshift
7392,The Polynomial - Space Of The Music
7393,九州：商旅（Nine Provinces: Caravan）
7394,Invisible Flow
7395,Journey To The West
7396,Shift 2 Unleashed
7397,Deep Sky Derelicts
7398,Rogue Warrior
7399,Nitroplus Blasterz: Heroines Infinite Duel
7400,Costume Quest 2
7401,Constructor
7402,Tinkerlands
7403,Pajama Sam: No Need To Hide When It'S Dark Outside
7404,Dex
7405,"Moviemator Video Editor Pro - Movie Maker, Video Editing Software"
7406,My Brother Rabbit
7407,Zombie Shooter 2
7408,Guilty Gear X2 #Reload
7409,Fe
7410,Technobabylon
7411,Running Through Russia
7412,Beacon
7413,Bloodsports.Tv
7414,Bizarre Earthquake
7415,Hero Academy
7416,The Search
7417,Love Letter
7418,Horse Riding Tales
7419,Star Control Iii
7420,Call Of The Mighty Warriors
7421,Dungeon Tycoon
7422,Unending Galaxy
7423,Mr. Hopp'S Playhouse
7424,9 Days
7425,Odysseus Kosmos And His Robot Quest: Episode 1
7426,Game Master Plus
7427,Reentry - A Space Flight Simulator
7428,Puyo Puyo Champions
7429,Summer Nightmare
7430,Belko Vr: An Escape Room Experiment
7431,Shepherd Of Light
7432,Codename: Rogue Fleet
7433,Defend Your Life: Td
7434,Voodoo Kid
7435,Weedcraft Inc
7436,Them'S Fightin' Herds
7437,Isle Of Ewe
7438,Blazblue: Calamity Trigger
7439,Jigoku Kisetsukan: Sense Of The Seasons
7440,Cockroach Simulator
7441,12 Labours Of Hercules
7442,Strike Force Heroes
7443,Lorelei And The Laser Eyes
7444,Super Mega Baseball: Extra Innings
7445,Starwisp Hyperdrive
7446,Blob From Space
7447,Remothered: Tormented Fathers
7448,Gym Simulator 24
7449,Immortal Empire
7450,Three Heroes
7451,Caravan
7452,Ember Strike
7453,Plazma Being
7454,Monochroma
7455,Oblivion Override
7456,100 Hidden Snails 2
7457,While We Wait Here
7458,Storm Chasers
7459,Dead Effect 2
7460,The Letter - Horror Visual Novel
7461,Fly Corp
7462,Breach & Clear: Deadline Rebirth (2016)
7463,Cash Cleaner Simulator
7464,Diesel Brothers: Truck Building Simulator
7465,Outgun
7466,Shafted
7467,Vigor
7468,David.
7469,Death To Spies: Moment Of Truth
7470,Alchemy Mysteries: Prague Legends
7471,Bloodrayne: Terminal Cut
7472,Alpha Polaris : A Horror Adventure Game
7473,Fizz Quiz
7474,Fantasy Wars
7475,Leanna'S Slice Of Life
7476,Wings Of Vi
7477,Through The Woods
7478,Jagged Alliance Flashback
7479,Beyond Eyes
7480,Port Of Call
7481,Space Scavenger
7482,Jumpman (C64/Msdos)
7483,Dungeonmans
7484,World Of Final Fantasy
7485,Windforge
7486,Simrail - The Railway Simulator
7487,World Of Subways 4 – New York Line 7
7488,Cube Destroyer
7489,Eden*
7490,Citystate Ii
7491,Corma: The Next Level
7492,Mcpixel 3
7493,Contractors Showdown : Exfilzone
7494,Project Drift
7495,The Magic Circle
7496,Your Turn To Die -Death Game By Majority-
7497,Missile Input
7498,Brigandine The Legend Of Runersia
7499,Saint Kotar: The Yellow Mask
7500,Lofi Ping Pong
7501,Headlander
7502,Fpv Kamikaze Drone
7503,The Journey Down: Chapter One
7504,The Unfinished Swan
7505,Barn Finders: The Pilot
7506,Magequit
7507,Dystopia
7508,Ocean City Racing
7509,Wartile
7510,Guncraft
7511,Party Management
7512,Arcania: Fall Of Setarrif
7513,Rising Angels: Reborn
7514,Off-Peak
7515,#Monstercakes
7516,"Gray Skies, Dark Waters"
7517,Destructure: Among Debris
7518,Motogp22
7519,Soulstice
7520,God'S Trigger
7521,Steamworld Build
7522,Angels Of Death
7523,Schein
7524,Disgraced
7525,Valkyrie: Dawn Of Ragnarok
7526,Wayout
7527,Keeperrl
7528,The Land Beneath Us
7529,Stonerid
7530,Lego The Incredibles
7531,Polaris Sector
7532,Staffer Reborn
7533,Realms Of Arkania: Blade Of Destiny
7534,Kinkoi: Golden Loveriche
7535,Incandescent
7536,City Of Gangsters
7537,Alfred Hitchcock - Vertigo
7538,3030 Deathwar Redux - A Space Odyssey
7539,Prime Of Flames
7540,Dangerous Waters
7541,Grim Legends 2: Song Of The Dark Swan
7542,G2 Fighter / 基因特工
7543,Axis Game Factory'S Agfpro V3
7544,Fish Idle 2: Underwater Mystery
7545,Battlezone: Combat Commander
7546,Tapsonic Bold
7547,Venusblood Frontier International
7548,O Reino Em Outro Mundo
7549,It Returned To The Desert
7550,Overfall
7551,Basketball Grand Slam 2024
7552,Space Quest Collection
7553,Rise Of Venice
7554,World War Ii: Panzer Claws
7555,True Fear: Forsaken Souls Part 1
7556,Kill The Crows
7557,Ultimate Arena
7558,Fork Parker'S Holiday Profit Hike
7559,Sword Art Online Re: Hollow Fragment
7560,Before We Leave
7561,Metamorfose S
7562,Poly Bridge 3
7563,Little Jack'S Adventures
7564,Arcana Heart 3 Lovemax Sixstars!!!!!! Xtend
7565,Grip On Reality
7566,Wolfstride
7567,Storage Hunter Simulator
7568,Elderborn
7569,Worshippers Of Cthulhu
7570,Grotesque Tactics: Evil Heroes
7571,Vendir: Plague Of Lies
7572,坏小孩
7573,Inner Silence
7574,Mini Thief
7575,Yaoling: Mythical Journey
7576,Wwii Tcg - World War 2: The Card Game
7577,Post Master
7578,Murder On Space Station 52
7579,Infraspace
7580,Wolflord - Werewolf Online
7581,Reka
7582,Gedonia 2
7583,Pureya
7584,Maker Arena: Path Of Vaiolet
7585,Oddsparks: An Automation Adventure
7586,Simmiland
7587,人间 The Lost We Lost
7588,Powerslave Exhumed
7589,The Lord Of The Rings: Gollum
7590,Sulfur
7591,Interstellar Rift
7592,Mind Snares: Alice'S Journey
7593,Love Puzzle
7594,Greed: Black Border
7595,Sanatorium «Anthropocene Retreat»
7596,Unity Of Command: Stalingrad Campaign
7597,The Secret Of Tremendous Corporation
7598,The Solitaire Conspiracy
7599,Egg Returns Home
7600,Fictorum
7601,Bleeding Edge
7602,Star Wars Outlaws
7603,Race On
7604,The Legend Of Heroes: Trails Of Cold Steel Ii
7605,See No Evil
7606,银魂：Silver Soul
7607,Amidst The Haze
7608,Siren Head: Awakening
7609,Axiom Soccer
7610,Atma
7611,Fate Seeker: Journey
7612,Interstate Drifter 1999
7613,Gizmovr Video Player
7614,Mega Man Battle Network Legacy Collection Vol. 1
7615,Broken Sword 4 - The Angel Of Death (2006)
7616,灾厄黑龙与谎言公主
7617,The Captain
7618,Ai War
7619,Mxgp Pro
7620,Tiny Rails
7621,侠客风云传前传(Tale Of Wuxia:The Pre-Sequel)
7622,Eador: Genesis
7623,Pocket Mirror ~ Goldenertraum
7624,Spell Disk
7625,Sc2Vn - The Esports Visual Novel
7626,Sharded World
7627,Rush Bros.
7628,Shootmania Storm
7629,Wordle
7630,"Sorry, James"
7631,Bronze Age - Hd Edition
7632,Marc Eckō'S Getting Up: Contents Under Pressure
7633,Super Motherload
7634,Microtown
7635,Imperia Online
7636,Immortality
7637,Highway Blossoms
7638,Driver Booster 3 For Steam
7639,Granny Remake
7640,Before The Echo
7641,Auf Abwegen
7642,F1 Manager 2023
7643,Olliolli
7644,Manhunter
7645,Sleeper Cell
7646,Elder Ring
7647,Deep Eclipse: New Space Odyssey
7648,Dying Light: Bad Blood
7649,Alaloth: Champions Of The Four Kingdoms
7650,A Random Maze 某个迷宫
7651,Khan Vs Kahn
7652,Kanjozoku Game レーサー Online Street Racing & Drift
7653,Lilly And Sasha: Curse Of The Immortals
7654,Hyperdevotion Noire: Goddess Black Heart (Neptunia)
7655,Pac-Man 256
7656,Invitation To Fear
7657,Wizard And Minion Idle
7658,Last Train Home
7659,Slap City
7660,Unreal World
7661,Vr Benchmark Kanojo
7662,Meltdown
7663,The Red Stare
7664,Techtonica
7665,Fall For You
7666,Power Rangers: Battle For The Grid
7667,Tiny Tactics
7668,Untold Mystery: Angel’S Cry
7669,A.D. 2047
7670,Rem: The Dreamer
7671,Throne And Crown
7672,江湖客栈-The Jianghu
7673,Rogue Heist
7674,News Tower
7675,Sore
7676,Cube Conflict
7677,Three Kingdoms Zhao Yun
7678,Refind Self: The Personality Test Game
7679,Black Mirror
7680,Ring Runner: Flight Of The Sages
7681,8Infinity
7682,Gabriel Knight: Sins Of The Fathers 20Th Anniversary Edition
7683,Tt Isle Of Man: Ride On The Edge 2
7684,Sine Mora
7685,Puddle
7686,Gamemaker Studio 2 Desktop
7687,Sodaman
7688,Gyromancer
7689,Geneforge 1
7690,Pixel Worlds: Mmo Sandbox
7691,The Simp - 舔狗
7692,Io
7693,From The Darkness
7694,Blocks By Google
7695,Bad Dream: Coma
7696,Kaion Tale Mmorpg
7697,Sugar Story
7698,Age Of The Duel
7699,Iris.Fall
7700,Abyss: The Wraiths Of Eden
7701,Engine Evolution 2022
7702,Tidalis
7703,Spaceport Hope
7704,Cubots The Origins
7705,Super Kiwi 64
7706,Defense Of Greece Td
7707,Murder House
7708,Bunker 58
7709,Paranautical Activity: Deluxe Atonement Edition
7710,American Isekai Prologue
7711,Barro 22
7712,Nights Of Azure
7713,Romantic Player
7714,Tales Of Destruction
7715,Gatekeeper
7716,Bounty Below
7717,Portal Of Evil: Stolen Runes Collector'S Edition
7718,My Little Blacksmith Shop
7719,Area 19
7720,Save Room - Organization Puzzle
7721,Chroma: Bloom And Blight
7722,Variables 2
7723,Great Hero'S Beard
7724,September 1999
7725,House Of Evil
7726,Underlight
7727,Disciples Iii - Resurrection
7728,Flix The Flea
7729,Through Abandoned: The Forest
7730,Outpost Zero
7731,Multiplayer Fps Demo
7732,Antonblast
7733,Pixelman
7734,Civcity: Rome
7735,If Found...
7736,斗牌魂
7737,Cavalry Girls
7738,Havsala: Into The Soul Palace
7739,Wild West Saga: Idle Tycoon Clicker
7740,King Lucas
7741,Draw Slasher
7742,Hyperrogue
7743,Munchkin Digital
7744,Mosaique Neko Waifus 3
7745,The Deadly Tower Of Monsters
7746,Ancient Guardian
7747,Occupy Mars: The Game
7748,Parkan: The Imperial Chronicles
7749,Silver Chains
7750,1000 Amps
7751,Warsim: The Realm Of Aslona
7752,Lightracer Spark
7753,Only Climb: Better Together
7754,Ninja Gaiden Σ2 [Ninja Gaiden: Master Collection]
7755,Dungeon: Cradle Of Hell
7756,Xenonauts 2
7757,House Builder
7758,Hide And Shoot
7759,Lightblade Vr
7760,Dark Arcana: The Carnival
7761,Rise Of The Ronin
7762,Steel Storm: Burning Retribution
7763,Dice & Fold
7764,Infernax
7765,迷离 Blurred
7766,Swarmlake
7767,Increlution
7768,Ikenfell
7769,Ostranauts
7770,Pixel Privateers
7771,Dashpanel
7772,Farm Expert 2017
7773,Final Assault
7774,Roseblight
7775,Stack Defense
7776,Carry The Glass
7777,Divination
7778,Impulse Of War
7779,The Bard'S Tale Arpg: Remastered And Resnarkled
7780,Meiqi 2020
7781,428: Shibuya Scramble
7782,Platform 8
7783,Clockwork Tales: Of Glass And Ink
7784,Nubs! Arena
7785,Message Quest
7786,Notes To Myself
7787,Project Rhombus
7788,Fps Monitor – Hardware In-Game & Desktop Overlays
7789,Republique
7790,Out Of Ore
7791,You And Me And Her: A Love Story
7792,Outbreak
7793,Car Trader Simulator - Welcome To The Business
7794,Tormentum - Dark Sorrow
7795,迅风的米斯特汀 Windy Mystletainn
7796,Populous
7797,Uniwar
7798,Ninja Gaiden Σ [Ninja Gaiden: Master Collection]
7799,Idle Monster Td
7800,Written In The Sky
7801,Iron Sea Defenders
7802,Zup! Xs
7803,Weerpg
7804,Black Mirror Iii
7805,Delores: A Thimbleweed Park Mini-Adventure
7806,Fears To Fathom - Carson House
7807,Strikeforce Kitty
7808,Nanocells - Mission: Back Home
7809,Judge Dredd: Dredd Vs. Death
7810,Stellar Tactics
7811,Rencounter
7812,City Zoomer
7813,Concealment
7814,Hot Tin Roof: The Cat That Wore A Fedora
7815,Warshmallows
7816,Elysium: Blood Games
7817,Aod: Art Of Defense
7818,Crazy Machines 2
7819,Madguns
7820,Mages Of Mystralia
7821,Fear The Wolves
7822,Golf Around!
7823,Achilles: Legends Untold
7824,The Last Door - Collector'S Edition
7825,Skytime
7826,Interstellar Space: Genesis
7827,Nantucket
7828,Loddlenaut
7829,Super High Ball: Pinball Platformer
7830,Ereban: Shadow Legacy
7831,Shio
7832,Solitairica
7833,War Hospital
7834,One Piece Odyssey
7835,Hell Wedding 夜嫁
7836,时空梦魇Ⅰ代号608
7837,The Iron Oath
7838,Afterparty
7839,Shogun: Total War - Collection
7840,Bound Survivor
7841,Oh...Sir! Prototype
7842,Pantheon: Rise Of The Fallen
7843,Kathy Rain: Director'S Cut
7844,Planes Attack
7845,Laz3Rz
7846,Tube Tycoon
7847,Kingdom: The Far Reaches
7848,Forkdrift
7849,Substance Painter 2020
7850,Magnifico
7851,Sunset Motel: Prologue
7852,Dreamworks Dragons: Dawn Of New Riders
7853,Plaguepunk Justice
7854,Soccer Manager 2015
7855,Gravel
7856,Horizon'S Gate
7857,Haak
7858,Idle Calibur
7859,Wildlife Park 2
7860,Unknown Woods
7861,Penumbra: Requiem
7862,Dungeon Lords Steam Edition
7863,The Legend Of Heroes: Trails In The Sky The 3Rd
7864,Tierra - Mystery Point & Click Adventure
7865,Rocket Of Whispers: Prologue
7866,Carto
7867,Use Your Words
7868,Spyer
7869,Police Enforcement Vr : 1-King-27
7870,Rogue Port - Blue Nightmare
7871,Railbreak
7872,Jianghu Chronicles
7873,Age Of Barbarian Extended Cut
7874,Casey Powell Lacrosse 18
7875,The Deepwatch
7876,Choice Of Life: Middle Ages
7877,Iron And Lead
7878,Hometopia
7879,Alaskan Road Truckers
7880,Above Snakes
7881,Power To The People
7882,Red Comrades Save The Galaxy: Reloaded
7883,Creepy Tale 2
7884,Mechanic Miner
7885,Folcdark
7886,Patrician Iii
7887,Gunvolt Chronicles: Luminous Avenger Ix 2
7888,The Genesis Project
7889,A Game About
7890,Breachers
7891,Demon'S Blood
7892,Iron Grip: Warlord
7893,Sphinx And The Cursed Mummy
7894,Madness Cubed
7895,Atelier Sophie: The Alchemist Of The Mysterious Book
7896,Friendly Fire
7897,Vampire: The Masquerade - Shadows Of New York
7898,Shadowbane
7899,Daybreak Online
7900,Babe-Lathe
7901,Dungeonup
7902,Not A Hero
7903,Journey Of Greed
7904,Unbound: Worlds Apart Prologue
7905,Soulestination
7906,Hero Of The Kingdom Ii
7907,Dungeon Escape
7908,Crash Dive
7909,Crowd Simulator
7910,Twilight Town
7911,Ex-Zodiac
7912,Miasmata
7913,Insecticide Part 1
7914,のっぺらぼう
7915,The Slaughter: Act One
7916,The Kite
7917,Lemon Cake
7918,The Faceless
7919,Unsighted
7920,Primal Reign
7921,Bleeding Border
7922,Kill Knight
7923,The Treasures Of Montezuma 5
7924,Fate Of The World: Tipping Point
7925,March Of War: Faceoff - M
7926,Shantae And The Seven Sirens
7927,Carrier Deck
7928,Balrum
7929,Dry Drowning
7930,Leaves - The Journey
7931,Star Wars: Droid Repair Bay
7932,Trident'S Wake
7933,Tiny Snow
7934,Barro Gt
7935,Planar Conquest
7936,Amanda The Adventurer 2
7937,Thorne - Son Of Slaves (Ep.2)
7938,Legend Of Dungeon: Masters
7939,Dye The Bunny
7940,Rumble Fighter: Unleashed
7941,Dragon Spear
7942,Pinbuilder
7943,Hex Commander: Fantasy Heroes
7944,Elves Adventure
7945,Soul Axiom
7946,Dementium Ii Hd
7947,Vroom Kaboom
7948,Circuits
7949,Ogu And The Secret Forest
7950,Yur
7951,Arid
7952,Big Bia
7953,Irrational Exuberance: Prologue
7954,The Adventures Of Fluffy
7955,Power-Up
7956,Spelp
7957,The Witch'S House Mv
7958,Rock Of Ages 3: Make & Break
7959,Factory Town Idle
7960,Void Stranger
7961,Sakura Santa
7962,Desynced
7963,Afterlife Definitive Edition
7964,Congo
7965,King'S Quest Collection
7966,Word Game: Episode 0
7967,Stars End
7968,Tallowmere
7969,The Long Journey Home
7970,Furry Feet
7971,Engine Evolution
7972,Starlight Of Aeons
7973,Hexguardian
7974,Duckside
7975,31St Prototype
7976,Bridge Project
7977,The Stillness Of The Wind
7978,P.A.I.N.T.
7979,[Chilla'S Art] The Convenience Store | 夜勤事件
7980,Mido And Di
7981,Montecrypto: The Bitcoin Enigma
7982,Detour
7983,Lilly Looking Through
7984,The Bunker
7985,Stonks-9800: Stock Market Simulator
7986,Fatal Frame / Project Zero: Mask Of The Lunar Eclipse
7987,Yokai Taiji
7988,Pilgrim
7989,Merge Adventure: Magic Dragons
7990,Sirius
7991,Ruthless Water
7992,Enigmatis 3: The Shadow Of Karkhala
7993,Dead Or School
7994,Drakensang
7995,Avernum 3: Ruined World
7996,Shenmue I & Ii
7997,Cureocity
7998,Flight Of The Paladin
7999,Strong Bad'S Cool Game For Attractive People: Season 1
8000,Big Neon Tower Vs Tiny Square
8001,Skyward Collapse
8002,Rifle Strike
8003,Oracle
8004,Blue Reflection
8005,Alien Shooter Td
8006,Giant Machines 2017
8007,Caribbean Legend
8008,Sledders
8009,Infected Shelter
8010,Centralia: Homecoming
8011,Zardy'S Maze
8012,La Tale - Evolved
8013,Steam 360 Video Player
8014,Wrc 5 Fia World Rally Championship
8015,F1 25
8016,The Floor Is Jelly
8017,Deidthraw
8018,False Front
8019,Plan B: Terraform
8020,Blood And Gold: Caribbean!
8021,Blade Kitten
8022,Live3D - Comic & Animation & Vtuber Maker - Virtual Production
8023,Comic Book Hero: The Greatest Cape
8024,Legends Of Eisenwald
8025,Tramsim Vienna - The Tram Simulator
8026,Cross Blitz
8027,Oath
8028,Leviathan: The Last Day Of The Decade
8029,Acan'S Call: Act 1
8030,Endless Battle
8031,Moon Defence
8032,Copycat
8033,"Sit Down, Please"
8034,Accounting+
8035,幽灵高校(Ghost College)
8036,Desktop+
8037,Pincremental
8038,9Dragons
8039,Driver Parallel Lines
8040,After The End: The Harvest
8041,Gaia
8042,Redemption: Saints And Sinners
8043,虫鸣
8044,Hundreds Of Mysteries:Wendy'S Home2
8045,Frostbite: Deadly Climate
8046,Z.I.O.N.
8047,"Warhammer 40,000: Speed Freeks"
8048,Slash Of Bullet
8049,凯尔文 - Kelvin And The Chateau
8050,Shadows 2: Perfidia
8051,Just Survive Test Server
8052,Fim Speedway Grand Prix 15
8053,Sky To Fly: Soulless Leviathan
8054,Xiuzhen Idle
8055,Outpath
8056,Dragon Quest Heroes Slime Edition
8057,Later Alligator
8058,Treasure Adventure Game
8059,Atelier Ryza: Ever Darkness & The Secret Hideout
8060,Diamond Hands Arena
8061,Warhammer Age Of Sigmar: Storm Ground
8062,Fae Tactics
8063,Pixel Cup Soccer - Ultimate Edition
8064,Commie Killer 2069
8065,2022生存指南 2022 Survival Guide
8066,Pixeljunk Shooter
8067,Boss Of This Gym
8068,Tokyo Dark
8069,Life Is Hard
8070,Carrier Command: Gaea Mission
8071,Space Beast Terror Fright
8072,Stickman Trenches
8073,Draw A Stickman: Epic 2
8074,Halfway
8075,Concluse
8076,Battle Of Empires : 1914-1918
8077,Vangers
8078,Fate/Samurai Remnant
8079,Hexcells Plus
8080,Ymir
8081,Solarix
8082,Iblis
8083,Infinite Dungeon Crawler
8084,Oo
8085,New Cycle
8086,Presidential Running Games
8087,The King'S Bird
8088,Mage And Monsters
8089,Fantasy Grounds Classic
8090,Laraan
8091,Under Night In-Birth Ii Sys:Celes
8092,Super Bit Blaster Xl
8093,Sport Mode
8094,Nexomon
8095,Perfect Vermin
8096,Pirate Fighting Simulator
8097,Rpg Tycoon
8098,Drill Core
8099,Koishi Navigation Desktop Youkai
8100,Fragmented
8101,Day D: Tower Rush
8102,Battletoads
8103,You Have 10 Seconds
8104,Mechajammer
8105,Islets
8106,Crashday Redline Edition
8107,Monsters' Den: Book Of Dread
8108,Project Sparrow
8109,Blood Knights
8110,Secret Files: Tunguska
8111,愤怒的孙子们
8112,Coffee Talk Episode 2: Hibiscus & Butterfly
8113,Blackwell Deception
8114,Cats In Time
8115,Multimirror
8116,Black Future '88
8117,Slipstream
8118,Save Their Souls
8119,Pizza Connection 3
8120,Blade Of Darkness
8121,Super Fancy Pants Adventure
8122,Wild Terra 2: New Lands
8123,Mind: Path To Thalamus Enhanced Edition
8124,The Ranger: Lost Tribe
8125,Death Toll
8126,Petrichor
8127,To The Top
8128,Oik 3
8129,Naval Warfare
8130,Coloring Game: Little City
8131,Dungeon Alchemist
8132,Oh Deer
8133,Solar War
8134,American Conquest
8135,Il-2 Sturmovik: Cliffs Of Dover
8136,Nexus - The Jupiter Incident
8137,Familia
8138,Watchers
8139,Super Jigsaw Puzzle: Generations
8140,Freeways
8141,Neurovoider
8142,Death Rally
8143,Crystalline
8144,Ea Sports Madden Nfl 25
8145,Marlow Briggs And The Mask Of Death
8146,Dungeon Rushers
8147,Zup! Zero 2
8148,Grow: Song Of The Evertree
8149,Sea Salt
8150,Safecracker: The Ultimate Puzzle Adventure
8151,Furryfury: Smash & Roll
8152,Lup
8153,Iron Fisticle
8154,Sprout
8155,Swipecart
8156,Car Dealer Simulator
8157,Sonny
8158,Glasswire
8159,You Must Survive
8160,Seraph
8161,Industry Giant 4.0
8162,Svfi
8163,Blood Rage: Digital Edition
8164,Samawa Idle
8165,Lust For Darkness
8166,Reveal The Deep
8167,Lake Of Voices
8168,Logistical
8169,Disoriented
8170,Jigsaw Bestiary
8171,Hooligan Vasja
8172,Critical Mass
8173,Riven
8174,Defold
8175,Delta Force: Black Hawk Down
8176,Krzyżacy - The Knights Of The Cross
8177,The Islander
8178,Search All - Steampunk
8179,Soul Tolerance: Prologue
8180,Cloud Gardens
8181,Data Hacker: Reboot
8182,Germ Wars
8183,Swarmz
8184,Giana Sisters: Twisted Dreams - Rise Of The Owlverlord
8185,Stay! Stay! Democratic People'S Republic Of Korea!
8186,Aaero
8187,The Cabin Factory
8188,Zombie Hunter: D-Day
8189,Raji: Prologue
8190,Children Of Silentown
8191,Don'T Be Afraid
8192,Judgesim
8193,Take On Mars
8194,Finding Teddy
8195,Guns N Zombies
8196,Hiiro
8197,The Guild Ii - Pirates Of The European Seas
8198,Soul Catcher
8199,Super Star Path
8200,Seek Girl Ⅳ
8201,Sky Rogue
8202,A Fistful Of Gun
8203,Dredgers
8204,Pester
8205,Boundless
8206,奕剑江湖
8207,Borstal
8208,Jellymen
8209,Evil Dead: The Game
8210,Ninja Pizza Girl
8211,Aviassembly
8212,Master Of Orion 1
8213,Pitched Battle
8214,Gunsoul Girl 2
8215,Dwarfs!?
8216,"Run Prop, Run!"
8217,Battle Tanks: Arena
8218,Dear Esther
8219,Mxgp 2019 - The Official Motocross Videogame
8220,Nobunaga'S Ambition: Sphere Of Influence - Ascension
8221,Tafl Ptk
8222,Heal
8223,Weapon Shop Fantasy
8224,Forbidden Ingress
8225,Dread X Collection 4: The Hunt
8226,Countersnipe
8227,Everland (Stress Test)
8228,Ao Tennis 2
8229,Scrutinized
8230,Risk: Factions
8231,West Of Dead Beta
8232,Need For Drink
8233,.Forty-Five
8234,Phobos: Psychodeath 狂死
8235,Enigmatis: The Ghosts Of Maple Creek
8236,Cannibal Abduction
8237,Quarantine Circular
8238,Natural Locomotion
8239,Sakura Beach
8240,Game Tycoon 1.5
8241,Backrooms: Lost Tape
8242,!Anyway!
8243,30Xx
8244,Abc Coloring Town
8245,Citizens Of Earth
8246,Together Bnb
8247,Ironcast
8248,校园惊魂夜Campusshocknight
8249,Death Squared
8250,Retention
8251,Rocket Wars
8252,Vtuber Editor
8253,Dark Data
8254,Aneurism Iv
8255,Perfect Angle: The Puzzle Game Based On Optical Illusions
8256,Causality
8257,Witchaven
8258,Typoman
8259,Spellsworn
8260,Shoot Giant Robots And Wallrun
8261,Crosscells
8262,Townsmen - A Kingdom Rebuilt
8263,《道格拉斯警督的日记》
8264,The Horrors At Castle Wülhein
8265,Ai＊Shoujo/Ai＊少女
8266,Tiny Bridge: Ratventure
8267,Eliza
8268,Stories From Sol: The Gun-Dog
8269,Riot Of The Numbers
8270,Welcome To Paradize
8271,Grouls
8272,Maskmaker
8273,Ballionaire
8274,Aerial Destruction
8275,Industry Giant 2
8276,Let Them Come
8277,Killstreak.Tv
8278,Bleak Faith: Forsaken
8279,Darkness Ritual: Impasse
8280,Gunspell - Steam Edition
8281,Cyberia
8282,Skybox Vr Video Player
8283,Trapped Dead
8284,"Oh My God, Look At This Knight"
8285,Descent: Road To Legend
8286,Dark Fracture: Prologue
8287,The Librarian
8288,Piggy: Hunt
8289,9 Clues: The Secret Of Serpent Creek
8290,Fly'N
8291,Season: A Letter To The Future
8292,"Runaway, The Dream Of The Turtle"
8293,The Shivah
8294,Orbo'S Odyssey
8295,Cardboard Town
8296,Garden Story
8297,Subway Midnight
8298,Gloom: Digital Edition
8299,Void Destroyer
8300,Dead Man'S Draw
8301,Vr Game Station
8302,最后的仙门 The Last Practice Sect
8303,Imagine Earth
8304,You Have 10 Seconds 2
8305,Star Trek Adversaries
8306,Daenerys Miracle
8307,Blue Estate The Game
8308,Arcade Game Series: Dig Dug
8309,Romance Of The Three Kingdoms 8 Remake
8310,Arco
8311,Das Balkonzimmer
8312,Will You Snail?
8313,Bunch Of Heroes
8314,The Inevitability
8315,The Village
8316,Dimensionals
8317,The Bunny Graveyard
8318,Harvester
8319,Boxing School
8320,My Lovely Wife
8321,帝缚山海
8322,Planet Alpha
8323,Three Days
8324,A Case Of Distrust
8325,Gnomes & Goblins (Preview)
8326,Adorable Witch
8327,Stalakminer
8328,The Legend Of Bean
8329,Realflight 9.5S
8330,Liquid Pinball
8331,The Baby In Yellow
8332,Japanese Women - Animated Jigsaws
8333,Collapse
8334,The Escaper
8335,Locosoccer Classic
8336,Beyond Fantasy
8337,Alone K.W.
8338,Drawngeon: Dungeons Of Ink And Paper
8339,Isle Of Jura
8340,Crime Simulator: Playgrounds
8341,Battlespace
8342,Phantasmagoria
8343,Totally Reliable Delivery Service
8344,Clickteam Fusion 2.5 Free Edition
8345,Space Cats Tactics: Prologue
8346,Army War: Shooting Simulator
8347,Songs Of Wuxia
8348,Aircraft Carrier Survival
8349,Phantom Ops
8350,Dungeons Of Hinterberg
8351,The Guild Gold Edition
8352,Inside The Gear
8353,Drums Hero Pc
8354,恋爱关系/Romance
8355,Rutonychat
8356,Orpheus'S Dream
8357,Cosmo'S Cosmic Adventure
8358,Apico
8359,Incarnage
8360,Marble Run 2D
8361,Looking Up I See Only A Ceiling
8362,Mysterium: A Psychic Clue Game
8363,Midnight Fight Express
8364,Endorphin Vice
8365,Heroes Showdown
8366,Escape The Clinic
8367,Fences 3
8368,Psycho Starship Rampage
8369,Hyperbrawl Tournament
8370,Vector Thrust
8371,Incremental Adventures
8372,Sinking Island
8373,Moonbreaker
8374,Dream Sketcher
8375,Sweet Lily Dreams
8376,Blindfire
8377,Another World – 20Th Anniversary Edition
8378,Dino Run Dx
8379,Happy Maze
8380,The Chaos Engine
8381,Dark Deception: Monsters & Mortals
8382,The Coma: Recut
8383,Taboos: Cracks
8384,Bannerman
8385,Idle Cave Miner
8386,X-Teroids
8387,Automation Empire
8388,Tin Can
8389,Noob Squad
8390,Nonogram - Master'S Legacy
8391,D4: Dark Dreams Don’T Die -Season One-
8392,Offworld Trading Company
8393,Tales Of The Neon Sea
8394,Ash Of Gods: The Way
8395,Fraymakers
8396,Battle Group 2
8397,Guns'N'Stories: Preface Vr
8398,Hauma - A Detective Noir Story
8399,Combat Monsters
8400,Grim Legends 3: The Dark City
8401,A Walk In The Woods
8402,Ginka
8403,Cards & Tankards
8404,Junkyard Simulator
8405,Atelier Ryza 3: Alchemist Of The End & The Secret Key
8406,Serpent In The Staglands
8407,Unboxing The Cryptic Killer
8408,变量 Variables
8409,Abo Mando
8410,Tanki Online
8411,Survive The Nights
8412,Ambitious
8413,Noesis_诉说谎言记忆物语
8414,Catmaze
8415,Stream Avatars
8416,Symphony Of Souls
8417,Pixel Battle Royale
8418,War Operation : Full Contact Alpha
8419,Farnham Fables
8420,Avernum: Escape From The Pit
8421,Saelig
8422,Wauies - The Pet Shop Game
8423,Miss Neko 2
8424,Wizardry 7: Crusaders Of The Dark Savant
8425,Hylics 2
8426,Pongarena
8427,Spellforce 2: Faith In Destiny
8428,Fire: Ungh’S Quest
8429,Stein.World
8430,Prospekt
8431,Dayz Tools
8432,Lucky Night: Texas Hold'Em Vr
8433,Labyrinthine Dreams
8434,Surv1V3
8435,Farming Simulator 2011
8436,The Golf Club 2019 Featuring Pga Tour
8437,Remnants Of Isolation
8438,Angeldust
8439,Mahjong World Contest (麻将)
8440,Of Bird And Cage
8441,Crusader Kings Complete
8442,Massive Cleavage Vs Zombies: Awesome Edition
8443,"Braid, Anniversary Edition"
8444,告死天使之言 Death Angel
8445,Adventures Of Bertram Fiddle 1: A Dreadly Business
8446,Battle 3D - Zombie Edition
8447,Dungeons Of Honor
8448,Cave Vr
8449,Suicide Guy Vr
8450,Star Control I And Ii
8451,Agricultural Simulator 2011: Extended Edition
8452,Climb
8453,Showgunners
8454,The Political Machine
8455,Grand Pigeon'S Duty
8456,Alex Jones: Nwo Wars
8457,Return To Shironagasu Island
8458,The Cat And The Coup
8459,Heretic: Shadow Of The Serpent Riders
8460,Gone
8461,Monster Prom 3: Monster Roadtrip
8462,Midnight Scenes: The Goodbye Note
8463,Summum Aeterna: Prologue
8464,Gravity Field
8465,Afterslave
8466,Ufo 50
8467,Noel The Mortal Fate Complete Edition
8468,Solar Flux
8469,Hit Zero: Chronos
8470,Fantasy Kingdom Simulator
8471,Charlie Murder
8472,Hello Charlotte Ep2: Requiem Aeternam Deo
8473,Astro Dash
8474,Burgle Bros.
8475,Flowers -Le Volume Sur Printemps-
8476,Ns2: Combat
8477,Pathogen: Survival
8478,Twin Mind: Power Of Love Collector'S Edition
8479,Crashmetal - Cyberpunk
8480,Mist Of The Dark
8481,Broken Sword - Shadow Of The Templars: Reforged
8482,Cheeky Beetle And The Unlikely Heroes
8483,Apartment 666
8484,Barbie Project Friendship
8485,Backyard Baseball '97
8486,Haunted Gas Station
8487,Blade&Sword
8488,Dinosaur Hunt Puzzle
8489,Mind Over Magnet
8490,Mission Biotech
8491,Dark Nights With Poe And Munro
8492,Sophie'S Curse
8493,彷徨之街 The Street Of Adrift
8494,Fateless
8495,Jolly Rover
8496,Foul Play
8497,H-Sniper: World War Ii
8498,Cockhead
8499,Yomawari: Night Alone
8500,Puzzle Tactics
8501,Conquestareas
8502,Scp: The Foundation
8503,Endless Horde
8504,Fobia - St. Dinfna Hotel
8505,西游记2021
8506,Akin
8507,Voyager-19
8508,灭顶之灾—救赎
8509,The Lost Legends Of Redwall: The Scout Act 3
8510,Feudal Alloy
8511,Strength & Virtue: Trials Of The Romer
8512,Surgeon Simulator: Experience Reality
8513,Rustler (Grand Theft Horse)
8514,Earthtongue
8515,Captain Disaster In: The Dark Side Of The Moon
8516,Internet Generation
8517,Flinthook
8518,Hello Neighbor 2
8519,Lil Doll House
8520,Port Royale 2
8521,Apex Point
8522,Old Skies
8523,Bloodshore
8524,Capcom Fighting Collection
8525,Beyond Gravity
8526,To The Rescue!
8527,Clash
8528,Granny 3
8529,Endless Alice
8530,Regimental Chess
8531,Britannic: Patroness Of The Mediterranean
8532,Colina: Legacy
8533,Animyst
8534,Deep Space Shooter
8535,Train Sim World 5
8536,The Dark Occult
8537,Milo And The Magpies
8538,Pixel Game Maker Mv
8539,Life Eater
8540,Love Thyself - A Horatio Story
8541,Zm Desktop Elf
8542,Stephen'S Sausage Roll
8543,Artist Idle
8544,Goblin Walker
8545,Plot Of The Druid: Nightwatch
8546,Easter 2024 Puzzle
8547,Exodus From The Earth
8548,Campaign Clicker
8549,Game Tycoon 2
8550,Arcade Game Series: Galaga
8551,1406
8552,Alien Hostage
8553,Endless Nightmare
8554,President Yukino
8555,Space Engineers 2
8556,Reformers Intl Ver(变革者国际版)
8557,Dream Ending
8558,Animalia Survival
8559,Virtual Rides 3 - Funfair Simulator
8560,Fungi
8561,Space Empires I
8562,Guilty Me
8563,The Goatman
8564,Grand Ages: Medieval
8565,Lawnmower City
8566,The Imperial Gatekeeper
8567,Punch A Bunch
8568,Sephiria
8569,War Dust Vr: 32V32 Battlefields
8570,懒人修仙传2
8571,Dancing Girl
8572,Shattered Horizon
8573,King Of The Castle
8574,Avadon 2: The Corruption
8575,Among Trees
8576,Wrath Of Anna
8577,Ascension To The Throne
8578,The Last Nightmary - A Lenda Do Cabeça De Cuia
8579,Rpg Maker Vx Ace
8580,Timeline
8581,Kagami: An Odyssey In Japanese Language Learning
8582,Nevermore - Documentary Kinetic Novel
8583,Fancy Skulls
8584,Sengoku
8585,Football Manager 2019 Touch
8586,The Misfits
8587,Riot: Civil Unrest
8588,Klonoa Phantasy Reverie Series
8589,College Escape
8590,Zero-G-Racer : Drone Fpv Arcade Game
8591,Sudden Strike Gold
8592,They Breathe
8593,A=B
8594,Onikira - Demon Killer
8595,Gazmatera: Return Of The Generals
8596,Madrobot X
8597,Stay Out Of The House
8598,Sorcerer King: Rivals
8599,Microsoft Maquette
8600,Zero Idle
8601,Secrets Of Rætikon
8602,Outcast 1.1
8603,Isoland3: Dust Of The Universe
8604,Diehard Dungeon
8605,Empire Of Angels Iv
8606,Myths And Legends - Card Game
8607,Cooking Witch
8608,The Huntsman: Winter'S Curse
8609,恋爱绮谭~不存在的夏天~
8610,Instinct War - Card Game
8611,Cortexgear: Angrydroids
8612,9Th Dawn Remake
8613,Line Of Sight: Vietnam
8614,Bleach Rebirth Of Souls
8615,Social Justice Warriors
8616,Booty Calls
8617,Thumbelina
8618,Nearwood - Collector'S Edition
8619,I Am Your Beast
8620,Portal Fantasy
8621,House
8622,Eventide Night
8623,"Bears, Vodka, Balalaika!"
8624,Strife: Veteran Edition
8625,Full Spectrum Warrior
8626,Alice'S Patchworks 2
8627,"""Glow Ball"" - The Billiard Puzzle Game"
8628,Gravity Badgers
8629,Air Conflicts: Pacific Carriers
8630,Karakara
8631,Star Chef: Cooking & Restaurant Game
8632,Ichi
8633,The Fall Part 2: Unbound
8634,Born Of Bread
8635,I Hate This Game
8636,Joe Dever'S Lone Wolf Hd Remastered
8637,Hope Is Gone
8638,Duckles: The Jigsaw Witch
8639,Obreno: Chapter One
8640,孙美琪疑案 第三季
8641,Extremely Powerful Capybaras
8642,Incell Vr
8643,4Ife
8644,Conquest Of Elysium 3
8645,Theatre Of War
8646,Sakura Fantasy
8647,Whisper Books
8648,Chess Knight 2
8649,Splendor
8650,Chicago 2020
8651,Karateka
8652,Station To Station
8653,Foreign Legion: Buckets Of Blood
8654,Virtual Pool 4
8655,Heroes Of Havoc: Idle Adventures
8656,Rec: Beyond The Lens
8657,Tailquest Defense
8658,Dynasty Warriors 8 Empires
8659,Lego Bricktales
8660,Karma: The Dark World
8661,Summoner
8662,Oldage
8663,"Go Away, There'S Kumis Over There!"
8664,Sakura Angels
8665,The Outer Worlds: Spacer'S Choice Edition
8666,My Fight
8667,Fallen Girl - Black Rose And The Fire Of Desire
8668,Rend
8669,Touhou: Scarlet Curiosity
8670,Finnish Cottage Simulator
8671,Triangle Strategy
8672,The Silver Case
8673,Earthworms
8674,The Great War: Western Front
8675,Bounceshot
8676,Occupy White Walls
8677,Heartless
8678,Eventide: Slavic Fable
8679,Greenwood The Last Ritual
8680,Crash Wheels
8681,Don'T Escape: 4 Days To Survive
8682,Tourist Bus Simulator
8683,紅蜘蛛外伝：暗戦
8684,Mosa Lina
8685,Snake Party
8686,Carton
8687,Endless Furry Blackjack
8688,Earth Defense Force: Iron Rain
8689,Arthurian Legends
8690,Street Fighter Iv
8691,My Hero One'S Justice
8692,Bacon May Die
8693,Moveup
8694,Still Light
8695,Lunistice
8696,符文女孩/Rune Girl
8697,Cute Honey 3
8698,Dungeon Village
8699,Kakele Online - Mmorpg
8700,Hotel Renovator
8701,Return To Mysterious Island
8702,The Artful Escape
8703,Eco Hole
8704,Trillion: God Of Destruction
8705,Bounty Of One
8706,The Path
8707,Earth Defense Force: Insect Armageddon
8708,Desdemona
8709,Solitaire
8710,Z Steel Soldiers
8711,Prodigal
8712,Genesis - 创世争霸
8713,Call Of Duty: Black Ops - Mac Edition
8714,Voxel Tycoon
8715,Droid Assault
8716,Sokodice
8717,3D Double Dealing Character
8718,Distant Worlds 2
8719,I'M On Observation Duty 6
8720,Science Girls
8721,Job The Leprechaun
8722,Disney•Pixar Cars 2: The Video Game
8723,Rune Factory 5
8724,Fort Defense
8725,X-Com: Interceptor
8726,Stardeus
8727,Tasty Planet: Back For Seconds
8728,Spectral Scream
8729,The Riese Project - Prologue
8730,Reigns: Game Of Thrones
8731,Shadow Corridor
8732,The Walking Dead: Destinies
8733,Ticy Adventure Club
8734,Nitroverse
8735,Hololive Error
8736,September 7Th
8737,Time Mysteries 3: The Final Enigma
8738,Z3Ta+ 2
8739,Taboo Trial
8740,Race For Tuning
8741,Dark Devotion
8742,The Plucky Squire
8743,Mini-Dead
8744,Go-Go Town!
8745,Brave Alchemist Colette
8746,Sorcery! Parts 1 And 2
8747,From Shadows
8748,The Slater
8749,Heroes Of Steel Rpg
8750,Fox & Flock
8751,Boomerang X
8752,Zombiewave-Unlimitedchallenges
8753,Age Of Wonders Ii: The Wizard'S Throne
8754,Explore Fushimi Inari
8755,Tastemaker
8756,Saturday Morning Rpg
8757,Disney•Pixar Wall-E
8758,Overview (A Walk Through The Universe)
8759,Objects In Space
8760,Simple Story - Alex
8761,Professional Lumberjack 2015
8762,Robin
8763,Leap
8764,"A Place, Forbidden"
8765,Yaiba: Ninja Gaiden Z
8766,State Of Mind
8767,离校日 The School Leaving Day
8768,Giant Blobs From Mars
8769,Dahlia View
8770,When The Devil Takes Hold
8771,Legend Of Himari
8772,Accident
8773,Katana-Ra: Shinobi Rising
8774,Whirligig Media Player
8775,Total Miner
8776,Merchant Of The Skies
8777,On The Road - The Truck Simulator
8778,Sinner: Sacrifice For Redemption
8779,Cossacks Ii: Napoleonic Wars
8780,Garden Rescue
8781,The Jackbox Party Pack 7
8782,Car Detailing Simulator
8783,Carpe Diem Project
8784,Sparkle Zero
8785,Zoombinis
8786,Maquette
8787,East India Company
8788,Simcity 3000 Unlimited
8789,Play'A Vr  Video Player
8790,The Settlers : Heritage Of Kings - History Edition
8791,Time Mysteries: Inheritance - Remastered
8792,Fenrir'S Prelude
8793,Hfh Discontinued  [Upgrading To 3D And Leaving Steam]
8794,Love Wish
8795,Myst V: End Of Ages
8796,The Breakfive
8797,Soulless: Ray Of Hope
8798,Eastshade
8799,Left Alone
8800,Vr Flush
8801,Terratech Worlds
8802,Haydee 2
8803,Frontier Hunter: Erza’S Wheel Of Fortune
8804,Solium Infernum
8805,Breach It
8806,Hero Of The Kingdom: The Lost Tales 2
8807,Koi X Shin Ai Kanojo
8808,Ubersoldier Ii
8809,Word Factori
8810,Sludge Life 2
8811,Zero Gunner 2-
8812,The Highrise
8813,The Sin
8814,War Of Omens Card Game
8815,Frood Robotics
8816,Dies Irae ~Amantes Amentes~
8817,Flying Tigers: Shadows Over China
8818,Ballistic Overkill
8819,Downfall
8820,Garbage
8821,War Of The Human Tanks
8822,Garou: Mark Of The Wolves
8823,3000Th Duel
8824,"Honey, I Joined A Cult"
8825,The 7Th Guest: 25Th Anniversary Edition
8826,Craftomation 101: Programming & Craft
8827,Shift
8828,Dragon Knight
8829,Lost Records: Bloom & Rage
8830,Starsand
8831,My Bones
8832,Family Curse
8833,Zephyr
8834,The Greatest Penguin Heist Of All Time
8835,Ufo: Aftershock
8836,House Of Evil 2
8837,Yarimono
8838,Air Conflicts: Vietnam
8839,Damnation
8840,Guilty Gear Isuka
8841,Harvest Seasons
8842,The Last Stand Legacy Collection
8843,Teddy Floppy Ear - The Race
8844,Sunnyside
8845,Naruto X Boruto Ultimate Ninja Storm Connections
8846,Last Dream
8847,Aim Master H
8848,Desktop Dungeons: Rewind
8849,Displayfusion
8850,I Am Not A Monster: First Contact
8851,Storage Hustle
8852,Streets Of Fury Ex
8853,Space Empires V
8854,The Political Machine 2020
8855,Mr Meal
8856,Planet Of The Eyes
8857,Inmaze
8858,The Brookhaven Experiment
8859,Kill It With Fire
8860,Grass Cutter - Mutated Lawns
8861,Hungry Fish
8862,Dread Templar
8863,Open World Game: The Open World Game
8864,Metal Slug Attack Reloaded
8865,Heavy Fire: Afghanistan
8866,Metaverse Keeper / 元能失控
8867,Queen Of Zarkov
8868,One More Line
8869,Station-Z
8870,Usc: Counterforce
8871,Les Manley In: Search For The King
8872,Snuggle Truck
8873,Maguntsche: Chapter One Remastered
8874,Notthenamewewanted
8875,Blues And Bullets
8876,Arena: Blood On The Sand Vr
8877,Heroes Of The Three Kingdoms 5
8878,Surrogate
8879,Volleying
8880,The Roottrees Are Dead
8881,Hellbreach: Vegas
8882,Hegemony Rome: The Rise Of Caesar
8883,Kill Or Love
8884,Etherlords
8885,Digital Mate
8886,Clash Of The Monsters
8887,Big Trouble In Little Chimney
8888,Number 8
8889,Construction Simulator 2 Us - Pocket Edition
8890,Runaway: A Twist Of Fate
8891,Max: The Curse Of Brotherhood
8892,Lunar Flight
8893,Pixel Shopkeeper
8894,Deep Blue 3D Maze In Space
8895,Dauntless
8896,Reimus Awesome Holiday
8897,Rc Plane 3
8898,A Game Of Dwarves
8899,沉睡的法则 Things As They Are
8900,The Mercury Man
8901,Phantom Rose
8902,Sepia Tears
8903,Esports Life Tycoon
8904,Aragami 2
8905,Hive
8906,Knytt Underground
8907,Athanasy
8908,The Legend Of The Sacred Stone Ex
8909,War Blade
8910,Through Abandoned: The Underground City
8911,Jack Lumber
8912,Easy Red
8913,Vカツ / V-Katsu
8914,富豪派对重制版
8915,A Guidebook Of Babel
8916,Winkeltje: The Little Shop
8917,Lamia'S Plan
8918,Steampunk Tower 2
8919,Dungeon Warfare 2
8920,Max Gentlemen Sexy Business!
8921,Khimera: Destroy All Monster Girls
8922,Castle Craft
8923,Dynomite Deluxe
8924,Bee Simulator
8925,Void Breaker
8926,Glowstrike: Robot Obliteration
8927,Turnip Boy Robs A Bank
8928,The Fifth Day
8929,Dark Quest 2
8930,Three Dead Zed
8931,Og Puzzlers: Synthwave Cars
8932,最強の囲碁 ～名人への道～ / Igo Meijin
8933,Endgame Of Devil
8934,Pga Tour 2K25
8935,Bloodrayne Betrayal
8936,Spiderbro 2
8937,Malpractice
8938,Mirror Maker
8939,Unearned Bounty
8940,Chosen 2
8941,Extreme Racing On Highway
8942,Erophone
8943,Cubiscape 2
8944,The Survey
8945,The Lamplighters League
8946,Touhou Blooming Chaos 2
8947,Dracula'S Legacy
8948,Survive In Angaria 2
8949,Bod-1
8950,The Guest
8951,東方剛欲異聞　～ 水没した沈愁地獄
8952,Introvert: A Teenager Simulator
8953,Ludus
8954,D&D Lords Of Waterdeep
8955,Potatoman Seeks The Troof
8956,Yume 2 : Sleepless Night
8957,Grace Of Zordan
8958,A Wild Catgirl Appears!
8959,We Are Football 2024
8960,Compressure
8961,Crossfire: Legion
8962,Anemoiapolis: Chapter 1
8963,"Learn Game Development, Unity Code Monkey"
8964,Geometric Sniper
8965,Dragon Wars
8966,Pumpkin Eater
8967,逃出图书馆(Escape From Library)
8968,机退怪兽
8969,Miss Peach
8970,Wanderlust Adventures
8971,Camtasia - Subscription
8972,Kunitsu-Gami: Path Of The Goddess
8973,Encodya
8974,Wwii Tanks: Forgotten Battles
8975,Star Wars: Imperial Assault - Legends Of The Alliance
8976,Interstellar Transport Company
8977,Chaos Reborn
8978,Rift'S Cave
8979,The Bug Butcher
8980,Forest Adventure
8981,Slackers - Carts Of Glory
8982,Confess My Love
8983,Nomad Idle
8984,The Last Hope: Trump Vs Mafia - North Korea
8985,Cubic Odyssey
8986,Dream Of Mirror Online
8987,Dinosaur Fossil Hunter: Prologue
8988,Silent Mansion : Part2
8989,Wave Beta
8990,Signal Simulator
8991,Grid Legends
8992,Epic Manager - Create Your Own Adventuring Agency!
8993,Blacksmith Master
8994,白玉的幻梦 Dream Of Hakugyokurou
8995,Pharaonic
8996,Razenroth
8997,Idle Bouncer
8998,Heroes Of Hellas 3: Athens
8999,Shower With Your Dad Simulator 2015: Do You Still Shower With Your Dad
9000,Chronicles Of Deeps
9001,Mainlining
9002,Snakeybus
9003,Mercenaries Blaze
9004,Cyberline Racing
9005,Ink Inside
9006,Conception Ii: Children Of The Seven Stars
9007,Still There
9008,Surviving The Abyss
9009,Chinatown Detective Agency: Day One
9010,Pix The Cat
9011,"Warhammer 40,000: Battle Sister"
9012,Death End Re;Quest 2
9013,Shadows: Awakening
9014,Starship Theory
9015,One Thousand Lies
9016,Felvidek
9017,Cityconomy: Service For Your City
9018,Out Of The Park Baseball 22
9019,Dropsy
9020,Nix Umbra
9021,Song Of Farca
9022,My Hero One'S Justice 2
9023,Chimpology
9024,Doorways: The Underworld
9025,Avencast: Rise Of The Mage
9026,۩ Tomb Of The Brave ۩
9027,Hadean Tactics
9028,Ace Attorney Investigations Collection
9029,Frog Out!
9030,Virtual Villagers Origins 2
9031,Deus Ex: Mankind Divided - Vr Experience
9032,Momodora: Moonlit Farewell
9033,Tvö
9034,Ynglet: Prologue
9035,The Mooseman
9036,Time Mysteries 2: The Ancient Spectres
9037,The Front Of Greed
9038,Hell Breaker
9039,Chains Of Freedom
9040,The Procession To Calvary
9041,Drunkn Bar Fight
9042,Maze Lord
9043,Kyle Is Famous: Complete Edition
9044,El Dorado: The Golden City Builder - Prologue
9045,Microtopia
9046,Sol Cesto
9047,Last Floor
9048,X: Tension
9049,Atari 50: The Anniversary Celebration
9050,The Lady
9051,Reigns: Her Majesty
9052,Peak Angle: Drift Online
9053,Embr
9054,Airship Dragoon
9055,Celestian Tales: Old North
9056,Diceomancer
9057,Heads Will Roll: Reforged
9058,Painters Guild
9059,Time Space Rebuild
9060,City Bus Manager
9061,Cold Waters
9062,Shad'O
9063,Sproggiwood
9064,Showdown Bandit
9065,Cossacks: Art Of War
9066,Chime
9067,Nimble Writer
9068,Secret Of The Magic Crystals
9069,The Settlers 7 : History Edition
9070,Aim Master
9071,Viral Execution
9072,Plastic Playground
9073,Shadows On The Vatican - Act I: Greed
9074,Starmancer
9075,Gigantic Army
9076,Selfie : Sisters Of The Amniotic Lens
9077,Lowglow
9078,Mainland
9079,Sword Art Online: Lost Song
9080,"Help Me Remember, Satori-Sama!"
9081,Witch Hunt
9082,Elara: A Coding Adventure In Space
9083,Noch
9084,Spire Horizon Online
9085,Brawlout
9086,Help
9087,Think To Die
9088,Silver Creek Falls: Chapter 1
9089,A Normal Lost Phone
9090,"Oddyssey: Your Space, Your Way"
9091,Not Tonight
9092,If My Heart Had Wings
9093,One Way: The Elevator
9094,Whiteboyz Wit Attitude: The Pursuit Of Money
9095,Phantom Brave Pc
9096,Rain City
9097,Master Detective Archives: Rain Code Plus
9098,Ufo: Extraterrestrials Gold
9099,El Matador
9100,Nothing
9101,Antihero
9102,Rival Stars Horse Racing: Desktop Edition
9103,Rexodus: A Vr Story Experience
9104,Make It Rain: Love Of Money
9105,Gnog
9106,Land Of War - The Beginning
9107,Squarecells
9108,A Legend Of Wisdom Part I
9109,Echoes Of The Plum Grove
9110,Holoball
9111,Zdf History 360° – Tempelhof
9112,Guidus Zero
9113,Braveland Wizard
9114,Sheepchat
9115,Rocket Bot Royale
9116,Bones Of Halloween
9117,Suns Of Wiraqocha
9118,Project Rtd: Random Tower Defense Pvp
9119,Into The War
9120,封神榜2022
9121,Homesick
9122,Arena Monarchy
9123,Sid Meier'S Alpha Centauri Planetary Pack
9124,Ikki Unite
9125,In Celebration Of Violence
9126,Tower!3D Pro
9127,Mod And Play
9128,Time Ramesside (A New Reckoning)
9129,Ancient Islands
9130,Cubegun
9131,Hunter'S Arena: Legends
9132,Spectromancer
9133,Football Manager 2021 Touch
9134,电竞俱乐部/Esports Club
9135,School Days
9136,Hustle Cat
9137,The Legend Of Heroes: Hajimari No Kiseki
9138,Super Duper Party Pooper
9139,Beneath The Mountain
9140,Ratty Catty
9141,Delicious! Pretty Girls Mahjong Solitaire
9142,Shijie Xiuxian
9143,Tomato Jones
9144,Fancy Skiing Vr
9145,Squake
9146,Light Fairytale Episode 1
9147,How 2 Escape
9148,Protoball
9149,Aunewyth
9150,Kill Demons
9151,Project Mercury
9152,Veer Vr:Vr Video And Movie Platform
9153,Let Bions Be Bygones
9154,Freefall Tournament
9155,The Wardrobe - Even Better Edition
9156,Convrgence
9157,Broken Sky
9158,Space Fighter
9159,Beast Battle Simulator
9160,Hyperfight
9161,Inworld Origins
9162,Fears To Fathom - Norwood Hitchhike
9163,Ascend: Reborn
9164,The Legend Of Heroes: Trails Of Cold Steel Iv
9165,Neophyte
9166,Dimensional Slaughter
9167,Drakerz-Confrontation
9168,Railbound
9169,Starfringe: Adversus
9170,Smelter
9171,Mechanic Escape
9172,Rfa Station
9173,Mmorpg Tycoon 2
9174,Imperiums: Greek Wars
9175,Monolisk
9176,Fantasy Map Simulator
9177,Retro/Grade
9178,Gem Defender: Soyjak Survivors
9179,Shogunaria
9180,Nevrosa: Prelude
9181,Mass Exodus Redux
9182,Dale Hardshovel Hd
9183,He Will Shoot
9184,Venatio
9185,Ballpoint Universe - Infinite
9186,Cosmotronik
9187,Samurai Jack: Battle Through Time
9188,Cataclysm: Dark Days Ahead
9189,Graviteam Tactics: Operation Star
9190,Windows Mixed Reality For Steamvr
9191,Voidexpanse
9192,Never Again
9193,Koala Kids
9194,Lichenvale
9195,Bravery And Greed
9196,Star Wars Starfighter
9197,Night City
9198,封神榜2023
9199,Xiii Century – Gold Edition
9200,Stilt Fella
9201,Oniken: Unstoppable Edition
9202,Sevgilim Olur Musun ?
9203,The Last Haven
9204,Bad Dream: Fever
9205,H-Isekai Loves
9206,Disneyland Adventures
9207,White Knuckle
9208,Sweet House
9209,Red Stone Online
9210,Seek Girl Ⅵ
9211,Jumpy Jumptime
9212,Chronology
9213,Apollo Justice: Ace Attorney Trilogy
9214,Lost Memories 3 Side Stories
9215,Teddy Floppy Ear - Kayaking
9216,The Grindstone
9217,Neon Struct: Carrion Carrier
9218,Little Goody Two Shoes
9219,Duelists Of Eden
9220,Mojo 2: Mia
9221,Pathblasters
9222,Landnama
9223,50 Years
9224,Mini Golf Mundo
9225,Frog X Log
9226,Coloring Game 3
9227,失欲
9228,Ooblets
9229,Raptor: Call Of The Shadows - 2015 Edition
9230,Happy Quest
9231,Touhou Artificial Dream In Arcadia
9232,League Of Angels-Heaven'S Fury
9233,Unforgiving - A Northern Hymn
9234,Last Hope - Tower Defense
9235,Galsad - Galactic Salvage And Disposal
9236,Clickyland
9237,Populous: The Beginning
9238,Love Delivery
9239,Twin Mirror
9240,Frog Detective 2: The Case Of The Invisible Wizard
9241,Phantom Project
9242,迷宫：消灭机器人
9243,Booster Trooper
9244,Aeterna Noctis
9245,Those Who Rule
9246,The Call Of Karen
9247,5D Chess With Multiverse Time Travel
9248,The Watchers
9249,Martha
9250,Paratopic
9251,Sunsensim
9252,Ibomber Defense Pacific
9253,Fantasy General Ii
9254,Wickland
9255,Reversion - The Meeting (2Nd Chapter)
9256,Clockwork Rabbit
9257,West Hunt
9258,Tomorrow Won'T Come For Those Without ██████
9259,Agarest: Generations Of War Zero
9260,Mars First Logistics
9261,Ca-2A T-Type Leveling Amplifier
9262,Parkan 2
9263,Airport Simulator 2019
9264,Tears Of Avia
9265,Love³ -Love Cube-
9266,Boomtown! Deluxe
9267,Planet Nomads
9268,Kill It With Fire: Heatwave
9269,Angels Fall First
9270,Chef Rpg
9271,The Crust
9272,Brothers: A Tale Of Two Sons Remake
9273,Fall In Labyrinth
9274,Shovel Knight Pocket Dungeon
9275,Iron Meat
9276,Face Noir
9277,The Chronicles Of Emerland. Solitaire.
9278,Doki Doki Ai Interrogation
9279,League Manager 2022
9280,The Butterfly Sign
9281,Luise And Secret Basement Rooms
9282,Three Of Cards
9283,Mechwarrior 5: Clans
9284,Fate Hunters
9285,Maniac
9286,Trials Of Argolis
9287,Car Mechanic Manager
9288,This Book Is A Dungeon
9289,A Castle Full Of Cats
9290,Dark Heritage: Guardians Of Hope
9291,Conquest Dark
9292,Trucks & Trailers
9293,Slipdrive
9294,Tempo
9295,3D Particlegen Visual Fx
9296,Border Pioneer
9297,The Last Express Gold Edition
9298,Nothing To Lose
9299,Escape From Zombies
9300,Retrograde Arena
9301,Lighthouse Keeper
9302,"That Dragon, Cancer"
9303,Hexologic
9304,Void Destroyer 2
9305,Castle In The Darkness
9306,Haberdashers
9307,Pyramid Runner
9308,Lovecraft'S Untold Stories
9309,Orwell'S Animal Farm
9310,The Entente Gold
9311,The Logic Of The Miniature Garden
9312,Scorch
9313,Elements: Soul Of Fire
9314,Wartune Reborn
9315,Legion Tale
9316,Ostrich Island
9317,Fight Angel Special Edition
9318,Sine Mora Ex
9319,Kiwi Clicker - Juiced Up
9320,Game Character Hub
9321,Alice'S Patchwork
9322,Legend Of Homebody
9323,Princess Project
9324,Ichth.Ys
9325,Seed Of The Dead: Sweet Home
9326,Space Empires Ii
9327,Sports Bar Vr
9328,Wrc 6 Fia World Rally Championship
9329,Unlock The King
9330,Founders' Fortune
9331,Immortal: Unchained
9332,Village Feud
9333,Civil War: Battle Of Petersburg
9334,The Settlers : Rise Of An Empire - History Edition
9335,Blood Of The Werewolf
9336,Mutant Mudds Deluxe
9337,Love Ribbon
9338,Realities
9339,Blackwell Epiphany
9340,The Eyes Of Ara
9341,Extreme Evolution: Drive To Divinity
9342,Emerge: Cities Of The Apocalypse
9343,Earthlock
9344,Geneforge 4: Rebellion
9345,1000 Days To Escape
9346,Romance Of The Three Kingdoms
9347,Tower Of Madness
9348,Terablaster
9349,12 Orbits
9350,Ambasu
9351,Mega Man Legacy Collection 2
9352,The Lost Crown
9353,Pac-Man Museum
9354,Star Wars Shadows Of The Empire
9355,Cthulhu: Death Escape / 克苏鲁:死亡逃脱 Prototype
9356,The Secret Order 2: Masked Intent
9357,Ascension To The Throne: Valkyrie
9358,Base One
9359,Mdk 2
9360,Armada: Modern Tanks
9361,Fear The Night - 恐惧之夜
9362,Charlie'S Adventure
9363,Lux Delux
9364,Fortune'S Run
9365,Avalom: Ancestral Heroes
9366,Neon Nexus
9367,Jets'N'Guns 2
9368,The Mahjong Huntress
9369,100 Hidden Mushrooms
9370,No More Heroes 2: Desperate Struggle
9371,Nauticrawl
9372,The Ninja Saviors: Return Of The Warriors
9373,Delve Deeper
9374,Deity Driving
9375,Vtb Basketball League Vr
9376,Shady Part Of Me
9377,Tren0
9378,Celestial Impact Invasion
9379,Remedium
9380,Super Galaxy Squadron Ex Turbo
9381,Eternal Dreamers
9382,No Delivery
9383,Paranormal State: Poison Spring
9384,Desolatium: Prologue
9385,Conarium
9386,Night Trap - 25Th Anniversary Edition
9387,L.A. Noire: The Vr Case Files
9388,Deadzone Haunt
9389,Minefight
9390,The Few
9391,Antihorror
9392,Artificial Division
9393,Isles Of Sea And Sky
9394,Strife: The Expanse
9395,The White Laboratory
9396,Mechs V Kaijus - Tower Defense
9397,Toast Time
9398,Stardom 3
9399,Space Industrial Empire
9400,Shotgun Legend
9401,Fated Souls
9402,Re-Legion
9403,Marvel Vs. Capcom Fighting Collection: Arcade Classics
9404,Last Heroes
9405,Avicii Invector
9406,Morningstar: Descent To Deadrock
9407,Phantom Signal — Sci-Fi Strategy Game
9408,Home Sheep Home: Farmageddon Party Edition
9409,Dusty Revenge:Co-Op Edition
9410,Ratten Reich
9411,Penny’S Big Breakaway
9412,Lock Down
9413,Darkstone
9414,The Void
9415,Welcome To Heaven
9416,Astro Sentai Jarbonder
9417,The Gate
9418,Nowhere Prophet
9419,Escape
9420,Bodycam:Adrenaline
9421,I Commissioned Some Bees 0
9422,Firmament
9423,Nether Heroes
9424,Attentat 1942
9425,Anki
9426,Moero Chronicle
9427,Naval Armada: Fleet Battle
9428,Ironclad Tactics
9429,Sakura Hime
9430,Zoo 2: Animal Park
9431,Adam Wolfe
9432,Holy Potatoes! We’Re In Space?!
9433,Sonic 3D Blast
9434,Between Two Castles - Digital Edition
9435,Stellagale: The Trials Of Faith
9436,Batman: Arkham City
9437,Samurai Slaughter House
9438,Overboard!
9439,Wurroom
9440,Monolight
9441,Final Fantasy Iv: The After Years
9442,Barro F22
9443,The Curse Of The Demon Tree
9444,Automachef
9445,Marble Duel: Sphere-Matching Tactical Fantasy
9446,Cannons-Defenders: Steam Edition
9447,The Chrono Jotter
9448,Chicken Invaders 5
9449,Dungeon Hearts
9450,Disciples Sacred Lands Gold
9451,Real Zombie War Simulator
9452,Lost:Antinomy
9453,Wild Workshop
9454,Fast Beat Loop Racer Gt | 環狀賽車Gt
9455,Wolf'S Gang
9456,Dogman
9457,Starcom: Nexus
9458,Slum Ball Vr Tournament
9459,Saint Seiya: Soldiers' Soul
9460,The Guard Of Dungeon
9461,Return.
9462,Wow Dance
9463,Until Dawn
9464,Matt'S Project Survival
9465,The Dragons' Twilight
9466,Harvestella
9467,Otherland Mmo
9468,Vegas Movie Studio 13 Platinum - Steam Powered
9469,Atonement 2: Ruptured By Despair
9470,Mahsung Deluxe
9471,Yargis - Space Melee
9472,Slavistan
9473,Reignmaker
9474,Zroll
9475,Slikoban
9476,Close Your Eyes [Old Version]
9477,Atelier Yumia: The Alchemist Of Memories & The Envisioned Land
9478,West Sweety
9479,The Station
9480,Beeswing
9481,"Rainbows, Toilets & Unicorns!"
9482,Tank Brawl 2: Armor Fury
9483,Lightphobe
9484,Destined
9485,Blazing Chrome
9486,Minoria
9487,The Walsingham Files - Chapter 1
9488,Slash It
9489,月圆之堡 Castle Of Full Moon
9490,Cross Set
9491,Youtubers Life 2
9492,Xpcade
9493,Linevox 2: Forward To The Past
9494,Yosumin!
9495,Super Toy Cars
9496,Uni
9497,Dragon'S Lair
9498,Xwidget
9499,Cold Fear
9500,S.T.A.L.K.E.R.: Shadow Of Chornobyl - Enhanced Edition
9501,Magic Rampage
9502,The Missing: J.J. Macfield And The Island Of Memories
9503,Snapshot
9504,Accro
9505,Amok
9506,Tiki Man
9507,Taimumari: Definitive Edition
9508,Island Dash
9509,I Am Setsuna
9510,Circadian Dice
9511,Aurora
9512,Reus 2
9513,Fractal: Make Blooms Not War
9514,The Bird'S Realm 3
9515,Border Officer
9516,Sword Of The Stars: Complete Collection
9517,Overload Playable Teaser 3.0
9518,Survivors Of The Dawn
9519,Ar-K
9520,Silent Gentlemen
9521,Hentai Crush
9522,Warhammer Age Of Sigmar: Realms Of Ruin
9523,Bunny Hop League
9524,One Tower
9525,Xuan-Yuan Sword: The Scar Of Sky
9526,Killer Klownz
9527,Tasty Blue
9528,Chinese Chess
9529,Music Maker (64 Bit) Steam Edition
9530,Gonner
9531,Blaster Shooter Gunguy!
9532,Sunrider Academy
9533,Cattuber
9534,Mount Your Friends 3D: A Hard Man Is Good To Climb
9535,Heroes Of The Three Kingdoms 6
9536,Tayutama 2-You'Re The Only One-
9537,Anvil Saga
9538,梦魇：无归 Nightmare Without Return
9539,Corpse Party (2021)
9540,Dawn Of Defiance
9541,Freedom Cry
9542,Grunnd
9543,Cool People Club
9544,Dig Down
9545,Frog'S Princess
9546,Halcyon Days
9547,Colortone
9548,Beware Planet Earth
9549,Skybreakers
9550,Hiking Simulator 2018
9551,Night Reverie: Prologue
9552,Unreal Life
9553,A Plunge Into Darkness
9554,Cloak & Dagger: Shadow Operations
9555,N1L (No1Lives)
9556,Vacuum Warrior - Idle Game
9557,Aquanox 2: Revelation
9558,Faith Of Life _ Survive Edition
9559,Tetrobot And Co.
9560,Trover Saves The Universe
9561,1979 Revolution: Black Friday
9562,Sinned
9563,Green World: Catharsis
9564,The Yawhg
9565,Half Minute Hero: The Second Coming
9566,Insanity'S Blade
9567,Aozora Meikyuu
9568,Pyramida
9569,The Swine
9570,Multiverse Loot Hunter
9571,Crazy Buggy Racing
9572,Asgard'S Fall — Viking Survivors
9573,Nervbox
9574,Spaceslingers
9575,Train Simulator: Pacific Surfliner La - San Diego Route
9576,Sea Power : Naval Combat In The Missile Age
9577,Get The Gems
9578,Wild Island Quest
9579,Bud Spencer & Terence Hill - Slaps And Beans
9580,The Town Of Light
9581,Die Young: Prologue
9582,Eternity: The Last Unicorn
9583,Diluvion: Resubmerged
9584,Eresys
9585,Hello Charlotte Ep3: Childhood'S End
9586,Supply Chain Idle
9587,Raiden Iv: Overkill
9588,Westboro
9589,Dexter Stardust : Adventures In Outer Space
9590,Soundboxing
9591,The Office Quest
9592,Return The Backrooms
9593,Deep Space Waifu: Flat Justice
9594,Imperius
9595,Season Match
9596,Stories One
9597,The Eternal Castle [Remastered]
9598,Breakfive
9599,Hole
9600,Attack Of The Trafalas
9601,Dinosaur Fossil Hunter
9602,Super Space Pug
9603,Sunset'S Ashes
9604,Arms Evolution: Zombie Destroyer
9605,Mayhem Intergalactic
9606,Squirbs
9607,Chuchel
9608,Through The Kill Screen
9609,Star Witch
9610,Magical Battle Cry
9611,Soulsaveronline
9612,Sinister Night 2
9613,World Of Subways 1 – The Path
9614,Brushwood Buddies
9615,Zeal
9616,Tex Murphy: Under A Killing Moon
9617,Shan Gui (山桂)
9618,Project Castle
9619,接触: 第一章(The Encounter: Chapter One)
9620,Hovership Havoc
9621,Prince Arthur Monsters Of Albion
9622,魔塔地牢
9623,"Hack, Slash, Loot"
9624,Night Gate
9625,Demon Hunter: Chronicles From Beyond
9626,Tsioque
9627,Chamber Survival
9628,Time Lock Vr 1
9629,Hollywood Animal
9630,The Body Vr: Journey Inside A Cell
9631,Puss!
9632,Shooting Stars!
9633,Tales Of Maj'Eyal
9634,Collapse: A Political Simulator
9635,The Butterfly Sign: Human Error
9636,Starr Mazer: Dsp
9637,Urtuk: The Desolation
9638,Snik
9639,Strange Ocean
9640,Hexen: Deathkings Of The Dark Citadel
9641,Rainbow Rage Squad
9642,Vqd : Platformer Adventures
9643,Heavy Weapon Deluxe
9644,Schoolboy Runaway
9645,Lasers
9646,Standbox
9647,Breakpoint
9648,Beyond The Void
9649,Hide Or Die
9650,Zoochosis
9651,Helen'S Mysterious Castle
9652,Dissolution
9653,Everreach: Project Eden
9654,Little Triangle
9655,Ovivo
9656,New Arc Line
9657,L.S.S Ii
9658,Jujutsu Kaisen Cursed Clash
9659,House Of Rules
9660,King Of Avalon
9661,A Day Out
9662,Bloodhound
9663,Astrox Imperium
9664,Dynasty Warriors 9 Empires
9665,Slash Or Die
9666,Metaverse Construction Kit
9667,Crea
9668,Metaphobia
9669,S.W.I.N.E. Hd Remaster
9670,Nicolas Eymerich - The Inquisitor - Book 1 : The Plague
9671,The Sirena Expedition
9672,Kainga: Seeds Of Civilization
9673,Fluffy Horde
9674,I Am Sakuya: Touhou Fps Game
9675,Fractal Glide
9676,Parasite
9677,Tribes 3: Rivals
9678,Lone Fungus
9679,Eschalon: Book I
9680,The Troma Project
9681,Neverout
9682,Dakar Desert Rally
9683,Winds Rhapsody
9684,Senran Kagura Burst Re:Newal
9685,Laundry Store Simulator
9686,Block Story
9687,False Skies
9688,Do Something
9689,Parachuter
9690,The Order Of The Snake Scale
9691,My Dear Sister
9692,Fantasy Of Expedition
9693,Geneforge 2
9694,Next Door - An Eternal World
9695,Arsenal Of Democracy: A Hearts Of Iron Game
9696,Lost Horizon
9697,Apollo 11 Vr
9698,Geneforge 3
9699,Last Will
9700,Slime 3K: Rise Against Despot
9701,Redcon
9702,Urbo
9703,In Death
9704,Undead Horde
9705,Lucius Iii
9706,Saleblazers
9707,Manarocks
9708,Doom Sweeper
9709,Gunsmith
9710,Beyond Reality
9711,Gridworld
9712,Shadowgate
9713,Thoth
9714,Knights Of Pen And Paper 3
9715,Go For A Punch! Saki Sanobashi
9716,Leaving Lyndow
9717,Dakar 18
9718,Coonwood
9719,Fire With Fire Tower Attack And Defense
9720,Zeepkist
9721,The Bonerooms
9722,Rise Of Insanity
9723,Master Of Magic
9724,Gem Blast
9725,Awesome Metal Detecting
9726,Reload
9727,My Life As An Archeologist
9728,Wasteland Angel
9729,Dark Swords
9730,Motogp19
9731,Kane'S Shadow
9732,Happy Bones
9733,Final Goal
9734,Poostall Royale
9735,恋爱单选题
9736,Eternal Threads
9737,"Movavi Video Suite 17 - Video Making Software - Video Editor, Video Converter, Screen Capture, And More"
9738,The Adventurer - Episode 2: New Dreams
9739,Gestalt: Steam & Cinder
9740,Dominions 4: Thrones Of Ascension
9741,Containment: The Zombie Puzzler
9742,Evil Bank Manager
9743,Vr Dungeon Knight
9744,John Wick Hex
9745,Mx Vs Atv Legends
9746,Card Survival: Tropical Island
9747,A Memoir Blue
9748,Nightmares From The Deep 2: The Siren`S Call
9749,Demon Blast
9750,Space Rogue
9751,Stellar Survivor
9752,School Years
9753,Shattered Lights
9754,Celadon
9755,"Colossus Mission - Adventure In Space, Arcade Game"
9756,Citizen Sleeper 2: Starward Vector
9757,Avalanche 2: Super Avalanche
9758,Ferus-The Dark Abyss
9759,Deadly Nightmare
9760,One More Dungeon
9761,Fate Of The World
9762,The Treasures Of Montezuma 3
9763,"Frick, Inc."
9764,Mechanica: A Ballad Of The Rabbit And Mercury
9765,Somewhere In The Shadow
9766,"Precipice Of Darkness, Episode Two"
9767,Galaxium
9768,Motorcycle Mechanic Simulator 2021
9769,A Shopping Trip To Eklan Tor
9770,Pointblank
9771,Monster Prom 4: Monster Con
9772,Haunted Mansion
9773,Heroes Of Dire
9774,Atelier Firis: The Alchemist And The Mysterious Journey Dx
9775,Era Of Miracles
9776,Pro 11 - Football Manager Game
9777,Nuckelavee
9778,Luna'S Fishing Garden
9779,Voodoo Garden
9780,Gunsmith Simulator
9781,Alice Vr
9782,A Summer'S End - Hong Kong 1986
9783,Demigod
9784,Hero Plus
9785,Subterrain
9786,Ohm Studio
9787,Tumbled
9788,Secret Ponchos
9789,Black Sails - The Ghost Ship
9790,Blueshift
9791,Liquidators
9792,Cogmind
9793,Crime Secrets: Crimson Lily
9794,Pawnbarian
9795,Space Drone: Rescue Mission
9796,道衍诀
9797,Truck & Logistics Simulator
9798,Black Sheep
9799,Veneficium: A Witch'S Tale
9800,Demonsomnia
9801,Outbreak: The Nightmare Chronicles
9802,Subspace Continuum
9803,Tdp5 Arena 3D
9804,Bonsai
9805,Idle Space Raider
9806,Amazing Frog? 2
9807,Aurora: A Child'S Journey
9808,Taiji
9809,Master Of Pottery
9810,Atomega
9811,Dungeons And Dragons: Daggerdale
9812,Lost Skies
9813,Escape Rosecliff Island
9814,Demolition Inc.
9815,Crowntakers
9816,Drakensang: The River Of Time
9817,Horizon Zero Dawn Remastered
9818,Hard Truck Apocalypse: Rise Of Clans / Ex Machina: Meridian 113
9819,Bejeweled 2 Deluxe
9820,"1,000 Heads Among The Trees"
9821,Starfighter Aces
9822,Smib: Mission Cure
9823,Save The Ninja Clan
9824,Choice Of Robots
9825,Disciples Ii: Gallean'S Return
9826,Hangman
9827,我就是建-I Just Build
9828,Ralph'S Party Rpg
9829,Forged Battalion
9830,Killsteel
9831,Plasticity
9832,Diddy
9833,Small Ball
9834,Dead Age 2: The Zombie Survival Rpg
9835,Sprite Fantasia
9836,Dead Train
9837,Family Man
9838,Emergency 2016
9839,Risen Kingdom
9840,Pro Cycling Manager 2015
9841,Fidel Dungeon Rescue
9842,18+
9843,Choo Choo Survivor
9844,Holopoint
9845,Lego 2K Drive
9846,Supreme Ruler The Great War
9847,我说什么她们都答应（Okeverything）
9848,Dark Sword: The Light Of Ainn
9849,Folie Fatale
9850,Rad
9851,The Masterplan
9852,Casinorpg
9853,Transport Giant
9854,Runespell: Overture
9855,Endless Furry Pinball 2D
9856,Pro Gamer Manager
9857,Visitor 来访者
9858,Stranded
9859,Karaski: What Goes Up...
9860,Coffin Dodgers
9861,Dictators:No Peace Countryballs
9862,Cheese Runner
9863,Kunai
9864,Garten Of Banban 4
9865,Shattered Steel
9866,1982
9867,This Grand Life
9868,Bang Bang Racing
9869,Drop In - Vr F2P
9870,Fight Of Gods
9871,The Devils - A Visual Novel Of Wwii
9872,Fade Out
9873,Shantae And The Pirate'S Curse
9874,Tvs: The Awakening
9875,Multi Turret Academy
9876,Dongeng Bayang Kulit
9877,冒险村传说（Tales Of Legends）
9878,Filthy Animals | Heist Simulator
9879,Platypus
9880,Mosaique Neko Waifus 5
9881,Ever Forward Prologue
9882,Grotesque Tactics 2 – Dungeons And Donuts
9883,Jade'S Journey
9884,Lazarus A.D. 2222
9885,Wild Animals - Animated Jigsaws
9886,Hope Lake
9887,The Spiral Scouts
9888,Killer Klowns From Outer Space: The Game
9889,Hidden & Dangerous 2: Courage Under Fire
9890,The Collider
9891,Lucid
9892,Mutational Loading
9893,Succubus Rem
9894,2112Td: Tower Defense Survival
9895,Gray Dawn
9896,Ufo: Henfield
9897,Tile Cities
9898,The Swindle
9899,Dungeonman
9900,Nsfw ~ Not A Simulator For Working
9901,Bound Forest Alpha
9902,沉默的蟋蟀
9903,Gods Of Sand
9904,Levelhead
9905,Cannon Lab 13
9906,Geometry Arena
9907,Stationflow
9908,Domino Sky
9909,Iron Conflict
9910,Polaris
9911,Boor
9912,Shape Shifter
9913,Inexistence
9914,Slasher'S Keep
9915,Q Remastered
9916,Overload
9917,Wanba Warriors
9918,Tinboy
9919,Labyrinth
9920,Nevermind
9921,Enotria: The Last Song
9922,Ludo Supremo
9923,Drone The Game
9924,War Mongrels
9925,Dcop
9926,Muv-Luv
9927,J.U.R : Japan Underground Racing
9928,Neon Warp
9929,Fairy Tale Mysteries: The Puppet Thief
9930,Old Gods
9931,Microworks
9932,Solar System Vr
9933,March Of The Eagles
9934,Megadimension Neptunia Viir
9935,High Hell
9936,Beautiful Japanese Scenery - Animated Jigsaws
9937,Tales From Aturian - Battle Of Cleaved Fields
9938,Warhammer Quest 2: The End Times (Classic)
9939,River Town Factory
9940,Neon Noir
9941,Match3 Mania!
9942,Love N War: Warlord By Chance
9943,Ultra Fight Da ! Kyanta 2
9944,Indiana Jones And The Emperor'S Tomb
9945,Mistover
9946,Spiritfall
9947,Psychopomp Gold
9948,Antioch: Scarlet Bay
9949,Under Night In-Birth Exe:Late
9950,Dollmare
9951,Ungeon
9952,Savage Resurrection
9953,Arcadeon Vr
9954,Battlefield: Bad Company 2 Vietnam
9955,Finnish Cabin Mayhem - Mökkimähinä
9956,Roof Genocide
9957,末世少女 Zombie Girl
9958,Redactem
9959,Hakuoki: Kyoto Winds
9960,Seablip
9961,Wizard Of Legend 2
9962,Criminal Archives: City On Fire Collector'S Edition
9963,Anger Foot
9964,Ballistick
9965,World End Economica Episode.01
9966,Guilty Gear 2 -Overture-
9967,Zombie Tycoon 2: Brainhov'S Revenge
9968,Tower Dominion
9969,Hero Defense
9970,Summon
9971,Super Raft Boat Vr
9972,Relicta
9973,Spacecom
9974,Minimalist Tower Defense
9975,The Nameless: Slay Dragon
9976,Guardians Of Lodino Forest
9977,Flight Control Hd
9978,Zen Bound 2
9979,Monster Energy Supercross - The Official Videogame
9980,Aurora Trail
9981,Game Dev Studio
9982,江湖余生：缘起
9983,Devil'S Hunt
9984,Salt
9985,Unexplored 2: The Wayfarer'S Legacy
9986,Flowers Blooming At The End Of Summer
9987,Metamorph: Dungeon Creatures
9988,Project Starship
9989,Military Conflict: Vietnam
9990,Soldier In The Darkness
9991,The Prometheus Secret Noohra
9992,Araya
9993,Intrude
9994,Dead Effect 2 Vr
9995,Medieval Arms
9996,Sumo Revise
9997,Disney Classic Games: Aladdin And The Lion King
9998,City Siege: Faction Island
9999,Stonies
10000,Shady Knight
10001,The Vr Museum Of Fine Art
10002,Pac-Man World Re-Pac
10003,Classified: France '44
10004,Swords And Sorcery - Underworld - Definitive Edition
10005,The Life Of Greather
10006,Lab Bio-Terror
10007,Sojo
10008,Shiki
10009,Superdimension Neptune Vs Sega Hard Girls
10010,Trader Life Simulator
10011,Roman'S Christmas / 罗曼圣诞探案集
10012,Electro Ride Prologue
10013,Party Quiz
10014,Oh No! Bugs!
10015,Ripple Effect
10016,Model Builder: Complete Edition
10017,Full Spectrum Warrior: Ten Hammers
10018,Historic Fighters
10019,Falcon 4.0
10020,The Maw
10021,Chess Evolved Online
10022,Out Of Reach
10023,Insurmountable
10024,Vanguards
10025,Cyber Badminton 2020
10026,Akane The Kunoichi
10027,Hardland
10028,Silence Of The Sleep
10029,Flavortown
10030,Putrefaction
10031,1001 Spikes
10032,Kathy Rain 2: Soothsayer
10033,S.E.C.U.
10034,Fall Of Civilization
10035,Kingdom Under Fire: Heroes
10036,The Gallery - Episode 1: Call Of The Starseed
10037,Uncharted Ocean
10038,Near Deadline
10039,Freaky Awesome
10040,The Girl Who Sees
10041,Kinduo
10042,Forsaken World: Gods And Demons
10043,Chronique Des Silencieux
10044,Exposed Livestream
10045,[Chilla'S Art] The Night Way Home | 帰り道
10046,Arcade Classics Anniversary Collection
10047,Solarblack
10048,Push
10049,Chronicles Of A Dark Lord: Episode 1 Tides Of Fate Complete
10050,A Building Full Of Cats
10051,Hearts Of Iron Iii: Semper Fi
10052,Heroes Of Time
10053,Star Shelter
10054,Tankbox
10055,Carmageddon Tdr 2000
10056,Void Slayer
10057,Adventure Time: Pirates Of The Enchiridion
10058,近畿霊務局 - Kinki Spiritual Affairs Bureau
10059,Stack
10060,Ratshaker
10061,Scheming Through The Zombie Apocalypse: The Beginning
10062,Tina: Swordswoman Of The Scarlet Prison
10063,Atelier Ryza 2: Lost Legends & The Secret Fairy
10064,Rds - The Official Drift Videogame
10065,Amber Isle
10066,Robonauts
10067,Last Heroes 3
10068,Oh My Gore!
10069,I Am The Hero
10070,The Bard'S Tale Trilogy
10071,忍者村大战2
10072,X Rebirth Vr Edition
10073,Retro Game Crunch
10074,Revans
10075,Chinese Driving Test Simulator
10076,Idle Racing Go: Clicker Tycoon
10077,Wwe 2K25
10078,Mdne
10079,Just Dance 2017
10080,The Molfar: Call Of Heart
10081,Ice World
10082,Premier Manager 02/03
10083,Xuan-Yuan Sword 2
10084,Space Empires Iv Deluxe
10085,The Key Of Rednow
10086,Crashlands 2
10087,Clean Slate
10088,Lostwinds
10089,Neighbors: Suburban Warfare
10090,Guards
10091,Limitless Hunger
10092,The Great Perhaps
10093,Where'S My What?
10094,Burly Men At Sea
10095,Hope For City
10096,Contra: Operation Galuga
10097,World Of Myths
10098,Battle Fleet 2
10099,Battle Bruise
10100,Otherworld Legends 战魂铭人
10101,The Feeble Files
10102,Ropuka'S Idle Island
10103,Blackwell Unbound
10104,Steven Universe: Save The Light
10105,Audiate
10106,Dark Light
10107,Subspace Discovery
10108,羽翼的祈愿 - Feather Of Praying
10109,Nyctophilia
10110,Arcana Heart 3 Love Max!!!!!
10111,Time Of Fury
10112,The Signal From Tölva
10113,Monuments Flipper: Prologue
10114,"Spy Fox In ""Dry Cereal"""
10115,Mushroom Cats
10116,The Backrooms Deluxe
10117,Cyber Emoji Tale 2099
10118,The Lar
10119,Zombie Playground
10120,Spinnortality | Cyberpunk Management Sim
10121,Ruinarch
10122,Unexplored
10123,Hellgate Senigallia Remake
10124,Rear Of Business
10125,Insidia
10126,Disc Space
10127,Rebirth:Mr Wang
10128,Metro Awakening
10129,Siralim 2
10130,Lunar Mirror
10131,Videophobia
10132,Into The Flames
10133,Santa'S Big Adventures
10134,Cattails: Wildwood Story
10135,Egg Raiders
10136,Guards Ii: Prologue
10137,Princess Maker 5
10138,Ghost In The Pool
10139,Chernobylite 2: Exclusion Zone
10140,Ww2 Rebuilder
10141,Fly Punch Boom: First Impact!
10142,Ravenbound
10143,Jack Move
10144,Jei Vr
10145,"Forgotten, Not Lost - A Kinetic Novel"
10146,The Little Acre
10147,Time Rifters
10148,Sam & Max Hit The Road
10149,Drive 21
10150,Tennis Elbow 2013
10151,"About Love, Hate And The Other Ones"
10152,Citystate
10153,Seeking Evil: The Wendigo
10154,幻想枝魂 Soul Fantasy
10155,Scp: Retrieval
10156,Sigma Theory: Global Cold War
10157,Old Stories: Fireheart
10158,Betrayal At Club Low
10159,Magicians' Legacy: Prologue
10160,Ngu Industries
10161,Elon Simulator 2019
10162,B-17 Flying Fortress: The Mighty 8Th
10163,The Last Hero Of Nostalgaia
10164,Vilmonic
10165,Motesolo : No Girlfriend Since Birth
10166,Rez Infinite
10167,The Sad Story Of Emmeline Burns
10168,Raiding Party
10169,Disjunction
10170,Unstoppable Gorg
10171,Satazius
10172,Commando Collection
10173,Tavern Of Gods
10174,Lords Of The Realm Ii
10175,Bandle Tale: A League Of Legends Story
10176,Denbora
10177,Deadly Daycare Vr
10178,Ether Vapor Remaster
10179,Titan Attacks!
10180,Infinitode 2 - Infinite Tower Defense
10181,Town Of The Dead Life 死寂之城
10182,Burst
10183,The Treasure Of The Dragon
10184,Adventures On The Polluted Islands
10185,Stones Keeper: King Aurelius
10186,Employee Recycling Center
10187,Transregnum
10188,Company Of Heroes 2 - Ardennes Assault
10189,Ufo Checkers
10190,Letter Quest: Grimm'S Journey
10191,Qbeh-1: The Atlas Cube
10192,Remothered: Broken Porcelain
10193,Vaporum
10194,Locke(D)
10195,Acro Fs
10196,Void Prison
10197,Fireflies
10198,One Long Night With The Circleheads
10199,Delete
10200,Wizardry 6: Bane Of The Cosmic Forge
10201,Antisquad
10202,Axion Strike
10203,Watch Your Helmet
10204,The Mansion Of The Macabre
10205,Real Estate Tycoon
10206,Executive Assault
10207,Dread Dawn
10208,Creepy Tale 3: Ingrid Penance
10209,Empyre: Dukes Of The Far Frontier
10210,Platformines
10211,Suit For Hire
10212,Hero Tale
10213,Farlanders
10214,Blood Code
10215,Autobahn Police Simulator 3
10216,The Stone Of Madness
10217,La Sombra
10218,Aidventure
10219,Touhou Kouryudou ~ Unconnected Marketeers.
10220,Vesper: Ether Saga - Episode 1
10221,A Hand With Many Fingers
10222,Black Hole Simulator
10223,Rune Ii: Decapitation Edition
10224,Gone Golfing
10225,Gnomes Garden 3: The Thief Of Castles
10226,Lorelai
10227,Attack On Titan / A.O.T. Wings Of Freedom
10228,Gun Witch
10229,Nobody'S Home
10230,The Cooking Game
10231,Aokana - Four Rhythms Across The Blue
10232,Confusion
10233,Salvation Prophecy
10234,Why Not?
10235,Plane Mechanic Simulator
10236,Control Craft 2
10237,Eqi
10238,Rogue Empire: Dungeon Crawler Rpg
10239,Goblin Gearshop
10240,Cricket 22
10241,Loonyland: Halloween Hill
10242,Moss Ii Vr
10243,Wordle 4
10244,Office Space: Idle Profits
10245,The Takeover
10246,Nebraska
10247,A Valley Without Wind 2
10248,Kamitsubaki City Ensemble
10249,Tentlan
10250,Noctropolis
10251,仙绣剑缘录
10252,Saga
10253,Chess Brain: Dark Troops
10254,Skyfighter Arcade
10255,Swat 3: Tactical Game Of The Year Edition
10256,Gal Guardians: Demon Purge
10257,#Killallzombies
10258,Another Crusade
10259,Suicide Guy: Sleepin' Deeply
10260,Wrack
10261,Rekt: Crash Test
10262,Qp Shooting - Dangerous!!
10263,Bwudaling: Da Fight For Da Bwudahood
10264,Little King'S Story
10265,Cibele
10266,Zero Gear
10267,The Tale Of A Common Man
10268,Force Reboot
10269,To The Capital
10270,Kings And Heroes
10271,Survisland / 实境求生
10272,Gunfu Fighter
10273,Cardfight!! Vanguard Dear Days
10274,Find You
10275,Ghost Of Dragon
10276,Beast: False Prophet
10277,Killer Motive
10278,Grimmwood Open Beta
10279,Escape From Pine Mountain
10280,Bombs Away
10281,『絵話 -Kaiwa-』
10282,Degraman: Act I. Vincent & Cassel
10283,Trickster Vr: Co-Op Dungeon Crawler
10284,Stick It To The Man!
10285,Bakery Simulator
10286,Cave Digger Vr
10287,Meer'S: Escape
10288,Racetronicvr
10289,Virtual Virtual Reality
10290,B3
10291,The Adventures Of Tree
10292,Snood
10293,Marco & The Galaxy Dragon
10294,Star Wars: Bounty Hunter
10295,Simulacra: Pipe Dreams
10296,Shardlight
10297,Find The Murderer 3
10298,International Snooker
10299,Asterix & Obelix Xxxl : The Ram From Hibernia
10300,Perils Of Man
10301,Glass Masquerade 3: Honeylines
10302,Floating Life2
10303,Taimanin Collection: Battle Arena
10304,Dummynation
10305,Apolune 2
10306,Screeps: Arena
10307,Castle Break
10308,Drift Gear Racing Free
10309,Farm For Your Life
10310,Fish Tycoon 2: Virtual Aquarium
10311,Commander Cool 2
10312,Earthfall
10313,Lucky Lord: The Coin Pusher Of Fate
10314,Brewmaster: Beer Brewing Simulator
10315,The Drift Challenge
10316,Hanse - The Hanseatic League
10317,Craft Hero - Prologue
10318,Dungeon Of Elements
10319,Pixel Survivors : Roguelike
10320,Bullet Girls Phantasia
10321,Ajax’S Trial
10322,Astral Heroes
10323,Sons Of Triskelion
10324,Witness Of The Night
10325,Gangs Of Space
10326,Tankcraft
10327,My Jigsaw Adventures - The Source Of Power
10328,Outrage
10329,Neverhome Ch.1 - Hall Of Apathy
10330,Stick Rpg 2: Director'S Cut
10331,Bot Studio For Discord
10332,Surrealvr
10333,World Ship Simulator
10334,Amborettio
10335,Versus: Battle Of The Gladiator
10336,Polygone
10337,Bloody Trapland 2: Curiosity
10338,Puzzle Cube
10339,The Samaritan Paradox
10340,The Shore Vr
10341,The Forest Prison
10342,Ultimate Sudoku Collection
10343,Asdivine Cross
10344,Military Operations: Benchmark
10345,The 11Th Hour
10346,Dungeon Encounters
10347,Steel Fury: Kharkov 1942
10348,Alter Ego
10349,Land Above Sea Below Prologue
10350,Ufo Robot Grendizer – The Feast Of The Wolves
10351,Last Call Bbs
10352,Battlezone 98 Redux
10353,Train Sim World 4
10354,Sixty Four
10355,月に寄りそう乙女の作法
10356,千面 Melancholy Love
10357,"The Wake: Mourning Father, Mourning Mother"
10358,Salt 2: Shores Of Gold
10359,Tiger Tank
10360,The Swordsmen X: Survival
10361,"Peace, Death!"
10362,Tales Of The Elements
10363,The Bottom Of The Well
10364,Gravity
10365,Nationwar:Chronicles | 国战:列国志传
10366,Escape The Mad Empire
10367,Vehicle Vr
10368,Zombie Ballz
10369,Fieldrunners 2
10370,Sense Of Darkness
10371,Underspace
10372,Waveshaper
10373,Actual Sunlight
10374,Synergia
10375,Krum - Edge Of Darkness
10376,Cardlife: Creative Survival
10377,All Aspect Warfare
10378,Spikit
10379,Mosaics Galore 2
10380,Panic Room 2: Hide And Seek
10381,Goodbye Volcano High
10382,Alone In The Dark (2008)
10383,Scrap
10384,Goobies
10385,Reactor Tech²
10386,Darkzone: Idle Rpg
10387,Wings! Remastered Edition
10388,Starship Saboteur Prototype
10389,Raze 2070
10390,Breakers World
10391,Atlantic Fleet
10392,Nba 2K Playgrounds 2
10393,御剑飞行射击训练空间
10394,Too Different
10395,Pixel Survivors
10396,Mystica
10397,Superpower 3
10398,Real Horror Stories Ultimate Edition
10399,Oik
10400,Brutal Rifters
10401,4X-Galaxy 无主之地：银河
10402,Madshot
10403,The Emerald Maiden: Symphony Of Dreams
10404,Reflex Arena
10405,Forrader Hero
10406,Graven
10407,Six Days Of Snow
10408,Mobile Astro
10409,Recycling Center Simulator
10410,Shuyan Saga
10411,【Scp】器関ノ彷徨 -The Will Of A Single Tale-【Demover.】
10412,Astro Colony
10413,The Ramp
10414,Dirty Harry'S Thunder Drive
10415,Idle Heist
10416,The Oregon Trail
10417,Insane Decay Of Mind: The Labyrinth
10418,Broken Lines
10419,An Ankou
10420,Astria Ascending
10421,Absentedage: Squarebound
10422,完蛋！我也能追到美女了！
10423,Through Abandoned: The Refuge
10424,Starwhal
10425,Tunguska: The Visitation - Final Cut
10426,Mortal Royale
10427,Swordbreaker The Game
10428,Deluded I
10429,The Normal Thing
10430,Love Shore
10431,Tactical Genius Online
10432,Intershelter
10433,Guns N Stuff
10434,Mech Armada
10435,Battlecon: Online
10436,Last Days
10437,Gnomes Garden 2
10438,Land Of The Vikings
10439,Technotopia
10440,Loco Parentis / 孤女咒怨
10441,Gunman And The Witch
10442,Lair Of The Clockwork God
10443,Filament
10444,Rhythm Destruction
10445,Ansiolisis
10446,Airball
10447,Power
10448,Crossroad Os
10449,Dandara: Trials Of Fear Edition
10450,Saku Saku: Love Blooms With The Cherry Blossoms
10451,The Golf Club 2
10452,Flife
10453,Tiny Brains
10454,Jupiter Hell
10455,The Slopes
10456,Romancing Saga -Minstrel Song- Remastered
10457,Plains Of Pain
10458,Underminer
10459,Home And Dungeon
10460,Noctuary
10461,Farm Life: Natures Adventure
10462,First Person Shooter Kit Showcase
10463,Black Market Of Bulletphilia  ~ 100Th Black Market.
10464,The Agony
10465,Lords Of Football
10466,Bloop
10467,The Deed: Dynasty
10468,Looped
10469,Sol Survivor
10470,Stray：Exotic
10471,Satisfactory Modeler
10472,Mini Airways - Atc Simulator
10473,Pocket Bravery
10474,Car Trader Simulator
10475,Richie'S Plank Experience
10476,Escape From Mystwood Mansion
10477,Crimson Metal Classic 1999
10478,Golf Gang
10479,Eden'S Last Sunrise
10480,Majestic Trials
10481,Box Maze
10482,Deadly Racing Duel
10483,Frog Bath
10484,Missing: An Interactive Thriller - Episode One
10485,Nanotale - Typing Chronicles
10486,Planet Alcatraz
10487,Seeker
10488,Super 3-D Noah'S Ark
10489,Trapped Souls
10490,Gripper: Prologue
10491,Inside Depth 6
10492,Song Of The Deep
10493,大衍江湖 - Evolution Of Jianghu
10494,Little Devil
10495,Reigns: Three Kingdoms
10496,After The Meteor Shower
10497,Sakura Nova
10498,Zombieville Usa 3D
10499,Wild Assault
10500,Bob Was Hungry
10501,Geneforge 5: Overthrow
10502,Arvale
10503,Elven Legacy
10504,Art Of Rally
10505,Enigmarella
10506,Dracula: Origin
10507,Original Journey
10508,Sapiens
10509,Dessert Storm
10510,Series Makers Tycoon
10511,Distant Star: Revenant Fleet
10512,Bomb The Monsters!
10513,Manipulate: Sacrifice
10514,Aker Fern
10515,Trainz Railroad Simulator 2019
10516,Motogp15 Compact
10517,Amerzone: The Explorer’S Legacy (1999)
10518,Mystery Of Camp Enigma
10519,A Lost Jellyfish: Return To Its Parents
10520,Good Morning Cruel City
10521,Kaboom Monsters
10522,Esenthel Engine
10523,Ak-Xolotl: Together
10524,Rog Citadel Xv
10525,Girls Like Robots
10526,High Entropy: Challenges
10527,Sherlock Holmes And The Hound Of The Baskervilles
10528,Ouroboros
10529,Junkyard Truck
10530,Planetiles
10531,Instant Death
10532,Tower Hunter: Erza'S Trial
10533,The Ghosts Of Hackney Mills
10534,The Fidelio Incident
10535,Touhou Makuka Sai ~ Fantastic Danmaku Festival Part Ii
10536,Park Beyond
10537,Survive In Space
10538,Welcome To Hanwell
10539,River City Girls 2
10540,Balloon Blowout
10541,A Good Snowman Is Hard To Build
10542,Hellpoint: The Thespian Feast
10543,不充钱还想过关的坦克大战？
10544,狼と香辛料Vr/Spice&Wolfvr
10545,It Runs Red
10546,Resident Evil 6 Benchmark Tool
10547,Scratches - Director'S Cut
10548,Mayhem In Single Valley: Confessions
10549,Wickless: The Void
10550,Anvil Life
10551,Distraction Machine
10552,Arkham Horror: Mother'S Embrace
10553,Willage
10554,Granny: Chapter Two
10555,A Noite Sem Fim
10556,The Oni Sellsword
10557,Gravity Shot
10558,Police Tactics: Imperio
10559,欢乐消消乐
10560,Chess Royale
10561,Neptunia Shooter
10562,Axis Football 2015
10563,White Shadows
10564,Olliolli2: Welcome To Olliwood
10565,Gylt
10566,爱与命的彼端
10567,Nighthunt
10568,Magic Borderless
10569,Thanks For Listening
10570,Sniper Elite Vr
10571,Starward Rogue
10572,Mail Time
10573,No Time For Caution
10574,Pixel Puzzles 2: Radical Roach
10575,Brash Monster Simulator
10576,Destiny'S Sword
10577,Rainbow Snake
10578,Guacamelee! 2
10579,Astrologaster
10580,Tank Tactics - Tds
10581,Hooligan Vasja: Halloween
10582,"Warhammer 40,000: Armageddon (Classic)"
10583,Bubble Blowout
10584,Infectonator: Survivors
10585,Onirim - Solitaire Card Game
10586,Seven Kingdoms 2 Hd
10587,Tex Murphy: Martian Memorandum
10588,Ambre - A Heartbreaking Kinetic Novel
10589,World War 2: Time Of Wrath
10590,Superstar Hero
10591,Hotline Miami 2: Wrong Number Digital Comic
10592,Trials 2: Second Edition
10593,Bejeweled Deluxe
10594,Trackmania² Valley
10595,Lume
10596,Gold Rush! 2
10597,Luna Sky
10598,Hellblade: Senua'S Sacrifice Vr Edition
10599,Tiny Room Stories: Town Mystery
10600,Murders In Space
10601,Kings Of Kung Fu
10602,Abtos Covert
10603,Disgaea 4 Complete+
10604,Wheel Riders Online Obt
10605,Bone Voyage
10606,Dungeons Of Aether
10607,Dungeon Rats
10608,Aion - Translator Application
10609,Warlords Battlecry Iii
10610,Sailwind
10611,Climbey
10612,Totally Unbalanced
10613,Where The Water Tastes Like Wine
10614,Chef: A Restaurant Tycoon Game
10615,Fleeting Iris
10616,Lust From Beyond: M Edition
10617,I Expect You To Die 3: Cog In The Machine
10618,Survive The Fall
10619,Meteor World Actor: Badge & Dagger
10620,Evil Shogun
10621,Tide—1927—
10622,A Robot Named Fight!
10623,Eden Star
10624,One Military Camp
10625,Nest
10626,Glitch
10627,Cubemen 2
10628,Monsters' Den: Godfall
10629,Fotonica
10630,奇克八号盲目发射 Blind No.8 Chick Shoot
10631,Super Turbo Demon Busters!
10632,The Walking Dead: Saints & Sinners - Chapter 2: Retribution
10633,Whispers Of The Dead
10634,Mr.President Prologue Episode
10635,Commander Quest
10636,Hentai Girl Hime
10637,Hunt The Muglump
10638,Operation Covid-19
10639,Suspects: Mystery Mansion
10640,Static : The Beginning
10641,Milo No Senki 3
10642,Gumboy - Crazy Adventures
10643,A Traveler'S Photo Album
10644,Dark Quest 3
10645,Wordle 2
10646,Nary
10647,A Wolf In Autumn
10648,The Dwarves
10649,Albedo: Eyes From Outer Space
10650,The Depths
10651,The Maze X: The First Chapter
10652,Maid Of Sker
10653,Fading Light Vr: Antiworld
10654,Xeno Shooter
10655,Beat Hazard 2
10656,Zombie Wars
10657,Skull And Bones
10658,Snake Farm
10659,Touhou Chireiden ~ Subterranean Animism.
10660,Hard Bullet
10661,Radon Blast
10662,Disciples Ii: Rise Of The Elves
10663,Midnight'S Blessing
10664,Breachway
10665,Hatsune Miku Logic Paint S
10666,Upward
10667,Destiny Of Ancient Kingdoms
10668,God Factory: Wingmen
10669,Refight:Burning Engine
10670,"Deserted ""Firefly Islands"": Chronicles"
10671,Space Tow Truck - Isaac Newton'S Favorite Puzzle Game
10672,Miner Wars 2081
10673,Inversus Deluxe
10674,Franzen
10675,Alterverse
10676,Angels Of Fasaria: Version 2.0
10677,A Princess' Tale
10678,Skyreach
10679,The Norwood Suite
10680,Go Slo
10681,Belladonna
10682,Toby: The Secret Mine
10683,Zavix Tower
10684,Ultra Savage
10685,Requiem: Avenging Angel
10686,Death Note Killer Within
10687,Throunnelvr
10688,Pandemonium
10689,Comedy Quest
10690,Finders Reapers
10691,永冻之壳 The Shell Of Permafrost
10692,Ball Of Wonder
10693,Armored Head
10694,灵墟
10695,The Eternal Cylinder
10696,Mystical Riddles: Behind Doll’S Eyes Collector'S Edition
10697,Size Matters
10698,Tomorrow'S Love Puzzle
10699,Top Speed 2: Racing Legends
10700,Krakout Challenge
10701,Home Detective Vr - Immersive Edition
10702,Dört Model Müzesi
10703,Touhou Kikeijuu ~ Wily Beast And Weakest Creature.
10704,Puzzlequest: Challenge Of The Warlords
10705,Coralina
10706,Hare In The Hat
10707,Table Manners: Physics-Based Dating Game
10708,Dust & Courage: Jake Bolton’S Journey
10709,Bot Wars
10710,Tiamat X
10711,The Coma 2: Vicious Sisters
10712,The Ditzy Demons Are In Love With Me
10713,Dynamite Jack
10714,March Of War: Faceoff - Xl
10715,Ultimate Word Search 2: Letter Boxed
10716,Saints Row: The Third Remastered
10717,Rhino'S Rage
10718,Persona 5 Tactica
10719,Jianghu Survivor
10720,Orcs
10721,The Celtos
10722,Space Slaughter
10723,Fireground Modern War
10724,Nexus 5X
10725,Tiny Echo
10726,Medieval Kingdom Wars
10727,Airbuccaneers
10728,Wars And Roses
10729,Go Mecha Ball
10730,Blast-Off
10731,Return To Mysterious Island 2
10732,川建国同志想要连任/Comrade Trump'S Re-Election
10733,Rogun Arena
10734,Tribe: Primitive Builder
10735,Jade'S Journey 2
10736,Battle Dome
10737,Battlegrounds Of Eldhelm
10738,Melon Madness
10739,Yuri Ogibalov'S Bizarre Adventure
10740,Secret Missions
10741,Death And Progress
10742,Death Game
10743,Pirate Pop
10744,Neptunia X Senran Kagura: Ninja Wars
10745,Outscape
10746,Pleiades - A Subversion Saga Game
10747,Agatha Christie - Murder On The Orient Express
10748,Sketchy'S Contract
10749,Dead Town Tales
10750,Nihiland
10751,! That Bastard Is Trying To Steal Our Gold !
10752,Wait! Life Is Beautiful! Prologue
10753,Introvert Quest
10754,Love Is Dead
10755,Master Of Orion 3
10756,Eyes Of War
10757,Antventor
10758,The Sims 2 Legacy Collection
10759,Estigma [Steam Edition]
10760,Sønderdø
10761,Venture Valley
10762,Antecrypt
10763,Underdogs
10764,Nickelodeon All-Star Brawl 2
10765,The House Of Da Vinci 3
10766,Operator
10767,Demons Roots
10768,The Deletion
10769,The Fall Of The Dungeon Guardians - Enhanced Edition
10770,Mirthwood
10771,Light Hunters: Battalion Of Darkness
10772,Dark Dragonkin
10773,69 Ways To Kill A Zombie
10774,Flowers -Le Volume Sur Hiver-
10775,Project 1337: The Well
10776,Rocket Horizon
10777,文字遊戯 第零章(日本語版)
10778,Forklift Load
10779,Out Of The Park Baseball 21
10780,副作用之瞳-Tlicolity Eyes-
10781,Airship: Kingdoms Adrift
10782,彗星战团
10783,Nubarron: The Adventure Of An Unlucky Gnome
10784,Get Tanked!
10785,Ball At Work: The Ultimate Speedrun Platformer!
10786,Zup! 9
10787,Heaven Will Be Mine
10788,Razortron 2000
10789,Metal Fatigue
10790,Envy The Dead
10791,Crazyflasher7 Mercenary Empire
10792,Polygon Attack
10793,Eternights
10794,Weapon Of Choice Dx
10795,Aventura Copilului Albastru Și Urât
10796,Gauntlet
10797,Kill La Kill -If
10798,Faeverse Alchemy
10799,Hanako: Honor & Blade
10800,Marz: Tactical Base Defense
10801,Fate/Stay Night Remastered
10802,Seek Girl V
10803,Gold Rush! Anniversary
10804,A Golden Wake
10805,Nancy Drew: Curse Of Blackmoor Manor
10806,Advent Rising
10807,Ink: Tournament Paintball
10808,Mutation Phase
10809,Sunset Drive
10810,当火车鸣笛三秒
10811,Swarm Simulator: Evolution
10812,Odd Realm
10813,Xxz
10814,Gold Of Lotusland
10815,Velocibox
10816,通天魔塔-Magictower
10817,Crimson Hell
10818,Asyula 方舟之链
10819,The Final Stand: Breakout
10820,A Visit To Friends
10821,Beat Blast
10822,Steins;Gate: Linear Bounded Phenogram
10823,Mangui
10824,Frontier Pilot Simulator
10825,Make Way
10826,Get Even
10827,Star Of Providence
10828,Throwdown Boxing 2
10829,Siralim
10830,Dcl - The Game
10831,Sarawak
10832,Magic Cauldron - Dungeons
10833,Dream Cycle
10834,Purgatory
10835,Code Alkonost: Awakening Of Evil
10836,Dragon War
10837,Fractured Veil
10838,The Witch & The 66 Mushrooms
10839,Backrooms Rec.
10840,A New Life.
10841,Footrock
10842,Noct
10843,Gluua
10844,Professional Farmer 2014
10845,Bombshell
10846,Swing Dunk (Beta)
10847,Tiltagon
10848,Out Of Ammo
10849,Fera: The Sundered Tribes
10850,Retro Classix: Bad Dudes
10851,Knights
10852,Lorn'S Lure
10853,Navy War: Battleship Games
10854,Solitaire Christmas. Match 2 Cards
10855,Dark Legions
10856,Alien Prop Hunt
10857,[Chilla'S Art] Shinkansen 0 | 新幹線 0号
10858,Keepsake
10859,Wordle 3
10860,Epic Cards Battle 2 (Tcg)
10861,Major\Minor - Complete Edition
10862,Chkn
10863,Loot Box Quest
10864,Unending
10865,Where'S My Helmet?
10866,Faefever
10867,Darkfall Unholy Wars
10868,Crazycars3D
10869,Carrier Command 2
10870,Simulacra 3
10871,Everslaught
10872,Warring States
10873,Pigromance
10874,Rpg Paper Maker
10875,Ultimate Arena Fps
10876,Clothing Store Simulator
10877,Ride 5
10878,Karate Master 2 Knock Down Blow
10879,东方试闻广纪 ~ Perfect Memento Of Touhou Question
10880,United Heist
10881,A Trip To Yugoslavia: Director'S Cut
10882,Moonchild
10883,Train To Nowhere
10884,The First Confrontation
10885,Rhiannon: Curse Of The Four Branches
10886,Dungelot: Shattered Lands
10887,Puzzle Kingdoms
10888,Lloyd The Monkey 3: Judgement Day
10889,Slime Ccg
10890,Chinatris
10891,Theatre Of War 2: Africa 1943
10892,Gnomes Garden
10893,Journey Of Life
10894,Faye: A Tale Of Shadow
10895,Aooni
10896,World Of Tennis: Roaring ’20S
10897,Armada 2526 Gold Edition
10898,Windosill
10899,Square N Fair
10900,Brutal Orchestra
10901,Pesticide Not Required
10902,Chronicles Of A Dark Lord: Episode Ii War Of The Abyss
10903,Rough Justice: '84
10904,The Black Grimoire: Cursebreaker
10905,Sky Haven Tycoon - Airport Simulator
10906,7 Grand Steps: What Ancients Begat
10907,Starion Tactics
10908,Bog Lord
10909,The Adventures Of Mr. Bobley
10910,To Infinity
10911,Habitat
10912,Class Of Heroes 2G: Remaster Edition
10913,Civil War: 1861
10914,Ark Mobius: Censored Edition
10915,Vaccine Zombies
10916,Xenus 2. White Gold.
10917,Coreborn
10918,A Year Of Rain
10919,Stones Of Sorrow
10920,Wylde Flowers
10921,Jamestown+
10922,Shadow Puppeteer
10923,Dream Escape
10924,Airport Simulator 2015
10925,Battlemaster
10926,Maze Quest 1: The Forest
10927,This Means Warp
10928,Praetorians
10929,Head Goal: Soccer Online
10930,Fract Osc
10931,Ancient Dungeon
10932,Pummel Paladins
10933,Obenseuer
10934,Attack Of Insects
10935,坦率的小红帽和爱说谎的狼
10936,Wakaru Ver. Beta
10937,Theatre Of War 3: Korea
10938,Midnight Mysteries
10939,Mountain Crime: Requital
10940,Rogue Trooper
10941,Making History: The Calm & The Storm
10942,Elechead
10943,House Of Legacy
10944,Picot Ether
10945,Alone
10946,Dark Space
10947,Postmortem: One Must Die (Extended Cut)
10948,Construction Charlie
10949,Alder'S Blood: Prologue
10950,The Legend Of Heroes: Trails In The Sky Sc
10951,Gladio And Glory
10952,Hyper Box
10953,Bee Island
10954,Devil Spire
10955,Mermaidvr Video Player
10956,Lolita Expedition
10957,Yao-Guai Hunter
10958,Charge!
10959,Unlasting Horror
10960,Cursorblade
10961,#Drive Rally
10962,Blueprint Tycoon
10963,The Last Sniper Vr
10964,恶灵退散 Go Back To Hell
10965,Shark Simulator
10966,Gunspell 2 – Match 3 Puzzle Rpg
10967,Duo
10968,9 Clues 2: The Ward
10969,The Last Weekend
10970,Heart&Slash
10971,They Look Like People
10972,Beneath Oresa
10973,Yet Another World
10974,1980
10975,Escape Academy
10976,Witch Stories
10977,Fugl
10978,Sunny Hillride
10979,Cavern Of Time
10980,Mimpi
10981,Bridge Constructor: The Walking Dead
10982,Langrisser I & Ii
10983,The Book Of Unwritten Tales 2
10984,Soulfire
10985,Town Of Night
10986,Just Ignore Them
10987,Mojo: Hanako
10988,Faun Air -フォーンアイル-
10989,Disney Infinity 3.0: Gold Edition
10990,回纹战棋
10991,Bloody Forest
10992,Butcher
10993,幻想三国志
10994,Elemental
10995,Another Sight - Hodge'S Journey
10996,2 Ninjas 1 Cup
10997,Midnight Mysteries: Salem Witch Trials
10998,Akaneiro: Demon Hunters
10999,Click Mage
11000,Pizza Possum
11001,Landlord Of The Woods
11002,Going The Distance
11003,Timewreck Tales: A Rogue Rpg
11004,房间的秘密3：女团回归夜
11005,Desperation
11006,Cut
11007,Stargazer
11008,百煉登神  Immortal Tales Of Rebirth
11009,The Advisor - Episode 1: Royal Pain
11010,Fortix
11011,Dubwars
11012,Showtime 2073
11013,Europa Universalis: Rome - Gold Edition
11014,Tales Of The Orient: The Rising Sun
11015,Dark Fall: The Journal
11016,Sid Meier'S Colonization (Classic)
11017,Hooligan Vasja: Christmas
11018,Custom Mech Wars
11019,God'S Basement
11020,Airmech Wastelands
11021,Netghost
11022,Fade To Silence
11023,Headliner
11024,A Wizard'S Lizard
11025,Soulbringer
11026,Papetura
11027,Snkrx
11028,Creative Console
11029,Crowhille - Detective Case Files Vr
11030,Wild Animal Racing
11031,Lumencraft
11032,Oriental Empires
11033,Cellar
11034,Lords And Villeins
11035,Captain Starshot
11036,Loria
11037,Serum: Toxic Survival
11038,Fantasy Battles
11039,Dinogen Online
11040,Astalon: Tears Of The Earth
11041,"7,62 High Calibre"
11042,Mystery Chronicle: One Way Heroics
11043,A Kiss For The Petals - Remembering How We Met
11044,The Far Frontier
11045,Our Hero! Two
11046,Shining Plume
11047,Soulash 2
11048,Circle Empires Tactics
11049,Castle Of No Escape 2
11050,The Last Starship
11051,The Great Geometric Multiverse Tour
11052,Leisure Suit Larry - Wet Dreams Don'T Dry
11053,The Frostrune
11054,Remnants Of Naezith
11055,Winions: Mana Champions
11056,Panelki
11057,Tradesman: Deal To Dealer
11058,Hopiko
11059,The King Of Fighters '97 Global Match
11060,Micro Machines World Series
11061,Circuit Breakers
11062,The Civil War
11063,Card Of Spirits
11064,Robohunters
11065,Plantera 2: Golden Acorn
11066,Odallus: The Dark Call
11067,The Black Watchmen
11068,Hellslave
11069,Make Your Kingdom: Prologue
11070,My Sunny Resort
11071,Other Worlds India
11072,Her Lie I Tried To Believe
11073,Forgotten Mines
11074,Agarta
11075,Tailor Tales
11076,Neko-Nin Exheart
11077,Spacecorn
11078,Jdm: Japanese Drift Master
11079,Nodes Escape
11080,Disney Movies Vr
11081,Lost Oliver
11082,A Night At The Watermill
11083,Dragon: A Game About A Dragon
11084,Kunkunnight
11085,Ev3 - Drag Racing
11086,Neverend
11087,The Walking Dead Onslaught
11088,Kuro Tactics
11089,Super Markup Man
11090,Hit Tank Pro
11091,Rocket Valley Tycoon
11092,War Of Tanks: Blitzkrieg
11093,My Wet Leto Comic
11094,Vr Black Hole Travel Hypothesis
11095,The Complex: Expedition
11096,Full Tilt Poker
11097,The Colonists
11098,The Void Rains Upon Her Heart
11099,Arevan
11100,Naheulbeuk'S Dungeon Master
11101,Pinku Kult Hex Mortis
11102,Awareness Rooms
11103,Supermarket Bash
11104,Doors: Paradox
11105,Swarm Arena
11106,Chushpan Simulator
11107,Subject 13
11108,Premier Manager 08
11109,Hibikakeyironokiseki / 裂色的奇迹 / ひびかけ色のキセキ
11110,Sakura Hime 2
11111,Delivery From The Pain:Survival / 末日方舟:生存
11112,Gabriel Knight: Sins Of The Father
11113,The Baconing
11114,Star Wolves
11115,Doom & Destiny
11116,Dandy Ace
11117,Kithack Model Club
11118,יום פתוח (Open Day)
11119,Escape Goat 2
11120,Death Goat
11121,Galimulator
11122,Borderlight
11123,Evil Glitch
11124,Luna
11125,Professor Goodboi'S Ballistics
11126,Paint It Back
11127,"Slice, Dice & Rice"
11128,Renai Karichaimashita: Koikari - Love For Hire
11129,Tales From Ahrum
11130,Out Of Oblivion
11131,I'M On Observation Duty 4
11132,十月怪谈-Insane Rules
11133,Avernum 4
11134,Birds Aren'T Real: The Game
11135,Oxygen
11136,古战三国 Ancient War: Three Kingdoms
11137,Executive Assault 2
11138,Nofrills Solitaire
11139,The Atlas Mystery: A Vr Puzzle Game
11140,Magicats Builder (Crazy Dreamz)
11141,Cyphers Game
11142,Chronicles Of Elmyra
11143,Alas Astra
11144,Robros
11145,Diaspora : Mass Exodus
11146,Tokyo Twilight Ghost Hunters Daybreak: Special Gigs
11147,Train Life: A Railway Simulator
11148,Mhrd
11149,Diamond Hunter
11150,Garden Galaxy
11151,Heartbeat
11152,The Long Reach
11153,Starlink: Battle For Atlas
11154,Csc | Space Mmo
11155,Battlebeasts
11156,1931: Scheherazade At The Library Of Pergamum
11157,Space Merchants: Arena
11158,Endhall
11159,Ctrl Alt Ego
11160,The Dishwasher: Vampire Smile
11161,Dangerous High School Girls In Trouble!
11162,Flipon
11163,Robot Vs Birds Zombies
11164,Sublunar
11165,Cherry Tree High Comedy Club
11166,Dead
11167,Rainwallpaper
11168,She Remembered Caterpillars
11169,Desktop Farm
11170,Escape First 2
11171,Azure Striker Gunvolt
11172,Monstrum 2
11173,Terracards
11174,Rescue Hq - The Tycoon
11175,Save Room - The Merchant
11176,What The Box?
11177,Sky Gamblers: Storm Raiders
11178,Garden Paws
11179,Boot & Shoot
11180,Regeria Hope Episode 1
11181,Deadlings: Rotten Edition
11182,The Elder Scrolls Adventures: Redguard
11183,Taisho X Alice Episode 1
11184,Chicken Farm 2K17
11185,Fragments
11186,Obsideo
11187,Fourplay Chess
11188,Police Quest Collection
11189,Signs Of Life
11190,Xol
11191,Ways Of History
11192,9Th Sentinel Sisters
11193,Ghostlore
11194,Missile Pilot
11195,Avernum 6
11196,Holy Avatar Vs. Maidens Of The Dead
11197,Gerritory
11198,Save The Heart Planet
11199,Historymaker Vr
11200,Pararea--Social Vr For Everyone (Beta)
11201,Dream
11202,Legend Of Keepers: Career Of A Dungeon Manager
11203,Quantum Protocol
11204,Hover 2030
11205,Spirits
11206,Antharion
11207,Gauge
11208,Custom Order Maid 3D2 It'S A Night Magic
11209,Trap Welcome To Beryl Part 1
11210,Shadow Ops: Red Mercury
11211,Legendary Hoplite
11212,Land Of Dread
11213,Tourist Trap
11214,One Drop Bot
11215,Minion Raid: Epic Monsters
11216,Video Game Tutorial
11217,Grimoire Chronicles
11218,Atelier Rorona ~The Alchemist Of Arland~ Dx
11219,Mx Vs. Atv Supercross Encore
11220,Die Young
11221,Voice Of Cards: The Isle Dragon Roars
11222,Into The Stars
11223,Battle Chess: Game Of Kings
11224,Novena Diabolos
11225,Tower Alchemy
11226,The Elephant Collection
11227,Achievement Clicker 2018
11228,Ship Simulator: Maritime Search And Rescue
11229,Samurai Tactics
11230,Trash Story
11231,Dog Brew
11232,First Date : Late To Date
11233,Newtonian Inversion
11234,The Katydids Incident
11235,The Journey Down: Chapter Two
11236,Questnotes
11237,Love
11238,Satellite Odyssey: Prologue
11239,Just A Game
11240,Will I Survive Tonight?
11241,Last Heroes 2
11242,Pure Soul: The Journey Of The Witch Emily
11243,Forever In The Backrooms
11244,Junkyard Simulator: Prologue
11245,Gunmetal Arcadia Zero
11246,First Day
11247,Unruly Heroes
11248,Crossroads Of Helmia
11249,Heroes Of Science And Fiction
11250,Hellink
11251,Fighters Unleashed
11252,Xotic
11253,Xuan-Yuan Sword: Mists Beyond The Mountains
11254,Nairi: Tower Of Shirin
11255,Airborne Ranger
11256,"Stress, Out!"
11257,Radio General
11258,Peak.53
11259,The Beast Of Stormy Forest
11260,Black One Blood Brothers
11261,Jagged Alliance 2 Gold
11262,Nyakori'S Rabbit Doll
11263,Cornerpond
11264,Princess Remedy 2: In A Heap Of Trouble
11265,Bunnyrama
11266,Shuttle Commander
11267,Office Life
11268,Last Message
11269,Switchblade
11270,Birthdays The Beginning
11271,Bacon Tales - Between Pigs And Wolves
11272,Karting
11273,Blaze In Space: Beat A-Maze
11274,Toy Tinker Simulator: Beta
11275,Better Late Than Dead
11276,Airline Tycoon 2
11277,Racecar.Io
11278,Odysseus: Long Way Home
11279,Electronic Super Joy 2
11280,Dialtown: Phone Dating Sim
11281,Jet Island
11282,Snk 40Th Anniversary Collection
11283,Cargo 3
11284,Rulers Of Aden
11285,Home Wars
11286,Mars Rover Simulator
11287,Timeflow – Life Sim
11288,A Legionary'S Life
11289,Itorah
11290,Super Meat Boy Forever
11291,One Way To Die
11292,Krakatoa
11293,Box: The Game
11294,Backrooms Abyss
11295,Season Match 3 - Curse Of The Witch Crow
11296,Band Of Defenders
11297,Painkiller: Resurrection
11298,Ultimate Coaster X
11299,Valeguard
11300,Pizza Frenzy Deluxe
11301,Madballs In Babo:Invasion
11302,Rising Runner
11303,Disney'S Chicken Little
11304,Prophecy
11305,Earn To Die 2
11306,Windjammers 2
11307,Through The Fragmentation
11308,Outcast - Second Contact
11309,浮游
11310,Falco Axe
11311,Mata Hari
11312,Captain Velvet Meteor: The Jump+ Dimensions
11313,Planet R-12
11314,Endless Voyage / 无尽航线
11315,Voxel Turf
11316,Bad Dreams
11317,Voxel Printer
11318,Olliolli World
11319,The Mystery Of Caketropolis
11320,Vitam Finire
11321,Infected Friend
11322,Gay World
11323,Lonn
11324,Constructor Plus
11325,Dad Quest
11326,Bogatyr
11327,Slay The Dragon!
11328,Iron Storm
11329,英雄群侠传
11330,Umbra Halloween
11331,Lakeburg Legacies
11332,Momodora Iii
11333,Объемная История
11334,Riotz
11335,Battle Ball
11336,Project Hive
11337,Grave Gunner
11338,Corrosion: Cold Winter Waiting [Enhanced Edition]
11339,晨昏线
11340,Lost Words: Beyond The Page
11341,Massive Chalice
11342,Jetborne Racing
11343,Grey Heritage: Faded Vision
11344,Chasing Light
11345,Ares Omega
11346,Hollow Survivors
11347,Earth Elements
11348,Fovos Vr
11349,Memories Of Mars
11350,The Centennial Case : A Shijima Story
11351,Battle Star
11352,死亡编码-Death Code
11353,Synthesis Universe -Episode 00-
11354,Dark Gnome
11355,Fire  Trump - Air Combat Vr
11356,E-Startup
11357,Take The Dream Ix
11358,Fight The Landlord
11359,Spooky Station
11360,Down Is Relative
11361,Curvatron
11362,Fujiwara Bittersweet
11363,Candy Blast
11364,Small Saga
11365,Airport Firefighters - The Simulation
11366,逐鹿问鼎：君王成长计划/Strive For Power:King Growth Program
11367,Vengeance
11368,Pumping Simulator 2
11369,挂姬恶魔 Idle Devils
11370,Convoluted Incident: Pinch Me
11371,Clam Man 2: Open Mic
11372,Re:Legend
11373,A Light In The Dark
11374,Delver
11375,七人杀阵 - Seven Sacrifices
11376,Doodle Kingdom
11377,Goosebumps: The Game
11378,Spaceland: Sci-Fi Indie Tactics
11379,Dark Envoy
11380,Hidden Paws
11381,Wild West Legacy
11382,Lunar Mirror:The Pavilion Of Desire
11383,Gods Of The Twilight
11384,Project: Ahno'S Ark
11385,Hollowbody
11386,Fable Fortune
11387,Digimon World: Next Order
11388,Shanhe
11389,Citadels
11390,Fresh Start Cleaning Simulator
11391,Dungeon Delver
11392,Pixelfence
11393,Wish Giver 偿愿人
11394,Lost In Terra Mora
11395,Nethergate: Resurrection
11396,Plasma
11397,Rig N Roll
11398,God'S Death
11399,Pang Adventures
11400,Off-Road Drive
11401,Endling - Extinction Is Forever
11402,Chasing Rabbits In Snow
11403,Alder'S Blood: Definitive Edition
11404,Grand Fantasy Heroes
11405,Achievement Machine
11406,Wargroove 2
11407,Acolyte
11408,Hyperparasite
11409,Raiders Of Ruin
11410,Bloodrayne (Legacy)
11411,无限次元
11412,Ultratank
11413,Preserve
11414,Drug Lord Tycoon
11415,Night Rogue
11416,Blockbuster Inc.
11417,99Vidas
11418,Disney Epic Mickey: Rebrushed
11419,Choose Wisely
11420,Hollowed
11421,Redout 2
11422,黄毛漂流记
11423,Just Another Generic: Fps
11424,Red'S Kingdom
11425,狗蛋神冒险-搞笑的声控冒险
11426,Vincere
11427,The Last Door: Season 2 - Collector'S Edition
11428,Reverse Crawl
11429,《鬼畜战记：金坷垃传说》
11430,Attempt[42]
11431,Meteorites 3D
11432,Last Escape: Dead Complex
11433,Hunt: The Unknown Quarry
11434,Because Its Hot! - Why Pizza? Prologue
11435,Dead Horde
11436,Alpha Kimori 1
11437,The Inner World - The Last Wind Monk
11438,Final Theory
11439,Love Breakout
11440,9Dragons : Kung Fu Arena
11441,Navalart
11442,Made In Abyss: Binary Star Falling Into Darkness
11443,Close To The Sun
11444,Ria'S Hook
11445,Menace From The Deep
11446,Aztaka
11447,Idle Dungeons
11448,Cat God Ranch
11449,From The Rain
11450,Legends Of Callasia
11451,A Death In The Red Light
11452,Aquatico
11453,King Rabbit - Puzzle
11454,Spellbook Demonslayers
11455,Only Up : Rising
11456,Lithoi - Trials Of Memory
11457,Metal Gear Solid - Master Collection Version
11458,Cyber Dungeon: Excalibur
11459,Apex Armor Swap Trainer
11460,The Wednesday
11461,Serious Sam'S Bogus Detour
11462,Fling To The Finish
11463,Jjj
11464,Dread X Collection 2
11465,Police Shootout
11466,Mothergunship: Forge
11467,Space Wars: Interstellar Empires
11468,Abandon Ship
11469,Demon Hunter 2: New Chapter
11470,Loopmancer
11471,Chess Knights: Viking Lands
11472,Dig It! - A Digger Simulator
11473,Martial Arts Brutality
11474,Wulin Chess
11475,Particle Fleet: Emergence
11476,Pixel Heroes: Byte & Magic
11477,Ratten Reich - Dance Of Kings
11478,Tank Destroyer
11479,Capes
11480,Tomb Of The Lost Sentry
11481,Pictoquest
11482,Filthy Us 2
11483,3D Organon Anatomy
11484,One Wish
11485,Base Wars
11486,The King'S Dilemma: Chronicles
11487,Gun Club Vr
11488,Sniper Elite: Resistance
11489,Hifuu Nightmare Diary ~ Violet Detector.
11490,Solarium
11491,Acquitted
11492,0Rbitalis
11493,人类保存计划 Human Save Plan
11494,Stand Out Vr : Vr Battle Royale
11495,放置勇者：远征/Idle Heroes:Odyssey
11496,The Infinite Black
11497,Ubinota
11498,The Usb Stick Found In The Grass
11499,Coronavirus - Nano Force
11500,Heart Of Crown Pc
11501,Tokyo Xanadu Ex+
11502,Business Magnate
11503,Dragonfang - Drahn'S Mystery Dungeon
11504,Il Sole E La Luna 2
11505,Accel Magician Mimi
11506,Behind The Sword
11507,Spider Inferno
11508,Your Computer Might Be At Risk
11509,Smugglers 5
11510,Shining Resonance Refrain
11511,Space Adventure - Escape From Siphilus 1B
11512,Algo Bot
11513,Tex Murphy: The Pandora Directive
11514,Pretentious Game
11515,Alea Jacta Est
11516,Worms Blast
11517,Fleet Command
11518,Evochron Mercenary
11519,The Impossible Game
11520,Untitled Crossing Record
11521,Salt And Sacrifice
11522,Into The Gloom
11523,Potion Tycoon
11524,Microcivilization
11525,The Picture In The House
11526,Erannorth Chronicles
11527,Scene Investigators
11528,1 To 1 Humanoid Edible Toys
11529,Jigsaw Puzzles Infinite
11530,Castle Defense Battles
11531,Muv-Luv Alternative
11532,Deep Fog
11533,Hate Plus
11534,Tactical Mind
11535,Gnosis
11536,Earth Defense Force: World Brothers
11537,Impossible Challenge
11538,Element4L
11539,"Yes, Your Grace 2: Snowfall"
11540,Hellcoming
11541,Puttzzle
11542,Mosaic: Game Of Gods
11543,Time Break Chronicles
11544,Ocean Keeper: Dome Survival
11545,Everhood 2
11546,Degrees Of Separation
11547,Battle Brawlers
11548,Cats Vs Cthulhu
11549,Not Enough Space
11550,Papa'S Pizzeria Deluxe
11551,Midway Accident
11552,Симулятор Прыгания По Гаражам
11553,Serious Sam Vr: The First Encounter
11554,Almightree: The Last Dreamer
11555,Contracted
11556,The Unliving
11557,I'M On Observation Duty
11558,Your House
11559,Raiders! Forsaken Earth
11560,Play With Me: Escape Room
11561,League Space
11562,Epic Conquest 2
11563,Slimesphere
11564,Nascar Heat 5
11565,Corrupted Hospital : Part1
11566,Wolfpack
11567,Miner Ultra Adventures 2
11568,Auction
11569,Battlevoid: Sector Siege
11570,消失的航班，还有她她她！Lost In The Secret!
11571,Deadly Forest
11572,The Enjenir: The Engineering Physics Building Simulator
11573,Replik Survivors
11574,Oh...Sir! The Hollywood Roast
11575,Mini Gal4Xy
11576,Arcfall
11577,Revolver360 Re:Actor
11578,《Drifting : Weight Of Feathers》
11579,Loren The Amazon Princess
11580,Dwarfer
11581,A Siren'S Call  Vr: Legacy ( A Vr Short Story)
11582,Chernobyl Commando
11583,Avian Enigma
11584,Distancing
11585,Gratuitous Space Battles 2
11586,Four Sided Fantasy
11587,Surrounded
11588,Floodland
11589,Make America Great Again: The Trump Presidency
11590,Insane 2
11591,Coin Crypt
11592,Leave Me Alone: A Trip To Hell
11593,Werewolf: The Apocalypse — Purgatory
11594,Lifeless Moon
11595,Bus World
11596,缄默星空 Silent Space
11597,Jumps
11598,Latin America Empire 2027
11599,Garbage Day
11600,Kids
11601,Stardust Galaxy Warriors: Stellar Climax
11602,Survival Zombies The Inverted Evolution
11603,Three Fourths Home: Extended Edition
11604,Pixel Puzzles Mosaics
11605,Coronafighter
11606,Aquamarine: Explorer'S Edition
11607,Dungeon Of Dragon Knight
11608,Rogue State Revolution
11609,Nightgate
11610,Cat Museum
11611,Paper Nomad
11612,Tavern Tycoon - Dragon'S Hangover
11613,[Chilla'S Art] The Closing Shift | 閉店事件
11614,Whateverland
11615,Astrax
11616,1Bitheart
11617,Witch On The Holy Night
11618,Season Of 12 Colors
11619,Tex Murphy: Overseer
11620,Timetraveler
11621,The Knobbly Crook
11622,Inmomentum
11623,Hamilton'S Great Adventure
11624,Typer Shark! Deluxe
11625,"I, W.O.M.A.N."
11626,Act Of War: High Treason
11627,Sam & Max 101: Culture Shock
11628,Delta Force — Black Hawk Down: Team Sabre
11629,Freedom Locomotion Vr
11630,Nova Blitz
11631,Flat Heroes
11632,Nostos
11633,Toukiden: Kiwami
11634,Pembrey
11635,Shooting Girl
11636,Shrine Ii
11637,Writer. Chapter 1
11638,Computer Repair Shop
11639,Fireboy & Watergirl: Elements
11640,旅燕归航 Swallow Homing
11641,Unearth
11642,Hero Of Fate
11643,Chains
11644,Bad Hotel
11645,Bodyless
11646,I Expect You To Die 2: The Spy And The Liar
11647,Morkredd
11648,One Night Stand
11649,Trials Of The Blood Dragon
11650,Vector
11651,Born Into Fear
11652,School Labyrinth
11653,Valnir Rok Survival Rpg
11654,Star Fight
11655,Hydra Slayer
11656,House Of Lizards
11657,Track And Burn
11658,Labyrinth Of Zangetsu
11659,凶宅 Househaunting
11660,Frog Fall Down
11661,Mech Game
11662,Zombie Builder Defense
11663,武林志2 (Wushu Chronicles 2)
11664,Unforeseen Incidents
11665,Utopia 9 - A Volatile Vacation
11666,Crumbling City
11667,Freecell Quest
11668,Stellarhub
11669,Edgeoftheabyssawaken
11670,K37-D
11671,Fibbage Xl
11672,Истории Ужасов: Воскрешение
11673,Spoiler Alert
11674,War Party
11675,Captivity
11676,Carrumble
11677,《乱步馆》-断崖 -Precipice
11678,Beerman
11679,Assimilation X
11680,Doodle Devil
11681,Mushihimesama
11682,Raiden Legacy - Steam Edition
11683,Hidden Series 2
11684,Onyx
11685,Ancient Cities
11686,Itta
11687,Bridge Constructor Playground
11688,Habitking Rpg
11689,Lost Girl`S [Diary]
11690,Take The Cake
11691,Tunnel Divers
11692,Chainsaw Warrior: Lords Of The Night (Classic)
11693,Velocityultra
11694,Producer 2021
11695,Lost Ember
11696,Subterra
11697,Star Explorers
11698,Burstfire
11699,Erenshor
11700,Match Match Mania!
11701,The Bad Kids
11702,Spacetime Dimension
11703,Hello Love: 18 Again
11704,韦弗利山 - Waverly Hills
11705,Forest Mansion Incident
11706,Coal Mining Simulator
11707,Was It Worth It?
11708,Soldat 2
11709,Passpartout 2: The Lost Artist
11710,The Legend Of Heroes: Trails Of Cold Steel Iii
11711,Double Dragon Gaiden: Rise Of The Dragons
11712,Mypopgoes
11713,Lil Gator Game
11714,Frederic: Resurrection Of Music Director'S Cut
11715,雪之本境S Conspiracy Field: Snow Trap
11716,Grim Tranquility
11717,Dieselpunk Wars Prologue
11718,Warmonger
11719,Knightfall: Rivals
11720,Ys Ix: Monstrum Nox
11721,Echoes Of The House
11722,About Elise
11723,Bamerang: Warm-Up Duel
11724,Gamecraft
11725,Underward
11726,Two Worlds Ii Hd - Call Of The Tenebrae
11727,Ascender
11728,Rogue Bots
11729,It Comes In Waves
11730,Cropduster Supreme
11731,Windbound
11732,Popgoes Arcade
11733,The Wratch'S Den
11734,Demon Zombie Outpost
11735,Blink: The Last Night
11736,Art Of Murder - Fbi Confidential
11737,"Spy Fox 2 ""Some Assembly Required"""
11738,Kohan Ii: Kings Of War
11739,Freddi Fish And The Case Of The Missing Kelp Seeds
11740,Carmageddon 2: Carpocalypse Now
11741,Spiritus 2
11742,The Last Conflict
11743,恋爱绮谭 不存在的真相
11744,Trackmania² Lagoon
11745,Sundy Stairway
11746,Mortal Blitz
11747,Spate
11748,Tree Strike
11749,Dark Scavenger
11750,Neighbours Back From Hell
11751,Alpacapaca Dash
11752,Elmarion: Dragon Time
11753,Savior Of The Abyss
11754,Tibetan Quest: Beyond The World'S End
11755,Whispers Of The Eyeless
11756,"Max, An Autistic Journey"
11757,Touhou Makuka Sai ~ Fantastic Danmaku Festival
11758,Heidelberg 1693
11759,Jet Lancer
11760,Jellyfish Season
11761,Your Amazing T-Gotchi!
11762,The Complex Iv
11763,告死天使的审判 Death Angel Trial
11764,Afterplace
11765,Our Darker Purpose
11766,Emergency 2014
11767,Code Of Princess
11768,Renfield: Bring Your Own Blood
11769,Almost Home Now
11770,Energy Engine Pc Live Wallpaper
11771,Utawarerumono: Mask Of Deception
11772,Tulpa
11773,Elemental Heroes
11774,Arcanium: Rise Of Akhan
11775,Kingdom Wars 2: Battles
11776,Just Ignore Them: Brea'S Story Tape 1
11777,Jumpah
11778,"Drones, The Human Condition"
11779,Roogoo
11780,Parkour Assassin: Sprint Run
11781,Space Hulk: Ascension (Classic)
11782,Roll Of Fate
11783,Live2D Vr Girls
11784,Golden Dungeons
11785,Arcadegeddon
11786,Warriors: Rise To Glory! Online Multiplayer Open Beta
11787,Audica: Rhythm Shooter
11788,Simple Vr Video Player
11789,Twilight Survivors
11790,Chicken Holmes - Chanislavski Whispers
11791,Wenjia
11792,Noble Fates
11793,Yihongyuan
11794,Self Reliance 自我性赖
11795,At Dead Of Night
11796,Meatgrinder
11797,Horror Squad
11798,Cat'S Request
11799,Vaccine19
11800,Pogoman
11801,[Neolithic]To The End
11802,Aces Wild: Manic Brawling Action!
11803,Lost Lands: The Golden Curse Collector'S Edition
11804,Escape First
11805,Playing History 2 - Slave Trade
11806,Tannenberg
11807,Final Slam 2
11808,Yellow Taxi Goes Vroom
11809,Merry Glade
11810,Toggle Cube
11811,Hentai Shooter 3D
11812,Deep Despair
11813,Hyper Fighters
11814,Dicefolk
11815,Connected Hearts: The Full Moon Curse Collector'S Edition
11816,Escape Quest
11817,Grapple Dog
11818,The Adventure Of Nayu
11819,Gunlocked
11820,Neon Struct
11821,Vertigrowl
11822,Sugarwinds: Prologue
11823,Darksburg
11824,Pinball Lockdown
11825,Fit Food
11826,Pictopix
11827,Reaper - Tale Of A Pale Swordsman
11828,Svarog'S Dream
11829,8-Bit Invaders!
11830,Antenna Dilemma
11831,Bulwark: Falconeer Chronicles
11832,Drive-By Hero
11833,Red Spider2: Exiled
11834,Terrian Saga: Kr-17
11835,Radical Spectrum: Volume 1
11836,Reloader: Test_Subject
11837,The Mummy Demastered
11838,Cursed
11839,Spilled!
11840,Canary In A Crater
11841,Home Sweet Home Ep2
11842,Shadows Of Forbidden Gods
11843,Trainee Death Simulator
11844,Overland
11845,B-1Ll1
11846,Realflight Trainer Edition
11847,Wayward
11848,Tyto Ecology
11849,Jacob'S Quest Anniversary Edition
11850,A Quiet Place: The Road Ahead
11851,The Shapeshifting Detective
11852,Arelite Core
11853,Guise Of The Wolf
11854,Ai: Art Impostor
11855,Football Life Simulator
11856,Dead Drop
11857,Soccertron
11858,Summer Pockets
11859,Rendezvous
11860,Arcade Tycoon  : Simulation Game
11861,Mighty Goose
11862,The Bounty V2
11863,Mr Nibbles Forever
11864,Nancy Drew: Shadow At The Water'S Edge
11865,Blackwell Convergence
11866,War On The Street
11867,Nail'D
11868,Galaxy Burger
11869,Wreckfest 2
11870,Fruit Ninja Vr 2
11871,Avrach Resurrection
11872,The Apotheosis Project
11873,Argentum Online
11874,Pedro'S Adventures In Spanish [Learn Spanish]
11875,Kindergarten Secret
11876,"Take Me, Vitaly"
11877,The Dawn Is Inevitable
11878,"Mortadelo Y Filemón: Terror, Espanto Y Pavor"
11879,Fight For Eden
11880,祖玛少女/Zuma Girls
11881,To End All Wars
11882,Spiderpunks
11883,Treachery In Beatdown City
11884,The Devourer: Hunted Souls
11885,Ley Lines
11886,3D Earth Time Lapse Pc Live Wallpaper
11887,Legend Of Keepers: Prologue
11888,Survive On Raft
11889,Vade Retro : Exorcist
11890,Robowars
11891,Hexarchy
11892,Nvl
11893,Asura: Vengeance Edition
11894,Wildmender
11895,Strategy & Tactics: Dark Ages
11896,Kings And Catapults
11897,Arcadian Atlas
11898,Beltmatic
11899,Queen'S Quest: Tower Of Darkness
11900,H-Hour: World'S Elite
11901,Velocity 2X
11902,The Lords Of The Earth Flame
11903,Gravity Cat
11904,Serena
11905,Omnifate
11906,Warbanners
11907,Elegy For A Dead World
11908,Bit Evolution
11909,Mysteries Of Perception
11910,Modern Arena
11911,Supermagical
11912,Tembo The Badass Elephant
11913,Ultimate Live Wallpaper
11914,Langoth
11915,Mystery Of Fortune 2 Refine
11916,Apokalypsis
11917,Shining Song Starnova
11918,Super Dragon Ball Heroes World Mission
11919,Hiveswap Friendsim
11920,The Rooster'S Chess
11921,The Yellow King
11922,Tetra Project - 原石计划
11923,Under The Waves
11924,Out Of Order
11925,Citadelum
11926,Stable Orbit - Build Your Own Space Station
11927,Starvaders
11928,The Secret Order 3: Ancient Times
11929,South Of Midnight
11930,Brass: Birmingham
11931,Life In Bunker
11932,Vampires' Melody 2
11933,Terra Lander Remastered
11934,Robotics In Vr
11935,Captain Forever Trilogy
11936,War On Folvos
11937,Rage Wars
11938,Super Daryl Deluxe
11939,Killer 19
11940,Garage: Bad Trip
11941,Dice Kingdoms
11942,Panzer Ball
11943,Brok The Investigator - Prologue
11944,Kosmonavtes: Escape Reality
11945,When The Past Was Around - Prologue
11946,Just A Game To Test Your Lq
11947,Darkandlight
11948,Clive Vs Hives 2
11949,Taphouse Vr
11950,Lollipop Chainsaw Repop
11951,Skautfold: Shrouded In Sanity
11952,Cube Runner
11953,Numen: Contest Of Heroes
11954,Who Are You?
11955,H.I.A: Horror Investigation Agency
11956,Depths Of Peril
11957,Sherlock Holmes: The Mystery Of The Persian Carpet
11958,Deathspank: Thongs Of Virtue
11959,Rockytown
11960,Dark Void
11961,"Codename: Panzers, Phase One"
11962,Hauntsville
11963,Lipstick Assassin
11964,Angel Wings
11965,Exit From
11966,Plank Builders
11967,Quest For Infamy
11968,Asterix & Obelix Xxl 2
11969,Alone In The Dark: Illumination
11970,Ryb
11971,Javols Vr
11972,14 Minesweeper Variants
11973,Tank Team
11974,Ghost Case
11975,Soul Elegy
11976,时之扉
11977,The Sandbox
11978,Blastocitos
11979,Aztecalypse
11980,Ludo Online: Classic Multiplayer Dice Board Game
11981,Through The Darkest Of Times
11982,异变战区  E.E.R.I.E
11983,雾之本境S Conspiracy Field: Fog Shadow
11984,Sky Knights
11985,2021
11986,异常 | Exception
11987,Polity
11988,Inertia
11989,Slizer Battle Management System
11990,Station Commander
11991,Eventide 2: The Sorcerers Mirror
11992,Chroma Blast
11993,Dim Glow
11994,Lexica
11995,Sons Of Valhalla
11996,Strike Back
11997,El Ministerio Del Tiempo Vr: El Tiempo En Tus Manos
11998,Next Hero
11999,Pesticide
12000,Zone Of The Enders The 2Nd Runner : M∀Rs / アヌビス ゾーン・オブ・エンダーズ : マーズ
12001,Hangman Ii
12002,That Time I Got Reincarnated As An Orc
12003,Summer In Mara Prologue
12004,Phanotia I: Escavive
12005,Bloodwash
12006,Tinker Racers
12007,Hkons Beanrunner
12008,Federation Mycha
12009,Fractal Fury
12010,Strategy & Tactics: Wargame Collection
12011,Accel World Vs. Sword Art Online Deluxe Edition
12012,Endure Island
12013,Sir Questionnaire
12014,Epiphyllum In Love
12015,Midnight Monitor: Aldercourt
12016,Ultros
12017,Abode
12018,Flatline
12019,牧剑：化神书(Tale Of Swords: Mystery Scroll)
12020,Crypt Custodian
12021,Märchen Forest: Mylne And The Forest Gift [Legacy Ver.]
12022,Wasted Pizza
12023,Sink Again
12024,Gnomoria
12025,Catgirl Lover 2
12026,Hazel Sky
12027,Last Inua
12028,Space Architect
12029,Opg: Clan Wars
12030,Fault - Milestone Two Side:Above
12031,Hoplichess
12032,Exile To Death
12033,九劫曲:诅咒之地 Ninetrials Test Server
12034,10 Second Ninja
12035,Tanks Online
12036,Orbital Invaders
12037,Armed With Wings: Rearmed
12038,Quivr
12039,Meat Puppet
12040,Metal Wolf Chaos Xd
12041,Abe Vr
12042,Miniballist
12043,Star Nomad 2
12044,Killon
12045,Nightork Adventures - Beyond The Moons Of Shadalee
12046,Carlos Iii Y La Difusión De La Antigüedad
12047,Win The Game: Do It!
12048,Clickolding
12049,The Luminist
12050,Marble Skies
12051,Zotrix
12052,Space Outpost Sigma
12053,Idlecoin
12054,Complex Loop
12055,Duel Hell Purgatory
12056,V696
12057,Silver Knight
12058,Killer Queen Black
12059,Waidh
12060,Threefold Recital
12061,None
12062,Ultimate Admiral: Age Of Sail
12063,Gunman Tales
12064,After-H
12065,Jellycar Worlds
12066,Drone Gladiator
12067,Buck Up And Drive!
12068,Infeststation
12069,Dark Fall: Lost Souls
12070,100 Hidden Birds 2
12071,Arcane Assembly
12072,Virtua Fighter 5 R.E.V.O. World Stage
12073,Arrogation: Unlight Of Day
12074,海盗王
12075,Doomsday Defense
12076,Coffee Caravan
12077,像素女友
12078,Yapp: Yet Another Puzzle Platformer
12079,Master Forge
12080,Zafehouse Diaries 2
12081,Flashback
12082,Spiritgrapher: The Asylum 99
12083,Has-Been Heroes
12084,Ahnayro: The Dream World
12085,Bastard
12086,Card-En-Ciel
12087,Party Of Sin
12088,Dominate - Board Game
12089,Galaxy Reavers
12090,Legends Of Murder Collection
12091,Azure Striker Gunvolt 3
12092,Overclocked
12093,Pride Of Nations
12094,Walkover
12095,Wacky Wheels
12096,Helldorado
12097,Ibomber Defense
12098,The Flaws Of Gravity
12099,Hunting Unlimited 2010
12100,Polycar Blitz
12101,Making History Ii: The War Of The World
12102,Master Reboot
12103,Racine
12104,Orb Of Creation
12105,Cube Flip
12106,Purple Place - Classic Games
12107,Nick
12108,Palallel
12109,16 Bit Arena
12110,Void Memory
12111,Enemy Mind
12112,Marisa'S Inconceivable Journey
12113,Public Defense Corp
12114,In Fear I Trust
12115,Kidz
12116,The Quest
12117,Masked Forces
12118,Infection - Board Game
12119,Galactic Crew Ii
12120,My Name Is Mayo
12121,Storm Riders
12122,Neptunia: Sisters Vs Sisters
12123,Evil Nun: The Broken Mask
12124,Heat Reborn
12125,Celestial Command
12126,Hotel Magnate
12127,Puzzles Under The Hill
12128,The Rogue Prince Of Persia
12129,Aveyond 3-2: Gates Of Night
12130,Eleusis
12131,Day Of Invasion: Reloaded
12132,Ego In A Coma (自我、状態、昏睡。)
12133,Music Wars Empire
12134,Guild Saga: Vanished Worlds
12135,Perfect Matter
12136,War Identity
12137,Saint Kotar
12138,Phantom Club (Cpc/Spectrum)
12139,Cybrid
12140,Contract With The Devil
12141,Windlands
12142,Derailed
12143,Life Gallery
12144,Shotgun Witch
12145,Follow The Meaning
12146,Gain Ground
12147,Cratetastrophe
12148,Msi Electric City
12149,Mirrormoon Ep
12150,Little Hidden City
12151,Emily Wants To Play Too
12152,Soul Of Savarog
12153,Cage
12154,Fisherman'S Island Alpha Test
12155,Fist Slash: Of Ultimate Fury
12156,文字獄
12157,Transient: Extended Edition
12158,Planet Evolution Pc Live Wallpaper
12159,Slow Living With Princess
12160,Black & White
12161,Bright Lights Of Svetlov
12162,Typing Ritual
12163,Fire & Maneuver
12164,Tallowmere 2: Curse Of The Kittens
12165,The Fall Of Lazarus
12166,Aimi
12167,Google Spotlight Stories: Age Of Sail
12168,The Bard'S Tale Iv: Barrows Deep
12169,Arcane Showdown - Battle Arena
12170,Wild Guns Reloaded
12171,Eschalon: Book Iii
12172,The Last Dance Saloon
12173,Swarmrider Omega
12174,Retro Classix: Gate Of Doom
12175,Roll'D
12176,Little Witch Academia: Chamber Of Time
12177,Wanderstop
12178,Deus Vult | Online Vr Sword Fighting
12179,Dungeons Of Edera
12180,Palingenesis
12181,Language Learning Simulator - Alphabet
12182,Beer Factory
12183,Mad Tower Tycoon
12184,Ghoul Kid
12185,Ghosts 'N Goblins Resurrection
12186,Naev
12187,Farm Together 2
12188,Overdrive Escape
12189,From Glory To Goo
12190,Siren Head: The Siren'S Forest
12191,"7,62 Hard Life"
12192,Rift Of The Necrodancer
12193,Math Puzzle Alpha Challenge
12194,Blade Abyss
12195,Lost Crew
12196,Mystic Journey: Tri Peaks Solitaire
12197,Electrify
12198,Bermuda - Lost Survival
12199,Seek Girl Ⅶ
12200,Super Cyborg
12201,Go Home Dinosaurs!
12202,Space Empires Iii
12203,Dokapon Kingdom: Connect
12204,Santa Soccer
12205,Falsepine
12206,Lonely Knight
12207,Neon Sundown
12208,Whirlibird
12209,Our Beautiful Earth
12210,Abhorrent Light
12211,The Fruit Of Grisaia
12212,Unworthy
12213,Richard & Alice
12214,Shattering Obsidian
12215,Emperium
12216,Gemini: Heroes Reborn
12217,Woeful Woebots
12218,Death Track: Resurrection
12219,Vapour
12220,Kagura Genesis: Kuon'S Story
12221,Motogp14
12222,Lost Daughter
12223,Desperados 2: Cooper'S Revenge
12224,Crazy Machines
12225,Mini Motor Racing Evo
12226,Seven Kingdoms: Ancient Adversaries
12227,Twin Mind: Murderous Jealousy Collector'S Edition
12228,Gtr 2 Fia Gt Racing Game
12229,Bloodrayne 2 (Legacy)
12230,Touhou ~Red Empress Devil.
12231,Fortix 2
12232,Planetarian ~The Reverie Of A Little Planet~
12233,Nancy Drew: Mystery Of The Seven Keys
12234,The Gleam: Vr Escape The Room
12235,Death Come True
12236,Cave Crawler
12237,Snakebird
12238,Field Of Glory: Empires
12239,Vampire: The Masquerade — Night Road
12240,Carnivores: Dinosaur Hunter Reborn
12241,Neo Aquarium - The King Of Crustaceans -
12242,American Eristics
12243,The Packages
12244,The Executive - Movie Industry Tycoon
12245,Prey: Typhon Hunter
12246,Bullshot
12247,Mugen Souls
12248,Scp: Undeads Winter'S
12249,Casino Simulator
12250,Arms Trade Tycoon: Tanks
12251,The Serpent Rogue
12252,Ace Of Seafood
12253,Gold Express
12254,Izeriya
12255,Scavenger Sv-4
12256,Paw Paw Paw
12257,Epoch
12258,Lucid Dream
12259,Malware
12260,Pixel Puzzles Illustrations & Anime Jigsaw Puzzles
12261,Steno Arcade
12262,Sarcophag
12263,Life Of Pepe
12264,Ice Star
12265,Block Blowout
12266,Midvinter
12267,红石遗迹 - Red Obsidian Remnant
12268,Smushi Come Home
12269,Storm In A Teacup
12270,Tron Run/R
12271,Dragon Awaken
12272,Lumines Remastered
12273,One More Island
12274,Uragun
12275,Connection
12276,Rwby Deckbuilding Game
12277,Supernormal
12278,Tower Of Waifus
12279,Cursed Digicam | 呪われたデジカメ
12280,Rail World
12281,3 Geeks 2012 (Version Gauloise Pour Français)
12282,Respublica
12283,Sky Battles
12284,Cosmic Awakening Vr
12285,Elohim Eternal: The Babel Code
12286,The Crow'S Eye
12287,Hentai Girl Linda
12288,Vengeful Guardian: Moonrider
12289,Dead Metal
12290,A Book Of Beasts And Buddies
12291,Space Cheetah Hyper Runner
12292,Neon Wings: Air Race
12293,Alien:Chip
12294,Rice - Repetitive Indie Combat Experience
12295,还我河山Heroragingfire
12296,Red Ronin
12297,Unwelcome Guest
12298,Defective
12299,Baldur'S Gate: Dark Alliance
12300,The Paperman
12301,Sea Of Survivors
12302,Regular Human Workshop
12303,Hospital 666
12304,Mystic Saga
12305,Slap The Fly
12306,Doll Impostor
12307,Who'S Who?
12308,Long Dream
12309,Jumpala: Tryouts Edition
12310,Uncrewed
12311,Astrometica
12312,La Rana
12313,Soccer Rage
12314,Brok The Investigator
12315,Modiverse
12316,Nanobotic
12317,Void Invaders
12318,Tidal Therapy
12319,Nemesis: Lockdown
12320,Godless
12321,Arcade Games Collection
12322,Inertial Drift: Sunset Prologue
12323,Guilty Gear
12324,Praetorians - Hd Remaster
12325,Chuhou Joutai 2: Paraided!
12326,The Last Braincell
12327,The Tartarus Key
12328,Entrepreneurial Tycoon
12329,City Of Fools
12330,Othersoul
12331,Ball Escape
12332,Permute
12333,The World Is Your Weapon
12334,Die In The Dungeon: Prologue
12335,Dungeon Drafters
12336,Extra Case: My Girlfriend'S Secrets
12337,Ctrl Cv
12338,Teria
12339,Cardcore
12340,Abbot'S Book Demo
12341,Bang Bang Fruit
12342,Hell Architect
12343,Real Warfare 2: Northern Crusades
12344,Agon - The Lost Sword Of Toledo
12345,Astroflux
12346,Orx
12347,Burn Zombie Burn!
12348,Sub Command
12349,Pirates Of Black Cove
12350,Heroes Of Might & Magic V: Hammers Of Fate
12351,Multiwinia
12352,Lost Alone Ep.1 - Sorellina
12353,The Haunted: Hells Reach
12354,Little Big Adventure 2
12355,Cavesweeper
12356,Amulet Zero 零物语 - Optimize
12357,Virginia
12358,Shades Of Heroes
12359,Flash Doll
12360,Doug The Digger
12361,Cursed Island
12362,Iron Apartment Guardian
12363,Big Helmet Heroes
12364,Living The Nightmare
12365,Creeper World Ixe
12366,爆战联盟
12367,Vincere Totus Astrum
12368,Rappelz
12369,Slash It 2
12370,Dark Eden
12371,Forgotten Seas
12372,Absent
12373,Winexy
12374,Yars: Recharged
12375,Motogp18
12376,Fallen Region
12377,Lords Of Xulima
12378,Dustland Delivery
12379,Dots Extreme
12380,Smashbox Arena
12381,Ceville
12382,Rebel Reenactment: Battle Of The Wilderness
12383,Unchosen: Forsaken
12384,Parked In The Dark
12385,Cry Babies Magic Tears: The Big Game
12386,State Of War : Warmonger / 蓝色警戒 (Classic 2000)
12387,A Magical High School Girl / 魔法の女子高生
12388,Aquanox Deep Descent
12389,木夕镇的午夜轮回 Midnight Cycle In Muxi Town
12390,Trials Of Proelium
12391,Palace Of Cards
12392,Paddle Combat
12393,Journey To The West Survivor
12394,Killer Elite – Time To Die
12395,Hackyzack
12396,Adventure Time: Finn And Jake'S Epic Quest
12397,Hidden Pass Skirmishes
12398,Sentimental K
12399,Rekkr: Sunken Land
12400,Space Galaxy - Graphics Pack
12401,The Free Ones
12402,Call For Heroes: Pompolic Wars
12403,三國立志傳2
12404,Logitech Vr Ink Driver
12405,Double Dragon Trilogy
12406,Project Rpg Remastered
12407,Magic Quest
12408,Risky Rescue
12409,Turntack
12410,"20,000 Miles Under The Sea"
12411,Cowpocalypse - Episode 0
12412,Primitive Society Simulator
12413,The Alien Cube
12414,Dark Wish
12415,Ether One
12416,Behold The Kickmen
12417,War On The Sea
12418,Operation: Vicus
12419,New Star Gp
12420,Chevalier Historie
12421,Casino Poker
12422,Campfire Pro
12423,Touhou Tenkuushou ~ Hidden Star In Four Seasons.
12424,Qora
12425,Cyberdrome
12426,Starship Turd Nugget: Too Cool For Stool
12427,Virgo Versus The Zodiac
12428,Battle Time
12429,Crookz - The Big Heist
12430,Undetected
12431,Pewpew!
12432,Don'T Open The Doors!
12433,Mists Of Noyah
12434,Hunt For Gods
12435,3 Coins At School
12436,Souls Of Chronos
12437,Unbox: Newbie'S Adventure
12438,烛光迷局 Candlelight
12439,Wayward Terran Frontier: Zero Falls
12440,Norsk: Epistle
12441,Armed To The Gears
12442,Death In The Water 2
12443,Aquarium Designer
12444,Box'S Dream
12445,Alien Attack
12446,Space Launch Engineer
12447,Meeple Station
12448,Galactic Missile Defense
12449,Wagamama High Spec
12450,天缘传说
12451,Eschalon: Book Ii
12452,Outside The Lines
12453,Pixeljunk Shooter Ultimate
12454,Food Drive: Race Against Hunger
12455,Adorable Witch5 : Lingering
12456,World Horror Story
12457,Orbit-X
12458,Space Voyager
12459,3079 -- Block Action Rpg
12460,Sudden Strike 2 Gold
12461,御龙在天-平衡国战版
12462,Firewall
12463,The Mirror Lied
12464,Eversion
12465,Bronana
12466,Lost Eidolons: Veil Of The Witch
12467,Debugger 3.16 // Recoded // Despair Of The Developer Edition
12468,The Legend Of The War Axe
12469,Garshasp: The Monster Slayer
12470,Test Subject 901
12471,Death Rabbit Arena
12472,Zombie Builder Defense 2
12473,Wind Child
12474,The Insignia Project
12475,Through The Mirror
12476,Frightened Beetles
12477,Fos
12478,Chronicles Of A Dark Lord: Rhapsody Clash
12479,Teddy Floppy Ear - Mountain Adventure
12480,Dracula: The Resurrection
12481,Auver
12482,Steampunk Graveyard
12483,Path Of Hero. Story Of Dartes
12484,Atomic Society
12485,Gunwatch: Conflict Survival
12486,Doomsday Hunters
12487,爱坤新手教程
12488,Elemental Echoes
12489,刺沙
12490,Scream Collector
12491,Glitchspace
12492,Hexoscope
12493,Layers Of Fear
12494,Tap Wizard 2
12495,Angle Of Attack
12496,Fresh Body
12497,Synergy
12498,第五件遗留物
12499,黎明为歌 - Melody Before The Dawn
12500,The Outer Rim: Survivor
12501,Investigator
12502,Train Simulator: East Coast Main Line London-Peterborough Route Add-On
12503,Go Home Annie: An Scp Game
12504,Tropicalia: A Brazilian Game
12505,Morphine
12506,Felix The Reaper
12507,Poor Man'S Adventure: Narco Sub Simulator
12508,Might & Magic: Heroes Vi - Shades Of Darkness
12509,Relaxation Balls
12510,The Cat Games
12511,Obama Boss Fight
12512,Riptide Gp: Renegade
12513,Alien Spidy
12514,Villagers
12515,Шхд: Зима / It'S Winter
12516,Pedigree Tactics
12517,Ultra Thunderball
12518,Black Lotus Motel
12519,Corponation: The Sorting Process
12520,Timber Tennis: Versus
12521,Boogeyman
12522,Katy And Bob: Safari Cafe
12523,Kuukiyomi: Consider It
12524,Caligo
12525,Burning Cars
12526,Only An Alien Going Up!
12527,Gil'S Lucid Dreams
12528,Brink Of Consciousness: Dorian Gray Syndrome Collector'S Edition
12529,Plain Sight
12530,Alisa
12531,Rolled Out!
12532,Patient
12533,Blazerush
12534,The Spy Who Shrunk Me
12535,Irmão Grande & Brasileiro 2
12536,重明鸟 Bright Bird
12537,Lynne
12538,Disney Universe
12539,Vegas Movie Studio 14 Platinum Steam Edition
12540,Sword Art Online Last Recollection
12541,Bravely Default Ii
12542,Becalm
12543,异界双子 -Twin Souls-
12544,Mr. Hopp'S Manor Escape
12545,Splasher
12546,The Hidden Game Society
12547,A Chair In A Room : Greenwater
12548,Dyscourse
12549,Huntsman: The Orphanage (Halloween Edition)
12550,Kaisuo
12551,Bank Robber
12552,Dreamvibe
12553,Chronomaster
12554,Invasion Machine
12555,Serious Sam 3 Vr: Bfe
12556,Trolley Delayma
12557,Dungeon Of Zaar - Open Beta
12558,Steam Marines
12559,A Pet Shop After Dark
12560,Coffin Mall
12561,The Secret Order 4: Beyond Time
12562,Boodunnit
12563,Principia: Master Of Science
12564,Nightmare Hunter
12565,Castle: Never Judge A Book By Its Cover
12566,Obey
12567,Puzzle Ball
12568,The Rule Of Land: Pioneers
12569,Road Dogs
12570,Abode 2
12571,Tri: Of Friendship And Madness
12572,Super Splatters
12573,Story Of Seasons: Pioneers Of Olive Town
12574,子夜之章:历史的终局～Midnights Of Desperado～
12575,Interactive Horror Stories
12576,2020: The Ride
12577,Will Glow The Wisp
12578,Onee Chanbara Origin
12579,Dogfight Time
12580,​Cubeetle - Game Of Creation
12581,Zombie Estate 2
12582,The Legend Of Crystal Valley
12583,Castlevania Dominus Collection
12584,The Summoner
12585,Hector: Badge Of Carnage - Full Series
12586,Iron Heart
12587,Turret Girl
12588,Guess Who ?
12589,Kart Racing Pro
12590,The Safe Place
12591,Swiftly
12592,Battle Cry Of Freedom
12593,Affliction
12594,Trackday Manager
12595,Minigolf
12596,Secret Files: Sam Peters
12597,Steel & Steam: Episode 1
12598,Oceanhorn 2: Knights Of The Lost Realm
12599,Override: Mech City Brawl
12600,The Veiled Ones
12601,Dragon Quest Heroes Ii
12602,Redneck Joe Vs The Swamp Zombies
12603,Trader Of The Night
12604,Another Farm Roguelike
12605,Rats - Time Is Running Out!
12606,5 Minutes Rage - Hatred Edition
12607,Fatal Fury: City Of The Wolves
12608,Nmne
12609,Скуф На Рыбалке
12610,Vinyl
12611,Plancon: Space Conflict
12612,Action Sandbox
12613,The Shadow Over Route 80
12614,Necroking
12615,Bloodrayne 2: Terminal Cut
12616,Dōkyūsei: Bangin' Summer
12617,Exogate Initiative
12618,The Ouroboros King
12619,Nostradamus: The Last Prophecy
12620,Green Elephant 2D
12621,Art Of Murder - Cards Of Destiny
12622,Samurai Warriors 4-Ii
12623,Wared
12624,咸鱼殿下 / My Journey
12625,Ripout
12626,Last Horizon
12627,Bunny Park
12628,Polycity Stories - The Affair
12629,Nite Team 4 - Military Hacking Division
12630,Your Friend Hana
12631,The Pioneers: Surviving Desolation
12632,Army Of One
12633,Sos (Save Our Sandwiches)
12634,The Pale Beyond
12635,Knightmare Tower
12636,Regalia: Of Men And Monarchs
12637,Crimson Imprint Plus -Nonexistent Christmas-
12638,Possessed
12639,Quicken Willmaker Plus 2017
12640,Puppet House
12641,The Attic
12642,System Under Surveillance
12643,What Comes After
12644,Wanderer
12645,High Sea Saga Dx
12646,Barnyard Mahjong 3
12647,Orczz
12648,Nascar 21: Ignition
12649,The Hive
12650,Steampunk Syndicate
12651,Urlaubsflug Simulator – Holiday Flight Simulator
12652,Drainus
12653,Desktop Girlfriend
12654,Lockheart Indigo
12655,Graviteam Tactics: Mius-Front
12656,双线交锋：新世界
12657,Multiplayer Shooter Fps
12658,Stars Die
12659,Souls Lore
12660,虚幻宇宙：重启
12661,South Of The Circle
12662,Mindcop
12663,Hentai Killer
12664,Scrapnaut
12665,Super Gorilla Quest
12666,Moustache Mountain
12667,Operation Breakout
12668,Dream Stone
12669,天下霸圖
12670,Kill It With Fire! 2
12671,Shades Of Sakura
12672,Poco In
12673,Sword Of The Necromancer - Prologue
12674,Fated Souls 3
12675,Extra Extra Poison
12676,The Viking Way
12677,Alien Destroyer
12678,Etherborn
12679,Hyper Knights
12680,Last Command
12681,Lonestar
12682,Burning Faith
12683,Vr The Diner Duo
12684,In-Vert: Definitive Edition
12685,Gold Hunter
12686,Bound By Love
12687,Tinting Time
12688,Vestaria Saga I: War Of The Scions
12689,Bore Blasters
12690,Shining Plume 2
12691,White Dove 白雀
12692,Dusk Pub - Adult Only
12693,Writer'S Rush
12694,The Aquatic Adventure Of The Last Human
12695,Endro
12696,Mike Was Сursed
12697,Magnetic: Cage Closed
12698,Headbangers: Rhythm Royale
12699,Marble Mage
12700,Silicon Dreams  |  Cyberpunk Interrogation
12701,Flyland Wars: 2 Not Yours Mine
12702,Power Hover
12703,The Niflhel Day
12704,Nancy Drew: The Silent Spy
12705,Cybergrid Runner
12706,Song Of The Prairie
12707,Chill
12708,Battle Fantasia -Revised Edition-
12709,Kingdom Under Fire: The Crusaders
12710,Pronty
12711,Scientifically Accurate Dinosaur Mating Simulator 2022: American Revolution 1775 - 1786
12712,Physdrive
12713,Geo Mythica
12714,Puzzle Quest 2
12715,First Cut: Samurai Duel
12716,4 Elements
12717,The Territory Of Egg
12718,Qop 2
12719,Snowdome
12720,Flockers
12721,Mahjong Deluxe 3
12722,Cosmic Sugar Vr
12723,The Showdown Effect: Reloaded
12724,The Albino Hunter (Original)
12725,Downfallen
12726,Super Win The Game
12727,Deus Ex Machina: Episode 1
12728,Galaxiverse
12729,Am I?
12730,Reptilian Rebellion
12731,Ultimate Fishing Simulator 2
12732,Fireteam
12733,Flathead
12734,Optimum Link
12735,Hero Of The Kingdom: The Lost Tales 1
12736,Inferno
12737,Gaia Survivors
12738,Constellation Tango
12739,Freud'S Bones-The Game
12740,Water Bears Vr
12741,Grandia Hd Remaster
12742,Forced Showdown
12743,Maybe Immortal
12744,Ultimate Adom - Caverns Of Chaos
12745,Chromagun
12746,Gangsta Sniper
12747,Rune Coliseum
12748,Dawnsbury Days
12749,Hunter Nightmare
12750,Ball Pit King 3D
12751,Star Trek: Starfleet Command Gold Edition
12752,Herranwalt: Lawyers Legacy
12753,Commando Hero
12754,Allspace
12755,Gladio Mori
12756,The Falconeer: Revolution Remaster
12757,Knights In Tight Spaces
12758,Block Tower Td 2
12759,Permanight
12760,198X
12761,Capybara Spa
12762,Silent Breath
12763,Disaster Band
12764,Caves Of Lore
12765,Japanese School Life
12766,The Lord Of The Rings: Adventure Card Game - Definitive Edition
12767,River City Melee Mach!!
12768,Coolbit
12769,Invisigun Reloaded
12770,Heileen 1: Sail Away
12771,French Crime Detective Game
12772,Frederic: Resurrection Of Music
12773,Farmer'S Life
12774,Action Commando
12775,Godus Wars
12776,Broken Roads
12777,Lost Horizon 2
12778,Bridge It +
12779,Wanna Survive
12780,Rituals
12781,Linked
12782,Goblin Defenders: Steel‘N’ Wood
12783,Battle Snails
12784,Draw Rider
12785,Foglight
12786,Contagion Vr: Outbreak
12787,Hebereke!: March! Red Army Girls' Brigade
12788,Interregnum: False Prophet
12789,Kādomon: Hyper Auto Battlers
12790,武侠乂 The Swordsmen X
12791,Chainsaw Warrior (Classic)
12792,The Experiment: Escape Room
12793,Zombie Virus Ukraine 2022
12794,Traveler
12795,Whateverland: Prologue
12796,The Abbey Of Crime Extensum
12797,Selene ~Apoptosis~
12798,Desktop Survivors 98
12799,Tenshi
12800,Don'T Shit On My #!$@& Roof
12801,Rulers Of Nations
12802,Knights Of Braveland
12803,Unspottable
12804,Roomaze
12805,The Last Worker
12806,Deep Space Classic
12807,Murnatan
12808,Deadnaut
12809,Inside My Radio
12810,Rebellion Godsoul: Awakening
12811,Graffiti Bombing
12812,Blood Hunting
12813,Into The Dark: Ultimate Trash Edition
12814,Dungeons & Dragons: Dark Sun Series
12815,Pendelum
12816,Archangel: Hellfire - Enlist Free
12817,Deja Vu
12818,Block Legend Dx
12819,Heavy Dreams
12820,Arcus
12821,Eremidia - Archivist'S Curse
12822,Islands Of The Caliph
12823,Impaler Gold
12824,Exit Limbo: Opening
12825,Shiro
12826,Marble Combat
12827,Qvadriga
12828,Main Assembly
12829,My Island
12830,Dracula 3: The Path Of The Dragon
12831,Redshirt
12832,无限投影
12833,Star Ocean - The Last Hope - 4K & Full Hd Remaster
12834,Call Of Cthulhu: The Wasted Land
12835,Sunset Mall
12836,Slave Zero X
12837,Voi
12838,Popup Dungeon
12839,Corporate Lifestyle Simulator
12840,Phat Stacks 2
12841,Crazy Christmas
12842,Lithium City
12843,Tinykeep
12844,Prison Run And Gun
12845,Death Elevator
12846,7 Wonders Of The Ancient World
12847,Agricultural Simulator 2013 - Steam Edition
12848,Fish Fillets 2
12849,Nimbus
12850,Dracula: Love Kills
12851,Everfall 1999
12852,Zombie Bowl-O-Rama
12853,Project Blari
12854,Glass Wing
12855,Eyes: The Horror Game
12856,Groovy
12857,Kill Yourself
12858,Lex Mortis
12859,Royale Island Showdown
12860,Spacekraft!
12861,Light
12862,Spellrogue
12863,The New Queen
12864,Wick
12865,Samurai Warriors 5
12866,The Wizards - Enhanced Edition
12867,Regency Solitaire
12868,Dwarfheim
12869,Chicken Strike: Cluck Ops
12870,Plan B From Outer Space: A Bavarian Odyssey
12871,Gumnaam
12872,Warp
12873,Epsilon Wars
12874,Buoyancy
12875,Dusk '82: Ultimate Edition
12876,Hello Neighbor Alpha 2
12877,Pumped Bmx +
12878,3X3 The Immersive Fiction Chapter One : Math Awakening
12879,Escape From Poalet
12880,Kyiv: From Dusk Till Dawn With Lenovo Explorer
12881,True Game
12882,听见我的心 Listen To My Heart
12883,Metal Gear Solid 2: Sons Of Liberty - Master Collection Version
12884,Temple Of Snek
12885,三国佣兵传奇
12886,Getmebro!
12887,Interlogic
12888,Caravan Trade Tycoon
12889,La Cops
12890,Railgrade
12891,The Political Machine 2024
12892,Clodhoppers
12893,Flyout
12894,Chronicle Of Innsmouth
12895,Inexplicable Geeks: Dawn Of Just Us
12896,Future Wars
12897,Chronos: Before The Ashes
12898,Null Vector
12899,Mars Base
12900,Princess&Blade
12901,Super Friends Party
12902,Fumpers
12903,Princess Isabella: The Rise Of An Heir
12904,Retro Classix: Night Slashers
12905,Tank Battle: 1944
12906,Oneshot: World Machine Edition
12907,Death'S Hangover
12908,Syndrome
12909,Storm Over The Pacific
12910,Front Lines
12911,Dark Parables: Curse Of Briar Rose Collector'S Edition
12912,Moose Miners
12913,Sacralith : The Archer`S Tale
12914,Stay Alight
12915,Touhou Genso Wanderer -Reloaded-
12916,Stellar Monarch
12917,Coloring Book For Kids
12918,Tetris Ultimate
12919,Dreams Of Dali
12920,Super Blood Hockey
12921,Wild Woods
12922,Solace Crafting
12923,Coin Push Rpg
12924,Vane
12925,Spatial Terminal Engine (St Engine)
12926,"Goodnight, Sweetie"
12927,Pogo Epoch: Impossible 99%
12928,Eternal Dread 3
12929,Avernum 5
12930,Twinkle Star Sprites
12931,Oh Trap!
12932,Impulsion
12933,Galactic Inheritors
12934,Witchspring3 Re:Fine - The Story Of Eirudy -
12935,Kill The Bad Guy
12936,Fields Xy
12937,Sink
12938,These Nights Alone
12939,Detached
12940,Avernum 2: Crystal Souls
12941,Extravaganza Rising
12942,Ninja Frogs
12943,Old School Rally
12944,Revenants: Spirit & Mind
12945,Catastronauts
12946,Control:Override
12947,Francisca
12948,Magical Otoge Ciel
12949,Atelier Sophie 2: The Alchemist Of The Mysterious Dream
12950,The Game Of Sisyphus
12951,Mortal Glory 2
12952,Wildlife Warfare
12953,Tinkertown
12954,My Big Sister
12955,Panzer Knights
12956,World Seed Classic
12957,Modern Fear
12958,Rogue Station
12959,Chroma Wars
12960,Rusted Moss
12961,Road Not Taken
12962,女巫与六便士 The Sibyl And Sixpence
12963,Grapple
12964,3089 -- Futuristic Action Rpg
12965,Bridge Constructor Medieval
12966,Nimble Quest
12967,Premier Manager 05/06
12968,Robinson: The Journey
12969,Aggression: Europe Under Fire
12970,The Kings' Crusade
12971,Dark Fall 2: Lights Out
12972,Sea Dogs
12973,Meliora
12974,Glacier 3: The Meltdown
12975,Conquistadorio: Prologue
12976,Monster In The Dark
12977,A.R.E.S.: Extinction Agenda
12978,Brick People
12979,Perimeter
12980,Silent Hunter: Wolves Of The Pacific U-Boat Missions
12981,Battle Academy
12982,Waves
12983,Gust
12984,Absolute Tactics: Daughters Of Mercy
12985,Nocturnals
12986,Rescue Your Chickens
12987,At Eve’S Wake Definitive Edition
12988,Motogp23
12989,Crossfire Ii (Amiga)
12990,Cat'S Menace
12991,Damascus
12992,Ball 2D: Soccer Online
12993,Ragnarok: The Lost Memories
12994,Utawarerumono: Prelude To The Fallen
12995,Super Lesbian Animal Rpg
12996,As Far As The Eye
12997,Whiteclothes
12998,Living Legends: The Frozen Fear Collection
12999,Hand Simulator: Horror
13000,Night Call
13001,Mind Games
13002,Neomorph
13003,8-Bit Hordes
13004,Fractal Block World
13005,Resonance Of Fate/End Of Eternity 4K/Hd Edition
13006,Gilles
13007,Erannorth Renaissance
13008,Another Otter
13009,Happy Summer Quest
13010,Swallow The Blue: Remastered
13011,Pathless Woods
13012,Mobler
13013,Kayak Vr: Mirage
13014,Swap Fire
13015,Joshua'S Legs
13016,Nimbatus - Drone Creator
13017,Avoid - Sensory Overload
13018,Million To One Hero
13019,Alicemare
13020,Sonic 3 & Knuckles
13021,Locked Up
13022,Origin Of Destiny: Crimson Awakening
13023,Welcome To Emba
13024,Universal Combat Ce
13025,One Hand Clapping
13026,Moebius: Empire Rising
13027,Seed Of Evil
13028,Drunken Wrestlers
13029,Monolith
13030,Eville
13031,Kosmonavtes: Academy Escape
13032,Mirror Of Heaven
13033,Inbound Ufo
13034,Psychedelia: The Psychonaut
13035,Astral Tale-星界神話
13036,Be-A Walker
13037,Toukiden 2
13038,Let'S Sing
13039,Heroes Of The Monkey Tavern
13040,The Tape
13041,What Lies In The Multiverse
13042,Indie Game Battle
13043,Captain Forever Remix
13044,Masked Forces: Zombie Survival
13045,Don'T Knock Twice
13046,Espresso Tycoon
13047,Enemy Engaged 2: Desert Operations
13048,0°N 0°W
13049,Primal Fears
13050,The Call
13051,Song Of Farca: Prologue
13052,Alum
13053,Genesis Noir
13054,100 Hidden Aliens
13055,Tormentor❌Punisher
13056,All-Star Fruit Racing
13057,Pinball Fx Classic Vr
13058,黑色花与红山羊 / Black Datura & Red Goat
13059,Space Simulator
13060,Hu-Man Dungeons
13061,Nanofights
13062,Fursan Al-Aqsa: The Knights Of The Al-Aqsa Mosque
13063,Re-Spawn Tournament
13064,Dance Of Death
13065,Naruto Shippuden: Ultimate Ninja Storm 2
13066,Khan: Absolute Power
13067,Addled Clicker
13068,*New* Scuffed Epic Bhop Simulator 2023 (Pog Champ)
13069,Clone Drone In The Hyperdome
13070,Aqua Fish
13071,勇者有点太嚣张。G(No Hero Allowed: No Puzzle Either!)
13072,Rogalia
13073,Super Monkey Ball: Banana Blitz Hd
13074,Grace Online
13075,Pine
13076,Totemori
13077,Ragtag Racing
13078,Ifo
13079,Hamlet
13080,From The Shadows
13081,Crunch Element
13082,The Divergent Series: Allegiant Vr
13083,Elemental Novice
13084,Nightork Adventures 2 - Legacy Of Chaos
13085,World Seed
13086,Porcunipine
13087,The Horus Heresy: Battle Of Tallarn - Iron Edition
13088,Oats Studios - Volume 1 Assets
13089,Muri
13090,Fantastic Checkers 2
13091,Starship Evo
13092,Crazy Belts
13093,Dropship
13094,Karma. Incarnation 1
13095,Black Hole Survivor
13096,Bayla Bunny
13097,Cyberblocker Complete Edition
13098,The Lancaster Leak - O'Brien State Park
13099,Girl And Demon 1
13100,Premier Manager 03/04
13101,Combat Chess
13102,Vacuum Pilot
13103,Squirrel Stapler
13104,Soundscape Vr
13105,Deck Of Ashes
13106,Spellknights
13107,Freedom Planet 2
13108,Deepsea
13109,The Secret Blue Forest
13110,Godhood
13111,"Warhammer 40,000: Sanctus Reach (Classic)"
13112,Gatling Gears
13113,Making History: The Calm And The Storm Gold Edition
13114,Gilded Rails
13115,Suikoden I&Ii Hd Remaster Gate Rune And Dunan Unification Wars
13116,Hinterland
13117,The Battle Never Ends
13118,Comanche 4
13119,Bejeweled Twist
13120,Disney Princess: Enchanted Journey
13121,"Outlaws + A Handful Of Missions (Classic, 1997)"
13122,Leningrad
13123,Hyperspace Invaders Ii: Pixel Edition
13124,Breach Of Contract Reloaded
13125,Slime Warrior Sokoban
13126,Hookah Haze
13127,Little Briar Rose
13128,Epic Assassin
13129,Parcel
13130,Cart Racer
13131,圣歌德嘉的晚钟
13132,Fallen
13133,Papo & Yo
13134,Escape Z
13135,Andromeda One Zombies
13136,Fashion Show Makeover Mega Pack
13137,Rabbit Hole
13138,Havendock
13139,Warlock: Tower Defence
13140,Puppy Dog: Jigsaw Puzzles
13141,Touhou Big Big Battle
13142,The Adventures Of Mr. Willickers The Rotting Mule
13143,Miner Mayhem
13144,Racket: Nx
13145,Cyberpunch
13146,Invaders From The Third Dimension
13147,Stay
13148,Blonde Driver
13149,50 Rounds
13150,Stream Racer
13151,100 Hidden Cups
13152,Shenmue Iii
13153,Freyr'S Love
13154,Twenty-Second: Stories Of Underground Kharkiv
13155,My Little Dictator
13156,Allumette
13157,Space Pilgrim Academy: Year 1
13158,Porradaria 2: Pagode Of The Night
13159,Redpixel
13160,天师
13161,Jump Dash Soar
13162,Rollscape
13163,Mary
13164,Super Mega Baseball 4
13165,Strata
13166,Godsworn
13167,Kamui
13168,Fireboy & Watergirl: Fairy Tales
13169,Psychonauts In The Rhombus Of Ruin
13170,Signal Maze
13171,Angels Cove
13172,Sonic The Hedgehog
13173,S.T.A.L.K.E.R.: Call Of Prypiat - Enhanced Edition
13174,Path Of War
13175,Baldr Sky
13176,Last Heroes 4
13177,Beyond Citadel
13178,Ballistic Machines
13179,Dotokoi / 像素男友
13180,Maia
13181,Deeper In The Dark
13182,Pixel Ripped 1978: An Atari Adventure
13183,Sopwith Vr
13184,Dramatical Murder
13185,Darkestville Castle
13186,Nekoview
13187,Shiver
13188,Duck: Dangerous Ultimate Cartridge Kidnapper
13189,King Of The Universe
13190,Old Town Stories
13191,Adventure Craft
13192,Meridian 157: Chapter 3
13193,Death Ray Manta Se
13194,Found
13195,Legrand Legacy: Tale Of The Fatebounds
13196,Golden Treasure: The Great Green
13197,The Storm Guard: Darkness Is Coming
13198,Rodina
13199,Diner Bros
13200,Machinika: Atlas
13201,Horace
13202,Craft Hero
13203,Clan Monsters
13204,Minute Of Islands
13205,Defence To Death
13206,Dream Catcher
13207,Gearhead Karting Simulator - Mechanic & Racing
13208,Mission: Aliens
13209,魔導聖戰:風色幻想
13210,Xbplay
13211,Space Battle Arena
13212,1997
13213,Bonfire Peaks
13214,Walking Zombie: Shooter
13215,Star Merchant
13216,Qop
13217,Cardaclysm
13218,Memento Mori
13219,The Heroic Legend Of Eagarlnia
13220,The Return Home Remastered
13221,Next Space Rebels
13222,Interstellar Logistics Inc
13223,Fantasya Final Definitiva Remake
13224,Ziode Shadow
13225,Faerie Afterlight
13226,Alternativa
13227,Find And Kill The Evil King
13228,Tanxy
13229,Relik
13230,Raster Prime [Remix]
13231,The Floor Is Still Really Cheap Lava
13232,Teenage Mutant Ninja Turtles: Tactical Takedown
13233,Wildcat Gun Machine
13234,Oubey Vr - Samurai
13235,Exceed 3Rd - Jade Penetrate Black Package
13236,Generally 2
13237,Empire Of The Gods
13238,Inertial Drift
13239,Endless Road: Reborn
13240,Eterium
13241,Infinite Jump
13242,Aim: Warmup
13243,Lilly'S Rescue
13244,Travellin Cats In Italy
13245,Gun Godz
13246,The Corporate Machine
13247,Вий: Визуальная Новелла
13248,Xentron Attack
13249,Enter The Backrooms
13250,Yokai Art: Night Parade Of One Hundred Demons
13251,Astropop Deluxe
13252,Twin Sector
13253,Happy Guy
13254,胡服騎射 Hufu Riding And Shooting
13255,Prey With Gun 带枪的猎物
13256,Mirlo Above The Sun
13257,Blood Ii: The Chosen + Expansion
13258,Children Of The Nile: Enhanced Edition
13259,Capitalism 2
13260,F1 2011
13261,Watchmen: The End Is Nigh
13262,No Turning Back: The Pixel Art Action-Adventure Roguelike
13263,Bloody Service
13264,Nyheim
13265,Black Mansion
13266,49 Keys
13267,Crystarise
13268,Polyturned
13269,Ticket To Ride: First Journey
13270,Moekuri: Adorable + Tactical Srpg
13271,Princess Maker Refine
13272,"Restore, Reflect, Retry"
13273,Family Business
13274,Gateways
13275,Nukitashi
13276,泡沫冬景
13277,Andy'S Apple Farm
13278,Maze Of Realities: Flower Of Discord Collector'S Edition
13279,Space Battle Svf
13280,Kindred Spirits On The Roof
13281,Mimic Logic
13282,Dungeon Of Gain
13283,Labyrinth Of The Demon King
13284,Pago Forest: Dragon'S Revenge
13285,Evil Genome 光明重影
13286,Aqua Kitty - Milk Mine Defender
13287,Is Defense
13288,The Political Machine 2016
13289,Jet Car Stunts
13290,A Tale Of Two Kingdoms
13291,Alien Shooter 2 - The Legend
13292,Ale Abbey - Monastery Brewery Tycoon
13293,Miss Neko: Pirates
13294,Scp: Control Error
13295,Last Tide
13296,骸亡禁决：Skeleton King
13297,Tales Of Graces F Remastered
13298,Leak Elite
13299,Ashes Of Immortality Ii
13300,Chuhou Joutai 3: Three Nights Of Scarlet Abscess
13301,Cosmic Leap
13302,Paint Girl
13303,Super Ick
13304,"Dimmdrive :: Gaming Ramdrive @ 10,000+ Mb/S"
13305,Marvel: Ultimate Alliance
13306,Crumb Circuit Simulator
13307,Lost2
13308,Hero
13309,Icbm
13310,Stay Or Leave / 留离
13311,Polydome
13312,Ouroboros Dungeon
13313,Combined Arms Operations Series
13314,Asguaard
13315,Star Vikings Forever
13316,Borderlands 2 Vr
13317,Anarcute
13318,Muffin Knight
13319,Love Curse: Find Your Soulmate
13320,Uptasia
13321,Hyperdot
13322,Deity Empires
13323,Grass Simulator
13324,Dragon Climax
13325,Beyond Contact
13326,Gems Of The Aztecs
13327,Pewdiepie: Legend Of The Brofist
13328,The Story Of The Flood
13329,Protolife
13330,An Imp? A Fiend!
13331,Strikers Edge
13332,Vom Drachentöten
13333,Lost But Found
13334,Arosia
13335,Anime Standing
13336,Ahegal
13337,Hirilun
13338,Atomfall
13339,Asterix & Obelix Xxl 3  - The Crystal Menhir
13340,Girl And Goblin
13341,Fifefer Island - Terrena'S Adventure
13342,The Kindeman Remedy
13343,Qanga
13344,Bing In Wonderland
13345,Uncle Chop'S Rocket Shop
13346,Rail Adventures - Vr Tech Demo
13347,Abyss The Forgotten Past: Prologue
13348,Take Thy Throne
13349,Farming World
13350,Cosmic Tank
13351,Gizmolab Vr
13352,Stardrive 2
13353,Frontier Fortress - Tower Defense
13354,1Quest
13355,Poosky
13356,Chasing Cassidy
13357,Exorcised
13358,Tech Support: Error Unknown
13359,Rathe: The Beginning
13360,疑案追了声
13361,Chaos;Head Noah
13362,Live The Life
13363,Photovidshow
13364,Dragon Star Varnir
13365,I'M On Observation Duty 5
13366,Tinkr Garage
13367,Hollow Cocoon
13368,Incision
13369,Metrocide
13370,Rising Of The Moon - Part 1
13371,Words For Evil
13372,Golftopia
13373,Tourists Kidnapped A Little Bear
13374,Eternal Space
13375,Darkness Within 2: The Dark Lineage
13376,False Shelter
13377,翎之歌
13378,Topfold
13379,Lovelorn Sanatorium Ⅲ
13380,Subject F-011
13381,Underland: The Climb
13382,王子斗恶龙(The Prince Fights The Dragon)
13383,Wooden Floor
13384,Gal-X-E
13385,King Arthur: Legion Ix
13386,Battle Grid
13387,Pirates Of Everseas
13388,Voodoo Dice
13389,Rise & Shine
13390,Gundeadligne
13391,Redneck Rampage
13392,Secret Files 2: Puritas Cordis
13393,Disney Winnie The Pooh
13394,Avadon: The Black Fortress
13395,Bit.Trip Core
13396,Delta Force 1
13397,Shatter Keep
13398,Club Soccer Director 2021
13399,A Webbing Journey
13400,A Hole In Space
13401,Last Train Outta' Wormtown
13402,The Office Simulation
13403,Ghost In The Barn House
13404,Toss!
13405,Oraxum Trials
13406,Nazi Labs
13407,The Dragon Apprentice
13408,R-Type Dimensions Ex
13409,你已经猜到结局了吗
13410,Blacklight: Tango Down
13411,Amaze: Interactive Vr Movies
13412,Doomed
13413,Eclipse --- Defending The Motherland
13414,Koumajou Remilia: Scarlet Symphony
13415,Dimension Tripper Neptune: Top Nep
13416,Banyu Lintar Angin - Little Storm -
13417,Madohi Shiroki No Kamikakushi
13418,Robert: Space Stories And Battles
13419,Fracas
13420,Snake Classic
13421,Sir Whoopass: Immortal Death
13422,Chronautical
13423,Supermarket & Internet Cafe Simulator
13424,Karma Miwa
13425,Skel Dungeon: Heroes Must Die!
13426,Lightseekers
13427,Nice Jumper
13428,One Night: Burlesque
13429,Ortus Regni
13430,Sumetrick
13431,Minidrivers
13432,Mastema: Out Of Hell
13433,Deadly Sin
13434,Let'S Minesweeper
13435,Save The Dodos
13436,Aetheris
13437,Boat Train
13438,Twilight Memoria
13439,Venineth
13440,Night Cascades
13441,My Friendly Neighborhood
13442,Another Perspective
13443,Ukraine Defense Force Tactics
13444,Requiem Aeternam Eden
13445,Motel Manager Simulator
13446,Brink Of Consciousness: The Lonely Hearts Murders
13447,Tropical Liquor
13448,Rpg Sounds
13449,Moe Jigsaw
13450,Two Against The Legion
13451,Havocado: Ragdoll Fighter
13452,Taxi
13453,Fractured Online
13454,Terrordrome - Reign Of The Legends
13455,Blind Sound
13456,Gold'S Dungeon
13457,Zeus Vs Monsters - Math Game For Kids
13458,Magical Stock Princess
13459,Jaded
13460,Creeper World 2: Anniversary Edition
13461,Deployment
13462,Ikea Vr Pancake Kitchen
13463,X Invader
13464,On A Roll 3D
13465,Shinobi Iii: Return Of The Ninja Master
13466,Odyssey - The Story Of Science
13467,Recycle
13468,Piwall
13469,Disputed Space
13470,Final Rush
13471,Start11
13472,Microtransaction Simulator
13473,Arcade Sundown
13474,Pandarama: The Lost Toys
13475,Ablepsia
13476,Race Track Builder
13477,Super Potus Trump
13478,Invincible Presents: Atom Eve
13479,Pumping Simulator
13480,Xf5700 Mantis Experimental Fighter
13481,Seek Girl Ⅷ
13482,Yume
13483,Will Of The Gods
13484,Woodlands
13485,Shadow Of Kingdoms
13486,Ruins Seeker
13487,Nightmarez
13488,Battle Pixels
13489,Kunoichi Botan
13490,Margonem
13491,Ravensthorn
13492,Gemini Wars
13493,Topple Tactics
13494,Techwars: Global Conflict
13495,Sol: Exodus
13496,Perspectives: Paradise
13497,Zombeer
13498,Critters For Sale
13499,Airborne Empire
13500,Zack Zero
13501,Swordsman Vr
13502,Magnificent-1
13503,Mirages
13504,After All
13505,Timber And Stone
13506,Fantasy Kommander: Eukarion Wars
13507,Endless Fables: The Minotaur'S Curse
13508,Freedom Fall
13509,Altdeus: Beyond Chronos
13510,Disney•Pixar Finding Nemo
13511,Detective Gman
13512,Puzzler World
13513,Rogue Waters
13514,Fragsurf
13515,Darkness And Flame: The Dark Side F2P
13516,Galaxy Citizen
13517,Cyber Hook
13518,Cursed West
13519,Bullet Witch
13520,Lightfish
13521,Football Game
13522,Colonumbers
13523,The Spirit And The Mouse
13524,Monster Castle
13525,Scary Mine Vr
13526,Destiny Encore
13527,Venture Kid
13528,Ad Infinitum
13529,Just Power: The Papal States
13530,Battle Engine Aquila
13531,Stone Age Wars
13532,Fallen: A2P Protocol
13533,Super Dungeon Master Ace Rpg
13534,Xwallpaper
13535,Myst Iv: Revelation
13536,Codename: Panzers - Cold War
13537,The Forgotten Tapes: Analog Nightmares
13538,Lord Of Darkness: Celebration
13539,18 Wheels Of Steel: American Long Haul
13540,A.I.M.2 Clan Wars
13541,Sacrifice
13542,Thrillville: Off The Rails
13543,Panzer War : Definitive Edition
13544,Star-Box: Rpg Adventures In Space
13545,Backrooms Society
13546,The Heilwald Loophole
13547,Only High
13548,Toonstruck
13549,Magic Bubbles
13550,Camping Simulator: The Squad
13551,A2 Zygon
13552,Super Mining Mechs
13553,Beer Bar
13554,Alien Age
13555,Sucker For Love: Date To Die For
13556,Htol#Niq: The Firefly Diary
13557,Cabernet
13558,The Watson-Scott Test
13559,Crocomars
13560,Aquasnap Window Manager
13561,Drop Duchy
13562,Malum
13563,Ghost
13564,P3Tt
13565,Hell Pie
13566,The Thief
13567,Воин Хинора
13568,Serial Cleaners
13569,Firefighters 2014
13570,Deported: Drain The Swamp
13571,Warlocks Vs Shadows
13572,Crime O'Clock
13573,The Mammoth: A Cave Painting
13574,Cantescapethebackrooms
13575,Lightracer: For Judge
13576,Karen Sees
13577,Cow Girls
13578,Deluge: Threnody Of Crashing Waves
13579,Hatsune Miku Vr
13580,Grab The Bottle
13581,Woden Gp
13582,Nancy Drew: The White Wolf Of Icicle Creek
13583,Project Mikhail: A Muv-Luv War Story
13584,Breakwaters: Crystal Tides
13585,Mori'S Nightmare : Hide And Seek
13586,Wing Ide 5
13587,Spacejump
13588,Sabbat Of The Witch
13589,Son Korsan
13590,Super Neo Tanks
13591,Lucent Bounds
13592,Whiskey.Mafia. Leo'S Family
13593,Ittle Dew 2+
13594,Gunboat
13595,Type:Rider
13596,Super Brain Cube
13597,Wooden Floor 2 - Resurrection
13598,Alien Marauder
13599,Gunbrella
13600,Sokocat - Dungeon
13601,Planet Surf: The Last Wave
13602,Crossing Guard Joe
13603,Luxor Evolved
13604,Fever Dream
13605,Dream Car Builder
13606,Etrian Odyssey Hd
13607,攻城与召唤 Siege And Summons 【5分钟一局 策略竞技 】
13608,Flerp
13609,Path Of Achra
13610,Horror Night
13611,Glimmer In Mirror
13612,Medicalholodeck. The Medical Dicom Viewer And Human Anatomy Lab In Virtual Reality.
13613,Solraven
13614,Once Again
13615,Robocracy
13616,Stock Car Extreme
13617,Mythos Ever After: A Cthulhu Dating Sim
13618,Night Lights
13619,Feral Fury
13620,Infiltration: Alone In Combat
13621,Necromancer : Winter
13622,Under The Water - An Ocean Survival Game
13623,Leap Up No Justu: Double
13624,The Raven Remastered
13625,欢乐逗病毒Td
13626,Unlock The King 2
13627,Flat Path
13628,Nightmare Knight ~Sacred Maiden & Fallen Magic~
13629,Kitchen Simulator 2015
13630,1000 Man General
13631,Northend Tower Defense
13632,Lift It
13633,Sankaku Renai: Love Triangle Trouble
13634,Transcendence Legacy - Voidswept
13635,Rpg Character Builder
13636,Resize
13637,Lionheart: Legacy Of The Crusader
13638,The Upturned
13639,Running Gods
13640,Warhammer: Vermintide Vr - Hero Trials
13641,Diner Mania
13642,4096
13643,Save The World
13644,Montaro Re
13645,Lode Runner Legacy
13646,Chrono
13647,Gravitypunk
13648,Algotica Iterations
13649,Velvetist: Prototype
13650,Nalogi 2
13651,Affordagolf Online
13652,Savant - Ascent Remix
13653,Lake Haven - Chrysalis
13654,Tiny Toyfare
13655,Agatha Knife
13656,Omensight: Definitive Edition
13657,Mahluk:Dark Demon
13658,[Chilla'S Art] Parasocial | パラソーシャル
13659,Central Killing Agency
13660,Magical Diary: Horse Hall
13661,Zombiefield
13662,Red Spider3: A Heroine Never Dies
13663,Succubus Affection
13664,Space Station Tycoon
13665,Warfarebattle
13666,Frogun
13667,Eyes Over Us
13668,Cakey'S Twisted Bakery
13669,The Waylanders
13670,Neighboring Islands
13671,Blacktop Hoops
13672,Atlas Architect
13673,Akatori: Сhapter One
13674,Alien Hallway 2
13675,Prince Maker美少年梦工厂3：重生
13676,Creavures
13677,Surgeon Simulator 2
13678,The Zombie Neighborhood
13679,Malkin
13680,La Pucelle: Ragnarok
13681,Is Simon There?
13682,On Your Hands
13683,Elendia Ceus
13684,Purgatory Overkill
13685,Impossible Mission Ii
13686,Hyperspace Dogfights
13687,Spirit Island
13688,Casino Inc.
13689,Ark Of Artemis
13690,"Bear, Vodka, Stalingrad!"
13691,重装燎原
13692,Shrine
13693,Silicone-2
13694,Pro Cycling Manager 2023
13695,Wandering In Space Vr
13696,Backfirewall_
13697,Desire Gambling House/欲望赌馆
13698,Kor
13699,Exceed - Gun Bullet Children
13700,Riffle Effect
13701,Card Survival: Fantasy Forest
13702,Spheria
13703,Legend Of Numbers
13704,Fate: The Traitor Soul
13705,Dragon Abyss
13706,Space Empires: Starfury
13707,Mxgp2 - The Official Motocross Videogame
13708,Extremely Realistic Siege Warfare Simulator
13709,Art Of Murder - Hunt For The Puppeteer
13710,F-22 Lightning 3
13711,Kult: Heretic Kingdoms
13712,Delta Force Xtreme 2
13713,[Chilla'S Art] Night Delivery | 例外配達
13714,Marequest: An Interactive Tail
13715,1... 2... 3... Kick It! (Drop That Beat Like An Ugly Baby)
13716,Why Am I Dead At Sea
13717,Colony - Arena Online
13718,Supreme Ruler 2020 Gold
13719,New Terra
13720,Nancy Drew: Secrets Can Kill Remastered
13721,Season Of Mystery: The Cherry Blossom Murders
13722,Tank Universal
13723,Unprompted
13724,The Disney Afternoon Collection
13725,Dark Blue Dungeon
13726,Memory Oblivion Box
13727,Есть Два Стула
13728,Lost In Space
13729,Doodle God: Mighty Trio
13730,Chibi Ninja Shino-Kun: Treasure Of Demon Tower
13731,Broken Alliance
13732,Retrozen
13733,Seifuku Kanojo
13734,Dynasty Warriors 7: Xtreme Legends Definitive Edition
13735,Era Of Newborns
13736,Vivian'S Kurse
13737,Penarium
13738,Brick Breaker
13739,Dandelion - Wishes Brought To You -
13740,Farm Frenzy: Heave Ho
13741,Ocelot Sunrise
13742,Virzoom Arcade
13743,Beat 'Em Down
13744,Valentino Rossi The Game
13745,How To Cope With Boredom And Loneliness
13746,Magic Technology
13747,Edna & Harvey: The Breakout - Anniversary Edition
13748,Antaria Online
13749,Romance Of The Three Kingdoms Ii
13750,Command: Modern Operations
13751,Araha : Curse Of Yieun Island
13752,I'Mitation The Eight Suicide Note
13753,Tumbleweed Destiny
13754,Paragon Of Time
13755,Furnish Master
13756,Pnevmo-Capsula: Domiki
13757,Until I Have You
13758,Memoriapolis
13759,Raywin
13760,Project Castaway
13761,Astellia
13762,Giga Wrecker
13763,Sofi Origins
13764,Aerofly Rc 7
13765,Amarok Dreams Demo
13766,Hiddens Awakening
13767,Rustler: Prologue
13768,Mana Chess
13769,Your Quest
13770,Look Outside
13771,Commando Hero 2 : First Blood
13772,Mondealy
13773,Mewnbase
13774,The Witch'S Maze
13775,Pretty Girls Mahjong Solitaire
13776,Botomy
13777,My Dream Is A Lost Memory
13778,Riftania
13779,Paladin'S Oath
13780,Piggy Poggy Pog
13781,Tick Tock Isle
13782,Igrow Game
13783,Strategic Mind: The Pacific
13784,Grid Miner
13785,Dreamscapes: The Sandman - Premium Edition
13786,99 Waves To Die
13787,Hentai Asmodeus
13788,The Scarlet Demonslayer
13789,告死天使复仇之夜 Death Angel Nightmare
13790,From The Grave
13791,The Beast Of Gevaudan
13792,Outbuddies Dx
13793,Proud To Love
13794,Munich Bus Simulator
13795,Militia
13796,Shantae: Half-Genie Hero Ultimate Edition
13797,Times And Galaxy
13798,The Gods Of The Red Planet
13799,The Sun Never Sets
13800,Liveza: Death Of The Earth
13801,Shing!
13802,Tyrion Cuthbert: Attorney Of The Arcane
13803,Electioneering
13804,Devolver Bootleg
13805,Illwinter'S Floorplan Generator
13806,Magicmaker
13807,Rogue Fable Iii
13808,Dead Signal
13809,Adventurer Manager
13810,A Guard Walks Into A Tavern
13811,Below The Stone
13812,World Of Guns: Vr
13813,Mycompany996
13814,Blackthorn Arena: Reforged
13815,The Legend Of Heroes: Sen No Kiseki I Kai -Thors Military Academy 1204-
13816,Easy Pose
13817,Tools Up!
13818,Goat Survivor
13819,Mini Motor Racing X
13820,Cashgrab
13821,Streets Of Chaos
13822,Blood Of Magic
13823,Nevergrind Online
13824,Time Loader: First Memories
13825,Against All Odds
13826,"The Official Gamingtaylor Game, Great Job!"
13827,Freddi Fish 3: The Case Of The Stolen Conch Shell
13828,Touhou Shinreibyou ~ Ten Desires.
13829,Delta Force 2
13830,Tzar: The Burden Of The Crown
13831,Beefeaterxo
13832,Maid Cafe On Electric Street
13833,Temporal Gunslinger
13834,Pro Pinball Ultra
13835,Super Cane Magic Zero - Legend Of The Cane Cane
13836,Turlock Holmes
13837,Vindictive Drive
13838,Sisyphus Reborn
13839,Wyrmsun
13840,Way Out
13841,There Is No Light: Enhanced Edition
13842,Sudden Strike 3
13843,Submerged Mystery: Takodachi
13844,Pathfinder: Gallowspire Survivors
13845,Viral Firar
13846,Legal Dungeon
13847,Kristala
13848,Pro Cycling Manager 2016
13849,Succubus Farm
13850,Parasomnia
13851,Samurai Vandalism
13852,Lost In Secular Love
13853,Zet Zillions
13854,Propagation: Paradise Hotel
13855,Hidden In Plain Sight
13856,Sabotage City
13857,Touhou Bunkachou ～ Shoot The Bullet.
13858,Godlike Burger
13859,Air Attack
13860,Harvest: Massive Encounter
13861,Tom Clancy'S Ghost Recon Island Thunder
13862,Big Money! Deluxe
13863,Tales Of Monkey Island Complete Pack: Chapter 5 - Rise Of The Pirate God
13864,Let It Flow
13865,Nancy Drew: Treasure In The Royal Tower
13866,Iron Rebellion
13867,Keebles
13868,Hong Kong Obscure
13869,天仙变
13870,Isocubes
13871,Hexceed
13872,The Dungeon Beneath
13873,Straya
13874,梦落凡尘 Dreams Of Falling Into Mortal Dust
13875,Devils Gold
13876,Scarmonde
13877,Titanic Shipwreck Exploration
13878,Running On Empty
13879,Death'S Playground
13880,Bmx Streets
13881,New Age
13882,Stick 'Em Up 2: Paper Adventures
13883,The Political Process
13884,The Last Cargo
13885,Spectator
13886,Impossible Soaring
13887,Tales [Pc]
13888,9-Nine-:Episode 4
13889,Apocalive
13890,Amenti
13891,Poly Shoot
13892,Apsulov: End Of Gods
13893,Hold Your Own
13894,Zomborg
13895,Project 5: Sightseer
13896,Pro Rugby Manager 2015
13897,S4U: Citypunk 2011 And Love Punch
13898,The Last Leviathan
13899,Ashes Cricket
13900,Ame No Marginal -Rain Marginal-
13901,Islet Online
13902,The Protectors Of Deya
13903,Spoko And Poko
13904,Cyber Agent
13905,P.R.O.T.O.C.O.O.L.
13906,Identity
13907,Red Comrades 2: For The Great Justice. Reloaded
13908,Hordez
13909,Galactic Force
13910,Heavily Armed
13911,Artemis Spaceship Bridge Simulator
13912,Garden Rescue: Christmas Edition
13913,A Rose In The Twilight
13914,The Adventures Of Linshanhai - Chapter5:Three Trees
13915,The Walking Dead: Betrayal
13916,Toufra
13917,Cat Go! Ultimate Challenge
13918,Undead Hunter Part I
13919,Planet Iridium
13920,Jonah'S Path
13921,Bob Came In Pieces
13922,Outbreak: Epidemic
13923,Airheart - Tales Of Broken Wings
13924,Zafehouse: Diaries
13925,Vagrant Sword
13926,Asciill
13927,Atomic Reconstruction
13928,"Shotgun, Dungeons, Laser Traps"
13929,Putrefaction 2: Void Walker
13930,King Of Seas
13931,Nelly Cootalot: Spoonbeaks Ahoy! Hd
13932,Ifu
13933,7 Bones And 7 Stones - The Ritual
13934,"Uruz ""Return Of The Er Kishi"""
13935,Noah'S Descent Into Madness
13936,Vigil: Blood Bitterness
13937,The Infectious Madness Of Doctor Dekker
13938,Reflection Of Mine
13939,Soldiers Of The Universe
13940,Monster Monpiece
13941,Aurora Nights
13942,Nemesis: Race Against The Pandemic
13943,Slave'S Sword 2
13944,In The Building: Cats 2
13945,Doodle Date
13946,Devil Seeds
13947,7Days Origins
13948,Pathfinder Adventures
13949,Lost Lands: The Four Horsemen Collector'S Edition
13950,Madevil
13951,Farworld Pioneers
13952,Letter Quest: Grimm'S Journey Remastered
13953,Electronic Super Joy: Groove City
13954,Mahjong Match
13955,Alpages : The Five Books
13956,Vox Populi Vox Dei 2
13957,Inversion
13958,Horrors Of The North
13959,Iactura
13960,Ms. Splosion Man
13961,The Miskatonic
13962,Ruzh Delta Z
13963,魔物讨伐团
13964,The Marvellous Miss Take
13965,Mymoney
13966,Seditionis: Tower Defense
13967,Meow Motors
13968,Depanneur Nocturne
13969,The Durka: You Will (Not) Die
13970,Ninja Hanrei
13971,Grobda Remix
13972,Leisure Suit Larry 1 - In The Land Of The Lounge Lizards
13973,The Parallax Effect
13974,7 Wonders: Magical Mystery Tour
13975,Stop Online - Battle Of Words
13976,The Peresmeshnik
13977,Dark Roll
13978,Out Of The Park Baseball 17
13979,Rabbit Hole 3D: Steam Edition
13980,Daily Wife
13981,Battle Bugs
13982,Pier Solar And The Great Architects
13983,The Pegasus Expedition
13984,Cube Land Arena
13985,Decent Icons
13986,Mechanika
13987,Revolvr 3
13988,Maltese'S Fluffy Onsen
13989,Wuxing Master 五行师(Ccg)
13990,Realm Of Alters
13991,Moonbase Commander
13992,"Badlands Crew - Drive, Command, Conquer"
13993,Gloomy Eyes Vr
13994,7 Wonders Ii
13995,Gunslugs 2
13996,Delta Force Land Warrior
13997,My Cute Fuhrer
13998,Vampire: The Masquerade - Redemption
13999,Towerborne
14000,Touhou Fuujinroku ~ Mountain Of Faith.
14001,Immortal Family
14002,The Black Masses
14003,Infliction
14004,Power & Revolution 2019 Edition
14005,Space Nations - Battlearena
14006,Children Of A Dead Earth
14007,Orion Sandbox Enhanced
14008,Windsor - Grand Strategy Mmo
14009,Ironsmith Medieval Simulator
14010,Mythic Prelude - Concept Demo
14011,Vomitoreum
14012,Killmage
14013,Milord
14014,San Diablos
14015,月影魅像-解放之羽-
14016,King'S Heir: Rise To The Throne
14017,Depth Of Extinction
14018,Dot To Dot Puzzles
14019,The Tower Of Tigerqiuqiu 2
14020,Zombie Survivor: Undead City Attack
14021,Tales Of The Mirror
14022,Bitardia Cards: Memes Of 2Ch
14023,Flobe
14024,One Punch Man: A Hero Nobody Knows
14025,Osteya
14026,Freezeer
14027,Ping Pong League
14028,The Coven Of Calahree
14029,Shadows Over Whispering Pines
14030,Micro Platformer
14031,Litil Divil
14032,Druidstone: The Secret Of The Menhir Forest
14033,Monster Energy Supercross - The Official Videogame 3
14034,Sig.Null
14035,Haywire On Fuel Station Zeta
14036,Vintage Vr
14037,Shush
14038,Rite Of Eris
14039,9-Nine-:Episode 1
14040,Arisen: Prologue
14041,Bugz!
14042,Rocket Rats
14043,Eredia 2: The Great War
14044,Tomato Jones 2
14045,Flight Of The Icarus
14046,Royal Romances: Battle Of The Woods Collector'S Edition
14047,Two Brothers
14048,Psalm 5:9-13
14049,Dishwasher
14050,Supermedium - Virtual Reality Browser
14051,G.O.P.O.T.A
14052,Everybody'S Gone To The Rapture
14053,Ancient Warfare: The Han Dynasty
14054,Impulse Control
14055,Versaillesvr | The Palace Is Yours
14056,Orbos
14057,Hmmsim Metro
14058,A Mining Game
14059,Zombie Island
14060,War Builder League
14061,Zombie Wars: Invasion
14062,Chime Sharp
14063,Wolflame
14064,Raptors Of Southedge
14065,Malediction
14066,Squarelands
14067,.T.E.S.T: Expected Behaviour — Sci-Fi 3D Puzzle Quest
14068,Wild Dogs
14069,Room13
14070,The Adventures Of Fatman
14071,King And Assassins
14072,The Pair Annihilation
14073,Project Skylab 2
14074,Gurobu
14075,Session Seven
14076,The Donnerwald Experiment
14077,Ss.Archives
14078,Bongo Quest
14079,Big Shots
14080,Alteil: Horizons
14081,No Return
14082,Crypto Quest
14083,Sisypush
14084,Pharmakon - Tactical Puzzle
14085,Vectorio
14086,Voodoo Detective
14087,Taboos: Flower
14088,Party Golf
14089,Star Sweet
14090,Reddoor
14091,Enthrean Radiance : Prologue
14092,Wwii: The Last Tiger
14093,Playing Both Sides
14094,Dodge Show
14095,Dark Parables: The Exiled Prince Collector'S Edition
14096,Lost Legend-Legacy
14097,Sublevel Zero Redux
14098,Wanted Raccoon
14099,Help Me Now
14100,Castles & Catapults
14101,Power & Revolution
14102,Broccoli Bob
14103,Among Us 3D
14104,Ragnarok Chess
14105,Ohio John: Get Out!
14106,The Black Death
14107,Barren Depths
14108,Sharp
14109,Sakuya Izayoi Gives You Advice And Dabs
14110,High Speed Trains
14111,Astral Vangard
14112,Red Crow Mysteries: Legion
14113,Dive The Depths
14114,Paragnosia
14115,New Frontier Days ~Founding Pioneers~
14116,Creature Hunter
14117,Space Sergeants
14118,Bloodlit
14119,Zephon
14120,Chronicle Keepers: The Dreaming Garden
14121,Class Escape
14122,Exo Digger
14123,Princess Maker Go!Go! Princess
14124,Mysterious Treasure
14125,Run Zeus Run
14126,Raygun Commando Vr
14127,Pretty Girls Breakout! Plus
14128,Regenesis Arcade Lite
14129,Peg Solitaire
14130,King Arthur: Fallen Champions
14131,Explorer Of Yggdrasil
14132,Fantasia Of The Wind - 风之幻想曲
14133,Kingdom Builders
14134,Cosmic Dj
14135,Voodoo Vince: Remastered
14136,Dark Invasion Vr: Doomsday
14137,The Battles Of Spwak 3
14138,The Last Oricru - Final Cut
14139,Bionic Momentum
14140,Arcade Spirits
14141,Garten Of Banban 6
14142,Broken Minds
14143,Danmaku Unlimited 2
14144,The Adventurer - Episode 1: Beginning Of The End
14145,Helium Rain
14146,Chef Solitaire: Usa
14147,Kaiju Wars
14148,Dynamic Dungeons Editor
14149,Pocket City
14150,Rot Gut
14151,Bal Solid
14152,Sakura Sadist
14153,Autoforge
14154,Magical Valkyrie Lyristia
14155,Assault On Arnhem
14156,Wavetale
14157,Isle Of Skye
14158,Out Of The Park Baseball 20
14159,Astro Pig
14160,Winter And People
14161,Grav Blazer Squared
14162,Western Press
14163,Delicious - Emily'S New Beginning
14164,Spinch
14165,Love Fantasy
14166,Tsugunohi
14167,My Daughter Is A Cultist! Se
14168,Elminage Gothic
14169,Fishy
14170,Burnin' Rubber 5 Hd
14171,Dysfunctional Systems: Learning To Manage Chaos
14172,Fatale
14173,Citizen Of Rome - Dynasty Ascendant
14174,Bytepath
14175,からぱりうぉーず
14176,New York Mysteries: High Voltage Collector'S Edition
14177,Creeper World: Anniversary Edition
14178,Wee Tanks!
14179,Eye Of D'Akess
14180,Line War
14181,Influx
14182,7Th Domain:Tree Of Chaos
14183,Vectronom
14184,Razor2: Hidden Skies
14185,Dinoscape
14186,The Skies
14187,Old School Musical
14188,39 Days To Mars
14189,Monster Energy Supercross - The Official Videogame 2
14190,Hidden Object Bundle 4 In 1
14191,Epics Of Distant Realm: Holy Return
14192,Jendo: Origins
14193,Shadows Of War
14194,Verlet Swing
14195,Learn Japanese To Survive! Kanji Combat
14196,The Voices Games 3D Collection
14197,Edessa: School Of Wizardry
14198,Doomtrooper Ccg
14199,Hotel Giant 2
14200,Stardust Vanguards
14201,Starfighter Neon
14202,Octopus Bar
14203,Alan Sharp
14204,Planetary Defense: An Orbital Turret Defense System
14205,Crystal Call
14206,Gun Wings
14207,Linelith
14208,Botany Manor
14209,Zwei: The Arges Adventure
14210,The Dwarves Of Glistenveld
14211,Skotos
14212,Magna Graecia
14213,Priest Simulator: Heavy Duty
14214,Sentience
14215,Fantasy Memory Card Game
14216,Daedalus - No Escape
14217,Blue Revolver
14218,When Ski Lifts Go Wrong
14219,Valthirian Arc: Hero School Story
14220,Ufo
14221,目盲/Blind
14222,Chasing Dead
14223,The Grounding
14224,Metal Golem: First Contact
14225,Ty The Tasmanian Tiger 2
14226,Landlord'S Super
14227,寂寞神明的心愿手记
14228,Raptor: Call Of The Shadows (1994 Classic Edition)
14229,Cladun X2
14230,Manga Maker Comipo
14231,Evilquest
14232,Market Tycoon
14233,Cuban Missile Crisis
14234,Darklands
14235,"Mage Tower, A Tower Defense Card Game"
14236,Earthling'S Undertaking
14237,Dreams Of Aether
14238,Verdict Guilty - 유죄 평결
14239,Mossroot
14240,Iwaihime
14241,Urja
14242,Professional Farmer: Cattle And Crops
14243,God Of Word
14244,Battle Royale Tycoon
14245,Westale: Peelgrimage
14246,Shadows: Heretic Kingdoms
14247,Robin Hood - Sherwood Builders
14248,Gods Remastered
14249,Fossil Hunters
14250,Apollo4X
14251,Exceed 2Nd - Vampire Rex
14252,The Spatials
14253,Asteria
14254,Leviathan: An Interactive Comic Book
14255,Buggos
14256,Kubits Gallery
14257,Just Click The Button
14258,Roundabout
14259,Kaf Village
14260,Knock Harder: Useless
14261,Odysseus Kosmos And His Robot Quest (Complete Season)
14262,雨鸦 - You Are My Sanctuary
14263,Crazy Veggies
14264,Retro Classix: Wizard Fire
14265,Twelvesky 2 Classic
14266,Chowdertwo
14267,Draw Puzzle 画之谜
14268,Skyward Descent
14269,Damnosaur
14270,World Titans War
14271,Monsterwolf
14272,Operation Tp
14273,Western Redemption
14274,Folklore Hunter
14275,Parasomnum
14276,Rolling In The Maze
14277,Smoke And Sacrifice
14278,[Chilla'S Art] Stigmatized Property | 事故物件
14279,Iron Blade: Medieval Rpg
14280,Tunche: Arena
14281,Dire Vengeance
14282,Extinction / Zombie İnvasion 1
14283,Altwaldheim: Town In Turmoil
14284,Screen Cat
14285,Grass Cut
14286,Bang Bang Fruit 2
14287,Y.E.T.I
14288,Leap Of Fate
14289,Rogue Invader
14290,Let'S Sing 2016
14291,The Escapists: The Walking Dead
14292,Hitler Is My Crush
14293,Super Chibi Knight
14294,Knights Of Pen And Paper 2: Free Edition
14295,Crypto Is Dead
14296,Europa
14297,Moxie'S Lemon
14298,Backrooms: The Next Level
14299,The Dream
14300,Pair-A-Site
14301,Gravity Wars
14302,Battlerush 2
14303,Space Grunts
14304,我死后的那些天-After Death
14305,The Scourge | Tai Ương
14306,Ruin
14307,Divine Slice Of Life
14308,Girl Blonde
14309,Fowl Space
14310,Pufiweho
14311,Epic Car Factory
14312,Vr Soccer '96
14313,Ragtag
14314,Sumire
14315,Cemetery Warrior V
14316,Spin Hero
14317,Rod: Revolt Of Defense
14318,Cubway
14319,Save One More
14320,Thugs Never Die
14321,Bohemian Killing
14322,Car Manufacture
14323,Team Indie
14324,Solitaire Forever Ii
14325,Steamworld Heist Ii
14326,Gerda: A Flame In Winter
14327,The Charnel House Trilogy
14328,Realityminds
14329,"Peace, Death! 2"
14330,Vapor Music Tour
14331,Roarr! The Adventures Of Rampage Rex
14332,Ziggy'S Cosmic Adventures
14333,Xxx Puzzle
14334,Samuza
14335,Nyan Cat: Lost In Space
14336,The Chant
14337,Epic Quest Of The 4 Crystals
14338,Aveyond 3-1: Lord Of Twilight
14339,Star Trek : 25Th Anniversary
14340,Journey To Earth
14341,Immortal Mantis
14342,Girls Of The Tower
14343,Shikhondo(食魂徒) - Soul Eater
14344,Mold On The Pizza
14345,Laysara: Summit Kingdom
14346,Woodle Tree 2: Worlds
14347,Lamo The Game
14348,Starcrawlers
14349,Interstellar Airgap
14350,Peaky Blinders: Mastermind
14351,The Witch Of Fern Island
14352,Never Breakup
14353,School Grounds
14354,Tezz: Portals
14355,Karakia Shooter
14356,Guardians Of The Ashes
14357,Used Cars Simulator
14358,Lust&Magic -Chisalla In A Flower Basket-
14359,Resilience Wave Survival
14360,Pc Creator - Pc Building Simulator
14361,Exo One: Prologue
14362,Sector
14363,Phantom Fury
14364,Tafl Champions: Ancient Chess
14365,The Moment We Met
14366,Alwa'S Awakening
14367,The Van Of Justice
14368,Sounds Of Her Love
14369,Underquest
14370,Intake
14371,Vagrant Hearts 2
14372,Mournight
14373,Last Stand Delivery
14374,Candice Debébé'S Scandalous Secrets
14375,Chess Knights: Shinobi
14376,Perfect Heist
14377,Voxelgram
14378,Terrible Laboratory
14379,Impossiball
14380,Creepy Creepy Love
14381,Starship Constructor
14382,Wars And Warriors: Joan Of Arc
14383,Final Upgrade
14384,Ballfrog
14385,Maze Of Realities: Reflection Of Light Collector'S Edition
14386,Engage
14387,Concord
14388,The Old City: Leviathan
14389,Gunsoul Girl
14390,Retail Company Simulator
14391,The Deal
14392,Shut Eye
14393,Shanubis
14394,Million Dungeon
14395,Farabel
14396,Minarchy: Active Shooter
14397,Sakura Agent
14398,Fate: Undiscovered Realms
14399,Dark Places
14400,At Home Alone Ii
14401,Rising Kingdoms
14402,Vernal Edge
14403,Panzer Strategy
14404,Inked: A Tale Of Love
14405,Mana Spark
14406,Airport Madness 3D
14407,Xeodrifter
14408,Warfare
14409,Luxor 3
14410,Cyberscope
14411,Deep Space Battle Simulator
14412,Winter Voices
14413,Airport Madness 3D: Volume 2
14414,Take Command - 2Nd Manassas
14415,Fantasy Versus
14416,Metal Commando
14417,Lake Ridden
14418,Brief Karate Foolish
14419,My Monstrous Roommate. (Étude)
14420,Azurael’S Circle: Chapter 5
14421,Tea Party Simulator 2015
14422,Cloning Clyde
14423,Hitogata Happa
14424,Gorgon Shield
14425,Across The Galaxy: Stellar Dominator
14426,Nalogi
14427,Konung 3: Ties Of The Dynasty
14428,Kra-Ken
14429,The Dragons' Twilight Ii
14430,Jump Boy
14431,Countryballs Heroes
14432,Vampire Mansion
14433,World Warfare
14434,Tesla Force
14435,涨粉二维码
14436,富甲天下4
14437,Divine Miko Koyori
14438,Bridge Constructor Stunts
14439,Lucid Dream Adventure
14440,Children'S Jigsaw Puzzles - Beautifully Illustrated
14441,Crash Drive 2
14442,Kawaii Deathu Desu
14443,Rogue'S Tale
14444,Super Web Kittens: Act I
14445,Zenkcraft
14446,Five: Guardians Of David
14447,Mohism: Battle Of Words
14448,Arruyo
14449,The Castle Doctrine
14450,Sky Mercenaries
14451,Red Forest
14452,Fly Simulator
14453,Xangel
14454,Wallace & Gromit’S Grand Adventures
14455,Gentlemoon 2
14456,Clocked
14457,Mothman
14458,Silent Love
14459,Adventurers Guild
14460,Only Up 2
14461,Touhou Seirensen ~ Undefined Fantastic Object.
14462,Racecraft
14463,Hover Hazard
14464,Chicken Invaders 2
14465,Ninja Gaiden 2 Black
14466,Goblet Of Maya
14467,Touhou Kaeizuka ～ Phantasmagoria Of Flower View.
14468,Joint Task Force
14469,Abyss Raiders: Uncharted
14470,My Koi
14471,Ragnorium
14472,Aura Kingdom 2
14473,Greetings
14474,Hundred Fires: The Rising Of Red Star - Episode 1
14475,Blaster Master Zero 3
14476,Kumakuma Manga Editor
14477,Mahjong Magic Journey
14478,Cgencore
14479,Master Of Magic Classic
14480,The Legend Of Heroes: Kuro No Kiseki
14481,Guiding Light
14482,Truck Truck
14483,Kapital Punishment 22Xx
14484,The Corridor
14485,Rebirth Fantasy
14486,Whisper Of A Rose
14487,D-Corp
14488,Siphonophore
14489,X-Plane 10 Global - 64 Bit
14490,Danmaku Unlimited 3
14491,Sheepo
14492,Bullet Candy
14493,Azura
14494,Beyond The Invisible: Darkness Came
14495,Survival Machine
14496,Basement Of Hellish
14497,Ignition
14498,Children Of Zodiarcs
14499,I Am Robot
14500,Avatarika
14501,Demented
14502,Epigenesis
14503,Apex Aim Trainer
14504,Bats: Bloodsucker Anti-Terror Squad
14505,A-Gents
14506,War Machines: Free To Play
14507,Five Nights At Floppa
14508,Runewards: Strategy Card Game
14509,Crazy Machines 1.5
14510,Spellmasons
14511,Bad Mojo Redux
14512,Trivia Night
14513,Pemsa
14514,Mechanica
14515,Guardians Of Graxia
14516,Skeet: Vr Target Shooting
14517,8-Bit Attack
14518,100 Hidden Birds
14519,Raiden V: Director'S Cut | 雷電 V Director'S Cut | 雷電V:導演剪輯版
14520,Lionessy Story
14521,Enjoy The Diner
14522,Sickbrick
14523,Paranecro
14524,Heaven Dust 2
14525,Dark Parables: The Red Riding Hood Sisters Collector'S Edition
14526,Kamio Recoil
14527,Riddles Of The Owls Kingdom
14528,Is It Wrong To Try To Shoot 'Em Up Girls In A Dungeon?
14529,Bafl - Brakes Are For Losers
14530,Дейтсим Говна
14531,Super Dungeon Tactics
14532,Nkodice
14533,Theatre Of The Absurd
14534,Grace
14535,This Magical Girl Is A B☆Tch
14536,Inside The Forest
14537,Dreamcore
14538,To Your Stations!
14539,18 Wheels Of Steel: Extreme Trucker
14540,Casino Blackjack
14541,Hololive Treasure Mountain
14542,Time Gap Puppies
14543,Phantasmal: Survival Horror Roguelike
14544,Submachine: Legacy
14545,S.P.A.T.
14546,Kelvin
14547,Catgirl Lover
14548,Guilty As Sock!
14549,Evil Officer
14550,Lazaret
14551,Nofio Wireless Adapter For Valve Index
14552,The Slimeking'S Tower
14553,Echoes
14554,Gryphon Knight Epic
14555,Planet Cracker
14556,Fortune Summoners Special Edition
14557,Slap The Rocks
14558,Itrp _ Aero Star
14559,Shanghai Summer
14560,Noir Syndrome
14561,Skylar & Plux: Adventure On Clover Island
14562,Tales From Space: Mutant Blobs Attack
14563,回门 Way Back Home
14564,4 Rush Together
14565,Mask Of The Rose
14566,Deadly Land
14567,"Zatorski, Ph.D."
14568,Sanguine Melancholia
14569,Fist Puncher
14570,Blackbeard The Cursed Jungle
14571,Taima Miko Yuugi
14572,Coin Operated Carnage
14573,Space Prison
14574,Drunk: Relapsed
14575,Highway Madness
14576,Wrought Flesh
14577,Alien Shooter - Last Hope
14578,Soulknight Survivor
14579,Shrink Assault
14580,Hypnagogia 無限の夢 Boundless Dreams
14581,Esport Manager
14582,Idiot Brain Evolution
14583,Gungrave G.O.R.E
14584,Beam
14585,Return Of The Phantom
14586,Agent Klutz
14587,Lire
14588,Pixel Fodder
14589,Motogp17
14590,Short Circuit Vr
14591,Relic Guardians: Complete
14592,Degradation(Alpha)
14593,Avem33
14594,Arcade Paradise
14595,Milkman Mayhem
14596,Lords Of The Shattered Kingdom
14597,修仙者黎明
14598,Saiko No Sutoka
14599,Book Seeker
14600,Q.U.Q.
14601,Endangered
14602,Tarot Realms
14603,Dark Bestiary
14604,Hot 21
14605,The Garden Of Orilon
14606,Armorik The Viking: The Eight Conquests
14607,Casinolife Poker - #1 Free Texas Holdem 3D
14608,Blazesky
14609,Deckadance 2
14610,Air Guardians
14611,Normal Shmup
14612,Chicago 1930 : The Prohibition
14613,Kingdomdefense
14614,Empire Of The Ants
14615,Stigmata Of Sacrilege
14616,Labyrinth Of Refrain: Coven Of Dusk
14617,Loretta
14618,Metaphysical
14619,Reprisal Universe
14620,Shutshimi
14621,Dark Void Zero
14622,Paper Planet
14623,Maskonauts: Chat'Attack
14624,Out Of The Park Baseball 23
14625,Hero'S Quest
14626,Vegas: Make It Big
14627,The Westport Independent
14628,Ashes Of Immortality Ii - Bad Blood
14629,Knights Of The Tiny Table
14630,Griefer
14631,Glover
14632,Winding Road
14633,Midnight Scenes: The Highway
14634,Martian Law
14635,Unholy
14636,Rainy Butcher
14637,Chaotic Airport Construction Manager
14638,Attack On Toys
14639,Path Of Sin: Greed
14640,Do Not Feed The Monkeys 2099
14641,Innerspace
14642,Saint Paul Pre-Alpha
14643,Nargul - Humans Are Among Us
14644,Happy
14645,Skilltree Saga
14646,Dreamcatcher: Reflections Volume 1
14647,Scribble Space
14648,Nancy Drew: Ransom Of The Seven Ships
14649,Share
14650,Devil'S Island
14651,Zombie Kill Of The Week - Reborn
14652,Konkonkon
14653,Eternal Hope: Prologue
14654,Rogue Trooper Redux
14655,Ragnarok Journey
14656,Mirror Mysteries
14657,The Shadows Lengthen
14658,I Must Kill...: Fresh Meat
14659,Roof Rage
14660,"Calm Down, Stalin"
14661,Natural Instincts: European Forest
14662,Rush: A Disney • Pixar Adventure
14663,Space Blaster 8 Bit
14664,Rock Paper Sock
14665,Clash Of Irons
14666,Mech Engineer
14667,Grabity
14668,Aetherspace
14669,Sweet Fantasy
14670,Legend Of Kay Anniversary
14671,Escape: Malice
14672,Keylocker | Turn Based Cyberpunk Action
14673,Gooooooal!
14674,Stopgate
14675,Luxor
14676,The Haunted Tunnel
14677,Mahokenshi - The Samurai Deckbuilder
14678,Nestalgia
14679,東方催狐譚 ～ Servants Of Harvest Wish
14680,Dyad
14681,Deadbeat Heroes
14682,Marble World
14683,Alltynex Second
14684,Silverfall
14685,Guidelicious
14686,Higurashi When They Cry Hou - Ch.2 Watanagashi
14687,Opalescence
14688,First Dwarf
14689,Guilt Free
14690,Panzer Tactics Hd
14691,Tasokare Hotel Re:Newal
14692,God Wars The Complete Legend
14693,The Club
14694,Aggelos
14695,Turbo Golf Racing
14696,Hidden Object - 12 In 1 Bundle
14697,Just Deserts
14698,It Lurks Below
14699,Myth
14700,Umineko: Golden Fantasia
14701,Armored Battle Crew [World War 1] - Tank Warfare And Crew Management Simulator
14702,Flatworld
14703,Strange Creatures
14704,Checkmate Challenge
14705,Jamie'S Toy Box
14706,Space Operators
14707,All-Inn
14708,Konung 2
14709,Disc Golf Valley
14710,Updive
14711,Just Get In Through The Door
14712,The Protagonist: Ex-1
14713,Noesis_羽化
14714,Blue Fire: Void Maker
14715,Xanadu Next
14716,Scorchlands
14717,Asteroids Belt: Try To Survive!
14718,Mars Quest
14719,Facevalue
14720,Containment Initiative
14721,Aerofly Fs 1 Flight Simulator
14722,Project Nimbus: Complete Edition
14723,Pulstar
14724,Help Will Come Tomorrow
14725,Mahlone One
14726,Cat Simulator
14727,Her Name Was Fire
14728,World Of Zoo
14729,Solar Ash
14730,Bomb Escape
14731,The Horologist'S Legacy
14732,Tchia
14733,Panzer Dragoon: Remake
14734,Zombie Claus
14735,Metal Faith
14736,Spacer: Legacies
14737,Beyond Magic
14738,Romance Of The Three Kingdoms Vii With Power Up Kit
14739,阴缘
14740,Rocketbirds 2 Evolution
14741,My Camp Of Memories: Episode 1
14742,Gum Guy
14743,The Divine Deception
14744,Hakoniwa Explorer Plus
14745,The Pathless
14746,Go Kart Run!
14747,Meiqi 2022
14748,Faceminer
14749,Tiny Combat Arena
14750,The Inn-Sanity
14751,Darkness Arrives
14752,Broken Spectre
14753,Dungeon Village 2
14754,Near Death
14755,The Zachtronics Solitaire Collection
14756,Hexxagon - Board Game
14757,Vestaria Saga Ii: The Sacred Sword Of Silvanister
14758,Phoenix Dynasty 2
14759,Agricultural Simulator: Historical Farming
14760,Edge Of War
14761,Mahjong Destiny
14762,Ghostlords
14763,Rokka
14764,City Legends: Trapped In Mirror Collector'S Edition
14765,Oubey Vr – Reise Der Monaden
14766,Battle Mages
14767,Penny Rpg: Shadows Of The Lost - A Blood City Tale
14768,Silver
14769,Demon Hunter 3: Revelation
14770,Advancity
14771,Valiant: Resurrection
14772,Tachyon: The Fringe
14773,The Book Of Legends
14774,Kill To Collect
14775,Celtic Kings: Rage Of War
14776,Super Cosmojet
14777,41 Hours: Prologue
14778,Bullet Wave
14779,Galaxy'S Extreme
14780,Furballs Racing
14781,The Defenders: The Second Wave
14782,Ion Assault
14783,Mashed
14784,The Dope Game
14785,Dark Flame
14786,Hidden Object 6-In-1 Bundle
14787,Insight
14788,Lostwinds 2: Winter Of The Melodias
14789,Warrior Kings: Battles
14790,Ethereal Estate
14791,The Red Lantern
14792,Murder
14793,Raw Metal
14794,Voxel Tanks
14795,Run Eternal Depths
14796,Getaway Island
14797,Meridian 59
14798,Mosaics Galore
14799,Etched Memories Demo
14800,Reformers
14801,Point Perfect
14802,Solo Path
14803,Nancy Drew: Last Train To Blue Moon Canyon
14804,Andromeda: Rebirth Of Humanity
14805,Eurofighter Typhoon
14806,Silverfall: Earth Awakening
14807,A-Tech Cybernetic Vr
14808,Amazing Adventures Around The World
14809,Gord
14810,Phantom Thief Celianna
14811,Vietnam ‘65
14812,The Iota Project
14813,Spectral Climb
14814,Cold Shell
14815,Pipe Mania
14816,Noun Town Language Learning
14817,Genome Guardian
14818,Bleed 2
14819,Scoregasm
14820,Loneliness
14821,Supersmash: Physics Battle
14822,Theatre Of War 2: Kursk 1943
14823,Phogs!
14824,Puzzle Quest: Galactrix
14825,A Vampyre Story
14826,Shock Troopers
14827,The Redress Of Mira
14828,Sandstorm
14829,Acid Nimbus
14830,Zeliria Sanctuary
14831,Broodstar
14832,Shattered Haven
14833,Battle Worlds: Kronos
14834,Rex Rocket
14835,Chuck'S Challenge 3D 2020
14836,Dx-Ball 2: 20Th Anniversary Edition
14837,Narcissu 10Th Anniversary Anthology Project
14838,Worldless
14839,Space Between Worlds
14840,Darkwater
14841,A Million Conquests
14842,A Hole New World
14843,Unfolded : Camellia Tales - Prologue
14844,Castle Flipper
14845,Toilet Chronicles
14846,Bubble Jungle  Super Chameleon Platformer World
14847,Project Kunai
14848,Dungeon Royale
14849,什么找茬
14850,Potion Explosion
14851,Leisure Suit Larry In The Land Of The Lounge Lizards: Reloaded
14852,Dominate Square
14853,Up To Gods
14854,Quanero Vr
14855,Highschool Romance
14856,Cypher
14857,Lost Civilization
14858,Tokyo Ghoul:Re [Call To Exist]
14859,G String
14860,International Space Station Tour Vr
14861,Fall Of Light: Darkest Edition
14862,Shelter Manager
14863,Visibility
14864,Anstorm
14865,Solargun
14866,Footage Bodycam
14867,Contain
14868,勇者救魔神—阿奎拉尼大陆战记
14869,Madrun
14870,Sakura Succubus
14871,Ropes And Dragons Vr
14872,Memory'S Dogma Code:01
14873,Fantasy Town Regional Manager
14874,World Of Speed
14875,Halftime Heroes
14876,Holy Purge : Exorcist
14877,Pixel Gladiator
14878,Evopollution
14879,Game Of Fate: Chasing Through Time
14880,Cabals: Magic & Battle Cards
14881,Puzzle Monarch: Mummy
14882,Undead Menace
14883,Ghost Files: The Face Of Guilt
14884,Takanaria
14885,Tile Miner
14886,Rogue-Fp
14887,Gizmos: Interstellar Voyage
14888,Erinye Demo
14889,Thief Of Thieves
14890,Galactic Command Echo Squad Se
14891,Questerium: Sinister Trinity Hd Collector'S Edition
14892,Hellfire
14893,神徒
14894,Direct Contact
14895,Seven Cities
14896,44 The Jail
14897,Caliban Below
14898,Death Duel Vr
14899,Haven Park
14900,Adam'S Venture Chronicles
14901,Underland
14902,Warofgods 2
14903,Idle Expanse
14904,古龙传说
14905,The Horror Story: Remastered - The Prequel
14906,Click Space Miner 2
14907,Franchise Wars
14908,Training Shooter Fps
14909,Paper Bride 5 Two Lifetimes
14910,Cardboard Chronicles
14911,Gamerz Castle Rush!
14912,Green Game: Timeswapper
14913,Delicious - Emily'S Home Sweet Home
14914,解梦事务所 (Dream Solutions)
14915,Spyguys
14916,Tempus
14917,Code Romantic
14918,Amneron'S Legacy
14919,Fps Infinite
14920,Gifted
14921,Epic Fun
14922,Auditorium
14923,Crawling Lab
14924,Cybernetic Fault
14925,Millionaire Manor
14926,Lovekami -Divinity Stage-
14927,Star-Pit Starship
14928,Feudal Friends
14929,Mr Blaster
14930,Redlight
14931,Mistrogue: Mist And The Living Dungeons
14932,在废墟之中
14933,Silo27: Crashlanded
14934,The Campaign Series: Fall Weiss
14935,Dungeon No Dungeon
14936,Geometry Rush
14937,Metal Drift
14938,Futuridium Ep Deluxe
14939,制服少女
14940,Mindless Running
14941,S.T.A.L.K.E.R.: Clear Sky - Enhanced Edition
14942,Landinar: Into The Void
14943,Shogun'S Empire: Hex Commander
14944,Boxxyquest: The Gathering Storm
14945,Sword Of Asumi
14946,The Midnight Walk
14947,Oneforall
14948,How We Know We'Re Alive
14949,Ara History Untold: Anniversary Edition
14950,Tametsi
14951,Last Wood
14952,Bitweb
14953,Touhou: Lost Branch Of Legend
14954,7776 Ii: Dwarven Greed
14955,ファントムゾーン　クリプトファシア
14956,Zombie Birds First Encounter Halloween
14957,The Signal State
14958,The Far Kingdoms: Hidden Magic
14959,Takelings House Party
14960,Lucky Pikinini - Super Incursion
14961,Outcast - A New Beginning
14962,The American Dream
14963,Apostle: Rebellion
14964,Demagnete Vr
14965,Skibidi Toilets: Invasion
14966,Yuki Space Ranger
14967,Siege Of Dungeon
14968,The Royal Game Of Ur
14969,Golf Galore
14970,Inexplicable Geeks #Restorethemillercut
14971,星空列车与白的旅行
14972,Dominions 6 - Rise Of The Pantokrator
14973,Cossack And Magic
14974,Hiddenverse: Ominous Opus
14975,Beton Brutal
14976,Lethal Vr
14977,Karl Marx And The Ring Of Communism
14978,Big Action Mega Fight!
14979,Soul For Two
14980,Slime Scramble
14981,Valletine Against Darkne
14982,Shadow Blade: Reload
14983,Zoo Rampage
14984,雪鹰领（Cultivating Immortals）
14985,Raise Your Own Clone
14986,Two Guys One Cabin
14987,Airtight City 密闭之城1.0
14988,Spirit Eyes
14989,Godorevil.1
14990,Awaken
14991,Deva｜The Haunted Game
14992,Ski Sniper
14993,Overcrowd: A Commute 'Em Up
14994,General Horse And The Package Of Doom
14995,The Wanderer
14996,Relive
14997,Phantaruk
14998,Ad Fundum
14999,Crystar
15000,Xiuzhenworld2
15001,Ultra Mission
15002,Bulby - Diamond Course
15003,Snowtopia: Ski Resort Builder
15004,Monochrome Mobius: Rights And Wrongs Forgotten
15005,Solune
15006,Cards Of Cthulhu
15007,Blessed Surface
15008,Amazing Adventures The Lost Tomb
15009,A.I.M. Racing
15010,Mr. Robot
15011,R'Lyeh
15012,Four Kings One War
15013,The Great War Of Jorth
15014,Malzbie'S Pinball Collection
15015,Chaos Chain
15016,Red
15017,Talismania Deluxe
15018,Megafactory Titan
15019,Shattered Union
15020,Backrooms Cycle
15021,Legends Of Hidden Sword
15022,Spaera
15023,Cyber Crush 2069
15024,Fear Of The Unknown
15025,Dodonpachi Resurrection
15026,The Gardens Between
15027,Airplane Mode
15028,Luxor: Mah Jong
15029,Ninja Stealth 4
15030,Lilly And Sasha: Nexus Of Souls
15031,Attack Of The Earthlings
15032,Yield! Fall Of Rome
15033,Boo'S Balloons
15034,Exodus
15035,Thrust & Shoot : Flight School
15036,Serious Sam: Tormental
15037,Beach Buggy Racing 2: Island Adventure
15038,Bloodshell: Conviction
15039,Maelstrom: The Battle For Earth Begins
15040,Shop Tycoon: Prepare Your Wallet
15041,The Secret Order 5: The Buried Kingdom
15042,Ghost Encounters: Deadwood - Collector'S Edition
15043,Violet Muscle Pain
15044,Luminosity
15045,Test Drive: Ferrari Racing Legends
15046,Another Dungeon Game
15047,Necromancers' Arena
15048,Angerforce: Reloaded
15049,Classic Sudoku
15050,Dracula 4 And  5 - Special Steam Edition
15051,Internet Cafe Evolution
15052,中年失业模拟器When A Man Lose His Job
15053,Tower Escape
15054,Days Of War: Definitive Edition
15055,Blood Ties
15056,Master Spy
15057,Arcane Worlds
15058,A Tower Full Of Cats
15059,Only Up: Skibidi Together
15060,飛天歷險國際中文版(Dream Of Mirror Online)
15061,Pro Cycling Manager 2022
15062,Poncho
15063,Sudocats
15064,Tiny Tales: Heart Of The Forest
15065,Terramancer
15066,Riddles Of The Past
15067,Jack'S Labyrinth
15068,Adorable Witch 2
15069,Frog Detective 3: Corruption At Cowboy County
15070,Vectrix
15071,Captures
15072,Cuberpunk 2089
15073,Dispersion
15074,The Shape Of Heart
15075,Powernaut Vangardt
15076,Detective Case And Clown Bot In: Murder In The Hotel Lisbon
15077,Spirittea
15078,Isolated Life
15079,The Last Blade
15080,Monster Rancher 1 & 2 Dx
15081,富甲天下3
15082,Reverend
15083,Babylon'S Fall
15084,Gogh: Focus With Your Avatar
15085,Cat Girl Without Salad: Amuse-Bouche
15086,Noob - The Factionless
15087,Vardia
15088,The Lighthouse
15089,A Museum Of Dubious Splendors
15090,The Road To Gelendzhik Palace
15091,Putt-Putt Goes To The Moon
15092,Nancy Drew: Ghost Dogs Of Moon Lake
15093,Henpri
15094,Drake Of The 99 Dragons
15095,Sébastien Loeb Rally Evo
15096,Black Rainbow Mystery: Amazon Escape
15097,The Esoterica: Hollow Earth
15098,"Castle Rock Beach, West Australia"
15099,Letters From A Rainy Day -Oceans And Lace-
15100,Over The Moonlight
15101,[Chilla'S Art] The Radio Station | 深夜放送
15102,The Oathkeeper
15103,The Curse Of Kubel
15104,Tunnel Escape
15105,Shiny The Firefly
15106,Elli
15107,Hieroglyphika
15108,The Elliot Brown Case
15109,Nancy Drew: Secret Of The Old Clock
15110,Clicker Warriors
15111,Mmmmm Donuts Arhhh......
15112,Dinner Date
15113,Soulslayer～灭魂·误佳期～
15114,Xpand Rally
15115,一人之下之寻炁迷踪
15116,Wild West And Wizards
15117,Dragon Blood
15118,There Came An Echo
15119,Seep Universe
15120,Cryptoclickers: Crypto Idle Game
15121,Moon Mystery
15122,No Straight Roads: Encore Edition
15123,寇莎梅特：困世迷情 Consummate:Missing World
15124,明日探险家
15125,Peasants War
15126,Little Lighthouse Of Horror
15127,The Little Witch Shop: New In Town
15128,烈山海前传之黑帝君临
15129,Caster'S Trap
15130,Depth Dwellers (1994)
15131,Honked: A Clown Noir
15132,Catch A Lover
15133,Bonny'S Adventure
15134,Deadly Nightmare Unwanted Heritage
15135,Kill Invaders
15136,Isaiah 188
15137,Ikaros
15138,Panda In The Clouds
15139,Endless Defence 2
15140,Electronauts - Vr Music
15141,Valkyrie Drive -Bhikkhuni-
15142,Doomtank
15143,Arcrunner
15144,If Fusion Were That Easy
15145,Golden Axe
15146,Giraffe Town
15147,Close Contact
15148,Superscout
15149,Mystery Case Files: 13Th Skull Collector'S Edition
15150,Who'S That Flying?!
15151,Green Hell Vr
15152,The Hero'S Journey Through Time
15153,Kinkoi: Golden Time
15154,Déjà Vu: Macventure Series
15155,Meowgun: Hell Denizen
15156,The Lands Of Dream
15157,O.V.N.I. Abduction
15158,Lost Technology
15159,Spartoi Meadow
15160,Blobble Wars 2
15161,Havoc Runner
15162,Possession 1881
15163,Angry Video Game Nerd Ii: Assimilation
15164,Fester Mudd: Curse Of The Gold - Episode 1
15165,遗落迷途Lost  In Tomorrow
15166,Mahjong Pretty Girls Battle
15167,Fairy Tale Mysteries 2: The Beanstalk
15168,The Resurrection Of Amelia : Across Two Worlds
15169,Seeds Of Resilience
15170,Teomim Island
15171,Within Skerry
15172,知更鸟-The Robin
15173,Junkcity Factory Simulator
15174,Running Man 3D
15175,Metal Dead
15176,Our World Has Not Decayed
15177,Tales Of Fablecraft
15178,Mayjasmine Episode01 - What Is God?
15179,Hyperfeat
15180,Quiz Pro - Guess Pictures
15181,Xoxo Blood Droplets
15182,Neko Beach
15183,Tomb Keeper Mansion Deluxe Pinball
15184,My Little Life
15185,Driving School Simulator
15186,Borealis
15187,Sliko
15188,Anime War — Modern Campaign
15189,Xuan-Yuan Sword: The Gate Of Firmament
15190,Beans: The Coffee Shop Simulator
15191,Dragon Fin Soup
15192,Tyrant'S Realm
15193,Coldside
15194,Pc Tycoon 2
15195,The Quiet Man
15196,Heroes Of Normandie
15197,Masochisia
15198,Deserving Life
15199,Frog'S Adventure
15200,Insectophobia : Episode 1
15201,Love N Dream
15202,Raiderssphere4Th
15203,祛魅·格心（祛魅3）
15204,Unscripted
15205,The True Love Rings
15206,Government Simulator
15207,Get 0Ut
15208,To The Light
15209,Shield King
15210,4X4
15211,1849
15212,Shipped
15213,Aces Of The Luftwaffe - Squadron
15214,Untale: King Of Revinia
15215,Acretia - Guardians Of Lian
15216,A Walk In The Dark
15217,Cthon
15218,正宗台灣十六張麻將
15219,Forest Asylum
15220,Neoduel: Backpack Monsters
15221,Sideway New York
15222,Star Wolves 2
15223,Final Fantasy Xv Windows Edition Mod Organizer
15224,The Spy Who Shot Me
15225,The Narrator Is A Dick
15226,Kingsvein
15227,Rideop - Thrill Ride Simulator
15228,Call To Power Ii
15229,Spellmaster: The Saga
15230,Mimir'S Recruit
15231,The Alchemist'S House
15232,Panzer Elite Action Gold Edition
15233,Deadeye Deepfake Simulacrum
15234,Welcome To Kowloon
15235,Forgotten Forest: Eye Of The Great One
15236,Wathan Games
15237,Skin Deep
15238,Colours Of Magic: Aqua Teeter
15239,Flash Snooker Game
15240,Making History: The Great War
15241,明星志願2
15242,Oculto
15243,Misadventures Of Laura Silver
15244,Aura: Fate Of The Ages
15245,Kohan: Ahriman'S Gift
15246,Vellum
15247,Full Bore
15248,Forgotten Hill The Third Axis
15249,Monster Harvest
15250,Crazy Plant Shop
15251,Beat Around The Bush
15252,Die For Valhalla!
15253,Xenophage: Alien Bloodsport
15254,Premier Manager 04/05
15255,Nancy Drew: The Haunting Of Castle Malloy
15256,Steel Thunder
15257,"Magret & Facedebouc  ""The Buddy-Buddy Case"""
15258,The Bugger!
15259,Pure Pool
15260,Almost There: The Platformer
15261,Project Freedom
15262,Drone Swarm
15263,Gearcity
15264,Milkmaid Of The Milky Way
15265,Cheaters Cheetah
15266,Beastieball
15267,Gutter: The Cursed
15268,Freight Tycoon Inc.
15269,The Beast Within: A Gabriel Knight Mystery
15270,Ground Control Ii: Operation Exodus
15271,Lost Dimension
15272,Skyscraper Simulator
15273,Love N Life: Lucky Teacher
15274,Shooter'S Island
15275,Seeking Dawn
15276,Color By Number - Pixel Draw
15277,Dungeontop
15278,Forgotten Fables: Wolves On The Westwind
15279,Aaru'S Awakening
15280,Silent Descent
15281,Vasilisa The Wise
15282,阿比斯的宝藏 - Treasure Of Abyss
15283,Collection Quest
15284,Dungeon Display
15285,C.B.T
15286,Piscirazzi: Fish Photo Shooter
15287,Quit Today
15288,Gardener'S Path
15289,Crystal Storm
15290,Lawnmower Game: Zombies
15291,Dimensionsvs
15292,Kitten Squad
15293,Bomb Bowling 2
15294,Wurst Defender Coop Edition
15295,Ambition Of The Slimes
15296,Please Duology
15297,Dinosystem
15298,Rush For Glory
15299,Homeland: Lay To Rest
15300,Unscared
15301,Matt'S Project Endless
15302,Giana Sisters 2D
15303,Kelipot
15304,Love Tavern
15305,Sheriff Rage
15306,Trans-Siberian Railway Simulator
15307,Impossible Target
15308,浮生箓 Floating Life
15309,Crypt- The Black Tower
15310,Shakedown: Hawaii
15311,Obelisk Foundry
15312,Heros And Monsters: Idle Incremental
15313,Welcome To Basingstoke
15314,Soul Smith Of The Kingdom
15315,The Pacifist'S Great And Final Nightmare
15316,Vanguard: Normandy 1944
15317,Decorporation
15318,The Fangs Huntress
15319,Uboat: The Silent Wolf Vr
15320,Tower Of Portal
15321,Candleman: The Complete Journey
15322,World Without Reason
15323,Fantasy Grounds Vtt
15324,Super Ledgehop: Double Laser
15325,Crab Cakes Rescue
15326,Gangsta Magic
15327,Future Tanks Area
15328,This Is Not Chess
15329,Recipe For Disaster
15330,Sanctuary Saga
15331,消灭魔王军 Destroy The Demon Army
15332,Super Bora Dragon Eyes
15333,Rip
15334,Cylinder: Puzzles Returned
15335,Mr. Pumpkin 2: Kowloon Walled City
15336,Cubic Currency
15337,Annalynn
15338,System Crash
15339,Son Of A Witch
15340,Devileader
15341,Starship Destroyer
15342,Sparc
15343,Vandals
15344,Bit.Trip Presents... Runner2: Future Legend Of Rhythm Alien
15345,Adios
15346,Banan'Em Up!
15347,Asura'S Trial
15348,The Dreamatorium Of Dr. Magnus 2
15349,Gran Skrea Online
15350,Viking Frontiers
15351,No School No Rules
15352,降神战役 -A Story Of The Usurpers-
15353,9.03M
15354,The Shell Part I: Inferno
15355,Glum Buster
15356,Demetrios - The Big Cynical Adventure
15357,Microgons
15358,Dub Dash
15359,Muddy Heights 2
15360,S.O.T.A 2
15361,Hidden Object Bundle 5 In 1
15362,Eador. Imperium
15363,Retrowave Universe
15364,Vr Furballs - Demolition
15365,前程似锦 Excellent Expectations
15366,School ! Love ☆ Reflex
15367,El Dorado: The Golden City Builder
15368,Space Wing Cadet
15369,Warriors' Wrath
15370,Crimson Moon
15371,For A Vast Future
15372,Metal War
15373,Shrouded In Sanity: Freebirth
15374,Darkness Ahead
15375,The King'S Request: Physiology And Anatomy Revision Game
15376,Ganbare! Super Strikers
15377,Elliot Quest
15378,201 - The Bad Number
15379,Rune Teller
15380,Soldiers Lost Forever (1914-1918)
15381,Aokana - Four Rhythms Across The Blue - Extra2
15382,Iced
15383,Yoli
15384,Fatum Betula
15385,Wyvern
15386,Role Player: Full Immersion
15387,Xoxo Droplets
15388,Ultionus: A Tale Of Petty Revenge
15389,天呐！找不到真爱就扑街！
15390,The Pilgrim
15391,Calvino Noir
15392,New York Mysteries: The Lantern Of Souls Collector'S Edition
15393,Nancy Drew: Ghost Of Thornton Hall
15394,Ufobia
15395,Wiggly Boy
15396,Training Grounds
15397,Space Station 51
15398,Christmas Slots - Casino Game
15399,Bloodworks
15400,Armed Forces Of Ukraine Game
15401,Cafe 0 ~The Sleeping Beast~
15402,Uncanny Valley
15403,Pilfered Liberty
15404,Motogp24
15405,"4 Classes, Many Paths"
15406,Feba Gunship R
15407,Mists Of Aiden
15408,Tales From Off-Peak City Vol. 1
15409,Max Raider
15410,Space For Sale
15411,The Knight Witch
15412,Anomalous Adventure
15413,Oozi: Earth Adventure
15414,Fated Souls 2
15415,Food Truck Simulator
15416,Dungeons Of Dreadrock
15417,Xeno Crisis
15418,Battlepillars Gold Edition
15419,Valor Time
15420,Rebellion Gaia
15421,Rememoried
15422,Toki
15423,Tactical Command
15424,Leadwerks Game Launcher
15425,Space Fuss
15426,Distant Kingdoms
15427,X Virus
15428,Aesir Online
15429,Duralumin Wind
15430,White Mirror
15431,Pandemic Panic!
15432,잭과 콩나무: 숨겨진 이야기
15433,Galactic Crew
15434,Goinund
15435,Escape Doodland
15436,Robber Knight
15437,Escape The Pacific
15438,わがままアリスと百日戦争 -Brutal Alice And The Hundred Day'S War-
15439,Buried Alive: Breathless Rescue
15440,In It Together
15441,Darthy
15442,Garden Life: A Cozy Simulator
15443,Card Rogue
15444,Jay Fighter: Remastered
15445,Loot River
15446,Beach Bounce
15447,Unveiled
15448,Ufo: Unidentified Falling Objects
15449,The Jackbox Party Pack 10
15450,Diesel Legacy: The Brazen Age
15451,Geometry Boxer
15452,Kim Jong-Boom
15453,Colorsinvasion
15454,Happy'S Humble Burger Farm Alpha
15455,Operation: Matriarchy
15456,Amber'S Airline - 7 Wonders
15457,Cosmic Osmo And The Worlds Beyond The Mackerel
15458,Golden Age
15459,Hunterx
15460,Samurai Shodown V Special / サムライスピリッツ零スペシャル
15461,Radiation Island
15462,Super Life (Rpg)
15463,Niko: Through The Dream
15464,Necroworm
15465,Qop 3
15466,Google Spotlight Stories: Pearl
15467,Lines Infinite
15468,Hero Battle
15469,The Albatross
15470,Refight:The Last Warship
15471,Brownie'S Adventure 2
15472,Indie Pogo
15473,Ohshape
15474,Danganronpa S: Ultimate Summer Camp
15475,Actraiser Renaissance
15476,Dungeon 3D
15477,Sipssassin
15478,The Uncertain: Vr Experience
15479,Diary Of Lucie
15480,The Search For Mr Fimple
15481,E.E.R.I.E2
15482,Retrovirus
15483,Legends Of Pixelia
15484,Cosmodread
15485,Live A Live
15486,Hidden & Dangerous: Action Pack
15487,Chess Sphere
15488,Joe Biden Vs. Jeo Boden - Escape From Maga Chapter 2
15489,Blink Planets
15490,铲屎官兼侦探-Cat Detective
15491,Purino Party
15492,3D Maze In Space
15493,Gundemonium Recollection
15494,Adventure Rush
15495,Hopdodge
15496,Solstice Chronicles: Mia
15497,Star Dynasties
15498,Hocus Pocus
15499,7Th Deep
15500,Minibikers
15501,688(I) Hunter/Killer
15502,6 Nights
15503,The Big Secret Of A Small Town
15504,Drink Pro Tycoon
15505,Mr. Saitou
15506,Dwarflings
15507,无休仙途
15508,Beachhead
15509,"Once Bitten, Twice Dead!"
15510,寄甡  Symbiotic Love
15511,Maytroid. I Swear It'S A Nice Game Too
15512,Cranium Conundrum
15513,Please Close The Doors
15514,Cosmic Buddies Town
15515,Eternal Radiance
15516,The Blood Amulet
15517,Last Remains
15518,The Sims Legacy Collection
15519,Datascape
15520,Chinese Paladin：Sword And Fairy 6
15521,Smashing The Battle
15522,Death Skid Marks
15523,Universal Enemies
15524,Six Ages: Ride Like The Wind
15525,Battle Girls
15526,Garlock Online
15527,Escape Goat
15528,Hyper Bounce Blast
15529,Community Inc
15530,Puzzler World 2
15531,Albino Lullaby: Episode 1
15532,Rc Cars
15533,Gray
15534,Rumble Arena
15535,Steam And Metal
15536,Deepening Fire
15537,Resist The Succubus—The End Of The Female Knight
15538,Another Generic Space Shooter
15539,Lightout 2
15540,Roman Triumph: Survival City Builder
15541,Bad End
15542,Magic Research 2
15543,9-Nine-:Episode 2
15544,Dark Threads
15545,World Of Subways 2 – Berlin Line 7
15546,Shadow Man
15547,Gleaner Heights
15548,Realms Of Arkania 1 - Blade Of Destiny Classic
15549,Galactic Explorers
15550,The World'S Hardest Game 3D Nostalgia 2
15551,Virtualhere For Steam Link
15552,4 For The Money Demo
15553,猫不语
15554,Zodiac Fantasy 2
15555,Wailing Heights
15556,Spaceseals
15557,Hunters Of The Dead
15558,Gem Wars: Attack Of The Jiblets
15559,Alpha Sorcerer
15560,Chicken Invaders 4
15561,Black Legend
15562,Project: Gorgon
15563,Case 03: True Cannibal Boy
15564,The Devil'S Whisper
15565,Succumate
15566,Last Saintess
15567,To The Earth
15568,Poi
15569,Axon Td: Uprising - Tower Defense
15570,Owinka Shooter 2
15571,Re:Bf
15572,Foxvoltex
15573,Code Racer
15574,Shadow Warrior (Classic)
15575,Fantastic 4 In A Row 2
15576,X-Note
15577,Nationwar:Annals
15578,Axiel
15579,神经联结(Neural Nexus)
15580,Boppio
15581,Friki
15582,The Treasures Of Montezuma 4
15583,White Day Vr: The Courage Test
15584,Lucy Got Problems
15585,Bad Government
15586,Shelf Life
15587,Faces Of Illusion: The Twin Phantoms
15588,The Dragon Queen
15589,Ironsmith Medieval Simulator: Prologue
15590,Heart Of The Machine
15591,Energy Invasion
15592,The Construct
15593,Death Park 2
15594,Dynopunk
15595,Bocce Vr Simulator
15596,Vanaris Tactics
15597,Wonshot
15598,Leisure Suit Larry 6 - Shape Up Or Slip Out
15599,Russian Village Simulator
15600,Loco Road
15601,Manny'S
15602,Glorkian Warrior: The Trials Of Glork
15603,Mago
15604,World Of Conquerors - Origins
15605,Handy Dandy
15606,Sora
15607,Fortune Summoners
15608,Scared Tube
15609,Lamia Must Die
15610,Fruit Basket Tv
15611,Once Upon A Death
15612,Archimedes
15613,Jane'S Advanced Strike Fighters
15614,The Tale Of Doris And The Dragon - Episode 1
15615,Radium
15616,The Story Of Henry Bishop
15617,Save The Astronaut
15618,Orebound
15619,Jermaslots
15620,Cat Of Monte Cristo
15621,Hyperun
15622,Blockstar Vr
15623,Artificial Defense
15624,The Big Journey
15625,Outbrk
15626,Monster Rpg 2
15627,Dream Fire
15628,Cinnet:I
15629,Cris Tales
15630,Lone Ruin
15631,Wild West Online
15632,Descent Vector: Space Runner
15633,Death Jump
15634,From Them
15635,Novus Inceptio
15636,Shadow Mansion
15637,Love Wish 2
15638,Dreamwatcher
15639,Pineford: Part I
15640,Monopolist: Technological Revolution
15641,Bit.Trip Fate
15642,Hyper Dash
15643,No More Heroes 3
15644,Midnight Mysteries 4: Haunted Houdini
15645,Paper Beast
15646,The Legend Of Karl
15647,Planetarian Hd
15648,Space Route
15649,Queen'S Quest 2: Stories Of Forgotten Past
15650,Baalbek Reborn: Temples
15651,Elements Ii: Hearts Of Light
15652,Tequila Zombies 3
15653,A Demon'S Game - Episode 1
15654,Need To Know
15655,Agent Walker: Secret Journey
15656,Hook&Loop - The Velkro Man
15657,Corridor Z
15658,Ultimate Racing 2D
15659,Vickinachi
15660,Beat Boxers
15661,Codex Of Victory
15662,The Underground Man 2
15663,Order Up Vr
15664,Kwark
15665,Tal: Arctic
15666,Mini Ghost
15667,风墓战记
15668,An Aspie Life
15669,Zasa - An Ai Story
15670,Destiny Or Fate
15671,Bloo Kid 2
15672,Attack From Planet Smiley
15673,Adventures Of Pip
15674,Time Leap Paradise Super Live!
15675,Flat Kingdom Paper'S Cut Edition
15676,Brass Brigade
15677,Interstellar Conquest
15678,Skull Ball Heroes
15679,Planetary Settlers
15680,Disco Ball
15681,Become A Gladiator Vr : 1V1 Pvp
15682,Exploratombe
15683,Escape It
15684,Kitball 20000
15685,Kingdom Hearts Iii + Re Mind (Dlc)
15686,Cursed Castilla (Maldita Castilla Ex)
15687,Aim Theory - Trainer
15688,Path Of Giants
15689,Operation Osama Bin Laden
15690,Mother
15691,Nyanco Project
15692,机械恋心
15693,Oil Invasion
15694,奇幻与砍杀 Fantasy & Blade
15695,Alone In Space
15696,Destropolis
15697,Sentry Knight Tactics
15698,无名录
15699,Spectre
15700,Face The Abyss
15701,Everyday Shooter
15702,Inkulinati
15703,Hanz Puppetguns
15704,Robot Arena Iii
15705,100 Hidden Gnomes
15706,Ultimate Booster Experience
15707,Sunset Routes
15708,Assassin At Crimson Keep
15709,Sunstone War
15710,Rogue Ai Simulator
15711,The Repopulation
15712,Eve: Valkyrie – Warzone
15713,Jumpdrive
15714,Azur Beam
15715,Trimurti Online
15716,Strategic Mind: Fight For Freedom
15717,"Trolley Problem, Inc."
15718,The Mims Beginning
15719,Aim Trainer Pro
15720,Adam'S Venture: Origins
15721,Blitz Society
15722,Nephilim Resurrection
15723,Prehistoric Hunt
15724,Bone: Out From Boneville
15725,Synthwave Burnout
15726,Cafemart Simulator
15727,Between Life & Darkness
15728,Rough Kuts: The Thirsty Dead
15729,旧手表 - Old Watch
15730,Unshaded
15731,Sacraboar
15732,Project Heartbeat
15733,Warbox Sandbox
15734,Containment Search
15735,Omno: Prologue
15736,Arsonville
15737,Paper Bride 4 Bound Love
15738,Ozmafia!!
15739,No Thing
15740,White Day Lost Class Funds
15741,Alien War 2 Dogfight
15742,Enola
15743,Tokyo School Life
15744,The Space In Between
15745,月之暗面 The Dark Side Of The Moon
15746,Beat The Game
15747,Disney Pirates Of The Caribbean: At Worlds End
15748,时之回廊/Corridor Of Time
15749,Malody V
15750,Guns Craft
15751,Shadowgate: Macventure Series
15752,Invasion Of The Halloween Fiends
15753,Impossible Mission Revisited
15754,I Live Under Your House.
15755,Once Upon An Electric Dream
15756,Ashen
15757,Trash Sailors: Co-Op Trash Raft Simulator
15758,Delicious - Moms Vs Dads
15759,Spoids
15760,Mahjong Nagomi
15761,Disney'S Treasure Planet: Battle Of Procyon
15762,Earthlingo
15763,Into The Abyss
15764,The Multi Maze
15765,Disturbed: Beyond Aramor
15766,Infinite Versus: 3D Mugen - Open Beta
15767,Station 17
15768,Kelvin And The Infamous Machine
15769,River City Melee : Battle Royal Special
15770,Raiohgar: Asuka And The King Of Steel
15771,Noelle Does Her Best!
15772,Rasant
15773,World Of Soccer Reloaded
15774,Apothecarium: The Renaissance Of Evil - Premium Edition
15775,Deemo -Reborn-
15776,Blind Shot
15777,El Remedio De Aldorf
15778,Network
15779,The Enchanted Cave 2
15780,Monster Outbreak
15781,Shawarma Or Shaverma
15782,The Spectrum Retreat
15783,Stones Of Harlath
15784,Gunman Clive
15785,Flesh Eating Geriatric Internet Predator
15786,Knights Of Riddle
15787,Heart Of Battle
15788,Your Dry Delight
15789,Tyranobuilder Visual Novel Studio
15790,One Lonely Outpost
15791,The Last Blade 2
15792,Noitu Love 2: Devolution
15793,Biogun
15794,Core Defense: Prelude
15795,Chris Sawyer'S Locomotion
15796,Irony Curtain: From Matryoshka With Love
15797,Cursed Angel: Time Paradox
15798,好久不见 - Long Time No See
15799,Age Of Reforging: The Freelands
15800,创史者Hist Maker
15801,Crowd Control Vr
15802,Ope
15803,Finite State Automaton Challenges
15804,Saint Emiliana
15805,ルナティックドーン 前途への道標
15806,Verfall
15807,80'S Overdrive
15808,Magiccraft
15809,Paranormal Motel
15810,The Shadowland
15811,Tomb Of Tyrants
15812,303 Squadron: Battle Of Britain
15813,The Snowboard Game
15814,7 Wonders: Ancient Alien Makeover
15815,All She Wants For Christmas Is You
15816,Angry Birds Vr: Isle Of Pigs
15817,Tobe'S Vertical Adventure
15818,Drone Wars Vr
15819,Disgaea 6 Complete
15820,Lock'S Quest
15821,Village
15822,Conscious Existence - A Journey Within
15823,Coloring Book For Adults
15824,The Agency: Chapter 1
15825,Fantasy Of Caocao 2
15826,Cross Of The Dutchman
15827,Heroes Of Paragon
15828,Futuball - Future Football Manager Game
15829,Coalhero
15830,New York Mysteries: The Outbreak Collector'S Edition
15831,Claire
15832,Where Is The Meaning?
15833,Eight Mini Racers
15834,Crushborgs
15835,Nascar Heat 3
15836,Revelations 2012
15837,Freespace 2
15838,Webbvr: The James Webb Space Telescope Virtual Experience
15839,Deep Secret
15840,Shattered - Tale Of The Forgotten King
15841,Story Of The Survivor
15842,六阶谜题 Six-Step Mystery
15843,Statues
15844,Radical Relocation
15845,Moe! Ninja Girls
15846,The Last Tank Fight
15847,Nightrunner
15848,Zahalia: The Knights Of Galiveth
15849,Color By Number - Monster Heroes
15850,"The End O,,,O"
15851,Katana Kami: A Way Of The Samurai Story
15852,Mr. Hopp'S Playhouse 2
15853,Shadows Of Adam
15854,Cavern Kings
15855,Monster Jam Steel Titans 2
15856,Public Enemy: Revolution Simulator
15857,Mantra
15858,Space Station Continuum
15859,Heart Of The Emberstone: Coliseum
15860,Everything Is Going To Be Ok
15861,Dreamscapes: Nightmare'S Heir - Premium Edition
15862,Jelly In The Sky
15863,Landtraveller
15864,Proxy Blade Zero
15865,Interkosmos
15866,Meridian 157: Prologue
15867,Dead Secret
15868,Arthas - The Game
15869,Transroad: Usa
15870,R.I.C.A
15871,Gunfleet
15872,Disney Planes
15873,During Before And After Covid-19
15874,Premier Manager 06/07
15875,The Castle Mystery
15876,Eidolon
15877,Samantha Swift And The Golden Touch
15878,The Last Case Of Benedict Fox Definitive Edition
15879,Get Off My Space!
15880,Fireburst
15881,Igt Slots Paradise Garden
15882,Rocking Legend
15883,Spirits Of Xanadu
15884,Baobabs Mausoleum Ep.1: Ovnifagos Don´T Eat Flamingos
15885,Archon-9 : Alien Defense
15886,Discouraged Workers Teen
15887,Sovereignty: Crown Of Kings
15888,Dungeon Hero
15889,Skibidi Toilet Hero
15890,Night At The Gates Of Hell
15891,Rico
15892,Quaqua
15893,Filthy Us
15894,War Mines: Ww2
15895,Pluto
15896,Panzer Girls
15897,Astronomics
15898,Nice Pro?
15899,Reality'S Reverse Side
15900,Iggle Pop Deluxe
15901,Red Spider: Vengeance
15902,Arisen Force: Herotest
15903,Yorg.Io
15904,Nine-Ball Roulette
15905,Farmocalypse
15906,High Strategy: Urukon
15907,Encounter: A 8-Bit Noir Adventure...
15908,Clea
15909,Hexapoda
15910,Empress Of The Deep
15911,Vagrant Hearts
15912,Those Who Crawl Vr
15913,The Last Town: Excape
15914,Alien Wall
15915,Immortals(修仙志)
15916,Cattails | Become A Cat!
15917,Super Life Of Pixel
15918,The Room In A Glass Box
15919,Battle For Gaming
15920,El Tesoro De Isla Alcachofa
15921,Dinocide
15922,Creatures Village
15923,Othello
15924,The Pony Factory
15925,Bad 2 Bad: Apocalypse
15926,Udo
15927,London Ripper
15928,Engare
15929,City Life 2008
15930,Blaster Master Zero
15931,Escape From Warehouse
15932,President For A Day - Corruption
15933,Stellar Settlers: Space Base Builder
15934,Maya'S Dice
15935,Clan Of Death
15936,Islands: Non-Places
15937,Holy Fire Meow Meow: Special Forces
15938,Passengers Of Execution
15939,Probably Archery
15940,Canvas The Gallery
15941,Achievement Idler: Black
15942,Legioncraft
15943,Xenoraid: The First Space War
15944,Wizordum
15945,Reality Rifts
15946,Spirits Of Metropolis: Legacy Edition
15947,Imprisoned Light
15948,迷路会社 | Maze Company
15949,Rx Squad
15950,Nigate Tale
15951,Soulash
15952,Madout Open City
15953,Fabled Lands
15954,Strange House
15955,Hellpit
15956,Demon Hunter 4: Riddles Of Light
15957,Skatebird
15958,The Testing Chamber
15959,Saucepanhead I - Pangalactic Panic
15960,Enigma Manor
15961,Artifact Adventure
15962,Mavis Beacon Teaches Typing Family Edition
15963,Sheaf - Together Ep
15964,Metal Dogs
15965,Mud And Blood
15966,Maximum Fighterz: Direct Offensive Action
15967,Wo Yao Da  我要大
15968,The Memory Thieves
15969,Miscreation: Evolve Your Creature!
15970,Local Opera
15971,Action Commando 2
15972,Omnibus
15973,Ancra
15974,Gravity Magician
15975,Quintaesencia
15976,Hope For Village
15977,Detective Agency: Murder At The Manor
15978,Free Bowling 3D
15979,Easy Audio Visualization
15980,Tuonela
15981,The Flames
15982,Little Orpheus
15983,Hans
15984,Affected: The Manor - The Complete Edition
15985,Tranquil Garden
15986,Mars Vs. Robots
15987,深海：即刻抉择
15988,Project Exhibited
15989,Rpg Maker 2000
15990,"Bro, Where'S My Head???"
15991,Explodemon
15992,Realflight Evolution
15993,Chill The Piro
15994,Rock 'N' Roll Will Never Die!
15995,Convergence: A League Of Legends Story
15996,Lilly And Sasha: Guardian Angels
15997,Tiny Troopers 2
15998,Gazmatera 2 America'S Least Wanted
15999,Wake Up
16000,The Dummy Experiment
16001,Colorblend Fx: Desaturation
16002,女孩与七匹狼
16003,Deformers
16004,The Game Of Annie 安妮的游戏
16005,Monster Truck Destruction
16006,My Soul Forever
16007,The Cursed Forest
16008,Broken Mind
16009,The Adventures Of Fei Duanmu 端木斐异闻录
16010,Ragnarok Re:Start
16011,Animal Super Squad
16012,Planet Td
16013,The Minotaur
16014,Super Forklift 3000
16015,吞食孔明传 Tunshi Kongming Legends
16016,Dr. Yaga Lost House
16017,Utopia Must Fall
16018,Realms Of Magic
16019,Pinga Ponga
16020,Crystal Eyes
16021,Zombie Parking
16022,Cheap Golf
16023,Lonely In The Winter
16024,Austerlitz
16025,Heroes Of Time 2 - Aizack'S Return
16026,Be You
16027,Lion Quest
16028,Talisman: Origins (Classic)
16029,Crush Penguin
16030,Escaping Hell
16031,Color Phase
16032,Ostrofa
16033,Bomb Squad Academy
16034,Opus: The Day We Found Earth
16035,Spirits Abyss
16036,Historical Invaders
16037,Buddi Bot:  Your Machine Learning Ai Helper With Advanced Neural Networking!
16038,Covert Syndrome
16039,Gunducky Industries++
16040,Gamersgomakers
16041,Love Is All Around: Echoes Of Yesterday
16042,First Strike
16043,The Last Day Of Adolf
16044,Galactic Lander
16045,Chess 2: The Sequel
16046,Chick-Chick
16047,Wrench
16048,Super Panda Adventures
16049,Wheels Of Aurelia
16050,Osk - The End Of Time
16051,Land Of Puzzles: Battles
16052,Raiden Iii Digital Edition
16053,Crazy Flasher 7 Mercenary Empire(Stand-Alone Version)
16054,Nightwalker 2
16055,Notrium
16056,Phantasmata
16057,小小侠客模拟器
16058,Superior Wizards
16059,Nihilist Simulator
16060,Desert Bus Vr
16061,High Speed Cataclysm
16062,Shera And The Three Treasures
16063,Save Your Mother
16064,Panzermadels: Tank Dating Simulator
16065,Fashion Police Squad
16066,Planet Station
16067,123 Slaughter Me Street
16068,Small Radios Big Televisions
16069,Black Ice
16070,Civil War Ii
16071,Autonauts Vs Piratebots
16072,Rising Spire
16073,Logout
16074,Bounce Ball
16075,Valentines Cafe
16076,Mind Shadows
16077,Death Crown
16078,I See Red
16079,Sokomage
16080,Dezinsector
16081,K-9 Dog Job
16082,Starground
16083,Croppy Boy
16084,Sweet Volley High
16085,Epitasis
16086,Starscape
16087,The Legacy: Prisoner Collector'S Edition
16088,Koi Unleashed
16089,Agents: Biohunters
16090,Super Woden Gp
16091,Structura
16092,On A Roll
16093,Toree'S Panic Pack
16094,Going Deep
16095,Keylogger: A Sci-Fi Visual Novel
16096,Project Wunderwaffe
16097,Boom Island
16098,Planetaries
16099,A Bastard'S Tale
16100,Rise Of The Foederati
16101,"A Mirror, Darkly"
16102,Iris And The Giant
16103,Slay
16104,T.E.C. 3001
16105,Tanks With Hands: Armed And Treaded
16106,Stardrone: Sling Star (With Vr Mode)
16107,死亡旅店Ⅱ亡者归来-Death Inn Ⅱ The Immortal Is Coming
16108,Trajectory Of Summer Flower
16109,At The Dream End
16110,九霄缳神记 Jiu Xiao
16111,Telepath Tactics Liberated
16112,Aftercharge
16113,Kidgilantes
16114,Wintermoor Tactics Club
16115,Earthworm Jim
16116,Epics Of Distant Realm: Director'S Cut Edition
16117,下一层的封魔塔 Forever War
16118,Flint'S Hints
16119,Retro Classix: Two Crude
16120,Zombo Buster Rising
16121,Galmon Folklore ~Monster Girl Galore!~
16122,Hyperborea
16123,Clash: Artifacts Of Chaos
16124,Lollihop
16125,Mousecraft
16126,怯懦 Cowardice
16127,Airport Madness: World Edition
16128,Snail Bob 2: Tiny Troubles
16129,Squidoku
16130,Hashiriya Drifter-Online Drift Racing Multiplayer (Drift/Drag/Racing)
16131,Fluid Engine Pc Live Wallpaper
16132,Soul Nomad & The World Eaters
16133,Idle Trading Simulator
16134,Dark Traveller
16135,Smithy
16136,The Away Team: Lost Exodus
16137,陌界·终末序曲
16138,青鳥樂園 Blue Bird Land Ep.2 下篇
16139,Unto The End
16140,Ikeda : The Scrap Hunter E.P.
16141,Dere-Chat
16142,The Paribneur Combination
16143,Choices That Matter: And The Sun Went Out
16144,Loek
16145,Motorama
16146,Bunker Punks
16147,Dreams In The Witch House
16148,True Bliss
16149,Dark Train
16150,The Dawn Of Art
16151,Fatal Falls
16152,Rock Paper Scissors Champion
16153,Railroad X
16154,Spaceball!
16155,Gravity Waves
16156,Lightout
16157,Boxman'S Struggle
16158,I'M Surrounded By Classical Beauties!
16159,Crypto Miner Tycoon Simulator
16160,Lofi Ball
16161,Celestial Tear: Demon'S Revenge
16162,Dogyuun
16163,Road To Ballhalla
16164,Romby
16165,Nancy Drew: The Creature Of Kapu Cave
16166,Drinks With Abbey
16167,Antimatter Elevator
16168,Friendly Find
16169,Fitforce
16170,Momo.Exe
16171,The Last Act
16172,Trainz Railroad Simulator 2022
16173,Shiness: The Lightning Kingdom
16174,The Princess' Heart
16175,I Am Jesus Christ: Prologue
16176,Aveyond 4: Shadow Of The Mist
16177,Doxxed
16178,虚幻深渊 Dream Abyss
16179,Gore Crush
16180,鬼打墙（剧情版）
16181,Gocco Of War
16182,Ibomber Attack
16183,Bloomtown: A Different Story
16184,Voice Of Cards: The Forsaken Maiden
16185,Victoria Clair And The Mystery Express
16186,Daemon Masquerade
16187,Movavi Video Editor Plus 2020 - Video Editing Software
16188,Luxor 2 Hd
16189,Horizon Beyond
16190,Chop And Drop Vr
16191,Enamored Risks
16192,Digital Dungeon Tiles
16193,Guilty
16194,Umineko When They Cry - Question Arcs
16195,Barbarians & Beasts
16196,Jumplight Odyssey
16197,Collision Course
16198,Detective March Forward - The Missing Will
16199,Noosphere
16200,Dr. Professor Scientist'S Weapons Testing Facility
16201,Hidden Object Secrets: The Whitefield Murder Collector'S Edition
16202,Dark Room Vr
16203,Neocube
16204,Veritas
16205,Beyond Galaxyland
16206,城堡传说：魔王觉醒
16207,Absolute Fear -Aooni- / 最恐 -青鬼-
16208,弹幕音乐绘 ～风雷幻奏曲～ / Barrage Musical  ~A Fantasy Of Tempest~
16209,Adventures Of Robinson Crusoe
16210,Deliverace - Battle Racing
16211,Impeached 2
16212,Pilot Brothers
16213,Waterloo
16214,Yore Vr
16215,Shapehero Factory
16216,The Dweller
16217,Eschaton
16218,Detective Boiled-Hard / Case File - Death Of The Space Dino Hunter
16219,Kalinur
16220,Truck Racer
16221,Ironbound
16222,Surprise Party!
16223,Forgotten Hill Mementoes
16224,Street Karate 3
16225,9-Nine-:Episode 3
16226,Rogue Wizards
16227,Rainy Day
16228,Sacra Terra: Kiss Of Death Collector’S Edition
16229,Mimik
16230,Pricolage -Idolized-
16231,Funanigans: Party Games
16232,86
16233,Blades And Bullets
16234,Soundlites
16235,Z Dawn
16236,Hatch
16237,Bowmen
16238,Omegalodon
16239,Roboblitz
16240,Fury Unleashed
16241,The Moment Of Silence
16242,Disney•Pixar Cars Mater-National Championship
16243,Grit And Valor - 1949
16244,Ignite
16245,妈妈，别走
16246,Goodbye World
16247,Incoming Evil
16248,Kohan: Immortal Sovereigns
16249,Underparty
16250,S2Engine Hd
16251,The Worst Game Ever
16252,Seven Lovers In The House
16253,Bunhouse
16254,Eternal Edge +
16255,Pepe Porcupine
16256,Luxuria Superbia
16257,Poöf
16258,Circloo
16259,Adventures Of Ben: Rabbit Run
16260,The Devil Haunts Me
16261,The Shell Part Ii: Purgatorio
16262,Hurricane
16263,斗地主Vr
16264,Princess Maker 3: Fairy Tales Come True
16265,The Station: Escape Room
16266,Hell Mission
16267,Chronon
16268,Anceder
16269,12 Labours Of Hercules Iv: Mother Nature (Platinum Edition)
16270,Io Inner Self - The Lava Planet Vr
16271,Megapolis
16272,Aim Expert
16273,Bear Simulator
16274,Kaiju-A-Gogo
16275,Love Spell: Aslan'S Story
16276,Do You Know De Way
16277,Waves Of Rotting Flesh
16278,Crafting Block World
16279,Mecha Blade
16280,Family Mysteries: Poisonous Promises
16281,Blastzone 2
16282,Yar: Forgotten Throne
16283,Krush Kill 'N Destroy Xtreme
16284,Fall Of Porcupine
16285,Creatures Docking Station
16286,Spiral Splatter
16287,Miner: Dig Deep
16288,Project Cartaphilus
16289,Homage: Godless Grotto
16290,Shot In The Dark
16291,Oshirabu: Waifus Over Husbandos ~Love･Or･Die~
16292,Our Wonderful World
16293,Viking Village
16294,Tank Warz!
16295,Precursors: Armored Angels
16296,The Test: Hypothesis Rising
16297,Traum
16298,Doodle Mafia
16299,Crush Your Enemies
16300,Great Paintings Vr
16301,Vacuum Ball
16302,Iwocon 2021
16303,English A-Game
16304,Skeeter'S Grid
16305,El Hijo - A Wild West Tale
16306,Flashout 2
16307,Hello Emoji: Drawing To Solve Puzzles
16308,Home: A Quarantine Story
16309,Five: Champions Of Canaan
16310,Ai Vpet
16311,Heltons Haunted Hotel
16312,The Last Islands Of Man
16313,Command: Modern Air / Naval Operations Woty
16314,Bustafellows
16315,The Darkest Road
16316,Left 4 Dead 2 Dedicated Server
16317,Freediver: Triton Down
16318,Fragmented Memories - Arc One
16319,Pipe Connect
16320,Light In The Dark
16321,Devoid Of Shadows
16322,Cosmochoria
16323,Realms Of Arkania 3 - Shadows Over Riva Classic
16324,Out Of The Park Baseball 25
16325,Iron Crypticle
16326,Darkness And Flame: Missing Memories Collector'S Edition
16327,Strikey Sisters
16328,Forest Ranger Services: Episode 1
16329,Zueirama
16330,Deadly Contact
16331,Jet Set Knights
16332,Cowboy'S Adventure
16333,Haunting At Cliffhouse
16334,Dead In Bermuda
16335,Regotown
16336,Vrc Pro
16337,We'Rewolves
16338,Bastard Bonds
16339,Utawarerumono: Mask Of Truth
16340,Divine Miracle Defense
16341,Adventure Of Rikka - The Cursed Kingdom
16342,Drunken Way To Home
16343,La Quimera
16344,Winter Clothing
16345,Takoyaki Party Survival
16346,Ubermosh:Santicide
16347,Never Give Up!
16348,Lawgivers
16349,Atelier Firis: The Alchemist And The Mysterious Journey / フィリスのアトリエ ～不思議な旅の錬金術士～
16350,Yon Paradox
16351,Supersecret
16352,Rover Mechanic Simulator: Training Day
16353,Graveyard Shift
16354,Touge Shakai
16355,Pixel Dungeon
16356,Medieval Shopkeeper Simulator
16357,Meekanoid
16358,King Pong
16359,Beasts Of Maravilla Island
16360,Timeshifters
16361,Raatihuone
16362,Squidlit
16363,Jumping Master(跳跳大咖)
16364,The Tale Of Doris And The Dragon - Episode 2
16365,Adventure Time: Magic Man'S Head Games
16366,Broventure: The Wild Co-Op
16367,My Lovely Daughter
16368,Dog Sled Saga
16369,Plan Z
16370,Tennis World Tour
16371,Warren The Warlock
16372,Circus Electrique
16373,Sik Space Invader Kreature
16374,Dododge
16375,Spy Chameleon - Rgb Agent
16376,Kin'S Chronicle
16377,Cosmic Trip
16378,Boldly Forward
16379,双子树 Twintrees
16380,致命游戏-Lethal Gamble 1 Werewolf Puzzle
16381,Psycho Reign
16382,Zankinzoken
16383,Jettomero: Hero Of The Universe
16384,Focus On You
16385,Space Captain Mccallery - Episode 1: Crash Landing
16386,Tomorrow
16387,The Broken Ceiling
16388,Lazy Girl
16389,The Madness Of Little Emma
16390,Don'T Shout Together
16391,Square Heroes
16392,Rugby League Live 3
16393,Professional Farmer 2017
16394,Monster Showdown
16395,Splash
16396,Objective H.A.S.T.E. - Survival Horror Escape
16397,Limited Lifetime Corp
16398,天月麻雀 (Amatsuki Mahjong)
16399,Hands Of Necromancy
16400,Midnight: Submersion - Nightmare Horror Story
16401,Tristoy
16402,The Forgotten Concluder
16403,Tough Law
16404,Silent Tweets
16405,Dogs Organized Neatly
16406,Super Punchman
16407,Intruders: Hide And Seek
16408,The Last Pawn
16409,Star Squadron: Student Driver
16410,Dino Cub
16411,Assault Suit Leynos
16412,Cthulhu Mythos Adv Lunatic Whispers
16413,Cbt With Yuuka Kazami
16414,Escape From Voyna:  Tactical Fps Survival
16415,Witch'S Pranks: Frog'S Fortune Collector'S Edition
16416,Search All - Runes
16417,Wordlase
16418,Warehouse And Logistics Simulator
16419,Putin Run Away From Trump
16420,Rag Doll Kung Fu
16421,Monsters Domain
16422,Project Aura
16423,Dark Ages
16424,Arena Stars
16425,Retreat To Enen
16426,Unlight:Schizochronicle
16427,Sole Seeker
16428,World Of Conquerors
16429,Bot Land
16430,Q*Bert: Rebooted
16431,白猫冒险团 White Cat Adventure Team
16432,Arcanbreak
16433,Milita Aventuro
16434,Juicy Army: Prologue
16435,Cargo Transportation: Low Poly
16436,Disney Infinity 1.0: Gold Edition
16437,Warrior Kings
16438,The Preposterous Awesomeness Of Everything
16439,Star Sky
16440,Super Asqr
16441,Backroom Beyond
16442,Love Colors: Paint With Friends
16443,30 Days Of Plague
16444,Elisa: Seduce The Innkeeper
16445,Another Try 2
16446,Road To Eden
16447,Midnight Thunder Drive
16448,Sniper Game
16449,Deep Space Solitude
16450,Evergarden
16451,Pure Rock Crawling
16452,Princess Maker ~Faery Tales Come True~ (Hd Remake)
16453,Polda 7
16454,Entity Researchers
16455,Fateholder Quest
16456,Exoplanet: First Contact
16457,Rgbcells
16458,Villages & Dungeons
16459,Nea Edem
16460,Swords And Soldiers 2 Shawarmageddon
16461,Nienix: Cosmic Warfare
16462,Yoiyami Dancers: Twilight Danmaku Dancers
16463,Black Submarine: Deep Seek
16464,Lunar Lich/月球巫妖
16465,The Executioner
16466,Inland
16467,Mesozoica
16468,The Journey Down: Chapter Three
16469,Dream Chamber
16470,Seaside Racing
16471,Underworld Ascendant
16472,Red Falcon
16473,Space Survival
16474,Summer Sale
16475,Dungeoneers
16476,Kingdomscape
16477,"Love, Death & Veggies"
16478,Crazy Sapper 3D
16479,Lucera
16480,Zero G Arena
16481,Keo
16482,Davigo: Vr Vs. Pc
16483,Antadin Dx
16484,3D Survivors
16485,Humble Zombie
16486,Unsolved Case: The Scarlet Hyacinth Collector'S Edition
16487,Atulos Online
16488,Ballistic M.A.D.Ness
16489,Reach The Beat
16490,Monster Jam Steel Titans
16491,Shiver: Vanishing Hitchhiker Collector'S Edition
16492,California Games (C64/Dos/Atari/Lynx/Nes/Sms/Genesis)
16493,Dark Angels: Masquerade Of Shadows
16494,7 Wonders: Treasures Of Seven
16495,Whiplash - Crash Valley
16496,Boxeswithguns
16497,Groundhog Day: Like Father Like Son
16498,The Room Syndrome
16499,Tomb Raider Iv-Vi Remastered
16500,Mountain Taxi Challenge
16501,Gladiator School
16502,Meanwhile: An Interactive Comic Book
16503,War Of The Human Tanks - Alter
16504,Project Jeff
16505,Go Rocket
16506,Bomb Chicken
16507,Saga Frontier Remastered
16508,Fury Turn
16509,Bookstore Simulator
16510,Political Puzzle
16511,Taisho X Alice Epilogue
16512,Realescape
16513,Train Simulator: Nec: New York-New Haven Route Add-On
16514,Hellfire 1988: An Oregon Story
16515,Paranormal
16516,Blood Of Titans
16517,Kore
16518,Devinica
16519,Combots
16520,Neon Chrome
16521,Gravity Den
16522,Enoh
16523,Invisibox
16524,Teleportals. I Swear It'S A Nice Game
16525,Sylvio 2
16526,Dragon Spirits : Prologue
16527,Firewood
16528,经天纪
16529,Midnight Ultra
16530,Wraiths Of Sentinel
16531,Burger Shop 2
16532,Mandemon
16533,Valley Knights
16534,Heroes Rise: The Prodigy
16535,Blooming Nightshade
16536,Murderous Muses
16537,Bc Kings
16538,Hate-Gem Rise Of Demon
16539,Cat Girl
16540,Triangulate
16541,Burger Shop
16542,Operation Thunderstorm
16543,Crash Time 3
16544,Moto Racer Collection
16545,[Chilla'S Art] Aka Manto | 赤マント
16546,Spark The Electric Jester 2
16547,Scary Humans
16548,The Multi-Medium
16549,Railway Fun - Adventure Park
16550,Major Mayhem
16551,Bad Bots
16552,Captain Lycop : Invasion Of The Heters
16553,Cyclo Chambers
16554,Distortions
16555,Shields Of Loyalty
16556,Alaa-Mogus Must Die
16557,Spermination
16558,Pirates Outlaws
16559,The Odd Neon Void
16560,Luxor: 5Th Passage
16561,American Patriots: Boston Tea Party
16562,Pineview Drive
16563,Transformers: Devastation
16564,Infernium
16565,3Tene
16566,All Zombies Must Die!: Scorepocalypse
16567,6 Seasons And A Game
16568,Flynn: Son Of Crimson
16569,Gladiator Of Sparta
16570,피랍 일지 - 그 남자로부터의 탈출
16571,Joggernauts
16572,Tower Factory
16573,Pako - Car Chase Simulator
16574,Hideseekbattle
16575,Knight Club +
16576,Vlad Voievod Dracula. Episode 1 Manhunt
16577,Forge Quest
16578,Homebound
16579,Taste Of Power
16580,Amberial Dreams
16581,巴伦西亚传说：索菲亚的重生 Valencia Saga:Sophia'S Rebirth
16582,Helium
16583,Supreme League Of Patriots
16584,Anonymous Hacker Simulator
16585,Intergalactic Rescue
16586,Cherry Jump
16587,Nohra
16588,Regular Factory: Escape Room
16589,Gatewalkers
16590,Reign: Conflict Of Nations
16591,Orbital Bullet – The 360° Rogue-Lite
16592,Doodle God: 8-Bit Mania - Collector'S Item
16593,Abduction Bit
16594,Supplice
16595,15 Days
16596,Gachi Dash
16597,Afterlove Ep
16598,Midnight Murder Club
16599,Hole Io
16600,Just King
16601,The Slaverian Trucker
16602,孟德大小姐与自爆少年Three Kingdom Fantasy
16603,Idle Chess Story
16604,Sonucido: The Mage - A Dungeon Crawler By Daniel Da Silva
16605,Deflector
16606,The Undergarden
16607,The Brew Barons
16608,Dogfight Elite
16609,Rogue Survivors
16610,Yono And The Celestial Elephants
16611,Finders
16612,Tribal Hunter
16613,Moon Vr Video Player
16614,Speebot
16615,Dawnfolk
16616,Pool Panic
16617,Gears Of Phantasm: Destiny Tailored(Act I)
16618,Card Shark
16619,Squirreled Away
16620,Bioweaver
16621,Pandora
16622,Supaplex
16623,Dracula 2: The Last Sanctuary
16624,Captain Morgane And The Golden Turtle
16625,Playtown: Genesis
16626,Necronomicon: The Dawning Of Darkness
16627,Shadowside
16628,Fish Feast
16629,Wind Peaks
16630,Coin Pusher Live
16631,Jambo
16632,P-Walker'S Simulation
16633,Galagan'S Island: Reprymian Rising
16634,77P Egg: Eggwife
16635,My Dad Left Me
16636,伏雨录：少年篇
16637,Nusnur
16638,Kabuto Park
16639,"Gabriel Knight 3: Blood Of The Sacred, Blood Of The Damned"
16640,Superstar Racing
16641,Last Days Of Spring Visual Novel
16642,Robobeat
16643,7
16644,Luxor: Quest For The Afterlife
16645,Stray Shot
16646,Battlerace
16647,Steam Hammer
16648,Ikarus
16649,Neglected
16650,Desconocido
16651,Type
16652,One Night On The Road
16653,Desert Thunder
16654,Nancy Drew: Danger On Deception Island
16655,Garten Of Banban 7
16656,Zoo Empire
16657,Between Time: Escape Room
16658,Unforgiving Trials: The Darkest Crusade
16659,Tactical Combat Department
16660,Tycoon City: New York
16661,Magistrangers
16662,Sentinel 3: Homeworld
16663,Life Of Delta
16664,Eternity Warriors Vr
16665,Frenzy Extinction
16666,Perfect Fit - Totemland
16667,Nyxquest: Kindred Spirits
16668,Atrio: The Dark Wild
16669,Tales Of Monkey Island Complete Pack: Chapter 4 - The Trial And Execution Of Guybrush Threepwood
16670,Rebound
16671,Sticks And Bones
16672,Virus At Home
16673,Don'T Cut Your Hand
16674,Frontline : Longest Day
16675,Flat Eye
16676,Opaline
16677,Crimesight
16678,Wrestling Revolution 3D
16679,Super Club Soccer
16680,Emo Quest Xd
16681,Shapik: The Moon Quest
16682,Koloro
16683,候鸟
16684,Horny Fighter
16685,77 Oleander Avenue
16686,最后的47小时 - The Last 47 Hours
16687,Fps Robot Attack Minigame
16688,Counterblocks
16689,Warshift
16690,After Dreams
16691,"Just, Bearly"
16692,Open Country
16693,Survival Frenzy
16694,Games&Girls
16695,The Cryptologist Room
16696,Dice Tactics
16697,Gate Of Souls
16698,Stranded Sails - Explorers Of The Cursed Islands
16699,Exorcist Fairy
16700,Front Office Football Eight
16701,Event-D
16702,Boiling Steel
16703,Townsmen
16704,Hybrids Arena
16705,Catdog Puzzle
16706,Child Of Hope
16707,The Forest Of Doom (Standalone)
16708,Sunrider: Liberation Day - Captain'S Edition
16709,Maze Blaze
16710,Drive Me Crazy
16711,Fruit Crawler
16712,Δ Time
16713,Popap
16714,Space Warlord Organ Trading Simulator
16715,The Rose And I
16716,Copoka
16717,The Valiant
16718,Marvel: Ultimate Alliance 2
16719,Stairway To Heaven'S Gate
16720,Quantum Rush Champions
16721,The Grandfather
16722,Redie
16723,Midnight Mysteries 3: Devil On The Mississippi
16724,Run For Rum
16725,Macguffin'S Curse
16726,Blood Card
16727,Host
16728,The Walking Evil
16729,Cats Organized Neatly
16730,Hentai Minesweeper
16731,Tempter
16732,Demons Never Lie
16733,Arena 8
16734,Together Vr
16735,Cygnus Enterprises
16736,Strategic Mind: Blitzkrieg
16737,Pixel Boy And The Ever Expanding Dungeon
16738,Martian Invaders
16739,Clandestine
16740,Tofas Sahin: Online Car Driving
16741,Slime Labs
16742,Ducati World Championship
16743,Change
16744,Secret Archives
16745,Rumble Runners
16746,Bunny Must Die! Chelsea And The 7 Devils
16747,Reptiles: In Hunt
16748,Eye Of The Temple: First Steps
16749,Atlas Rogues
16750,Melody'S Escape 2
16751,Ghostcontrol Inc.
16752,Husk
16753,The House Sitter'S 5 Nights
16754,Where Is My Heart?
16755,Reverie Knights Tactics
16756,The Reject Demon: Toko Chapter 0 — Prelude
16757,Capsule
16758,Ravenmark: Scourge Of Estellion
16759,Zombie School-丧尸学院
16760,Root Of Evil: The Tailor
16761,Half Billion: Love Choice
16762,Twixel
16763,Pro Cycling Manager 2021
16764,I Am Weapon: Revival
16765,Temple Of Endless Night
16766,Tron: Identity
16767,Nuumonsters
16768,Stranger Things 3: The Game
16769,You Are Apt
16770,Phat Phrog
16771,Super Puzzle Platformer Deluxe
16772,Last Rites
16773,Dragon Caffi
16774,The Book Of Desires
16775,Perception
16776,Sad Rpg: A Social Anxiety Role Playing Game
16777,Misbits
16778,Xing: The Land Beyond
16779,Black River
16780,Chased By Darkness
16781,Star Merc
16782,Rebots
16783,2Dgamemanias Taken
16784,Kingdom Wars 2: Definitive Edition
16785,Queen'S Wish: The Conqueror
16786,Driver Fusion - The Best Driver & Device Solution
16787,Ultimate Ragdoll Game
16788,Supercharged Robot Vulkaiser
16789,First Samurai
16790,Doom & Destiny Advanced
16791,Emberdoom
16792,Janus Vr
16793,Fated Blade
16794,Roll The Cat
16795,Last Laugh
16796,Ersatz
16797,Cryohazard
16798,Atomic Cards
16799,Bounceball3D
16800,破月执行-The Broken Moon
16801,Findme ～３０才の夢追い人～
16802,"Odd Adventure Of Chub, Color, 23 And You"
16803,Tank Battle
16804,Dragon Pinball
16805,Backrooms: The Deep Dark
16806,Dragonium Adventure
16807,Secret Agent Wizard Boy And The International Crime Syndicate
16808,Flying Frags World Tour
16809,Unsolved Case: Murderous Script Collector'S Edition
16810,The Awakening
16811,Ifsunsets
16812,Multibombers
16813,Malus
16814,Typeds
16815,位面穿越者-三国传(A Bit Crosser-Three Kingdoms)
16816,Chaos Starter
16817,Qbik
16818,Unidentified
16819,The Dark Stares Back
16820,The Realm Of Reincarnation
16821,Simply Parkour
16822,Kokurase Episode 1
16823,Undead Horde: Dark Conqueror
16824,Basic Rogue
16825,洪荒：我挂机成圣
16826,Unveiling
16827,Raiders Of The Icepeak Mountains
16828,Beat The Devil
16829,Skyfall
16830,Pinball Simulator
16831,Search 4 Bigfoot
16832,Brother Wings
16833,420Blazeit 2: Game Of The Year -=Dank Dreams And Goated Memes=- [#Wow/11 Like And Subscribe] Poggerz Edition
16834,Perfect Plan
16835,Legends Of Alterra
16836,Construct: Escape The System
16837,Eternal Cave Escape
16838,Super Switch
16839,Stalked
16840,New Home: Medieval Village
16841,Eternal Maze
16842,Dr. Fetus' Mean Meat Machine
16843,Masks Of Deception
16844,Find & Destroy: Tank Strategy
16845,Speechless
16846,Jumphobia: Homeward Bound
16847,Amber Alert Total Vr
16848,Crosshud - Crosshair Overlay
16849,Midnight Calling: Jeronimo Collector'S Edition
16850,Minesweep World
16851,Dreadlands
16852,Arrival: Zero Earth
16853,White Middle Class Guy Simulator
16854,100Ft Robot Golf
16855,Linelight
16856,Obscurity
16857,Sorcerer'S Dream
16858,Queen'S Quest 3: The End Of Dawn
16859,Spider Lander
16860,The Hurt In Secret
16861,Kill Ball
16862,Twelve Sticks
16863,I Am Overburdened
16864,Noir Chronicles: City Of Crime
16865,Pingers
16866,Darkfairytales Sleepingbeauty
16867,Ufo2: Extraterrestrials
16868,Hexlab
16869,Sacred Earth - Promise
16870,Mofina Island
16871,Blackout Rugby Manager
16872,Binger Ninja
16873,Shephy
16874,Airborne Sea
16875,Kick Ass Commandos
16876,Exphelius: Arena
16877,谁偷了我的女朋友
16878,Slimefrog
16879,Monster Seek Ep.1
16880,Mad Ball
16881,Great God Grove
16882,The Initiate
16883,Samsa And The Knights Of Light
16884,Minerxp
16885,Hyperbolic Arcade Trading
16886,Riddled Corpses
16887,Felix Jumpman
16888,Barrow Hill: Curse Of The Ancient Circle
16889,Shu
16890,Heart Of Enya
16891,Zima Uhodi!
16892,Svoboda 1945: Liberation
16893,Mini Tone - Minimalist Puzzle
16894,Last Days Motel
16895,La Camila: A Vr Story
16896,Unsung Kingdom
16897,Forsake: Urban Horror
16898,Crucible
16899,Orbit.Industries
16900,Rule The Waves 3
16901,Railgods Of Hysterra
16902,Mutant Football League
16903,Stones Keeper
16904,Onechanbara Z2: Chaos
16905,Fight With Keys
16906,Puzzle Challengers
16907,Ultimus Bellum
16908,Agni Fighter
16909,Toodee And Topdee
16910,Magellania
16911,The Whisperer
16912,Zombie Cure Lab
16913,Outlawz : Headhunter
16914,Creature Crafter
16915,Dark Podval
16916,Omega Crafter
16917,Enishia And The Binding Brand
16918,Mining & Tunneling Simulator
16919,Quake Mission Pack 1: Scourge Of Armagon
16920,Jagged Alliance 1: Gold Edition
16921,Intensive Exposure
16922,Fpv Freerider Recharged
16923,Stars In Shadow
16924,Abyss School
16925,Beyond Polaris Guardian
16926,Flock!
16927,Chicken Assassin: Reloaded
16928,Nancy Drew: Secret Of The Scarlet Hand
16929,Theocracy
16930,Herta'S Chess Game
16931,Heroes Of Loot
16932,Tomomi
16933,Romopolis
16934,Nancy Drew: Trail Of The Twister
16935,The Tide Intro
16936,The Secret Order 6: Bloodline
16937,Season Match 2
16938,Wings Over Europe
16939,Luna'S Wandering Stars
16940,Necroattack！
16941,Valkyrie Elysium
16942,The M0Rg Vs Keys
16943,Wildlife Park 2 - Crazy Zoo
16944,Blank Frame
16945,Princesses Never Lose!
16946,Ketchup And Mayonnaise
16947,Legends Of Aethereus
16948,Nucleares
16949,Clans
16950,Dehumanized
16951,Pyramid Raid
16952,Dangeresque: The Roomisode Triungulate
16953,Human Extinction Simulator
16954,Root Double -Before Crime * After Days- Xtend Edition
16955,Primordials: Battle Of Gods
16956,Gimbal
16957,Nefertari: Journey To Eternity
16958,Gorge
16959,Janitor Bleeds
16960,Harmony'S Odyssey
16961,Galxagar
16962,Heaven Dust
16963,Romancing Saga 2
16964,Clash Force
16965,Apex Heroines
16966,No Water In Hell
16967,Space Of Darkness
16968,Coming Out On Top
16969,Bad Caterpillar
16970,Luxor Hd
16971,Toadled Classic
16972,Gift Girl
16973,Drod: Gunthro And The Epic Blunder
16974,Livestream: Escape From Hotel Izanami
16975,Space Landing
16976,Stack-Making Neighbors
16977,Super Drink Bros.
16978,Arena Wars 2
16979,Pythagoria
16980,Spooky Cats
16981,Lone Shadow
16982,Ascent - The Space Game
16983,Flow:The Sliding
16984,Above The Skies
16985,Death Stair
16986,Sweezy Gunner
16987,Bull Looney
16988,Gamer Career Tycoon
16989,Artifact Seeker: Resurrection
16990,Cube & Star: An Arbitrary Love
16991,Crowns And Pawns: Kingdom Of Deceit
16992,Sea Of Radiation 2
16993,Halfblood: A Quest To Olympus
16994,Dead Hungry Diner
16995,Annie Amber
16996,Suzy Cube
16997,Voxelsuite
16998,Kirchhoff'S Revenge
16999,Recursion Deluxe
17000,The Metronomicon: Slay The Dance Floor
17001,Abalyte
17002,Danger Ducklings
17003,Kay'S Destiny
17004,孙美琪疑案 第五季
17005,Shape Of The World
17006,Interloper
17007,Scp-087
17008,Verde Station
17009,Wild Gun
17010,Flora'S Fruit Farm
17011,Devious Dungeon
17012,Zap Dem Rats
17013,State Of Matter
17014,One More Gate : A Wakfu Legend
17015,Never Mourn
17016,Dungeons: The Eye Of Draconus
17017,Alone In The Dark: The New Nightmare
17018,Pike And Shot : Campaigns
17019,Demons With Shotguns
17020,Mystery Case Files: Huntsville
17021,Undarkened: Revival
17022,Arcade Game Series: Ms. Pac-Man
17023,Swarm
17024,Forestation: Circles Of Nature
17025,Psych
17026,Jrago Ii Guardians Of Eden
17027,Deathsmiles
17028,Kuro Survival
17029,Asmr Lightness - Light Painting
17030,Duet
17031,Steam Revolution Vr
17032,Final Profit: A Shop Rpg
17033,Finding Hope
17034,尘沙的选择 The Choice Of Sand
17035,New Ice York
17036,The Sea Hotel☆Umineko Tei
17037,Hearts Of Chaos
17038,Assassin: The First List (Beta)
17039,Broken Universe - Tower Defense
17040,Hound: Automaton
17041,Mouse Playhouse
17042,Milk Bottle And Monster Girl 2
17043,Snowball Rush
17044,Space Zone Defender
17045,Rebirth:Which Is My Toilet
17046,Lazerbait
17047,Beneath The Surface
17048,Learn Japanese To Survive! Katakana War
17049,小黄条/Yynote
17050,Dynamite Alex
17051,Drivingschool-驾驶学校
17052,Schrodinger'S Cat Experiment (Sce)
17053,Accurc 2
17054,The Silent Huntress
17055,Dead Garden Zero
17056,Fantasynth One
17057,Hexascape: Cyber Defense
17058,Neodash
17059,Bulldozer
17060,Access Denied
17061,Al Andalus 711: Epic History Battle Game
17062,Romance Of The Three Kingdoms Ix With Power Up Kit
17063,Virus Popper
17064,Ghoul Castle 3D: Gold Edition
17065,Manos: The Hands Of Fate ~ Director'S Cut
17066,Lethal Rpg: War
17067,Tramsim Munich - The Tram Simulator
17068,Hollow Space
17069,Ocean Planet
17070,A Buttload Of Free Games
17071,Zombie Rollerz: Pinball Heroes
17072,Lycans
17073,Monkey Doomsday
17074,Gizmo
17075,Speedonauts
17076,The Watchmaker
17077,Out Of Reach: Treasure Royale
17078,Nightmares Mansion: Scary Dreams
17079,Lumber King
17080,Protoball Beta
17081,Lord Of The Other World
17082,Bear With Me - Collector'S Edition
17083,Tear And The Library Of Labyrinths
17084,Rym 9000
17085,守麥精靈黛芽
17086,Vertigo Remastered
17087,Meet The Miner - Wdr Vr Bergwerk
17088,Liars Race In Lost Ruins
17089,Trendpoker 3D: Free Online Poker
17090,Sin-Cay
17091,The Ember Saga: A New Fire
17092,World Truck Racing
17093,Grisaia Phantom Trigger Vol.7
17094,法医探案团之碎嘴小诗
17095,Our Love Will Grow
17096,Gods Of The Fallen Land
17097,勇者大冒险
17098,Rumours From Elsewhere
17099,Kaiserpunk
17100,Freedom Farming - The American Way
17101,Black Lazar
17102,Pamir Saga
17103,你与月光同罪-As Guilty As The Moon
17104,Mudborne: Frog Management Sim
17105,Elementite
17106,Citybattle | Virtual Earth (Eu)
17107,Castle Xenon
17108,The Heartbeat
17109,Spirit Of The Island
17110,Okinawa Rush
17111,Breath Of Ghosts
17112,Heart Of Y
17113,Pukan Bye Bye
17114,Kung Fu Grand King
17115,Tales Of Tarium: Awakening From The Ashes
17116,Forgotten Places: Regained Castle
17117,Defense Of Egypt: Cleopatra Mission
17118,Breathing Fear
17119,答题英雄——细胞生物学
17120,Mika And The Witch'S Mountain
17121,Electro Ride: The Neon Racing
17122,Basketing
17123,Duke Grabowski: Mighty Swashbuckler
17124,Epic Fantasy Battle Simulator
17125,Minds Of Nations
17126,The Exodus
17127,Dreamio: Ai-Powered Adventures
17128,Project : Skyscape
17129,Chess Crown
17130,They Are Hundreds: Prepped
17131,Paroniria 梦缚
17132,Mercury Blue: Mini Episode
17133,修炼成仙
17134,Hexfactory
17135,Flightless Classic
17136,Bug Blast
17137,Parking Garage Rally Circuit
17138,Alpha Zylon
17139,Sam & Max: Season Two
17140,Slip
17141,The Panel Remake
17142,Jigoku Unko
17143,Tiny Tanks
17144,Hey Ma I'M A Dragon Now
17145,Moonscars
17146,Legends Of Persia
17147,Imperi Ii
17148,Banana-Shaped
17149,The Death Tree
17150,Reef Rivals
17151,Runningdead
17152,Blasteroids
17153,報い-Retribution
17154,Vintage Year
17155,Kapital: Sparks Of Revolution
17156,Nectar Of The Gods
17157,Shin Lotion Samurai
17158,In The Middle
17159,Worshippers
17160,Mirage Feathers
17161,Run Gun Zr
17162,Banana Town
17163,Slaughter Horse 2
17164,Gunhound Ex
17165,Agent Roswell : Tactics
17166,Arcane Investigations
17167,A Sky Full Of Stars 仰望夜空的星辰
17168,The Legend Of Heroes: Trails Into Reverie
17169,Hybrid Wars
17170,Night Stones
17171,Code Zero
17172,Click To 13
17173,Romance Of The Three Kingdoms V With Power Up Kit
17174,Catch Me If You Can
17175,Deep Space Cache
17176,Sbeve
17177,Row Divers
17178,Old Coin Pusher Friends 2
17179,The Legend Of Heroes: Trails Through Daybreak
17180,Troublemaker
17181,Magicolors
17182,Ubermosh Vol.7
17183,Viktor
17184,Alteric
17185,Witchy Life Story
17186,Arzette: The Jewel Of Faramore
17187,The Stranger Vr
17188,Occupation 2.5
17189,Project Boost
17190,Millennium Atoll
17191,Candy Smash Vr
17192,Adventures In Morality: An Interactive Case Study
17193,Car Jump Challenge
17194,Standby
17195,Stellar Interface
17196,Cotrio
17197,Keywe
17198,Earthx
17199,Dark Flowers
17200,Content
17201,Kitty Tactics
17202,Endless Monday: Dreams And Deadlines
17203,Chip'S Challenge 2
17204,Skinwalker Hunt
17205,Octave
17206,Fabulous - Angela'S Fashion Fever
17207,Cliffhanger: Challenger Of Tomorrow
17208,Deisim
17209,Nameless ~The One Thing You Must Recall~
17210,Furgal'S Jetpack
17211,War Of Gold 2 Mission 99
17212,No Time To Live
17213,Be A Pirate
17214,Plankton
17215,Lulu'S Weapons Shop
17216,Digdigdrill
17217,Wazhack
17218,Synced Warriors
17219,Don'T Look Back
17220,Escape From Monkey Island
17221,The Graveyard
17222,Skyhook
17223,Ollie & Bollie: Outdoor Estate
17224,Orbusvr: Reborn
17225,Pascal'S Wager: Definitive Edition
17226,Magic Research
17227,Nancy Drew: The Phantom Of Venice
17228,Nancy Drew: The Secret Of Shadow Ranch
17229,Ultimate Logic Puzzle Collection
17230,Archon Classic
17231,Unknown 9: Awakening
17232,"Adventures Of Jq Jones: ""Isle Of The Serpent Empress"""
17233,Hard To Be A God
17234,I Am Part-Time Worker!!
17235,Destroyer: The U-Boat Hunter
17236,Crying Pony
17237,Townopolis
17238,Extragalactica
17239,Lumber Party
17240,重装战线
17241,Yummy Girl
17242,Forgotten Realms: The Archives - Collection Two
17243,Tennis Elbow Manager
17244,The Inner Darkness
17245,Gtr - Fia Gt Racing Game
17246,Kitten Adventures In City Park
17247,Bank Tycoon
17248,Bridge!
17249,Three Kingdoms: Innovatory
17250,Gearhead Caramel
17251,Hover Junkers
17252,Cinemaware Anthology: 1986-1991
17253,Lovekami -Useless Goddess-
17254,Phantasmagoria 2: A Puzzle Of Flesh
17255,Voidship: The Long Journey
17256,Magic Seeker: A Mimic'S Odyssey - Chapter 1
17257,Treasure Chest Clicker
17258,The Legacy: The Tree Of Might Collector'S Edition
17259,Project Wunderwaffe: Prologue
17260,Missing Persons
17261,Bing Bong Xl
17262,Challenge Speedball
17263,Adera
17264,Fear Odyssey
17265,История Бомжа
17266,Hearthlands
17267,Almost Alive
17268,Check Inn
17269,Fork Road
17270,Gunman Taco Truck
17271,Train Of Afterlife
17272,Procyon
17273,Moonfall
17274,32 In 1 Game Special
17275,Torutaru
17276,Rymdkapsel
17277,Ignited Steel: Mech Tactics
17278,Freud Gate
17279,Bala Na Manga
17280,Semblance
17281,Romance Of The Three Kingdoms X With Power Up Kit
17282,Feminazi: 3000
17283,Defenders Of Ardania
17284,Tenami
17285,Omega Blade
17286,Spaced Out
17287,Tidal Shock
17288,Single Player: Horror
17289,Dark Echo
17290,Freedom Fighter
17291,Cyber Attack
17292,Aurora Dusk: Steam Age
17293,Lelie Navigation!
17294,Scary World
17295,Break Arts Ii
17296,Playcraft
17297,Deranged
17298,Subwaysim Hamburg
17299,Legendary Dxp
17300,Ao International Tennis
17301,Rotten Apple - Vr Arcade Version
17302,Lucius Demake
17303,Penny'S Path
17304,Chaos;Child
17305,Bekkouame
17306,The Girl Of Glass: A Summer Bird'S Tale - The Journey Begins
17307,Boss Monster
17308,Man Of Honor
17309,Adorable Crush
17310,Ty The Tasmanian Tiger 4
17311,Uniform Girl
17312,Toy Odyssey: The Lost And Found
17313,Showing Tonight: Mindhunters Incident
17314,Be My Girlfriends
17315,Glyph Vr
17316,Criminal Girls: Invite Only
17317,Detect Dan The Dog!
17318,War Cube
17319,Wilmot'S Warehouse
17320,唤境引擎 Evkworld
17321,The Next Penelope
17322,Milford Heaven - Luken'S Chronicles
17323,Mister Burnhouse
17324,Flix And Chill
17325,Hag
17326,Banana Man : The Space Monkeys
17327,Boogeyman 2
17328,Odd||Even
17329,The Conquest Of Go
17330,Purrfect Date - Visual Novel/Dating Simulator
17331,Sacred Fire: A Role Playing Game
17332,Zombie Vikings
17333,Bleak Sword Dx
17334,Rail Of Möbius
17335,There Is No Sleep
17336,Pixeljunk Monsters 2
17337,Wotheguel
17338,Amulet Of Time: Shadow Of La Rochelle
17339,Einherjar
17340,Enlightenment
17341,Fortissimo Fa
17342,The Plague Doctor Of Wippra
17343,Noise
17344,Luckslinger
17345,Dark Future: Blood Red States (Classic)
17346,Winter Survival
17347,Cake Platformer
17348,Ryzer: The Reflectors Path
17349,Tank Operations: European Campaign
17350,Edge Of Book
17351,北宋风云
17352,Moving Out 2
17353,Steel Assault
17354,Dog Gone Golfing
17355,Without A Voice
17356,Squeakers Ii
17357,Mystery Case Files: Escape From Ravenhearst
17358,Twilight City: Love As A Cure
17359,Phantom Island
17360,Stellatum
17361,Our Secret Below
17362,Hunterx: Code Name T
17363,Stargaze
17364,A Shaman'S Ballard
17365,Kingso
17366,Don'T Make Love
17367,Duckhunt - Missouri Kidz
17368,Close Me
17369,Skyline Sprinters
17370,Lost Alone Ep.3 - Nonnina
17371,Herobattle
17372,Blood Hospital
17373,Kiosk
17374,Mobile Droid Gumda
17375,Foul Play - Yuri Visual Novel
17376,Halp!
17377,Blood Bar Tycoon
17378,Idun - Frontline Survival
17379,安堂的心理咨询室：杯中之心〈Andou：Pulse Of Cup〉
17380,Heroine Of The Sniper
17381,Toilet Simulator
17382,Metagroove
17383,Battlecruisers
17384,Roombo: First Blood
17385,The Fall Of Gods
17386,The Adventures Of Spunk Dodgers And Splat
17387,Kyvir: Rebirth
17388,Orbital Clash
17389,Airmech Command
17390,Humanity
17391,Summer Games Heroes
17392,Last Shift
17393,Weird Hero
17394,Blade & Bones
17395,Athenian Rhapsody
17396,The Sink Gods
17397,Gradient
17398,Darwins Trash
17399,Starsation
17400,Avenger Bird
17401,Gun'Em
17402,Odinfall
17403,난중설화: The Tales Of Imjin War
17404,Broll
17405,Tank Squad
17406,My Military Life
17407,Cat In The Box
17408,Blood Soaked Bastard!
17409,Pixel Shooter
17410,Quantum Derelict
17411,Dollmaker
17412,Mythlands: Flappy Dragon
17413,Akatsuki: Lord Of The Dawn
17414,Scary Pictures: Yavez - Seven Deadly Sins
17415,Alcatraz Builder
17416,Siberian Run Vr
17417,Laserlife
17418,Insulated At The Bottom
17419,Swallow The Blue
17420,Math Adventures
17421,Starwalker
17422,Netherguild
17423,Extraordinary: Soul
17424,Zen Blocks - Relaxing Puzzle Board Game
17425,Donuts'N'Justice
17426,One Last Job
17427,Jon'S Jigsaw Puzzle
17428,Broken In Time
17429,Island
17430,Squirreltopia
17431,Playing History - The Plague
17432,Million On Mars: Space To Venture
17433,Thermonuclear
17434,Stream Smash
17435,The Path To Memento Mori
17436,Cartographer
17437,Fly The Cloud
17438,Rollers
17439,Maze Maverick
17440,Mimic
17441,Hexagonal Explods
17442,Terra Ventura
17443,Sea Of Dreams
17444,Protonwar
17445,Drive//Shaft
17446,Chester
17447,Osylla
17448,Run!Zombiefood!
17449,Glory To Ukraine!
17450,The Last Stand At Camp Zombie
17451,Plutocracy
17452,Short Life
17453,Damned Daniel
17454,Apprentice Knight-Iona
17455,Wonderful Everyday Down The Rabbit-Hole
17456,Kill To Live
17457,Justin Wack And The Big Time Hack
17458,Crouching Pony Hidden Dragon
17459,Gobbo Goes Adventures
17460,Fleshport
17461,Voyage Senki Vr 海洋传说 Vr
17462,Thinking Inside The Box
17463,Surviv.Io - 2D Battle Royale
17464,Moento - Modular Environment Toolkit
17465,Thunderbolt
17466,The Dream Of Shadowlands Episode 2
17467,Zombie City Defense 2
17468,Cube Raiders
17469,Battletrucks
17470,Bughouse
17471,Unknown Host
17472,Cookie Cutter: Overkill Edition
17473,Beyond The Mind
17474,The Magician'S Research
17475,Station Manager
17476,Retaliation: Enemy Mine
17477,Dorasyeoda
17478,Connect Chat
17479,Evil'S Den: Forsaken Dungeon
17480,Il Sole E La Luna
17481,Steam Heroes
17482,Anachronism\>
17483,Endless World Idle Rpg
17484,Discover
17485,Haegemonia: The Solon Heritage
17486,World Soccer Pinball
17487,King Boo
17488,Gravulse
17489,Castle Woodwarf
17490,Rpg纪元
17491,Tale Of Ninja: Fall Of The Miyoshi
17492,Lifez - Survival
17493,True Or False Universe
17494,Dragon Kingdom War
17495,Ys Seven
17496,全战天下
17497,胸怀三国 Ol / 삼국지를 품다 / Embrace The Three Kingdoms Ol
17498,Uncharted Tides: Port Royal
17499,Asteroid Navigation
17500,Envoy Of Nezphere
17501,Truffle Saga
17502,Aspen： Uncanny Home
17503,Last Resort Island
17504,Hamidashi Creative
17505,Timefall
17506,Loopers
17507,Holyhunt
17508,Legend Bowl
17509,Warlander
17510,Warriors: Rise To Glory
17511,Grandpa High On Retro
17512,Soundodger+
17513,Ghostpia Season One
17514,Project One プロジェクト・ワン ～ハロルドはつらいよ～
17515,Niplheim'S Hunter - Branded Azel
17516,Adaca
17517,Ruvato: Original Complex
17518,Johnny Chainsaw
17519,Starman'S Vr Experience
17520,Bai Qu: Hundreds Of Melodies
17521,Cloud Escape
17522,The Promised Land
17523,Pinkman
17524,Aerial Guardian
17525,Ship Graveyard Simulator 2: Prologue
17526,Space Dragons
17527,Look Inside
17528,Rocket Escape
17529,Mayhem Brawler
17530,Astral Traveler
17531,Furious Seas
17532,To Pixelia
17533,Form
17534,Project Warlock Ii
17535,Deep Sleep Trilogy
17536,Chronicles Of Magic: Divided Kingdoms
17537,Tales Of Monkey Island Complete Pack: Chapter 3 - Lair Of The Leviathan
17538,Nancy Drew: Danger By Design
17539,Ankh - Anniversary Edition
17540,The Dungeons Of Castle Madness
17541,Rugby League Live 4
17542,Mydream
17543,Spookware
17544,Drugs And Crime Idle
17545,Jack Keane
17546,Experience 112
17547,Echelon
17548,Seed Of Life
17549,Democracy 2
17550,Samantha Swift And The Hidden Roses Of Athena
17551,Tex-Mechs
17552,Megamagic: Wizards Of The Neon Age
17553,De:Void
17554,Punk Wars
17555,Sally'S Law
17556,Killbot
17557,The Haunted Hospice
17558,The Hotel
17559,Alicia Griffith – Lakeside Murder
17560,Elven Legacy: Ranger
17561,Helltown
17562,Kowloon'S Curse: Lost Report
17563,The Fortress Of Varnolis
17564,The Song Of Terminus  終焉的迴響:護界者之歌
17565,Touhou Genso Wanderer -Lotus Labyrinth R-
17566,Shadows Behind The Throne 2
17567,Bike Dash Excite!
17568,Secrets Of The Heartbeat
17569,Fire And Steel
17570,Mystery Case Files: Black Crown Collector'S Edition
17571,World Serpent
17572,100 Hidden Dogs
17573,Reaver
17574,Magic Siege - Defender
17575,Abscond
17576,Gloom
17577,Deskmate Girl
17578,True Lover'S Knot
17579,The Infinite Black 2
17580,Hyper Jam
17581,Surgera Vr
17582,Fishticuffs
17583,Welcome Back To 2007 Part Ii
17584,Love At First Sight
17585,Add
17586,Better Off Tread
17587,Aim In Space
17588,Mortal Squad: Portal To Hell
17589,Convicted Galaxy
17590,Hegemony Gold: Wars Of Ancient Greece
17591,Creature In The Well
17592,The Last Soldier
17593,Danger Room Vr
17594,Mini Mecum
17595,Roam Survival
17596,Symploke: Legend Of Gustavo Bueno (Chapter 1)
17597,Drox Operative
17598,Little Mouse'S Encyclopedia
17599,Escape From Terror City
17600,Limb Chopper
17601,The Legend Of Dark Witch
17602,Mortadelo Y Filemón: Una Aventura De Cine - Edición Especial
17603,Sisyphus.12.20.03
17604,Achball
17605,The Leisure Of Grisaia
17606,A Day Without Me
17607,Panmorphia: Awakened
17608,Leisure Suit Larry 5 - Passionate Patti Does A Little Undercover Work
17609,Oknytt
17610,My Own Little Planet
17611,Timeframe
17612,Repetendium
17613,Wars Of Napoleon
17614,Tasty Planet
17615,Synthrome
17616,Candy Gun
17617,Fleets Of Ascendancy
17618,Cardbot
17619,Abandoned Souls
17620,Hungry Wolf
17621,Paranormal Activity: The Lost Soul
17622,Alek - The Lost Kingdom
17623,"Viktor, A Steampunk Adventure"
17624,Rule No. 1
17625,Nova-111
17626,In Passing
17627,Make Your Kingdom
17628,Project Ictos
17629,Fist Of Awesome
17630,With In The Obscurity
17631,Ritual On The Eve 前夜祭
17632,Home Improvisation: Furniture Sandbox
17633,Windscape
17634,Fallen Rebellion
17635,Montague'S Mount
17636,The Interactive Adventures Of Dog Mendonça & Pizzaboy
17637,Hololab Champions
17638,Bezier
17639,Secret Files 3
17640,Leisure Suit Larry - Magna Cum Laude Uncut And Uncensored
17641,Joy Life
17642,Krautscape
17643,Railway Islands - Puzzle
17644,Fate Tectonics
17645,Bitku
17646,Retro Golden Age - Livingstone I Presume
17647,Bagel Love Story
17648,Necrobarista
17649,Sand Land
17650,Panty Party
17651,Hiveswap: Act 2
17652,Spring Falls
17653,Aonatsu Line
17654,Warsaw Rising: City Of Heroes
17655,Mxgp 2021 - The Official Motocross Videogame
17656,Ding Dong Xl
17657,Aerofly Fs 4 Flight Simulator
17658,Soundfall
17659,Driver4Vr
17660,I'Ve Fallen For You!
17661,Demeo: Pc Edition
17662,Boom 3D Windows: Experience 3D Surround Sound In Games
17663,Palmyra Orphanage
17664,Everdream Valley
17665,Journey To Incrementalia
17666,Lego Harry Potter Collection
17667,Fairy Biography
17668,Lydia
17669,Jimmy And The Pulsating Mass
17670,Anomaly Collapse
17671,Lineway
17672,Witchhand
17673,Panzer Paladin
17674,Mythforce
17675,Glittermitten Grove
17676,Cally'S Caves 3
17677,Junkpunk
17678,Palindrome Syndrome: Escape Room
17679,Opencanvas 7
17680,Ten Dates
17681,Perish
17682,Sky Break
17683,Midnight Protocol
17684,Warriorb: Prologue
17685,Cat Burglar: A Tail Of Purrsuit
17686,Teslagrad 2
17687,角斗士学院（Gladiator School）
17688,Galaxy Of Pen & Paper +1
17689,Kunkun Dream Startles The Soul
17690,Logic World
17691,Hacktag
17692,Stellar Initiative
17693,Organ Quarter
17694,Nascar Heat 2
17695,Skelly Selest
17696,Might & Magic: Clash Of Heroes - Definitive Edition
17697,Oik 4
17698,Robothorium
17699,Nature Treks Vr
17700,The Signifier Director'S Cut
17701,Letters - A Written Adventure
17702,On Rusty Trails
17703,Miniland Adventure
17704,Willy-Nilly Knight
17705,Alt-Frequencies
17706,Songbringer
17707,Verne: The Shape Of Fantasy
17708,Age Of Rivals
17709,Swords Of Gargantua
17710,Silent Hope
17711,Pinchcliffe Grand Prix
17712,Tanks In Labyrinth
17713,Leviathan ~A Survival Rpg~
17714,Always The Same Blue Sky...
17715,Cobalt Wasd
17716,Dexodonex
17717,Fireworks Simulator
17718,Colonial Conquest
17719,The Emperor And State
17720,Sound Shift
17721,Death Park
17722,Toaster Jam
17723,Demon Sword: Incubus
17724,Collapsed
17725,Airport Madness 4
17726,"""I Know This Place..?""  Chapter I (Prologue)"
17727,Mystery Island - Hidden Object Games
17728,The Secret Order 8: Return To The Buried Kingdom
17729,The Treehouse Man
17730,Defense Clicker
17731,Talon'S Blade
17732,Scions Of Fate
17733,Murasaki
17734,Epic Card Game
17735,風色幻想3:罪與罰的鎮魂歌
17736,Dwarrows
17737,Trapped Dead: Lockdown
17738,Super Xyx
17739,Hair Of The Dog
17740,Mmm: Murder Most Misfortunate
17741,Amigdala
17742,Zombie Admin
17743,Enchanted Portals
17744,Scp: Fragmented Minds
17745,Kappa'S Asylum
17746,Fire Tonight
17747,Evil Possession
17748,Mega
17749,The Mysterious Cities Of Gold
17750,Kill The Dragon
17751,Funfair Ride Simulator 3
17752,Taekwondo Grand Prix
17753,异霊 皓月空华
17754,Despair: Blood Curse
17755,True Fear: Forsaken Souls Part 3
17756,Various Daylife
17757,Duck Detective: The Ghost Of Glamping
17758,Ships 2017
17759,Wikiarena
17760,Herman Electro
17761,Notre-Dame De Paris: Journey Back In Time
17762,Panzer Warfare
17763,My Incubi Harem
17764,Realms Of Arkania 2 - Star Trail Classic
17765,Delicious - Emily'S Miracle Of Life
17766,Dragon Souls
17767,Space Pilgrim Academy: Year 3
17768,Scribble Ships
17769,Connect - Virtual Home (3D Or Vr)
17770,The Robots Hope
17771,Zap Zap Zombie Cats
17772,Warzone Flashpoint
17773,Hot Noon
17774,Cargo Company
17775,Mahjong Solitaire
17776,Pro Strategy Football 2024
17777,Agent-00
17778,Mountain Trap: The Manor Of Memories
17779,Color Chaos
17780,Squeakers
17781,Spell Cast
17782,Aqua Boy
17783,13:Origin - Chapter One
17784,Metonymy
17785,Calvin Tucker'S Farm Animal Racing
17786,Prehistoric Tales
17787,Witch Of Ice Kingdom Ⅱ
17788,Professor Watts Word Search: Space Voyage
17789,Phoenix Squadron: Northern Star
17790,Epic Battle Fantasy Collection
17791,Steel Graves
17792,Aod
17793,Diablo The Abyss
17794,Mafia: Family'S Secret
17795,Spacious Snake
17796,Marshmallow Tank
17797,Ayahuasca
17798,Air Combat Arena
17799,Pin Puck
17800,Karen The Chicken
17801,Catch A Cat For 60 Seconds
17802,Ride 'Em Low
17803,Wall To Wall
17804,Shopping In A Winter Zombieland
17805,Pottery Crafts: Hand-Made Simulator
17806,Find The Sunbed
17807,Pixel Star
17808,Therapy Sheep Vr
17809,"We'Re Here, Papa"
17810,Dwelvers
17811,God Souls
17812,Zombie Arena
17813,Knight Flight
17814,Fox'S Holiday / 狐の假期
17815,Beat The Song
17816,Dragonsphere
17817,Super Trench Attack 2
17818,City Legends: The Ghost Of Misty Hill Collector'S Edition
17819,Tiny Barbarian Dx
17820,Choice Chamber
17821,Bus-Simulator 2012
17822,Maverta
17823,Pet Store Panic
17824,Not Alone: Remake
17825,Frontiers Reach
17826,Veil Of Crows
17827,Toverblade
17828,A Walk With Yiayia
17829,Vendetta Forever
17830,Gb Rober
17831,Kitsu'S Destiny
17832,Azrael
17833,Toy Scrappers
17834,Sokolor
17835,Bdsm: Big Drunk Satanic Massacre Demo
17836,Project Unseek
17837,Legends Of Catalonia: The Land Of Barcelona
17838,Rom: Extraction
17839,桃色武林
17840,Two Hundred Ways
17841,Race To Mars
17842,Internet Court
17843,Chronicles Of Teddy
17844,Guts 'N Goals: Preseason
17845,Perfect Inventory - Organization Puzzle
17846,Wild Romance: Mofu Mofu Edition
17847,Blood On The Streets
17848,Astralode Freeminers
17849,Magic Box
17850,Madrid Noir
17851,Graveyard Spells
17852,Angry Bunny 3: Virus
17853,Husky'S Adventures
17854,Sinister Hospital
17855,Answer Knot
17856,Despatch: Entity Astray
17857,Dallaham
17858,Sabotris
17859,Signal Ops
17860,Solitune
17861,Corpse Party: Blood Drive
17862,Dark Fantasy Warriors
17863,Simulation World
17864,机械兽：进化（Mechanical Beast: Evolution）
17865,Scraplers
17866,Backgammon Blitz
17867,Dive: Starpath
17868,Haunted Things
17869,Deleted
17870,Chromacell
17871,Abrix 2 Diamond Version
17872,Zach-Like
17873,Candy Machine
17874,Crisp'S Charging Challenge
17875,Another Reigny Day
17876,Drillsvr
17877,Psychosis
17878,Plenty: Skyhearth
17879,Synthrun
17880,Starship Intruder
17881,Xpand Rally Xtreme
17882,9Th Company: Roots Of Terror
17883,Fantasy Lands
17884,Dream Alone
17885,Shootout On Cash Island
17886,Epic Battles Of History
17887,Get Out
17888,Those Who Came: Healing Solarus
17889,Nfbl-National Fantasy Basketball League
17890,Blacksea Odyssey
17891,Midnight Mahjong
17892,Chameneon
17893,Aces Of The Luftwaffe
17894,Chess President
17895,Stepbystep
17896,Mythic Wonders: The Philosopher'S Stone
17897,Panpu-Ja
17898,Finger Fortress
17899,Azurael'S Circle: Chapter 1
17900,Enki
17901,Tsukumohime
17902,Hush Hush - Only Your Love Can Save Them
17903,Pacific Storm Allies
17904,Mystery P.I. - The New York Fortune
17905,Dot Debugger
17906,Hipster Attack
17907,愚人之夜
17908,Gift Of Parthax
17909,The Gurion Mountains
17910,The Shattered Elements Arena
17911,Kim
17912,Lords Of Magic: Special Edition
17913,Corpse Party: Book Of Shadows
17914,Exorder
17915,Slime Research
17916,Expelled
17917,Bolt Action
17918,Tempo Mayhem
17919,Junkyard Fury
17920,Zooicide
17921,Kingshunt
17922,Death Again
17923,Alone But Strong
17924,The Lost Island
17925,Atria Valkyrie
17926,Never Second In Rome
17927,Hypergalactic Psychic Table Tennis 3000
17928,眼傀公司（Eyepuppet Campany）
17929,Unbalance
17930,Beyond Mankind: The Awakening
17931,Bitcoin Trading Master: Simulator
17932,Infinite Children
17933,Grand Emprise: Time Travel Survival
17934,Football Betting 足彩上岸记
17935,Hidden Shelter
17936,Mathoria: It All Adds Up
17937,Fhtagn Simulator
17938,Princess Tier:Part 1
17939,Dead Letter Dept.
17940,Unpossess: Exorcism Simulator
17941,Populous Ii: Trials Of The Olympian Gods
17942,Ship Ahoy Open Beta
17943,Learning Factory
17944,Idle Sand Castle
17945,Xaoc
17946,Dandi World
17947,Child Phobia: Nightcoming Fears
17948,Alternate Jake Hunter: Daedalus The Awakening Of Golden Jazz
17949,Kiai Resonance
17950,Lovebirb
17951,Demon'S Tilt
17952,The Dragon'S Prophecy
17953,Moonscavenger
17954,Bad Faith
17955,The Complex Tragedy
17956,Colosseum Vr
17957,Vectorlord
17958,Dobuki'S Epic Journey
17959,Dusk 12
17960,Puzzle Go!
17961,Latte Stand Tycoon +
17962,Out Of The Park Baseball 24
17963,The Most Boring Life Ever
17964,Marble Age: Remastered
17965,Solitaire: Learn Chemistry
17966,Jr East Train Simulator
17967,Hocus
17968,Endoparasitic 2
17969,Five-Finger Gunslinger
17970,Puzzle Bots
17971,Binaural Odyssey
17972,Time Treker
17973,Fpv Air 2
17974,Swords And Adventures
17975,Super Chain Crusher Horizon
17976,World War I
17977,Grim Tales: Graywitch Collector'S Edition
17978,愚者之梦：零时将至
17979,Furball
17980,Lumen
17981,The Hidden Dragon
17982,Roghill Incident
17983,Fallen Bride Mege
17984,Aura
17985,Innkeeper'S Basement
17986,Super Head Ball
17987,Rising Lords
17988,Cavyrn
17989,Imprecision
17990,Liberty Prime
17991,Little Big Guy
17992,Space Gladiators
17993,Eyes Of Darkness
17994,Colorgrid
17995,Valhalla：Awakening Of Valkyrie
17996,Vbridger
17997,Black Forest
17998,Duelvox
17999,Parkour Chief: Chapter Secret Agent
18000,Mothlight
18001,Fable Of Sand Paws
18002,Ikai
18003,The Night Of The Inquisitor
18004,Zombie Shooter: Ares Virus
18005,Rope Cow - Rope It To The Cow
18006,Xo
18007,Tilefinder
18008,Patchwork
18009,Solitaire Beach Season
18010,Egg Squeeze
18011,Izmir: An Independence Simulator
18012,Ampersat
18013,Vietnam War Puzzles
18014,Synth Drift
18015,魔法考核冒险
18016,Milky Quest Ii
18017,Jelly Killer
18018,Tower Keepers
18019,Mahjong Deluxe 2: Astral Planes
18020,Sense - 不祥的预感: A Cyberpunk Ghost Story
18021,Claws & Feathers
18022,Idle Colony
18023,Tank Quest
18024,Command Line Pilot
18025,Dwarf Tower
18026,Battle Royale: Survivors 究极求生:大逃杀
18027,Vzx Player
18028,Exotic Kosmos
18029,Hyparxis
18030,Super Mutant Alien Assault
18031,Mahjong Club
18032,A Gay Love Story About Gay Love
18033,Back In 1995
18034,Shogun
18035,Steambirds Alliance Beta
18036,Escape From Tethys
18037,Natsukiri－Summer Vacation At Kirishima House
18038,Moveit
18039,Castles
18040,Senran Kagura Bon Appétit! - Full Course
18041,Lonely Trip
18042,Caelus Trident
18043,Fading Afternoon
18044,The Muller-Powell Principle
18045,Home Is Where One Starts...
18046,The Handbook
18047,The Dark Eye : Book Of Heroes
18048,De Blob
18049,Ice Caves Of Europa
18050,Can'T Live Without Electricity
18051,Hospital Tycoon
18052,Dead War Rise Of Combat
18053,Evolings
18054,Wanna Make It
18055,"Codename: Panzers, Phase Two"
18056,Hargrave
18057,谁说奶妈不能拯救世界！
18058,Bring To Light
18059,Clearmem :: Free Up Your Ram
18060,The Case Of The Serialized Killer
18061,Roller Riot
18062,Urban Trial Playground
18063,Headspun
18064,Archmage Ricka
18065,Project Unknown
18066,The Disguiser Of Fate
18067,Charlotte: Dragon Slayer
18068,Zonzon
18069,Gem Wizard
18070,War Wind Ii: Human Onslaught
18071,Axel & Pixel
18072,枕边少女 Moe Hypnotist - Share Dreams With You
18073,Mix-Sign: Girl With 3 Signs
18074,Difficult Platformer Game
18075,Angelica Weaver: Catch Me When You Can
18076,Ballance
18077,Super Beast Activation
18078,Mountain Trap 2: Under The Cloak Of Fear
18079,The Oil Blue: Steam Legacy Edition
18080,Time Survivors
18081,Team Up Vr (Beta)
18082,Beach Invasion 1944
18083,One Late Night: Deadline
18084,I Am Quadrober!
18085,Horror Loop
18086,Luxvr
18087,Accel
18088,The Chronicle
18089,Even For Eternia
18090,Swarm Universe
18091,Scp: Descent
18092,Dodge It! Online
18093,Power & Revolution 2021 Edition
18094,Bombinator
18095,Otaku'S Fantasy 2
18096,Danger Forever
18097,Bane Of Asphodel
18098,Hot Squat
18099,Innoquous 5
18100,Christmas Race
18101,The Outbound Ghost
18102,Methods: The Detective Competition
18103,Rogue State
18104,Super Captain 3D
18105,Pro Strategy Football 2021
18106,Airport Madness: Time Machine
18107,Real Man Got 100 |  是男人上100层
18108,Horse Riding Deluxe
18109,Scratch Girl
18110,Earth Atlantis
18111,The Last World
18112,A Space For The Unbound - Prologue
18113,Nebula
18114,To Carry A Sword
18115,Astrumis - Survive Together
18116,Super Pixel Racers
18117,Grim Tales: The Bride Collector'S Edition
18118,[Chilla'S Art] The Caregiver | 終焉介護
18119,Logistical 2
18120,Netspace Saga Ep.1
18121,Probability Race
18122,Ark'S Wonder Dungeon
18123,Mumps
18124,Kozyrev Horrors
18125,Mission Zigloton
18126,Purple Heart
18127,Micro Games: Volume 1
18128,Taiko No Tatsujin: Rhythm Festival
18129,Strange Telephone
18130,Nice Day For Fishing
18131,La Foret De Pago : La Vengeance Du Dragon
18132,Tesla Breaks The World!
18133,Anthology Of Fear: Prologue
18134,Lumberhill
18135,Oik 2
18136,Fractured Minds
18137,Tank Games Zoo War: Battle Royale Online
18138,Into The Unknown
18139,The Night Of The Exorcism
18140,Armoured Commander
18141,Orion: A Sci-Fi Visual Novel
18142,晨晨力量人 Adventure Of Roger
18143,The Night Shift
18144,Umfend
18145,Meteor Storm
18146,Haunted Past: Realm Of Ghosts
18147,The Wizard'S Pen
18148,Strike Vr
18149,Dark Quest
18150,Castle Of Blackwater
18151,Project L33T: Founders Edition
18152,Blockscape
18153,Lucky Tower Ultimate
18154,Arkhangel: The House Of The Seven Stars
18155,Tiny Terry'S Turbo Trip
18156,Circuit Slinger
18157,Star Escape
18158,Gothic 1881
18159,Impossible Tower Defense 2D
18160,Unsafe Express
18161,Dolphin Swim
18162,Game Of Crafts: Vr Immersion In The World Of Russian Folk Art
18163,Sparkle 2
18164,Fate Arena (Alpha)
18165,Teenage Mutant Ninja Turtles: Portal Power
18166,Пацанский Цитатник / Russian Test
18167,Grimmwood - They Come At Night
18168,Stranger Of Sword City
18169,The Indestructible Moxy Boxy
18170,奇幻与砍杀2 Fantasy & Blade Ⅱ
18171,Project Tarvotan
18172,Busy Streets
18173,Zpellcatz
18174,Sacabambaspis Chronicle
18175,100 Hidden Mice
18176,Cogen: Sword Of Rewind / Cogen: 大鳥こはくと刻の剣
18177,Aew: Fight Forever
18178,Crazy Pixel Streaker
18179,Oninaki
18180,Vzerthos: The Heir Of Thunder
18181,Keep Out
18182,The Edgar Mitchell Overview Effect Vr Experience
18183,Bloodgate
18184,Apocalypse Hotel - The Post-Apocalyptic Hotel Simulator!
18185,When Night Comes
18186,Wonderputt Forever
18187,My Night Job
18188,Nebulock
18189,Metal Brigade Tactics
18190,Bō: Path Of The Teal Lotus
18191,Joint Operations: Combined Arms Gold
18192,Gratuitous Tank Battles
18193,The Artifact
18194,Markov Alg
18195,Shining Force Ii
18196,Drowning
18197,Cragls
18198,Star Wars: Episode I: Jedi Power Battles
18199,Arsenal
18200,The Myth Seekers: The Legacy Of Vulcan
18201,Cat Bait
18202,Mind Sweeper Vr
18203,Instruments Of Destruction
18204,The Seven Years War (1756-1763)
18205,Mythic Victory Arena
18206,蓝宝石般的被害妄想少女/Damsel With Persecutory Delusion
18207,Pro Wrestling X
18208,Zombie Shotgun Rampage
18209,Old Friend
18210,Amulet Of Dreams
18211,Void War
18212,Deep Space Waifu: Fantasy
18213,Vertical Shift
18214,Grandpa
18215,The Cooking Class First Course
18216,Assault Spy
18217,Journal
18218,Problem Here
18219,D'Lirium
18220,Snow-Swept Quest
18221,Mighty Dungeons
18222,Idiot
18223,Women'S Soccer/Football Manager
18224,Quartoⓒ
18225,Third Front: Wwii
18226,Arkio
18227,Lost Chronicles Of Zerzura
18228,三国志猛将传
18229,Bondman Of Traps
18230,Pasha Planet: Reborn
18231,Hold Your Houses
18232,Feed The Deep
18233,Bogey Brian
18234,The Diofield Chronicle
18235,Endless Maneuver
18236,Beat Hazard 3
18237,Flowstate
18238,Ninja Senki Dx
18239,Tragedy Of Prince Rupert
18240,Dead Sea
18241,Talewind
18242,Fright Night
18243,Skullhunter A Worm'S Tale
18244,Vox Machinae
18245,High Fidelity
18246,The Haunted Graveyard
18247,Megaton Musashi W: Wired
18248,A Tale Of Terror
18249,Jake'S Love Story
18250,Sparkle Unleashed
18251,Love Chase
18252,Enjaulados
18253,Still Not Dead
18254,Mother Simulator
18255,Firepower Forge
18256,回煞录 | Phantom Reckoning
18257,Clear The Space
18258,Idle Kingdom Builder
18259,In Vitra - Jrpg Adventure
18260,Visual Novel Engine
18261,Rogue Aces Deluxe
18262,My Destiny Girls
18263,Wizard War Online
18264,The Backrooms: Escape
18265,Death End Re;Quest
18266,Icarus Online
18267,Weed
18268,Hotel Ever After - Ella'S Wish
18269,"I Have Low Stats But My Class Is ""Leader"", So I Recruited Everyone I Know To Fight The Dark Lord"
18270,Lost Lands: Dark Overlord Collector'S Edition
18271,4D Minesweeper
18272,Darkness And Flame: The Dark Side Collector'S Edition
18273,And The Hero Was Never Seen Again
18274,World Racing '95
18275,Shot Online
18276,Greedfall: The Dying World
18277,Colosseum Enigma
18278,Epic Dumpster Bear 2: He Who Bears Wins
18279,La Llorona Wants Your Soul
18280,Isla Test
18281,Gordian Rooms: A Curious Heritage Prologue
18282,The Fan
18283,Adventures Of Fluzz
18284,Days With Ollie
18285,Evil Heart Fever
18286,Depths Of Fear :: Knossos
18287,Knights And Dungeons
18288,Dark Years
18289,Somnium Space Vr
18290,Cozy Caravan
18291,Warriors & Castles
18292,Vasara Collection
18293,Chess Infinity
18294,Carnage Offering Tower Defense
18295,Terrain Of Magical Expertise
18296,Sea Legends: Phantasmal Light Collector'S Edition
18297,Breath Of Spirits
18298,Necrobouncer
18299,Soulfulland
18300,Gigabash
18301,Widget Inc.
18302,Ceres
18303,Word
18304,China Vs Roman
18305,Big Farm Story
18306,Mystery Trackers: Forgotten Voices Collector'S Edition
18307,This Is The Zodiac Speaking
18308,Niro
18309,Dustoff Heli Rescue
18310,Fly In The House
18311,Fox! Hen! Bag!
18312,Theseus Protocol
18313,Nelly Cootalot: The Fowl Fleet
18314,Radical Dungeon Sweeper
18315,Lost Planet: Extreme Condition Colonies Edition
18316,Little Screamies
18317,Miasma Caves
18318,Jubeez
18319,Poker Club
18320,Shock Troopers 2Nd Squad
18321,Strikers 1945 Iii
18322,Tales Of Terror
18323,Fading Hearts
18324,The Settlers: New Allies
18325,Warplanes: Ww1 Fighters
18326,Sonohigurashi Vs. Touhou Universe
18327,Infested Fortress
18328,Solar Echoes: The Star Legation
18329,Nuts
18330,Bloonz Toonz
18331,Brewpub Simulator
18332,Culpa Innata
18333,Crowman & Wolfboy
18334,Lsd
18335,Ogre
18336,Escape The Mazes
18337,Ginga Force
18338,5.84 Wing
18339,Sleep_Mode
18340,Anode
18341,Lemma
18342,Samurai Maiden
18343,Demon Slayer Shion
18344,Shutter 2
18345,Mr. Driller Drillland
18346,Finger Guessing King
18347,Axyos: Battlecards
18348,The Umbridge Estate
18349,Deep Dark Forest
18350,Sunflower Code
18351,Bloodnet
18352,Alcyon Infinity
18353,Re: Award
18354,Isotiles - Isometric Puzzle Game
18355,M.U.D. Tv
18356,Teenage Mutant Ninja Turtles: The Cowabunga Collection
18357,Glowfish
18358,Machina Of The Planet Tree -Planet Ruler-
18359,Card Creator
18360,Fish Hero
18361,Border Of Her Heart
18362,Find All 4: Magic
18363,Jeebo & Jerbo Vs. Life
18364,救公主？救个屁！ Save The Princess？Save A Fart！
18365,X Mushrooms
18366,Heroes Of Fortunia
18367,The Sand Man
18368,Trainz Trouble
18369,Trash Can Dungeon - Battle Against The Zoo
18370,Dungeon Lord
18371,Storms 2
18372,Mystery P.I. - The Vegas Heist
18373,Speedgunner Ultra
18374,Remnants
18375,Be Quiet!
18376,Flora
18377,Boxel Golf
18378,泡泡三国
18379,Turnon
18380,Urban Night Battle Girl
18381,Family Mysteries 3: Criminal Mindset
18382,Zanki Zero: Last Beginning
18383,Jurassic Clans
18384,Vrideo
18385,Rollout
18386,Lucid Steam
18387,Community College Hero: Fun And Games
18388,Better Off Dead - Life As A Prison Guard
18389,Cast Of The Seven Godsends - Redux
18390,Quester | Osaka
18391,Lyratha: Labyrinth - Survival - Escape
18392,Cake Bash
18393,Magicians And Monsters
18394,The Immortal
18395,Ben 10
18396,Good Morning World
18397,Chains Of Fury
18398,Globesweeper: Hex Puzzler
18399,Space Choice: Data Analyzer
18400,Biker Garage: Mechanic Simulator
18401,Feel-A-Maze
18402,Cold War
18403,Game Of Fate 2: A Century'S Promise
18404,Freedom Wars Remastered
18405,Zar
18406,Hellcat
18407,Project: Run
18408,Final Recurrence
18409,Appgamekit Classic: Easy Game Development
18410,Fatec'S Out: School Rage
18411,Fandom
18412,Creeping Darkness
18413,My Memory Of Us
18414,3 Stars Of Destiny
18415,Freak Crossing
18416,Cybxus Heart
18417,Grand Cross: Renovation
18418,Tomb Raider - The Final Hours Digital Book
18419,Love'S Sweet Garnish
18420,Metaware High School (Demo)
18421,Bot Crisis
18422,Znkl - 177
18423,Melon Dusk
18424,Innchanted
18425,Snooker Nation Championship
18426,Rc Mini Racers
18427,Simple Fish Adventure
18428,Laptop Tycoon
18429,Rocco'S Island: Ring To End The Pain
18430,Daddy
18431,Sol705
18432,Flying Tank
18433,Catmouth Island
18434,Angry Bunny 2: Lost Hole
18435,Epejsodion Dodgeball Speed
18436,Crowd Control
18437,Toy Shire
18438,The Dark Heart Of Balor
18439,Ara And The Empty Universe
18440,Slime Wars
18441,Zombie Pinball
18442,Secret Backrooms
18443,Smash Up
18444,Ant War: Domination
18445,Ground Breakers
18446,Escape Memoirs: Mansion Heist
18447,Steamdolls - Order Of Chaos : Concept Demo
18448,Lost Egg 3: The Final
18449,Stoptime Drive
18450,Nokori
18451,Space Yandere
18452,Them - The Summoning
18453,Eidolon Adventure
18454,The Search For Amelia Earhart
18455,Real Warfare 1242
18456,Mushrooman
18457,B67
18458,Future Offline
18459,Roze Blud
18460,Billy 101
18461,King Island
18462,Pivot Puzzles
18463,Alien Crusader
18464,Silver Tale
18465,Take As Needed
18466,Voxrush
18467,Jenny Leclue - Detectivu
18468,Solar System
18469,Crypt Of The Serpent King
18470,My Ex-Boyfriend The Space Tyrant
18471,Prophunter
18472,Intelligence: Dinosaurs
18473,Jumping Jax
18474,Debris
18475,Tales Of Mathasia
18476,Mathland
18477,I Shall Remain
18478,Xecryst Remains
18479,The Dawning Clocks Of Time Remake
18480,Mage Mayhem
18481,Dragon Battle
18482,December 1914
18483,Match It!
18484,Eternal
18485,Matter
18486,Operencia: The Stolen Sun
18487,Tile Tale
18488,How To Take Off Your Mask Remastered
18489,The Memory Of Eldurim
18490,Sameshadow: Fernando'S Journey
18491,Protocol
18492,Mechanized Corps: Rebirth
18493,Super Tank Attack
18494,Clothing Store Simulator: Prologue
18495,Sorrow Asylum 2
18496,The Nightmare Cooperative
18497,Anthropocene Epoch
18498,Switchcars
18499,Us Against Aliens
18500,Battle Riders
18501,Rescue The Prisoner
18502,Noise Hunters
18503,Pepper Grinder
18504,Mahjong
18505,Skinless The Horror Story Quest
18506,Bubble Strike
18507,Gravnewton
18508,Infectious
18509,Sheepy
18510,Hole In The Clouds
18511,Soulcraft
18512,Worldquest
18513,Dream Cage
18514,Last Soul - Prologue
18515,Natsu No Sagashimono ~What We Found That Summer~
18516,Nightmare (Incubo)
18517,Project Valkyrie
18518,Evo Explores
18519,Sonicomi
18520,Village Bus Driver Simulator
18521,The Dawning
18522,Hexus
18523,Merper Vr
18524,Super Rude Bear Resurrection
18525,Grimshade
18526,80'S Night
18527,Nobodies: After Death
18528,Stellario
18529,Starbo - The Story Of Leo Cornell
18530,Aim Academy
18531,Neon Shadow
18532,我要成为铸剑师
18533,Cryodeath Vr
18534,Saint Kotar: The Crawling Man
18535,Lord Of Rigel
18536,Gunslinger Duel
18537,Solenars Edge Rebirth
18538,-The Sacrificial Girl Of The Fantasy 3 Kingdoms-
18539,Short Stories Collection Of Class Tangerine
18540,侠之信条
18541,两体
18542,Rubek
18543,Unexpected Journey 奇幻之旅
18544,Brave Survivors
18545,Krum - Battle Arena
18546,Sensei! I Like You So Much!
18547,Geometric Sniper - Blood In Paris
18548,Mystery P.I. - Lost In Los Angeles
18549,Pyrene
18550,Astrox: Hostile Space Excavation
18551,The Killing Cloud
18552,Millennium 3 - Cry Wolf
18553,Lost Alone Ep.2 - Paparino
18554,Rock God Tycoon
18555,The Chronicles Of Quiver Dick
18556,The Backrooms: Survival
18557,Esail Sailing Simulator
18558,Bighead Runner
18559,Toran
18560,Steel Armor: Blaze Of War
18561,Nobunaga'S Ambition
18562,Bosorka
18563,Kidnapped! A Royal Birthday
18564,Reversion - The Return (Last Chapter)
18565,Ren'S Demons I
18566,Tendy: Robot Gardener
18567,Space Scaven
18568,Electronic Universe
18569,Dynasty Detective
18570,Villageblade
18571,Hover Ship
18572,Puzzzle
18573,Keystones
18574,Dimension Of Gameth
18575,Kasmo
18576,Seconds To Square
18577,Toy Kingdom 3
18578,Little Monki
18579,Ironwolf Vr
18580,Maverta City
18581,Diabotical Rogue
18582,Zonex
18583,Mahjong Pretty Girls Battle : School Girls Edition
18584,The Kraken Wakes
18585,Sullen
18586,Achievement Smiles
18587,The Archetype
18588,Elder Sign: Omens
18589,Another Day In Paradise
18590,Unification
18591,Iggy'S Egg Adventure
18592,Goblin: Mutation
18593,Farm Frenzy 4
18594,My Eyes Deceive
18595,Nancy Drew: The Haunted Carousel
18596,Darkmaus
18597,Milk Bottle And Monster Girl
18598,Campfire: One Of Us Is The Killer
18599,Underground Defense Force -Sword And Sorcery And Swarm Of Insects-
18600,风流公子Romantic Young Man
18601,Magical Drop V
18602,Rubber Ducky And The Rainbow Gun
18603,Killer
18604,Murder Is Game Over: Streaming Death
18605,Shred! 2 - Ft Sam Pilgrim
18606,心动满屋
18607,Save The Earth
18608,Pro Cycling Manager 2024
18609,Pode
18610,Books
18611,Weable 2
18612,International Basketball Manager 22
18613,Planetoid Pioneers
18614,Flyingrock: Arena
18615,幻想三国志2
18616,Super Cloudbuilt
18617,Drone Wars
18618,Nobunaga'S Ambition: Sphere Of Influence
18619,Lilitales
18620,败家仔 Last Wish
18621,Mortars Vr
18622,Moonglow Bay
18623,Irfacerig
18624,Puzzle Dungeon
18625,Ephemerid: A Musical Adventure
18626,3D Hardcore Cube
18627,Astro Lords: Oort Cloud
18628,Orten Was The Case
18629,Coregrounds
18630,Vnesis
18631,永恒幻境 Eternal Dreamland
18632,Symphonic Rain
18633,Door To Door
18634,Ninja Blade
18635,Hoo-Boy
18636,Flowers In Dark
18637,Angels & Demigods - Scifi Vr Visual Novel
18638,The Tower Of Wowers
18639,Arson And Plunder: Unleashed
18640,Rapid Eye Madness
18641,Paintings Jigsaw Puzzles
18642,Blood Typers
18643,Siberian Dawn
18644,The Nefargad
18645,Love In The Distance
18646,The Knight'S Path
18647,Super Inefficient Golf
18648,The Great Jitters: Pudding Panic
18649,Mindlock - The Apartment
18650,The Desert'S Rose
18651,Ceiba
18652,Pray Game
18653,Dysterra
18654,Skybox
18655,Drawn To Life: Two Realms
18656,Soda Star
18657,Gravity Ghost
18658,Lawnmower Game: Pinball
18659,Green Reaper
18660,Shadow Dancer
18661,Fish Fear Me
18662,Hot Brass
18663,The Sacred Stone
18664,Your Sisters
18665,Ski Region Simulator - Gold Edition
18666,The Three Kingdoms Era In China 2000 Years Ago
18667,Realm Engine | Virtual Tabletop
18668,Metro Sim Hustle
18669,Brain Damage
18670,The Order Of The Thorne - The King'S Challenge
18671,Top Billiards
18672,Room Of Pandora
18673,Halloween Stories: Horror Movie Collector'S Edition
18674,Playing History: Vikings
18675,Dungeons Forever
18676,World War Academy: Commander 1
18677,Sobreviva
18678,Ww2: Bunker Simulator
18679,Aliens Attack Vr
18680,Cake Shop Simulator
18681,Tracadie Bird Shit
18682,Gulman 4: Still Alive
18683,No-Skin
18684,Virvius
18685,Figment 2: Creed Valley
18686,Runers
18687,Live Empire
18688,Kingpin — Life Of Crime
18689,Devil_Catching_Bees
18690,Kamikaze Veggies
18691,Air Dash
18692,Acchen - Tile Matching The Arcade Way
18693,Word Of The Law: Death Mask Collector'S Edition
18694,甜点恋人 / Pastry Lovers
18695,Tango Fiesta
18696,Tri6: Infinite
18697,Lynked: Banner Of The Spark
18698,Slayer Shock
18699,Atomik: Rungunjumpgun
18700,Kero Blaster
18701,Car Tune: Project
18702,Dreadstar: The Quest For Revenge
18703,Metal Gear & Metal Gear 2: Solid Snake
18704,Live Mince
18705,Dark Hero Party
18706,Solargene
18707,Mushroom Age
18708,Hex Empire 3
18709,Music Killer
18710,Flaming/Million
18711,Spl: Skilled Pilots Live
18712,Sokopenguin
18713,Alien War
18714,Whispers In The Void
18715,Running Riot
18716,Stacks:Space!
18717,Pressure Overdrive
18718,Stray Path
18719,President For A Day - Floodings
18720,Firing Vibes
18721,Heavy Cargo - The Truck Simulator
18722,Folletti
18723,Political Animals
18724,Horror Prison
18725,Virtualcast
18726,Pineapple Smash Crew
18727,Notruf 112 - Die Feuerwehr Simulation 2: Showroom
18728,Kvark
18729,2D Neon Cube
18730,Photoq
18731,Maze Walker
18732,They Came From A Communist Planet
18733,It Lurks! A Noir Horror Rpg.
18734,Runaway Express Mystery
18735,Return Null - Episode 1
18736,Candle Flame In The Wind
18737,Ocean Punk
18738,Stack World
18739,Buddy'S Creative Quest!
18740,That Level Again
18741,Reimei No Gakuen - Otome/Visual Novel
18742,Happy Marriage Project - Starting From 9 Years Old -
18743,Chateau Garden
18744,Pandemic Train
18745,Steel Sword Story S
18746,Crystal Ortha
18747,Master Of Mutations
18748,Cut To The Core
18749,Trigger Tennis
18750,Tactics & Strategy Master:Joan Of Arc
18751,The Last Will
18752,87 Aftermath: A Rolling Ball Game
18753,Japanese Romaji Adventure
18754,Lost Scavenger
18755,Touhou Ibunseki - Ayaria Dawn: Recreation
18756,Planet Stronghold
18757,Legends Of Ellaria
18758,Power Ball 2022
18759,Who Is Mike - A Visual Novel
18760,My Darkest Witch
18761,Mad Age & This Guy
18762,Dinosaur World
18763,Hunter Girls
18764,Flaak Td
18765,Gems Defenders
18766,Meta Ball
18767,Rescue Party: Live!
18768,Kaamos: Puzzle Roguelike
18769,Parkour Game
18770,Breath Of Death Vii: The Beginning: Reanimated
18771,White Haven Mysteries
18772,Aircraft Sketch Shooter
18773,Mya Of The Desert
18774,Thunderballs Vr
18775,Crazy The Clown'S Balloon Animal Massacre
18776,Chasing Static
18777,Frozen Cortex
18778,Age-Old Cities Vr
18779,Read Only Memories: Neurodiver
18780,School Of Talent: Suzu-Route
18781,Hexon
18782,Turok 3: Shadow Of Oblivion Remastered
18783,Tear Of Titans
18784,The Clown'S Forest
18785,The Wizards - Dark Times: Brotherhood
18786,Palladium
18787,品玉庵异谈   Pinyuan Tales
18788,Runbow
18789,Grav Blazer
18790,Pixel Devil And The Broken Cartridge
18791,Star Shift Rebellion
18792,Hero Barrier
18793,Frigore
18794,Imagine Me
18795,Party Tycoon
18796,旅者 Travelers
18797,Gunstorm
18798,Backrooms: Steps Into The Abyss
18799,Warman
18800,Naginata
18801,Jade Order
18802,Record Of Battle 3D Maiden Wars
18803,Vengeful Heart
18804,Masters Of Anima
18805,Love Flute
18806,Marcella Moon: Secret On The Hill
18807,Loop Room
18808,Steins;Gate: My Darling'S Embrace
18809,Laid-Back Camp - Virtual - Lake Motosu
18810,Bodyrain
18811,Business War: Erp Sandbox Simulation
18812,The Miserable Crimson Hooded Girl
18813,Black Clover: Quartet Knights
18814,Warriors Of Titus - F2P
18815,Vibrant Venture
18816,Bangbang Pewpew
18817,A Boy And His Beard
18818,Erozld
18819,Prop Hunt
18820,The End Of Dyeus
18821,Inside A Star-Filled Sky
18822,Soul Reaper
18823,Lair Land Story
18824,Minecraft: Story Mode - Season Two
18825,Raimodula
18826,Sandbox War Dispatch
18827,Projectm Music Visualizer
18828,Monster Killer
18829,Eventide 3: Legacy Of Legends
18830,Claritas - Dungeon Crawler Rpg
18831,Ice Eyes
18832,Rubber And Lead
18833,Perdition
18834,Ignited In Cavern
18835,Onset
18836,Outpost Engineer
18837,The Men Of Yoshiwara: Kikuya
18838,Candy Land
18839,Hunting Unlimited 2008
18840,Hostil
18841,Midzone
18842,Motogp14 Compact
18843,Screams From The Past
18844,Ordeal Of Princess Eris
18845,Those Chosen By God
18846,天岚行 - Through The Mist And Sky
18847,Rome Reborn: The Basilica Of Maxentius
18848,Adventures Of Bertram Fiddle 2: A Bleaker Predicklement
18849,Deer Man
18850,Furious Angels
18851,머준이의 사건파일 ~쌍둥이 저택의 비밀~
18852,Evening Surprise
18853,Sir! I'D Like To Report A Bug!
18854,Belle Automata: Chronicle I
18855,Delete After Reading
18856,Blanc
18857,Dr. Frank'S Build A Boyfriend
18858,Fat Prisoner Simulator
18859,Legends Of The Universe - Starcore
18860,Charge Kid
18861,Blades Of Jianghu: Ballad Of Wind And Dust
18862,Ducati - 90Th Anniversary
18863,Crash Override
18864,Victory And Glory: Napoleon
18865,Who Is This Man
18866,Systematic Insanity
18867,Virtual Circuit Board
18868,Professor Watts Memory Match: Cats
18869,Telophase
18870,Quarantineer
18871,Invasion!
18872,Rhythm Fighter
18873,Bullets And More Vr - Bam Vr
18874,We. The Refugees: Ticket To Europe
18875,Elite Forces
18876,The Last Survivor
18877,21+
18878,Refrigerant Recovery Simulation
18879,Matsuro Palette
18880,绮罗四时谭
18881,Serafina'S Crown
18882,Onmyoji：The Card Game
18883,Hooking Season
18884,Axe Throw Vr
18885,残世界的鸢尾花
18886,Oh Ship Arena
18887,Shiftlings
18888,Recapture The Castle
18889,Nascar Heat Evolution
18890,Hoppy Hop
18891,Waxworks: Curse Of The Ancestors
18892,World Of Haiku
18893,Mothmen 1966
18894,The Albino Hunter {Revamp}
18895,月之泪 ～ Tears Of Luna
18896,Backrooms Escape Protocol
18897,Beneath Her Starry Sky
18898,Escape First Alchemist ⚗️
18899,Fallen Hero: Retribution
18900,Legacy Of Sin: The Father Sacrifice
18901,Fabulous Food Truck
18902,Fall Of The New Age Premium Edition
18903,Relinked
18904,Medchess
18905,Velvet Clouds
18906,The Starfighter
18907,Forgetful Dictator
18908,Warlike
18909,Monuments Of Mars
18910,Monster Master
18911,Inner Voices
18912,Achievement Clicker 2019
18913,Code S-44: Episode 1
18914,決戰亞爾薩/Heroes Of Arzar
18915,Startup Panic
18916,南栀 Unwavering Love
18917,Multiplayer Turtles
18918,Guardian'S Oath
18919,Kingsgrave
18920,Memorise : Creation
18921,Ian'S Eyes
18922,Nebula'S Descent
18923,Heliopedia
18924,Corpse Keeper
18925,Spelling Quest Online
18926,Green Phoenix
18927,Lazriel: The Demon'S Fall
18928,Death'S Life
18929,Power Of Love
18930,Japocaliptyca/ Япокалиптика
18931,Empires:The Rise
18932,Amazevr Concerts
18933,The Bible
18934,Sword Of Fargoal
18935,Vispo - The Video Spot The Difference Game.
18936,Paint Chips
18937,Moondust: Knuckles Tech Demos
18938,A Plot Story
18939,Space Accident Vr
18940,Warlocks Entanglement
18941,Crafty Survivors
18942,Pandamonium
18943,Tauronos
18944,Baseball Stars 2
18945,Scalak
18946,Celestial Force: Magical Mayhem
18947,Lisa And The Grimoire
18948,Rusty Dusty
18949,Might And Magic: Heroes Vii – Trial By Fire
18950,Beauties! They'Re All After Me
18951,I'M On Observation Duty 2
18952,Sweet Pool
18953,The Mournmore Killings
18954,Antisphere
18955,Fabrication
18956,Descending I - House Of Nightmares
18957,Tanuki Sunset
18958,Thief Town
18959,King Of Dragon Pass
18960,Micro Dungeon
18961,Catch A Duck
18962,Metamathema
18963,Stikbold! A Dodgeball Adventure
18964,My House Is Haunted
18965,Gary Grigsby'S War In The East
18966,"Astronomy Lab On Pc: Relativity, Lunar Landing, Space Flight, And Interstellar Travelling"
18967,Zodiacats
18968,Professor Madhouse
18969,Witches Vs. Demons
18970,Puzzle & Maze
18971,Energia
18972,Pastelia Stories
18973,Ladra
18974,The Corruption Within
18975,Amazing Princess Sarah
18976,Memento Vivere
18977,Lil' Arena
18978,Curse Of The Crescent Isle Dx
18979,Deathwatchers
18980,Machine Learning: Episode I
18981,Leisure Suit Larry 2 - Looking For Love (In Several Wrong Places)
18982,Sky Road
18983,Quatro!
18984,Meditation Vr
18985,Sea Of Craft
18986,Heart Of The Woods
18987,Mystery Hotel: Hidden Objects
18988,Steamburg
18989,The Amber Throne
18990,女神保卫战
18991,Fault - Stp - Lightkravte
18992,Mineral Defense
18993,Cyber Seraph
18994,Armillo
18995,Riptide Gp2
18996,Kaya'S Prophecy
18997,Psionic Awake
18998,Stararc Echo
18999,Shmadow
19000,Hatoful Boyfriend: Holiday Star
19001,Bibliomania
19002,Fantasy Heroes
19003,Euclidean
19004,逃離地獄邊緣 - Escape From The Cursed Convent
19005,After The War
19006,Gado Fight
19007,Guns'N'Stories: Bulletproof Vr
19008,Triangulum
19009,Crosswalks
19010,Kursk
19011,Escape First 3
19012,Windy Kingdom
19013,Heart'S Medicine - Time To Heal
19014,Resort Boss: Golf
19015,Red Tower
19016,Beasts Battle
19017,Last Knight: Rogue Rider Edition
19018,Movers In The Warehouse
19019,Grey Block
19020,Tomba! Special Edition
19021,Tamashii
19022,Divine Pig
19023,Jumbo Airport Story
19024,The Den Of Worms
19025,Forgotten Fields
19026,Bobs Track Builder Pro
19027,High School Simulator
19028,Hexton
19029,Sonar Steam Editions
19030,Summon: Joint Escape
19031,Space Ducks: The Great Escape
19032,Misericorde Volume Two: White Wool & Snow
19033,Taiko Frenzy
19034,True Love ～Confide To The Maple～
19035,Dungeon Crusher Kiritan
19036,Clickraid
19037,Cloudberry Kingdom
19038,Cathedral
19039,Wizard'S Watch
19040,Secrets Of Orion: Sword Of Destiny.
19041,Timore Narhelma
19042,Spellpunk Vr
19043,Haunted
19044,Legends Of The Universe - Cosmic Bounty
19045,九州纪之烽烟四起
19046,Burst Fighter
19047,Cineveo - Vr Cinema
19048,A Blind Legend
19049,Corvos Dynasty
19050,Twin Mind: Ghost Hunter Collector'S Edition
19051,Demon Hunter 5: Ascendance
19052,The Damathos Clan
19053,Urbex Night Security
19054,Brain Sanguo
19055,Garden Wars
19056,Rounded
19057,Professor Watts Word Search: Pirates Life
19058,Horror Villa 恐怖撤锁
19059,Unlock The King 3
19060,Lord Of The Click
19061,Kickshot
19062,Restoration
19063,Prospector: The First Contract
19064,Golf 2D
19065,Galactic Sanctuaries
19066,Oblivion
19067,Roundz
19068,Save Home
19069,Roboom
19070,Gythol Granditti: The Crypt Of Darkness
19071,Cinderella Escape 2 Revenge
19072,Coeus Plan
19073,Shikokushi ~Food And Sightseeing And Beauties~
19074,Amigo Fishing
19075,Cyto
19076,Missing Love
19077,Dungeons Of Betrayal
19078,Geology Business
19079,Prison Tycoon 3: Lockdown
19080,Nonsensical Video Generator
19081,Portable Ops
19082,9-Bit Armies: A Bit Too Far
19083,Ultragoodness 2
19084,Steep Slopes
19085,Mary Skelter Finale
19086,United Command
19087,Subject A-119
19088,Zugnaex
19089,Orcinus: Orca Pod Rescue
19090,Dreadful Delivery
19091,N-Gon
19092,Anime Play Life: Unlimited
19093,Depths Of Faveg
19094,Heart Of Crown Online
19095,A Twisted Path To Renown
19096,Forgotten Hill First Steps
19097,10 Pin Bowling (Vr Support)
19098,我在地球修仙有系统
19099,Crazy Machines Elements
19100,Ameline And The Ultimate Burger
19101,Fatal Midnight
19102,Open Roads
19103,The Note Of Red Evil
19104,Synth Swinger
19105,Skillsworn
19106,Unpatterned Cut
19107,Empire Chronicles
19108,Chesnakisnak
19109,Locomancer
19110,Pharaoh'S Tomb
19111,Ground Pounders
19112,Streets Of Red : Devil'S Dare Deluxe
19113,Huntfeast
19114,Trickster Vr: Horde Attack!
19115,Space Smash
19116,Us And Them
19117,Paint It Black
19118,Star Boss
19119,Bat Hero
19120,Dark Zone Defense
19121,Hss:Reload
19122,Boltbreak
19123,Find Me: Horror Game
19124,"Don'T Tax Me, Bro!"
19125,Shadow Corridor 2 雨ノ四葩
19126,Deadlokk
19127,Descent 2
19128,Aim Ftw
19129,Patricia
19130,Half Dead 3
19131,Tsukumogami
19132,Romance Of The Three Kingdoms Xii With Power Up Kit
19133,Forgotten Myths Ccg
19134,La Porte Des Fauconniers : Guerre Médiévale
19135,Hugehead
19136,Stay In The Light
19137,"Lotharus - Bacon, Ale & Repeat"
19138,Armageddon Empires
19139,Jim The Spy
19140,Ghostman: The Council Calamity
19141,Failling Capsule
19142,Territory: Farming And Warfare
19143,Red Planet Rampart
19144,Lost Items
19145,Puppet Team
19146,Shadowcrypt
19147,Greece Defense Td
19148,Nexus: One Core
19149,Dstnce.
19150,Sustained
19151,Cathedral 3-D
19152,Nira
19153,The Butterfly Collector
19154,Understand
19155,Treasure Chest Corps-結界を維持するため、魔物を退治した
19156,Deadlock Ii: Shrine Wars
19157,Anxracers - Drift Space
19158,Fire And Dungeon
19159,Merchant Of The Six Kingdoms
19160,Little Farm
19161,Hustomten
19162,Estate Agent Simulator
19163,Empty War
19164,Zigfrak
19165,Wartune
19166,Plastris
19167,Masked Shooters
19168,Converter
19169,Yuzi Lims: Anime Runner
19170,Onion Force
19171,Zack Y
19172,Super Lucky'S Tale
19173,Yandere School
19174,Mech Arena
19175,Rocket Inc
19176,Run Or Die
19177,Super Bomberman R
19178,Ys: Memories Of Celceta
19179,Kingdoms Of Rhea
19180,Waltz Of The Wizard
19181,Combat Zone
19182,Nebula Invasion
19183,Emerald City Confidential
19184,Great Alhcemist
19185,Casina: The Forgotten Comedy
19186,Nancy Drew: Legend Of The Crystal Skull
19187,Awe
19188,Red Game Without A Great Name
19189,Connected Hearts - Visual Novel
19190,Webcam World View
19191,Micro Mages
19192,Snowball!
19193,Hack Run
19194,Starlight Explorers
19195,Valakas: Immortal
19196,Find The Murderer
19197,Omega Strike
19198,Backwoods Town
19199,Nemesis Of The Roman Empire
19200,Unusual Findings
19201,Drunken Fight Simulator
19202,Hope Left Me
19203,Big Day
19204,Raidfield 2
19205,The Legacy: Forgotten Gates Collector'S Edition
19206,Bottle (2016)
19207,Scrapshoot
19208,Celtique
19209,Medieval Battlefields
19210,Cradle Of Nightmare : Flowers To You
19211,Stonefly
19212,Maze Quest 2: The Desert
19213,Grand Tactician: The Civil War (1861-1865)
19214,Murgles
19215,Warm Village 暖暖村物语
19216,Decision: Red Daze
19217,Deathwatch
19218,Ario
19219,Amid The Lines
19220,The Secret Of Hildegards
19221,Ash & Rust
19222,Dusk Diver 酉閃町
19223,Left Alive
19224,Aborigenus
19225,Dust - Post Apocalyptic Rpg
19226,Loki
19227,The Pinball Wizard
19228,Final Bravely
19229,Yolk Heroes: A Long Tamago
19230,Eternal Strands
19231,Mobiles Tycoon
19232,Healer Simulator
19233,Warp Frontier
19234,Neuragun
19235,Super Korotama
19236,Big Booty Adventures
19237,Justice Chronicles
19238,Fallen Seeds
19239,Morps
19240,Divinest Light
19241,Fatsheep Crisis
19242,Escape From Lavender Island
19243,Delta Force: Task Force Dagger
19244,Laser Lasso Ball
19245,~Be A Maid In The Demon World~ The Secret Café Of The Demon Angel Hero.
19246,Three Kingdoms 2019 阿达三国志2019 横版
19247,Shanghai Office Simulator
19248,Abalone
19249,Shadow Of Loot Box
19250,Yashik
19251,Unclaimed World
19252,Green Ranch
19253,La Maledizione Dell'Uccello Serpente
19254,Empress Of The Deep 2: Song Of The Blue Whale
19255,Pajama Sam 4: Life Is Rough When You Lose Your Stuff!
19256,Wonder Boy Returns Remix
19257,Autopsy Simulator
19258,Supreme Ruler 1936
19259,Vtuber Simulator : Vtuber模擬器
19260,Astray
19261,Not Dying Today
19262,We Will Get Revenge
19263,Supreme League Of Patriots - Episode 2: Patriot Frames
19264,Rezrog
19265,Escape Dinosaur Island
19266,Neon Horizon: Eclipse
19267,Rideop - Vr Thrill Ride Experience
19268,Teslapunk
19269,Evilmorph
19270,Mr.Empathy: The Canceled Game.
19271,Last Genesis
19272,I Make Saints (Steam Edition)
19273,White Bridge
19274,Cosmophony
19275,Tears Of Adria
19276,小林正雪復仇之密室重制版 Cheney Wood The Ultimate Revenge
19277,Forged Of Blood
19278,The Death Of Erin Myers
19279,The Past
19280,Another Try
19281,Highland Warriors
19282,下一站江湖Ⅰ
19283,Taurus War
19284,Direct
19285,Escape The Dark Tower
19286,Mechs & Mercs: Black Talons
19287,Granny: Escape Together
19288,声灵（The Whisper Soul）
19289,Evening Starter
19290,Perfect Partner
19291,Super Squad
19292,Neon Parasite
19293,Backrooms: Found Footage
19294,Neon Ultra
19295,White Album: Memories Like Falling Snow
19296,Your Sword Is So Big
19297,Mega Man Battle Network Legacy Collection Vol. 2
19298,Stalingrad Abatis
19299,Happy'S Clocks
19300,Ridge
19301,Hello Kitty And Sanrio Friends Racing
19302,Uniball
19303,Red Johnson'S Chronicles - 1+2 - Steam Special Edition
19304,Kaos Survival
19305,The Night Of Fire Stealing/盗火之夜
19306,Heroes Wanted
19307,Path To The Creator
19308,Six Shake Coin
19309,Warstride Challenges
19310,Star Of Lemutia
19311,Tales Of Kenzera: Zau
19312,Netsoccer
19313,弈人寻梦
19314,My Isekai After Life Is An Rpg!?
19315,On Board Remastered
19316,S.U.M. - Slay Uncool Monsters
19317,Cabous
19318,12 Labours Of Hercules V: Kids Of Hellas (Platinum Edition)
19319,Salyut Π
19320,"Warhammer 40,000: Regicide"
19321,Natsu No Iro No Nostalgia
19322,Lost & Round
19323,祛魅·教化（祛魅1）
19324,Grave Knight
19325,Mazezam - Puzzle Game
19326,Just A Dream
19327,Pugmire: Treasure Of The Sea Dogs
19328,Space Roguelike Adventure
19329,Demon Corporation: Onboarding
19330,Old Coin Pusher Friends
19331,Yacht Dice
19332,Super Indie Karts
19333,Reincarnated As A Noble - Rpg
19334,Capital Fire
19335,Gallery : Moa'S Room
19336,僵尸（The Jiang Shi）
19337,Fmtc
19338,The Cursed Tower
19339,The Legend Of Heroes: Sen No Kiseki Ii Kai -The Erebonian Civil War-
19340,Daemonical
19341,Infinite Minigolf
19342,Fuser
19343,Trikaya
19344,Stealth Assault: Urban Strike
19345,Lost Epic
19346,P·O·L·L·E·N
19347,Cuana
19348,Mighty Gunvolt
19349,Starfall Online
19350,战国异闻录
19351,Schachkampf - Fantasy Chess
19352,Night Hacking
19353,Sugar * Style
19354,Caramel Port
19355,Out Of The Park Baseball 18
19356,Witch Girl Got Killed.
19357,Visitors
19358,Anime Zodiac
19359,Astral - Dream Or Reality
19360,The Last Plague: Blight
19361,Revival: Recolonization
19362,Kilcount
19363,Digital Exorcist Case_(0);
19364,Fake Ducks: Spooky Chronicles
19365,Leisure Suit Larry 3 - Passionate Patti In Pursuit Of The Pulsating Pectorals
19366,Flywrench
19367,Snake Treasure Chest
19368,The Battle Of Sol
19369,Hard Truck Apocalypse: Arcade / Ex Machina: Arcade
19370,Mine From Here
19371,Dragon Lords: 3D Strategy
19372,Untitled Ghost Game
19373,Veteran Combat
19374,Awa
19375,Leaves - The Return
19376,Tavern Talk - A Cozy Visual Novel
19377,The Wolf'S Den
19378,Blood Island
19379,Mystery Case Files: Madame Fate
19380,Icewords
19381,你画我拼You Draw I Puzzle
19382,Shadows Peak
19383,Lasercat
19384,Farmland Realm
19385,莫比乌斯疑案
19386,School Bus Fun
19387,Eternal Destiny
19388,Asterisk 2: Next -Now A Days-
19389,Wavecade
19390,[Chilla'S Art] Inunaki Tunnel | 犬鳴トンネル
19391,Crossword City Chronicles
19392,Mission Ammunition
19393,Lords Of The Darkreign
19394,Mausoleum Of The Medusa
19395,Island 359
19396,Alone Again: The Countryside
19397,The Unsettled
19398,Puzzle Mix
19399,Pegidle
19400,Train Station Simulator
19401,Elland: The Crystal Wars
19402,Bientôt L'Été
19403,Polda 5
19404,Making*Lovers
19405,Ortharion Project
19406,Blocky Ball
19407,我感染Hiv了吗
19408,Cycle Chaser H-5
19409,A Fisherman'S Tale
19410,Nazar
19411,Twins Edge : Back And Forth
19412,Puzzle 3D
19413,Sniper Rust Vr
19414,Bottoms Up!: Part 1
19415,Starmaker Vr
19416,Strangers Of The Power
19417,Montezuma'S Revenge
19418,Mystical Riddles: Ghostly Park Collector'S Edition
19419,Nancy Drew Dossier: Resorting To Danger!
19420,Marble Parkour 2: Roll And Roll
19421,Exorcism Of The Legion (Last Rites) Delisted
19422,Dark Forest: The Horror
19423,Metagal
19424,"Rock, The Tree Hugger"
19425,A Front Too Far: Normandy
19426,Synonymy
19427,Quell Zen
19428,Island Raft Survival 2021: Ocean Escape
19429,100 Kills Challenge
19430,Snooker-Online Multiplayer Snooker Game!
19431,Gods And Kings
19432,Redemption: Tyranny Of Daetorem
19433,Young Souls
19434,Rytmik Ultimate
19435,Terra Nova: Strike Force Centauri
19436,Interrogation: You Will Be Deceived
19437,Toilet Run
19438,Beyond The Clouds
19439,Aokana - Four Rhythms Across The Blue - Extra1
19440,Nanobots
19441,You'Re Not Special
19442,Immortal Redneck
19443,Hade
19444,夏日的回忆
19445,Craftsman
19446,Dark Parables: The Little Mermaid And The Purple Tide Collector'S Edition
19447,Firefighter Connor
19448,The Fog: Trap For Moths
19449,Gridrunner Revolution
19450,Curiosaurios Club. Un Viaje Espacial
19451,20.000 Leagues Under The Sea - Captain Nemo
19452,Kotel Ne Gori: A Friend Of Lena Boots
19453,Autocross Madness
19454,Star Survivor
19455,The Sacred Tears True
19456,Black & White Bushido
19457,Imperialism: The Dark Continent
19458,Super Dungeon Bros
19459,Race For The Galaxy
19460,Clam Man
19461,Scp: Doki Doki Anomaly
19462,Sleep
19463,Thought Experiment Simulator
19464,Gamefuel Driver Control
19465,The Silent Forests
19466,Tunnel Blast
19467,烈火冲锋The Charge Is The Fire
19468,再见断刀
19469,Cosmo Chaser
19470,The Bluecoats: North & South
19471,Hot Spring Hero
19472,Stygian: Outer Gods
19473,Haha Doodle
19474,大话江湖
19475,Gravity Bone
19476,Helpthealien
19477,Mokoko
19478,My Silly Life
19479,Ebola 2
19480,The Lost Tape - Cellar
19481,Mean-While
19482,Zombiax Evil
19483,Lost Remnant: The End Tides
19484,Vrworkout
19485,The Chameleon
19486,Cabin Fever
19487,The Fool
19488,Fox N Forests
19489,Gabe Newell Simulator
19490,Jkenterprises
19491,Graveyard Gunslingers
19492,Bad Dream: Purgatory
19493,Garshasp: Temple Of The Dragon
19494,Basket Brawl Dx
19495,Spaceguy
19496,Simply Cubic
19497,Pizza Connection 2
19498,The Quiet Apocalypse
19499,Auto Rogue
19500,Disney Alice In Wonderland
19501,Feist
19502,Mexican Train Dominoes Gold
19503,Biomorph
19504,God Damn The Garden
19505,6180 The Moon
19506,Muffin Fight
19507,Once On A Windswept Night
19508,Escape2088
19509,"The Princess, The Stray Cat, And Matters Of The Heart"
19510,Gnomes And Knights
19511,Dawn Of The Mexica
19512,Hentai Temple
19513,Eyeballs Are Your Enemies!
19514,Metal March
19515,Cleo - A Pirate'S Tale
19516,Picklock
19517,The Alpha Device
19518,Geometry Arena 2
19519,Silence In Space - Season One
19520,Last Space Mission
19521,Pompom
19522,Bird
19523,Puzzle Poker
19524,Ahlman Arcade 2018
19525,Celia'S Quest
19526,Axes And Acres
19527,Odd Machines: Mechanical Boxes
19528,You Will Never Get This Achievement
19529,Snake Blocks
19530,Car Mechanic Simulator Vr
19531,Nepenthe
19532,Techwars Online
19533,Scrap Games
19534,Sokofrog
19535,Threshold
19536,Dinosaurs A Prehistoric Adventure
19537,Overwhelm
19538,Dungeon Masters
19539,Neko-Nin Exheart +Plus Saiha
19540,Thirty Two
19541,Tybot Invasion: The Typing Runner
19542,Astria
19543,An Octave Higher
19544,The Survivor After
19545,Wire Lips
19546,假如我是人工智能 Big Brother Is Shaping You
19547,Academagia: The Making Of Mages
19548,The Tower Of Beatrice
19549,Royal Rescue Srpg
19550,Hackmud
19551,Vrmultigames
19552,天国病院-Heaven'S Hospital-
19553,Disney'S Hercules
19554,Dumpy And Bumpy
19555,King Of The Cul-De-Sac
19556,Hexwind
19557,The Elmian Warrior
19558,Hertz
19559,P.A.M.E.L.A.
19560,Kingdom Karnage
19561,The Musketeers: Victoria'S Quest
19562,Bomb Defense
19563,Asphyxia
19564,No Fair Play
19565,Button Tales
19566,You Know My Name?
19567,夜永 Eternal Love
19568,100 Hidden Fish
19569,Country Girl Keiko
19570,Death Becomes You - Mystery Visual Novel
19571,Obscurant
19572,Game Machines: Arcade Casino
19573,The Deer God
19574,Alice - Behind The Mirror
19575,Build And Drive Racing
19576,War War
19577,Alter Cosmos
19578,Milky Way Jigsaw Puzzles
19579,Lezorub
19580,Theseus: Journey To Athens
19581,Neoncode
19582,In Space No One Can Hear You Clean
19583,Crossfire: Dungeons
19584,Melodramatica
19585,Tyken
19586,Countless Rooms Of Death
19587,Dragon World
19588,Legend Of Merchant
19589,Epic Maze
19590,Mystery P.I. - The Lottery Ticket
19591,Moorhuhn Invasion (Crazy Chicken Invasion)
19592,Destination Ares
19593,Metal Bringer
19594,Don'T Let Me Rot
19595,Supfly Delivery Simulator
19596,Time Idle Rpg
19597,The Legend Of Yan Loong 1+2
19598,Arcade Empire Tycoon
19599,Ember Kaboom
19600,Alien Arena: Warriors Of Mars
19601,Deathlike: Awakening
19602,Abraca - Imagic Games
19603,Fated: The Silent Oath
19604,Sengoku Jidai: Shadow Of The Shogun
19605,Something For Someone Else
19606,Big Brain Wolf
19607,World Keepers: Last Resort
19608,Star Of The Show
19609,Shogo: Mobile Armor Division
19610,Cobalt
19611,Cave Digger 2 Dig Harder
19612,Hero Emblems Ii
19613,Quantic Pinball
19614,Indies' Lies
19615,ぶんまわしヒーロー / Full Swing Hero
19616,Good Knight - One-Button Bullet-Hell
19617,Einlanzer
19618,To The Stars
19619,Natsuno-Kanata: Beyond Summer
19620,Project:Special Forces
19621,Bookypets Legends
19622,From Fear
19623,Music Inside: A Vr Rhythm Game
19624,Repair This!
19625,Captain Hannon - The Belanzano
19626,Cube Runk
19627,Roll Control
19628,The Clockworker
19629,Evolution Of War
19630,Brume
19631,Obludia
19632,Hotel Sowls
19633,Emiline: The Ghost Of White Willow
19634,Lorenzo Il Magnifico
19635,The Inheritance Of Crimson Manor
19636,Visit From Above-Early Access
19637,To Be Headed Or Not To Be
19638,The Saga Of Nino'S Transmigration (尼諾的異世界物語 ~ 光與影與各自的信仰 ~)
19639,Ram Boe
19640,Defend Your Crypt
19641,Dyana Moto
19642,Duck Hunting
19643,Tiny & Tall: Gleipnir
19644,Highlands
19645,Stickman In The Portal
19646,Songbird Symphony
19647,Night Of Horror
19648,No13Shelter
19649,Elven Legacy: Siege
19650,The Royal Marines Commando
19651,Aotenjo: Infinite Hands
19652,Walkinvr
19653,Tree Trunk Brook
19654,Schwarzerblitz
19655,Rising Hell - Prologue
19656,Cat City
19657,Bistro Days
19658,Bathory - The Bloody Countess
19659,Incremental Epic Breakers
19660,Shackled
19661,Modern Puzzle
19662,Tape: Unveil The Memories
19663,Castle Defender
19664,Like No Other: The Legend Of The Twin Books
19665,Nine Witches: Family Disruption - Prologue
19666,Door
19667,Wind Wind
19668,Aka
19669,Infinite Space Iii: Sea Of Stars
19670,Progeria: Vae Victis
19671,Under Domain - Alien Invasion Simulator
19672,富甲天下5
19673,Boxed-In
19674,Clusterpuck 99
19675,Typefighters (Steam Edition)
19676,Saving Simon
19677,Austen Translation
19678,Zorg The Typing Warrior
19679,Wreck The Fed
19680,Shtriga: Summer Camp
19681,Secrets In Green
19682,Princess Isabella
19683,Makiomino
19684,Back Again
19685,Sunrise: Survival
19686,Belle-De-Nuit
19687,Damned Hand
19688,Ynglet
19689,3D Organon Vr Anatomy
19690,Aladdin Of The Forsaken Lands
19691,Rapid Tap
19692,Rogue Randy
19693,Night Light
19694,The Basement Ritual
19695,Mirastell
19696,Doom In The Dark 2
19697,Little Nemo The Clown
19698,Spark Vs The Marshmallows
19699,"Oh So Lucky, Doctor!"
19700,Dead No-Head
19701,Traumada
19702,Snacko
19703,Secrets Of The Haunted Mansion
19704,Mother Stone
19705,The Saint: Abyss Of Despair
19706,Sexy Serial Killer
19707,Mechnest
19708,Asteroids 44 (For Four)
19709,Land Of Crystals
19710,Blacksmith Legends: Prologue
19711,Forgotten Hill Disillusion
19712,Soldier Warfare
19713,Crystal Blast Vr
19714,My Child Lebensborn Remastered
19715,Rabbit Riot
19716,Nark The Dragon
19717,Backpack Scavenger
19718,Fairy Of The Treasures
19719,Super Dig Man Deluxe
19720,Mouse Painting Master
19721,Scamp: High Hat Havoc
19722,Death Of The Reprobate
19723,Robomatch
19724,Professor Watts Memory Match: Shapes And Colors
19725,Sakura Beach 2
19726,Bowlout
19727,Swarmsign
19728,三国吞天传 幻想姬武神战记
19729,Adios Amigos: Galactic Explorers
19730,Outbreak: Shades Of Horror Chromatic Split
19731,Moon Base
19732,Locoland
19733,Neptune: Arena Fps
19734,The Forgotten Island - V1.0
19735,Hidden Object - Sweet Home
19736,Frosty Nights
19737,Gargoyles Remastered
19738,Orc Assault
19739,Town Of Machine
19740,Mini Merchant
19741,Booth: A Dystopian Adventure
19742,Dungeon Fall
19743,Mecha Tactics
19744,Super Runner Vr
19745,Tyd Wag Vir Niemand (Time Waits For Nobody)
19746,Symmetry Alpha
19747,Bit.Trip Void
19748,Blok Drop Neo
19749,Dungeon Raze
19750,Faerie Solitaire
19751,Foxyland
19752,Stella Of The End
19753,Silverwing
19754,Vugluskr: Zombie Rampage
19755,After The Collapse
19756,Viveport Video
19757,Gravels Of Endless War
19758,Sherlock Holmes Consulting Detective: The Case Of The Mystified Murderess
19759,Cargo Duty
19760,Heretic'S Lot: Prologue
19761,Ironclads 2: War Of The Pacific
19762,Raw Element
19763,Death In The Water
19764,Hippo Eating Banana
19765,Myasoid
19766,Trazz
19767,Mobile Suit Gundam Seed Battle Destiny Remastered
19768,Dark Parables: Rise Of The Snow Queen Collector'S Edition
19769,Blackeye
19770,枪神出击
19771,Minilaw: Ministry Of Law
19772,Gun Bots
19773,Lone Wolf
19774,Withering Rooms
19775,Orbital Racer
19776,The Sun And Moon
19777,Tactical Control
19778,Two Inns At Miller'S Hollow
19779,Mars Power Industries Deluxe
19780,Sakura Space
19781,Touch Force
19782,Vr # Avoid
19783,Tasomachi: Behind The Twilight
19784,Laika
19785,Quest: Escape Room
19786,The Kotonoha Sisters And The Legend Of Lysant Island
19787,Don'T Chat With Strangers
19788,Tunche
19789,Mite - Terror In The Forest
19790,Bermuda
19791,Round 99
19792,Small Sister
19793,Darkness And Flame: Born Of Fire Collector'S Edition
19794,Pioneerz
19795,Spacebase Startopia
19796,Ark Of Charon
19797,Bouncy Bunnies
19798,Adventure Chronicles: The Search For Lost Treasure
19799,Exotanks
19800,The Cub
19801,Biorage
19802,Cyberforge: First Light
19803,Paintballx
19804,Project Sundown
19805,Slashers
19806,Lapso: Nimbo
19807,Alchemy Garden
19808,Entropy Rising
19809,Cursed Treasure 2 Ultimate Edition - Tower Defense
19810,Midnight Scenes: The Nanny
19811,Farmingcat
19812,Screaming Noppy
19813,Black Cotton: Wuneng
19814,Construction Machines 2014
19815,Hooligan James
19816,十日
19817,Endzone 2
19818,Nancy Drew: Alibi In Ashes
19819,Mega City Void
19820,Evie
19821,Mighty Gemstones
19822,不可能犯罪事件簿-Impossible Crime Book
19823,Sovereign Syndicate
19824,Headquarters: World War Ii
19825,Caladrius Blaze
19826,Pizza Titan Ultra
19827,Sounds Of Verity
19828,Search All - Cats
19829,Rgb Rush 2
19830,Seaorama: World Of Shipping
19831,War Trigger Classic
19832,Nano Driller
19833,Commander: The Great War
19834,Simp Simulator
19835,Happy Numbers
19836,Remuage - Meltysensation
19837,Openvr Benchmark
19838,Agon - The Mysterious Codex (Trilogy)
19839,Lighttrack
19840,Tank Rush
19841,Politon
19842,Polyclassic: Wild
19843,Super Punch Patrol
19844,Skeleton Crew
19845,Tales Of Seikyu
19846,Boti: Byteland Overclocked
19847,Retro Gadgets
19848,Em-A-Li
19849,Swords And Sandals Medieval
19850,100 Hidden Cupcakes
19851,Isoland4: The Anchor Of Memory
19852,Chains Of Time
19853,Arcade Classics
19854,Yet Another Tower Defence
19855,Magnet Crusher
19856,Midnight Mysteries: Witches Of Abraham - Collector'S Edition
19857,Northern Lights
19858,Ghost Town Mine Ride & Shootin' Gallery
19859,Sen.Tur.
19860,Rusts Of Corruption
19861,Blossoms Bloom Brightest
19862,Bloody Paws Unleashed
19863,Sky Mirror · Strolling
19864,Kingdom'S Deck
19865,Second Chance
19866,Kaiju Krashers
19867,The Final Exam
19868,Coldridge
19869,Woodpunk
19870,Delta Force: Xtreme
19871,Daily Run
19872,Chrome Wolf
19873,Grunn
19874,Meteorfall: Krumit'S Tale
19875,Hoven The Sages Spinel
19876,Pig Eat Ball
19877,Five-Element Seal: Infinity
19878,Radiant Exodus
19879,Galactic Center Vr
19880,Dice & Dungeons
19881,Vilomah
19882,Protect Me
19883,Dominions 3: The Awakening
19884,Dashpong
19885,Power Washer Hero
19886,Luxor: Amun Rising Hd
19887,Tartarus
19888,Exogen Vr
19889,Phytetris-Physics Tetris
19890,La Monsters
19891,Finite State Automaton Challenges 2
19892,Born Race
19893,Tarim: Guardians
19894,Arizona Sunshine Vr 2
19895,Qipa World-Hello Big Adventure
19896,Amaze Dos
19897,Fixfox
19898,Wyv And Keep: The Temple Of The Lost Idol
19899,The House In Fata Morgana: A Requiem For Innocence
19900,Avariavs
19901,Traxworld
19902,Catgirls From My Sweet Dream
19903,Planets Of War
19904,Wet Steps
19905,100 Steps
19906,Replicators Defence
19907,Mandinga - A Tale Of Banzo
19908,Throwing Stone
19909,Gunvolt Chronicles: Luminous Avenger Ix
19910,Utopia Process
19911,Neon Void Runner
19912,Blue Reflection: Second Light
19913,Abriss - Build To Destroy
19914,Is This Game Trying To Kill Me?
19915,Viticulture Essential Edition
19916,Typical Cliche
19917,Asteroid Drift
19918,Kalnazar
19919,Darkfighter
19920,Pixel Space Battles
19921,Mercury Fallen
19922,Toejam & Earl In Panic On Funkotron
19923,Crimson Rite
19924,Nilia
19925,Unreal Sandbox
19926,Enhanced
19927,Air Missions: Hind
19928,Thibalryn
19929,Neko Candy Shop
19930,Macdows 95
19931,Sacra Terra: Angelic Night
19932,Agonize
19933,Coin Pusher World
19934,Bumper
19935,Random War
19936,Just Walk
19937,Say Goodbye
19938,The Method Of Hiding A Body
19939,Distant Nightmare - Virtual Reality
19940,Oneshift
19941,The Telephone
19942,漢字でGo! 集英社マンガ祭
19943,Keepers Of The Trees
19944,Scarred Mansion
19945,Umamusume: Pretty Derby - Party Dash
19946,Obby
19947,Amoreon Nightclub
19948,Where Is Here: New Home
19949,Seeders
19950,Dream Girls Collection
19951,The Sin Collector: Repentless
19952,Rivais Em Batalha
19953,The Caligula Effect: Overdose
19954,Cyber West: Hidden Object Games - Western
19955,Inheritors2078
19956,Swim Out
19957,Superchicos
19958,Don'T Forget Our Esports Dream
19959,10Mg: Sealed Estate
19960,Saving Mrs. Hinako
19961,Welcome To Light Fields
19962,Ttv2
19963,Window Of Perspectives
19964,Cross†Channel: Steam Edition
19965,Grand Dude Simulator
19966,Winter Resort Simulator 2
19967,Berzerk: Recharged
19968,Paranormal Simulator
19969,Ascendant
19970,Cyndefense 2
19971,Dominique Pamplemousse
19972,Neko Maid
19973,Anomaly Exit
19974,Hollow'S Land
19975,Sumerian Six
19976,Vampire Hunters
19977,Goal! The Club Manager
19978,Zen Of Sudoku
19979,Sam & Maru
19980,Helicopter Flight Simulator
19981,King Of The World
19982,Mousebot: Escape From Catlab
19983,Live Inc.
19984,The Use Of Life
19985,Dujanah
19986,Cally'S Caves 4
19987,Sherlock Holmes Consulting Detective: The Case Of The Tin Soldier
19988,Dinosaur Hunt First Blood
19989,Faraway: Puzzle Escape
19990,Emerland Solitaire: Endless Journey
19991,Kaku: Ancient Seal (Alpha)
19992,Homelessvania
19993,The Adventures Of Linshanhai - Chapter2:Bus Bombing
19994,Wandering Meatbags
19995,Morbid
19996,Tt Isle Of Man: Ride On The Edge 3
19997,Moonstone Tavern - A Fantasy Tavern Sim!
19998,Mercs Fully Loaded
19999,Fearless Fantasy
20000,Miner Lou
20001,Netaboku -A Robot Girl Changes My Life As A Bedridden Boy-
20002,Eggk47
20003,D.N.Age
20004,Hexa Puzzle Saga
20005,Scp: Event Classified
20006,Turtle'S Quest
20007,Hive: Altenum Wars
20008,Cats And The Other Lives
20009,Ctu: Counter Terrorism Unit
20010,欺神弄鬼
20011,The Witch Eye
20012,Changeling Charade
20013,Fuel Renegades
20014,Columns Iii
20015,Gold Rush In The Oort Cloud
20016,Ninja Guy
20017,Super Gobang
20018,反击吧！Npc
20019,Thenightfall
20020,She Wants Me Dead
20021,Mirror Mysteries 2
20022,Ink Cipher
20023,Nancy Drew: The Final Scene
20024,Dragonkin: The Banished
20025,Commandos: Origins
20026,Mini Words - Minimalist Puzzle
20027,Moonshot - The Great Espionage
20028,Rosenkreuzstilette
20029,Salto
20030,Brookhaven Grimoire
20031,Qualia 3: Multi Agent
20032,The Ambassador: Fractured Timelines
20033,Fat Prisoner Simulator 3
20034,The Momo Game
20035,Ski3
20036,Infinity: Battlescape
20037,Shovel Knight: Shovel Of Hope
20038,F/A-18E Super Hornet
20039,Yasha: Legends Of The Demon Blade
20040,Rise Of The Triad: Dark War
20041,4X4 Dream Race
20042,Ace Of Protectors
20043,Pooshooter: Toilet Invaders
20044,Blockpost Mobile
20045,A Bit Of Tactics
20046,Putty Pals
20047,Pagui打鬼
20048,Ultimate Fishing Simulator Vr
20049,Voodoo Whisperer Curse Of A Legend
20050,1943 Megami Strike
20051,Devader
20052,Slimeisland
20053,Henry'S Escape: Prison
20054,Dungeons And Dinners
20055,The Confines Of The Crown
20056,Alwa'S Legacy
20057,Insectipede
20058,Marimoth
20059,Blast The Past
20060,Bigboy - Visual Novel
20061,Castle Of Terror
20062,Castle Of Alchemists
20063,Super Arcade Boy In Goodbye Greenies
20064,Slay The Alice
20065,La Foret De Pago 2 : Souvenir De Glace
20066,Saga Of Sins
20067,Section 13
20068,Capcom Fighting Collection 2
20069,Only Up: Lizards Must Fall
20070,Pulling No Punches
20071,Unsolved Case: Above The Law Collector'S Edition
20072,England Exchange
20073,The Last Joy
20074,Scribble
20075,False Dream
20076,Humanity Must Perish
20077,Time Machine Bronzeville
20078,Vessels
20079,Bloodkill
20080,Umihara Kawase Shun
20081,Witchaven Ii: Blood Vengeance
20082,Guards!
20083,Sick Way
20084,Alpha Locus Vr
20085,Slap Village: Reality Slap
20086,Beat The Nightmare – Evil Dreams Simulator Vr
20087,Icy: Frostbite Edition
20088,Void Marauders
20089,列传：革新战争
20090,Anon'S Neko Waifus
20091,Kanna Maze
20092,War Room
20093,Mythic Zombies
20094,Otttd
20095,Delivery Point Simulator
20096,Nasty Rogue
20097,Photonverse
20098,Join Rush Attack / 加入突袭
20099,Fpv Air Tracks
20100,It'S Only Money
20101,Magnet Mania 3D
20102,Unlikely Heroes
20103,Fast And Low
20104,Interrogation Files: Port Landsend
20105,Hundred Fires: The Rising Of Red Star - Episode 3
20106,Kosmokrats
20107,The Sunday
20108,The Culling 2
20109,Dumbass Drivers!
20110,Panelak
20111,Monster Clicker : Idle Halloween Strategy
20112,Spacebourne
20113,Zombie Solitaire
20114,Smile Simulation
20115,Show Must Go On
20116,Cysma
20117,Metro Simulator 2
20118,Angry Birds Space
20119,"Goodnight, Lily"
20120,Cross Princess
20121,Bladestar
20122,Grimm 1865
20123,Margarita (Berkeley'S Maid: Remake Edition)
20124,Displaced
20125,Chicken Feet
20126,Robot Legions Reborn
20127,Cavern Of Dreams
20128,The Deep Paths: Labyrinth Of Andokost
20129,Victorious
20130,Burden Of Command
20131,Caverns Of Evil
20132,Red Galaxy
20133,Deep In The Snowy Night
20134,Psi Project
20135,Sanctum Breach: Rebirth
20136,Dungeon World
20137,Eye Of The Temple
20138,Poker Master
20139,Crystal Caves Hd
20140,The King'S Heroes
20141,Limb Hunter
20142,Hitler Waifu
20143,There Is No Tomorrow: Revived Edition
20144,Wrath Of Loki Vr Adventure
20145,Pc Fútbol Stars
20146,One More Dungeon 2
20147,"Destiny'S Princess: A War Story, A Love Story"
20148,Seven Nights Ghost
20149,Keep Looking
20150,Inside The Machine
20151,Warlords Awakening
20152,Thearchy
20153,C-Rush
20154,Makber
20155,Nostalgic Train
20156,Escape The Ordinary: Tales Of Romina Manor
20157,Father'S Day
20158,Paradox Factor
20159,Virago: Reality New
20160,Runeous: Part One
20161,Room 40
20162,03.04
20163,Krai Mira: Post-Apocalyptic Crimea
20164,Infernales
20165,Mecha And Tank Fighting
20166,The Golden Time In High School
20167,Irony Of Nightmare
20168,Death Box
20169,Lilly'S Flower Shop
20170,Pinball Storm: Lokanta
20171,My Dear Frankenstein
20172,Sovereign Stars
20173,Nephise Begins
20174,Warriors: Abyss
20175,Backrooms: Apprehension
20176,Super Hiking  Simulator 2020
20177,Christmas Stories: A Christmas Carol Collector'S Edition
20178,Football Coach: College Dynasty
20179,Harvest Moon: Light Of Hope Special Edition
20180,Osteoblasts
20181,Makai Kingdom: Reclaimed And Rebound
20182,"El Paso, Elsewhere"
20183,Radiant Arc
20184,World Of Mixed Martial Arts 3
20185,Alone In The Dark 1
20186,Voidwrought
20187,Travellin Cats In Bali
20188,Astonishing Basketball Manager
20189,Tragedy At Ashville Lane
20190,Shadow Harvest: Phantom Ops
20191,Chromancy
20192,Recursed
20193,Koatl The Defender : The Lost Tunnels
20194,Deep Rune
20195,Picross Fairytale - Nonogram: Red Riding Hood Secret
20196,Mud - Fim Motocross World Championship
20197,The Monarch
20198,Stream Toys By Zokya
20199,Demon Turf: Queens Edition
20200,Woah Dave!
20201,Sentinel
20202,Multiplayer Platform Golf
20203,Vegas Pro 14 Edit Steam Edition
20204,Zenzizenzic
20205,Memorize V
20206,Pass To Hell
20207,Away: Journey To The Unexpected
20208,Soulcaster
20209,The Bibites: Digital Life
20210,Factory Outlet Simulator
20211,Titanic: Adventure Out Of Time
20212,Escape The Ayurok
20213,Yomawari: Midnight Shadows
20214,Pirates Vs Corsairs: Davy Jones'S Gold
20215,侠客春秋
20216,The Butler Did It
20217,Unstoppable
20218,Bloody Streets
20219,Beasties Of Greenhollow
20220,Mobile Wars X
20221,Parallel Shift
20222,Math & Topology
20223,Dungeon'S Legion
20224,Reborn In Wild City 迷城重生
20225,Alvara
20226,Paperbark
20227,Gray Cat
20228,Blue Rose Reprise
20229,Spire Of Sorcery
20230,Jude
20231,Pt+
20232,Chaos Code -New Sign Of Catastrophe-
20233,Terminal Squad: Swarmites
20234,Tahko Alpine Ski
20235,Hunter A Hunter
20236,Savage Arena: Dead Ball Zone
20237,Putt-Putt: Pep'S Birthday Surprise
20238,Player Goes Jump
20239,League Of Pixels - 2D Moba
20240,Meet Pip
20241,Rising Star 2
20242,Liz ~The Tower And The Grimoire~
20243,Cult Of Babel : Prologue
20244,Not Our Home: Platinum Edition
20245,Tacview
20246,Outerstellar
20247,Earth Overclocked
20248,Wolfquest: Classic
20249,Psychic Guardian Super Splendor
20250,东方心之解束~Saving From The Devil
20251,Just Xiangqi
20252,Millennium 4 - Beyond Sunset
20253,Night Of The Loving Dead
20254,Mountain Taxi Driver
20255,Duck Life 7: Battle
20256,Pixel Galaxy
20257,Cafe 0 ~The Drowned Mermaid~
20258,Perraw - Fps Clone War Alpha
20259,The Godkiller - Chapter 1
20260,Myriavora
20261,Drink More Glurp
20262,Reign Of Darkness
20263,The Escape
20264,A Long Way Home
20265,Putrefaction 2: Rumble In The Hometown
20266,Escape To The Italian Brainrot
20267,Astrodition
20268,Logistical 3: Earth
20269,Sharks Of Mars: Prologue
20270,Yummy Nuts
20271,J.A.C.K.
20272,Sliver.Tv
20273,Artificial Wallpaper
20274,Devastator
20275,Ace Of Space
20276,Legend Of Krilona
20277,Musaic Box
20278,Ellie'S Travel Diary
20279,Finnish Army Simulator
20280,Terrorarium
20281,Event Horizon
20282,Roguelite 2
20283,It'S High Noon
20284,Evil Democracy: 1932
20285,Space Battle: Humanity
20286,Ultimate Battle
20287,Abi And The Soul
20288,Tratritle
20289,Tck - The Cursed Knight
20290,Cuban Missile Crisis: Ice Crusade
20291,Demonheart: Hunters
20292,Rewind Or Die
20293,Memoranda
20294,Crash The Core
20295,Adventure War : Battlefield
20296,Waiting For The Raven
20297,Dawnwander
20298,生物知识格斗大赛
20299,Micro Miners
20300,Annotation Of Love
20301,Primitive Shooter
20302,The Outer Side
20303,Bule Form
20304,不思議な世界の観光日記
20305,История Бомжа 2: Полицейский Беспредел
20306,Slingshot Battle
20307,All Alone: Vr
20308,Ashes Of The Night
20309,Insanium
20310,The Plane Effect
20311,Ritual: Crown Of Horns
20312,Beyond Dreams
20313,Harmonia
20314,Age Of Fear 2: The Chaos Lord Gold
20315,Virtualcop
20316,The Cute Fighter
20317,Bff Or Die
20318,Apocalypse: Floodgates
20319,Anthropomachy
20320,Neon Force Pushers
20321,Kedemara - The Orphan'S Ballad (Ch.1 & 2)
20322,Bone: The Great Cow Race
20323,Fps - Fun Puzzle Shooter
20324,Ego'S Spark
20325,Ascending Madness
20326,Cruel
20327,Meiqi:Story
20328,"War, The Game"
20329,Oscura: Lost Light
20330,Violent Horror Stories: Anthology
20331,Falta
20332,Moonbase 332
20333,Aloha Paradise Hotel
20334,Nongünz
20335,Saira
20336,Rock And Roots
20337,Unpunished
20338,The Ancient Art Of War In The Skies
20339,Krampen
20340,侠隐行录：困境疑云Wuxia Archive: Crisis Escape
20341,Pain Of War
20342,错误之事
20343,King Under The Mountain
20344,Wooden Sen'Sey
20345,Base Craft: Desolate Survival
20346,Devil On Your Shoulder
20347,The Whispering Valley
20348,Axes And Arrows
20349,Menos: Psi-Shatter
20350,The Pyramid Of Bones
20351,Spellbind : Luppe'S Tale
20352,Chernobyl: The Untold Story
20353,Mirrorama
20354,Trinity Survivors
20355,Lingering Fragrance
20356,Wager
20357,Heroine Anthem Zero 2 : Scalescars Oath
20358,Cybernated
20359,Starting Life In Another World Naked
20360,Space Bob Vs. The Replicons
20361,Fragment Hunters
20362,The Corn Maze
20363,Black Jack Story
20364,Project Bridge
20365,Minosmaze - The Minotaur'S Labyrinth
20366,Merge Towers
20367,This Merchant Life
20368,Ever Seen A Cat?
20369,Animal Fight Club
20370,Uuu So Smislom
20371,War Link - 2111 Ad
20372,God Awe-Full Clicker
20373,Sherlock Holmes Consulting Detective: The Case Of The Mummy'S Curse
20374,Rocket Mania Deluxe
20375,Laser Disco Defenders
20376,Girls Kitchen Dinner
20377,Alexandria Iv
20378,Tomb Stalkers
20379,Vain Riser
20380,11F
20381,Perfect Balance
20382,Flip Tale
20383,Undead Factory:Zombie Pandemic
20384,Wizardry: Labyrinth Of Lost Souls
20385,Scp - The Sentient Box
20386,Brothers
20387,Captain Diarrhea And The Shartening
20388,Legend Of Vengeancev
20389,The Egyptian Prophecy: The Fate Of Ramses
20390,死亡边缘 | Edge Of Death
20391,Lococycle
20392,Dark And Bright
20393,Chibi Horror: The School
20394,Buildmorecubes
20395,Kaori After Story
20396,Sky Pirates Of Actorius
20397,The Dark Prophecy
20398,Raysupreme 3D
20399,Squeaky Clean
20400,My Gaming Club
20401,Project:Eaglebeak
20402,Transparent Taskbar
20403,Ripple
20404,Arma: Combat Operations
20405,My Big Sister: Remastered
20406,Youth Feather
20407,Chez Croggy
20408,Age Of Booty
20409,Riot Operator
20410,Within The Range
20411,Mystical Riddles: Haunted Portraits Collector'S Edition
20412,Smart City Plan
20413,Hamilton'S Great Adventure - Retro Fever Dlc
20414,Wasteland Remastered
20415,The Smell Of Death - A Tsugunohi Tale - Steam Edition
20416,Blortasia
20417,Candlehead
20418,The Deed Ii
20419,Fields Of Battle
20420,Aurion: Legacy Of The Kori-Odan
20421,Articrafty
20422,Zoological Era
20423,Jackpot
20424,Blast Em!
20425,Rival Rampage
20426,Getsufumaden: Undying Moon
20427,Clue/Cluedo
20428,Alchemist Adventure Prologue
20429,江湖群雄传
20430,Chowderchu
20431,Awa 2024
20432,Dark Parables: Ballad Of Rapunzel Collector'S Edition
20433,Vector Strain
20434,Nobunaga'S Ambition: Tenshouki With Power Up Kit Hd Version
20435,Gaia Project
20436,Away: The Survival Series
20437,Sandfall
20438,Space Hulk: Tactics (Classic)
20439,Rescue 2: Everyday Heroes
20440,Magix Audio Cleaning Lab 2017 Steam Edition
20441,Escape: The Endless Dogwatch
20442,Leisure Suit Larry 7 - Love For Sail
20443,Yafti
20444,Mad Machines
20445,Goofy Gorillas
20446,Cursed Sight
20447,Bad Dream
20448,Castillo: Shattered Mirrors
20449,Minesweep
20450,Jester / King
20451,Grim Horde
20452,Prototype One Day I Am
20453,Toxic Plumbing
20454,Major Stryker
20455,Make Them Walk
20456,Challenge Dream Cat
20457,The Beasts Of 9500
20458,Probe
20459,Axis Football 2018
20460,Poly Island
20461,Stick Arena
20462,Nancy Drew: The Captive Curse
20463,Breakout Invaders
20464,Escape To Moscow
20465,Project Root
20466,Ruff Night At The Gallery
20467,Crown Of Thorns
20468,Vr Paradise - Steam Edition
20469,The Wild At Heart
20470,Police Patrol
20471,Ezaron Defense Alpha
20472,Edifice Of Fiends
20473,Bepuzzled Jigsaw Puzzle: Aquatic
20474,Super Clown Adventures
20475,Stern Pinball Arcade
20476,Buzz Aldrin'S Space Program Manager
20477,Millidor
20478,Lola - The Escape
20479,Quartermain And The Cult Of Cthulhu
20480,The Apple Tree
20481,Pink Devil
20482,Zombasite
20483,Forward
20484,The Great Fusion
20485,Astral Towers
20486,富甲天下W
20487,Atelier Ayesha: The Alchemist Of Dusk Dx
20488,糊剧101
20489,Icbm: Escalation
20490,Battle Mages: Sign Of Darkness
20491,Really Another True
20492,Double Cross
20493,Crimson Colosseum
20494,You Can Kana - Learn Japanese Hiragana & Katakana
20495,Nine Minute Mayhem
20496,The Lost Battalion: All Out Warfare
20497,Anime Feet
20498,Malmyr
20499,Omg: One Million Guns
20500,Perfect Universe - Play With Gravity
20501,F-16 Multirole Fighter
20502,Cthulhu Saves Christmas
20503,Spaceman Sparkles 2
20504,Little Red Rocket Ship
20505,Death Live
20506,Nogibator: Way Of Legs
20507,Final Days
20508,A Percent Of A Pirate
20509,The Video Game Machine
20510,Puzzle Nebula
20511,Night Darkness
20512,Neon Shooter
20513,Dichotomy
20514,Potions!
20515,永无止境的黑暗森林
20516,Just In Time Incorporated
20517,Deus Ex Machina 2
20518,幻境恋人-Fairy Tale Plan
20519,Grimlord
20520,Soda Girls
20521,Nobunaga'S Ambition: Tenkasousei With Power Up Kit
20522,Flying Pengy
20523,Time To Walk Alone
20524,Aida: The Beginning Of The Story
20525,Morning Never Comes
20526,Roller Coaster Rampage
20527,Lord Of The Click 2
20528,Project Gunship
20529,Aerial Platforms
20530,Another Side
20531,The Waters Above: Prelude
20532,The Enthralling Realms: The Blacksmith'S Revenge
20533,Sentry
20534,Warbot Engineer
20535,Night Of The Shrub Part 2
20536,Trials Of Innocence
20537,Nancy Drew: Sea Of Darkness
20538,卡牌缔造者-Cardmaker
20539,Robikon
20540,Battle Master
20541,Reaper
20542,Her Tears Were My Light
20543,"Fairy Tale About Father Frost, Ivan And Nastya"
20544,Chromosome Evil
20545,Baptisterio
20546,Blue Toad Murder Files: The Mysteries Of Little Riddle
20547,12 Hours To Die
20548,Aster Force
20549,Rem Survival
20550,Generic Space Shooter
20551,Dunjungle
20552,The Castle
20553,Relax It'S Aqua
20554,Shadows On The Vatican - Act Ii: Wrath
20555,Unavailed
20556,Relentless Expanse
20557,Frontline : Road To Moscow
20558,Pulut Adventure
20559,Citizens: Far Lands
20560,Frequency Dissonance
20561,Tap Cats: Epic Card Battle
20562,Miss Lisette'S Assassin Maid
20563,Super Shoot Owl
20564,The Depths Of Tolagal
20565,Seven Horns From Tilt
20566,Treadnauts
20567,My Child Lebensborn
20568,Dubstep Abasralsa
20569,Super Indiemania
20570,Meat And Metal
20571,Mermaid Adventures: The Frozen Time
20572,Tokyo Warfare
20573,The Final Earth 2
20574,Escape The Living Nebula
20575,Lycanthorn Ii - Rain Of Beasts
20576,Shell Shuffle
20577,Night Of The Shrub Part 1
20578,Fastigium
20579,Tales Of Wedding Rings Vr
20580,Russian Roads
20581,Prisoner 17
20582,Tale Of Fallen Dragons
20583,Rift Wizard 2
20584,The Haunted Building
20585,Heads Will Roll
20586,Nomad Fleet
20587,Helpless
20588,Yohane The Parhelion -Blaze In The Deepblue-
20589,隔壁老王的退休生活
20590,In A Detective'S Mind
20591,Geo
20592,Gazillionaire
20593,Star Advent
20594,作为游戏和诗歌的世界
20595,Earthworm Jim 2
20596,Ironclads 2: American Civil War
20597,Knight Throde
20598,Pro Cycling Manager 2014
20599,Quest Room: Hanon
20600,Legendary Journeys
20601,Paranoya
20602,Citadale Resurrection
20603,Nursery Slime
20604,Hard Place
20605,House Of Snark 6-In-1 Bundle
20606,Terfenstein 3D
20607,Ef Eve - Volumetric Video Platform (Vr & Desktop)
20608,Change: A Homeless Survival Experience
20609,Dungeon Rummage - Tiqee'S Escape
20610,Square'S Route
20611,The Mine
20612,Fidget Spinner Rpg
20613,The Purge Day
20614,City Of Brass
20615,Russian Race
20616,Tennis World Tour 2
20617,Mutation Mayhem
20618,Snakebyte
20619,Barney'S Dream Cruise
20620,Bepuzzled Jigsaw Puzzle: Nature
20621,Out Of Nowhere
20622,Woebegone Woods
20623,Hero Puzzle
20624,Is It Wrong To Try To Pick Up Girls In A Dungeon? Infinite Combate
20625,Space Giraffe
20626,Cupid'S Palace
20627,Superfly
20628,Combat Casino
20629,Deviator
20630,Fears Of Glasses  O-O
20631,Gynophobia
20632,Armoured Commander Ii
20633,Best In The West
20634,The Grave Digger
20635,Delta Light
20636,Lunark
20637,Anomalia
20638,The Birth Of An Artificial Intelligence
20639,Yukie: A Japanese Winter Fairy Tale
20640,Jisei
20641,Tokachi Detective: The Balloon Case
20642,Dreadhunter
20643,Straylight
20644,Evertown
20645,Tiny Machinery: Lost Reality
20646,Mummification
20647,Alien Zombie Megadeath
20648,悸恐
20649,Neko Navy
20650,Gassy Man
20651,Dark Parables: The Final Cinderella Collector'S Edition
20652,冷血症骰子
20653,Ocean Is Home : Island Life Simulator
20654,Börnies Journey
20655,Mining Cats
20656,Trapped On Monster Island
20657,Funko Fusion
20658,Into The Backrooms
20659,Last Stance: A Juventures Game
20660,○ △ □ -Circle Triangle Square-
20661,Rage Against The Zombies
20662,Into The Nightmare
20663,Mad Carnage
20664,Escape The Lost Kingdom: The Forgotten Pharaoh
20665,Lumba: Redux
20666,Tower Walker: Mmo Grind Simulator
20667,Napoleon In Russia
20668,Last Year: The Nightmare
20669,Frenzy Plants
20670,Field Breaking
20671,Aleph
20672,Rube Works: The Official Rube Goldberg Invention Game
20673,She And The Light Bearer
20674,The Quivering
20675,Xeno Runners
20676,Antigraviator
20677,Monsterxman: Inheritence To Lust
20678,Materialization Of Memories
20679,Spear Song
20680,Sheep Game
20681,Overnight
20682,Muscle Magic
20683,Rayze
20684,Zombies Ate My Neighbors And Ghoul Patrol
20685,The Flying Dutchman
20686,Nonogram - The Greatest Painter
20687,Tokoyo: The Tower Of Perpetuity
20688,Path Of The Sramana
20689,Six F And Six 0
20690,Bomber 95
20691,Maze Of Realities: Synergy Of Worlds Collector'S Edition
20692,Farm Frenzy 2
20693,Equinox
20694,Devil'S Dare 悪魔の挑戦
20695,Abyss Cave
20696,Astrocat: Milky Way Journey
20697,Siege Wars
20698,Acid Flip
20699,Mononeko: A Rhythm Adventure
20700,Hardcop 2
20701,Interkosmos 2000
20702,Soda Drinker Pro
20703,Mini Battle Ground
20704,Hook 2
20705,Christmas Stories: Nutcracker Collector'S Edition
20706,Murder Is Game Over: The Blackinton Curse
20707,Egg Time
20708,Metalworking
20709,Bang! Howdy
20710,Civil War: 1863
20711,Know By Heart
20712,Legend Of Snake
20713,Planet Lev
20714,Ecognomix
20715,Astero Inc.
20716,Spacenet - A Space Adventure
20717,Virtual Hero Vr
20718,Babol The Walking Box
20719,Space Moth: Lunar Edition
20720,Vrchaeology: Prologue
20721,Arrows
20722,Countryballs: Modern Ballfare
20723,"Causa, Voices Of The Dusk"
20724,骑士与工匠 Knights And Craftsmen
20725,Professor Watts Word Search: Yummy Foods
20726,Supermarket Times
20727,Super Dirt Racers
20728,Twilight Of The Gods
20729,Hotdog Runner
20730,Jungle Juggle
20731,The Witch'S Cauldron
20732,Starstruck: Prologue
20733,The Wanderer: Frankenstein’S Creature
20734,The Dev: Enter The Blockchain
20735,Sokowinter
20736,Indiana Jones And The Last Crusade
20737,Blockicker
20738,Almighty: Kill Your Gods
20739,No70: Eye Of Basir
20740,Because We'Re Here - Act I
20741,Josh Journey: Darkness Totems
20742,B 2
20743,Air Combat Xf
20744,1917 - The Alien Invasion Dx
20745,Axan Ships
20746,Tabbellarius
20747,Tower Vr
20748,Overkill Vr: Action Shooter Fps
20749,Tank Assault X
20750,Usotsuki Game / 谎言游戏
20751,Rubicon : A Conspiracy Of Silence
20752,Gun To The Zone
20753,Shhh!
20754,Essential Power
20755,Handycopter
20756,Forebearers
20757,Triangle
20758,Space Legends: At The Edge Of The Universe
20759,Chaos Galaxy
20760,Mp5
20761,A Tiny Space Adventure
20762,Kung Fu Jesus
20763,Learning To Bear
20764,I Hate Running Backwards
20765,Brain Break
20766,Castles On Clouds
20767,Castle Of Mist
20768,Empty Shell
20769,Year 2031
20770,Radical Roach: Infinity
20771,Gridroad
20772,Hunting Unlimited 1
20773,Football Manager Touch 2018
20774,The Foo Show Featuring Will Smith
20775,Fox Girls Never Play Dirty
20776,Mighty Switch Force! Hyper Drive Edition
20777,The Haunting Of Billy Classic
20778,Kiss/Off
20779,Voyager 2
20780,Bluetricks
20781,Heatchain
20782,孤岛海妖 The Sea-Demon
20783,Pro Drift Reloaded 2020
20784,Splodge Royale
20785,Obscula
20786,Star Drift Evolution
20787,The Beardless Wizard
20788,Meowjiro
20789,Gym Simulator
20790,The Trail: Frontier Challenge
20791,Re:Turn 2 - Runaway
20792,Aaaaaaaaaaaaaaaaaaaaaaaaa!!! Remastered
20793,Lock 'N Load Tactical Digital: Core Game
20794,Pixel Art Monster - Color By Number
20795,Vaporum: Lockdown
20796,Angry Penguin
20797,Inbetween Land
20798,The Maker'S Eden
20799,Me && Mory
20800,Relaxing Vr Games: Mahjong
20801,Evolution Of Ages: Settlements
20802,Kitty Cat: Jigsaw Puzzles
20803,Foto Flash
20804,Kozue'S Strange Journey
20805,Project Delta
20806,Car Crash Couch Party
20807,Stayin' Alive
20808,Block Shock
20809,Breath Of The Depth
20810,Hyper Meteor
20811,Sword Of Hypotenuse
20812,[Echostasis]
20813,Smack Studio
20814,Griefhelm
20815,Healer'S Quest
20816,The Land Of Eyas
20817,Hard Light Vector
20818,Story Of A Cube
20819,Nikoderiko: The Magical World — Director’S Cut
20820,5089: The Action Rpg
20821,The Spanish Privateer
20822,Hundred Fires: The Rising Of Red Star - Episode 2
20823,Dogpet
20824,Happy Z-Day
20825,Aircraft Evolution
20826,I And Me
20827,Senses: Midnight
20828,Hotelnomaly
20829,Crazy Cursed Grandma'S House
20830,Isle Of Maligree
20831,Who Wants To Be A Millionaire
20832,Underdread
20833,Mob Factory
20834,Contra: Rogue Corps
20835,Initial 2 : New Stage
20836,Hacker'S Beat
20837,This Strange Realm Of Mine
20838,Nobunaga'S Ambition: Zenkokuban
20839,The Weaponographist
20840,A Street Cat'S Tale
20841,Just Get Through
20842,Majula Frontier
20843,Until It’S Undone: Unmastered
20844,Nanoplanet Survivors
20845,Solitaire Harmony
20846,The Wilds
20847,Forlorn
20848,Master Arena
20849,Empyreal
20850,Iron Armada
20851,Hellboy Web Of Wyrd
20852,Lux Alliance
20853,Spitkiss
20854,Descent - Silence Of Mind
20855,Turtle Lu
20856,Q-Yo Blaster
20857,Grisaia Phantom Trigger Vol.1
20858,Astonia Reborn
20859,The King Of Fighters Xiii Global Match
20860,Once In My Head
20861,Go Home - Rage Incoming
20862,A Highland Song
20863,The Unholy Society
20864,Discoveries Of The Deep
20865,Phalanx Of Resistance
20866,Nobunaga'S Ambition: Taishi
20867,Fps Training
20868,Bounty Hunters
20869,Terminal Velocity
20870,Highrisers
20871,Super Bad Hero
20872,Tempest 4000
20873,Rpg Golf With Vampires
20874,Legends Of Atlantis: Exodus
20875,Potato Vs Potato
20876,Bride Into The Cave
20877,Mystery Of Neuschwanstein
20878,Timore 5
20879,Flowers -Le Volume Sur Ete-
20880,Millennium 2 - Take Me Higher
20881,Key To Heaven
20882,The Grandmaster
20883,Flintlock: The Siege Of Dawn
20884,Death Trick: Double Blind
20885,How A Retired Strategist Saved The Country
20886,Frequent Flyer
20887,Dreadhalls
20888,Sanguine Soul
20889,Gems Of Destiny: Homeless Dwarf
20890,Rugon - Unfinished
20891,Into The Rhythm Vr
20892,Kaverini Nuuk Adventures
20893,Cannon Fodder 3
20894,Mencia. A Never Was Tale.
20895,Time Trap - Hidden Objects Puzzle Game
20896,Lunnye Devitsy
20897,Blackshard
20898,Porradaria Upgrade
20899,Mech Builder
20900,The Uninvited: Macventure Series
20901,Svrvive: The Deus Helix
20902,Resolutiion
20903,Infinity Sky
20904,Age Of Fear: The Undead King
20905,Robot Squad Simulator 2017
20906,Шп - Shp
20907,To The Edge Of The Sky
20908,Quest 4 Papa: Reloaded
20909,Village Of Adventurers 2
20910,Chicku
20911,Swap Blocks
20912,Dark Mechanism - Virtual Reality
20913,Dead Alliance
20914,Matchr: Now Hiring
20915,The Marvellous Machine
20916,Dragon'S Wake
20917,Machine Made: Rebirth
20918,Team Four Star Rpg
20919,Countrified
20920,Perseus: Titan Slayer
20921,Lucidity
20922,Feed The Horsebear
20923,Towers Of Altrac - Epic Defense Battles
20924,Demon'S Rise - Lords Of Chaos
20925,Infinite Tanks
20926,Floor 9: Prologue
20927,Newt One
20928,Diner Bros Inc
20929,Mystery Of Mortlake Mansion
20930,Bureau Of Contacts
20931,Second Front
20932,Zap Master
20933,Darius Cozmic Collection Arcade
20934,Cubic Survivor
20935,Undungeon Arena
20936,First Class Escape: The Train Of Thought
20937,How To Date A Magical Girl!
20938,Halloween Pinball
20939,Legend Of Towercraft
20940,鬼魂街
20941,I Saw Black Clouds
20942,The Amazing American Circus
20943,深渊
20944,Nova Wing Iii
20945,Bloodway Infinity
20946,Project Maze
20947,Stayhome Simulator
20948,Life Simulator
20949,Asmr Universe
20950,Hegemony Iii: Clash Of The Ancients
20951,Trapped In Stone - World War Ii Horror
20952,Monkey Milk
20953,Dead Run
20954,Soccer Legends
20955,新魔剑（New Magic Sword）
20956,Elderine: Dreams To Destiny
20957,Copy Kitty
20958,Castleabra
20959,Gobs And Gods
20960,Windlands 2
20961,Bonle
20962,Space Crusaders
20963,Mikoshi: The Lost Crystals
20964,Survivalextreme
20965,Steampunk Genius
20966,Babylon 2055 Pinball
20967,Sokoban 3D
20968,Skycadia
20969,Notes From Province
20970,Hubris
20971,Ilamentia
20972,Tyler Tactics
20973,Football Referee Simulator
20974,Project Explore
20975,Intrepid
20976,Cats Are Liquid - A Light In The Shadows
20977,Trash Tv
20978,Dreambreak
20979,Adarin Farm
20980,Gobby Mcgobblenutz Presents: The Art Of The Dad Joke: Chapter 1
20981,Dere Evil Exe
20982,Illyriad - Grand Strategy Mmo
20983,球球少女/Pinball Girls
20984,Life After Death
20985,Descent: Freespace – The Great War
20986,Hunting Simulator 2
20987,Magical Swordmaiden
20988,1Heart
20989,God Simulator
20990,Battle Shapers
20991,Duke Of Defense
20992,Fragile Allegiance
20993,Steelborn
20994,Elroy And The Aliens
20995,Rpg Maker Vx
20996,[Old Edition] Croixleur Sigma
20997,Neonomicon
20998,Born Of Fire
20999,Overclocked: A History Of Violence
21000,Hentai Girl Karen
21001,五五午时书
21002,Hana No No Ni Saku Utakata No
21003,Stones Of Flesh
21004,The Maze Survivor : First Entrants
21005,武儒绘卷 - 启示录
21006,Blind Fate: Edo No Yami
21007,Ty The Tasmanian Tiger 3
21008,穿越迷宫世界  Cross The Maze World
21009,Milanoir
21010,Army Men Ii
21011,Handball 17
21012,My Strong Horse
21013,Tunnet
21014,Rise Of The Triad: Ludicrous Edition
21015,Sister Travel
21016,Burner
21017,Luna : The Dimension Watcher
21018,Bayou Island - Point And Click Adventure
21019,Disney•Pixar Cars: Radiator Springs Adventures
21020,Diluvian Ultra
21021,Starless
21022,All-In-One Sports Vr
21023,The Dancer: Definitive Edition
21024,Cubico
21025,The Mystery Of The Druids
21026,Edelweiss
21027,Zcrew
21028,Narcissus
21029,Deep Black: Reloaded
21030,Power & Revolution 2022 Edition
21031,Legends Of Dawn Reborn
21032,Cavern Escape Extremely Hard Game!!!
21033,Clan O'Conall And The Crown Of The Stag
21034,Play The Fox
21035,Anime - World War Ii
21036,Earth'S Dawn
21037,要来点百合吗 Love Yuri
21038,My Business
21039,Martian Panic
21040,Werewolf Pinball
21041,Battle Of The Boros
21042,Monsters Ate My Birthday Cake
21043,Urban Chaos
21044,Police Chase
21045,Grid Leaper
21046,Two Worlds Ii Hd - Shattered Embrace
21047,Magic Toenail
21048,Ark Of Loif
21049,Gangsters 1920
21050,Paranormal Vhs
21051,Wheely
21052,E-Ball
21053,Human-Powered Spacecraft
21054,Giants: Citizen Kabuto
21055,Gravity Quest
21056,Psychedelica Of The Black Butterfly
21057,Doors
21058,Pro Player Life
21059,Sea Dogs: City Of Abandoned Ships
21060,Hanoi Puzzles: Flip Match
21061,My Cute Succubus
21062,Paw Patrol: On A Roll!
21063,Touhou: New World
21064,Demo
21065,Cat Interstellar: Recast
21066,Lifeless
21067,Hospitality Vr
21068,神社的百合香 ~ Floral Aroma In The Shrine
21069,Fruit Ninja Vr
21070,The Adventures Of Capitano Navarro
21071,A Clareira
21072,Hitbox
21073,Dark Blood Chronicles
21074,The Devil Within: Satgat
21075,Lost Sphear
21076,On My Own
21077,Shores Unknown
21078,Chocolatier: Decadence By Design
21079,Phi
21080,Gems Kingdom
21081,Santo Island Incident
21082,Haunted Hotel: Lost Time Collector'S Edition
21083,Relic Dudes
21084,Arcadecraft
21085,Crazy Wheels
21086,Winds Of Change
21087,Alienzix
21088,Survivor
21089,Rex Nebular And The Cosmic Gender Bender
21090,Click&Fight
21091,Puddle Knights
21092,Compu-Tron X3000
21093,Help Me
21094,Queen'S Quest 4: Sacred Truce
21095,Spirits Chronicles: Flower Of Hope Collector'S Edition
21096,Dimension Drive
21097,Protect The Treasure
21098,My Friend Stalin
21099,Oddplanet
21100,Boobs Saga: Prepare To Hentai Edition
21101,Neon Hearts City
21102,Achron
21103,The Black Guards Of Odom - Desert Town Prison
21104,Realm Of The Dead
21105,Mxgp - The Official Motocross Videogame Compact
21106,Power & Revolution 2020 Edition
21107,Nomads Of The Fallen Star
21108,Two Falls (Nishu Takuatshina)
21109,Beneath The Cherry Trees
21110,Cluck
21111,Banchou Tactics
21112,El Shaddai Ascension Of The Metatron Hd Remaster
21113,Bounce
21114,Story In The Dream World 2 –Water Gods And Spirits–
21115,Foxtail
21116,Canon - Legend Of The New Gods
21117,Putt-Putt Travels Through Time
21118,Pro Cycling Manager 2020
21119,月夜下的紅茶杯 ~ Blacktea With Moon
21120,Don'T Look Away
21121,30 Birds
21122,Hide & Hold Out - H2O
21123,Apollo 11 Vr Hd
21124,Grave Danger
21125,2084
21126,Outbreak: Endless Nightmares
21127,Boardwalk Carnival Game
21128,Skyworld
21129,Pointless
21130,Tiger Tank 59 Ⅰ Air Strike
21131,Hell Throne
21132,Reignfall
21133,Dark Days
21134,Travel Vr
21135,Isoboom
21136,Stalingrad
21137,Outworld Station
21138,Dispersio
21139,How To Fool A Liar King Remastered
21140,Madhouse Madness Prologue
21141,Deadly Night
21142,Mermaid Adventures: The Magic Pearl
21143,7 Girls War
21144,The Legend Of Heroes: Trails From Zero
21145,Coffee Crisis
21146,Horror Legends
21147,Wormhole
21148,Yaga
21149,Eternamine
21150,From Frontier
21151,Another Eye
21152,局外人 L'Etranger
21153,Luckitown
21154,Tobacco Shop Simulator
21155,Kitten Life Simulator
21156,Battle Academy 2: Eastern Front
21157,The Expedition
21158,Legends Of Aria
21159,Top Hat
21160,Survival Nation: Lost Horizon
21161,Nitro Express
21162,Puzlkind Jigsaw Puzzles
21163,Seal World
21164,Undead Horde 2: Necropolis
21165,We Are The Dwarves
21166,Snakebird Primer
21167,Lawgivers Ii
21168,Usagiri
21169,Monster Hunter Stories
21170,Eternal Hour: Golden Hour
21171,Alvarok
21172,The Dead Prince
21173,Taisho X Alice Episode 3
21174,Der Geisterjäger / The Ghost Hunter
21175,Classic Racers
21176,Dragon Spirits
21177,Dread X Collection 5
21178,Terrorbane
21179,Spiritual Warfare & Wisdom Tree Collection
21180,The Last Dream: Developer'S Edition
21181,宝石少女/Girl & Gem Magic
21182,Alice49 Ep.0『ダイヤモンドとシュークリーム』
21183,Jet-Story 2018
21184,Farming 6-In-1 Bundle
21185,Swingularity
21186,Talesshop Puzzle 테일즈샵 퍼즐
21187,克苏鲁异闻录
21188,Grompula
21189,Balkan Bloodbath
21190,Need For Sharp
21191,Crusade Of Deitra
21192,Aniquilation
21193,Loopback
21194,Resume: The Video Game
21195,Magic City Detective: The Carnival Begins Collector'S Edition
21196,Hamster Logic 3D
21197,Fantasydynasty: Le Château Deretic
21198,The Last Sin
21199,Chroma Lab
21200,The Monstrous Horror Show
21201,Galaxy Squad
21202,Landing Confirmed
21203,Centauri'S Favourite Archer
21204,One Last Chance
21205,Fpv Logic
21206,Dotstrike
21207,Infinity Strash: Dragon Quest The Adventure Of Dai
21208,Uc Kart
21209,Mask Of Mists
21210,Steel Strider
21211,4D Toys
21212,Among The Heavens
21213,Bossgard
21214,Stars Simulation
21215,The Sushi Spinnery
21216,Realpolitiks Ii
21217,Western 1849 Reloaded
21218,Adventures Of Two Foxes
21219,Evolution
21220,Sayonara Umihara Kawase
21221,Expect The Unexpected
21222,Mindseize
21223,Project X
21224,The Next World
21225,The Backrooms: Unseen Tapes
21226,Azarine Heart
21227,The Music Machine
21228,蔚蓝月下的回忆~Sapphire Moon-Forever Memories
21229,Boat Crew
21230,Putin Kills: Coronavirus
21231,Mahjong Solitaire Refresh
21232,Tales Of The Lumminai
21233,Dream Tactics
21234,Franchise Hockey Manager 6
21235,Empower
21236,子归 - Blossom
21237,Qwepoi
21238,Dungeon Escape Vr
21239,Legend Of Dragon Labyrinth
21240,Psichodelya
21241,Horrors Of Space
21242,Queen Of Seas 2
21243,Compet - Epic Beast Battles
21244,Emberglass
21245,Sukur
21246,Escape The Past
21247,Neon Ships: The Type'Em Up Shooter
21248,Muslim 3D
21249,Assau!T
21250,Mirror Spirits
21251,Thunderwheels
21252,Ebonside
21253,Triple Take
21254,Border Force
21255,Break Bounds: Exile 越界：流放者
21256,Outcast On Mars
21257,Straimium Immortaly
21258,Tower Of The Mad Wizard
21259,Clawface
21260,Rax Runner!
21261,Orbital Defence Command
21262,Gangs Of Neo Tokyo
21263,One Dark Night
21264,One Line
21265,Iron Age
21266,Rescue Quest Gold
21267,Halloween Picket Maze
21268,Raceland
21269,30 Seconds To Jail
21270,Sbx: Invasion
21271,Shadow Of The Black Dragon
21272,Crazy Ball Adventures
21273,Monster Girls And The Mysterious Adventure 2
21274,Cave Digger
21275,Luddite
21276,Furries & Scalies: Super Scary Halloween Spooky Times
21277,Tadpole Treble
21278,Battle Summoners Vr Basic
21279,Super Dungeon Maker
21280,Marble Parkour
21281,Marcus Level
21282,Phoenotopia: Awakening
21283,Dragu'S Puzzle Adventure
21284,恒水中学连环虐杀 / The Untold Story Of Hengshui School
21285,This Is Not Your House
21286,Dig Bombers
21287,Way Walkers: University
21288,Zombie Clicker Defense
21289,Kyoto Colorful Days
21290,The Forest Quartet
21291,老板，游戏凉了！- Game Company Simulator: Back To 2000
21292,Not So Middle Ages
21293,A Ton Of Feathers
21294,Golden Hornet
21295,Star Wars: Dark Forces Remaster
21296,Zom Nom
21297,Incremental Factory
21298,Beyond The Mountains
21299,Ok/Normal
21300,Curse Crackers: For Whom The Belle Toils
21301,Curse Of The Dungeon
21302,Yacht Mechanic Simulator
21303,Survival Odyssey
21304,Directive Nine
21305,Hill Agency: Puritydecay
21306,Into The Depths Below
21307,Scp Foundation: Ittlg - Chapter 1
21308,Date Of Death: Origin
21309,√Letter - Root Letter -
21310,Deepest Chamber: Resurrection
21311,Captain Clive: Danger From Dione
21312,End Gate - The Last Passenger
21313,Dragon Fury Vr
21314,Roll
21315,Kuroba
21316,Christmas Adventure: Candy Storm
21317,Fishman
21318,Aladin & The Enchanted Lamp
21319,"Dance Like A Butterfly, Shot Like A Bee!"
21320,Lost To Riches
21321,Elven Legacy: Magic
21322,Kao The Kangaroo (2000 Re-Release)
21323,Bopp File
21324,Minos Strategos
21325,Magvigor
21326,Freddy Frog 2
21327,Story Of A Gladiator
21328,Security Guy Vs Ai: The Dawn Of Ai
21329,Tumble Toys: Aviation
21330,The Great Divide
21331,Heart And Seoul
21332,Miner Warfare
21333,Score A Goal 2 (Physical Football)
21334,The Case Of Maneki
21335,Ragna Maya
21336,Evil Hazard
21337,Survivor Story: The Apocalypse
21338,Wrestling Revolution 2D
21339,Senran Kagura Reflexions
21340,Secret House | 秘密房间 | 秘密の部屋
21341,Ginga Kagekidan - 放課後くるーずっ！
21342,Waifu Club - Azumi
21343,Effigy : The Descent
21344,The Fear Island
21345,Cube Life: Island Survival
21346,Cooking Companions
21347,Gem Worlds
21348,2076 - Midway Multiverse
21349,Labrat
21350,Weekdays
21351,Train Town
21352,Bascatball Jupiter: Basketball & Cat
21353,Wulverblade
21354,Epic Jump!
21355,A Fascinating Story : Wedding Night
21356,Edwardo
21357,Dream Of Salmon
21358,10Minutes
21359,Wrestlequest
21360,Airmen
21361,Karakuru
21362,Water Rain
21363,Zipp'S Café
21364,创世-修真录
21365,Save The Furries
21366,Robo Do It
21367,Achromatic
21368,Now Testing: 407
21369,Problemlöser
21370,Emergence
21371,"Lady Of Bones, A Mother'S Legacy"
21372,Arsilon
21373,Intergalacto-1
21374,Drifting Lands
21375,Chainz 2: Relinked
21376,Combat Mission Shock Force 2
21377,Ancient Worlds: Egypt
21378,The Man Came Around
21379,Arcaxer
21380,Citizens: On Mars
21381,Fluffy Milo
21382,Alien Life Lab
21383,Astra Protocol 2
21384,Son Of Nor
21385,Tennis Elbow 4
21386,A Dream For Aaron
21387,The Bard'S Tale Iv: Director'S Cut
21388,Predator Simulator
21389,The Fallen Kingdoms
21390,Disney Princess: My Fairytale Adventure
21391,Unhack
21392,The Ranch Of Rivershine
21393,Piero'S Pilgrimage
21394,Mega City Force
21395,Ultra Bushwick
21396,To Hell With The Ugly
21397,Win The Game!
21398,Sylphy And The Sleepless Island
21399,Whats Wrong With Me?
21400,Finding Anastasia
21401,Keeper- The Hunter Of Insects
21402,Run For Cover
21403,The Little World
21404,Mad Combat Marines
21405,Colony : Part I The Moon Castle
21406,Alone In The Crowd
21407,Twogether: Project Indigos Chapter 1
21408,Revizor
21409,The Hopebringer
21410,Parliament - Parlement
21411,Hanger World
21412,Mirador
21413,Number Guesser
21414,Tribexr Dj School
21415,The Light Brigade
21416,Fruit Salad
21417,Isekai Succubus ~My Genderbent Saga In Another World~
21418,The Mystery Of The Planet Venus
21419,Rouge Tank
21420,Demonlisher
21421,Quantum Replica
21422,Pro Fishing Simulator
21423,Powerbeatsvr - Vr Fitness
21424,Sanri
21425,Clandestinity Of Elsie
21426,[Chilla'S Art] Onryo | 怨霊
21427,Red Ops Arcade
21428,Dungeoneer
21429,Asa: A Space Adventure - Remastered Edition
21430,Bandit Kings Of Ancient China
21431,1/2 Red Riding Hood
21432,Movafort
21433,Terres
21434,Creas
21435,Band Of Outlaws
21436,Hood Warfare
21437,Heroes Of A Broken Land
21438,Knockout League - Arcade Vr Boxing
21439,Lost Artifacts - Ancient Tribe Survival
21440,Survivalz Battlegrounds
21441,Storage Dealer Simulator
21442,Hidden Lands - Spot The Differences
21443,Nutty Motorcars
21444,Icarus.1
21445,Cs Diamantes Pipas Pc : Jogo De Pipa
21446,Chorus Of The Night
21447,Scathe
21448,Dead Hospital
21449,Space Wave Race
21450,Hypertros
21451,Lantern Of Worlds - Layla'S Quest
21452,Falling Blocks
21453,Idle Evolution
21454,Prison Boss Vr
21455,Deliver Us From Evil (Dufe)
21456,Project Temporality
21457,Solar Settlers
21458,1943 Berlin Blitz
21459,The Mystery Of The Moon
21460,Galactic Landing
21461,Girl Jigsaw 2
21462,Black Chapter
21463,Above - Vr
21464,Next Hand Master
21465,Heroes Of Myths - Warriors Of Gods
21466,Turtle Champs
21467,Inmind 2 Vr
21468,Lost In The Forest
21469,Crazy Fishing
21470,Middle East Empire 2027
21471,Bdsm: Big Drunk Satanic Massacre
21472,One Hundred Ways
21473,Diefrosty
21474,Spectating Simulator The Racing
21475,Valentine'S Day Griddlers 2
21476,Adventurezator: When Pigs Fly
21477,Waves 2: Notorious
21478,Frip And Froop'S Logical Labyrinth Dx
21479,Teamtower
21480,Paws & Effect: My Dogs Are Human!
21481,G-Senjou No Maou - The Devil On G-String
21482,The Dark Gift
21483,Don Bradman Cricket 17
21484,Alien 911 Prologue
21485,Fireworks Simulator: Realistic
21486,Terra Mystica
21487,Lost Grimoires 3: The Forgotten Well
21488,Back To The Future: Ep 3 - Citizen Brown
21489,Armor Clash Ii
21490,Brainpipe: A Plunge To Unhumanity
21491,Maya Treasures
21492,The Orphan
21493,Hoverkitty: Hoververse
21494,Sands Of Aura
21495,Aethernaut
21496,The Tram Of Wishes
21497,The Chaput'S Baby
21498,A Normal Home İn Ohio
21499,大老爷
21500,1001 Jigsaw American Puzzles
21501,Lv99: Final Fortress
21502,Redrum Hotel
21503,18 Wheels Of Steel: Convoy
21504,Evolution Planet: Gold Edition
21505,Marvin'S Mittens
21506,Cardinal Cross
21507,Conflict 3048
21508,Storm
21509,Tilesweeper
21510,Conga Master
21511,Bullet Heaven 2
21512,Loco Motive
21513,Balancelot
21514,The Succession Of Changing Kings
21515,風色幻想6:冒險奏鳴
21516,Maze
21517,Inside The Code
21518,Bannermen
21519,Street Arena
21520,Deadstep
21521,Screenbits - Screen Recorder
21522,Eiyu*Senki Gold – A New Conquest
21523,Unfinished - An Artist'S Lament
21524,The Adventures Of Linshanhai - Chapter3:The Headless Woman
21525,东方十昊狱 ～ Hella Dazzling Hell!!
21526,Marine Park Empire
21527,The Game
21528,You Are Weak
21529,Agtnan: Monster Shutdown Sequence
21530,Tiger Fighter 1931 Tora!Tora!
21531,"Mummy, Mummy, Mummy!"
21532,Battle Simulator
21533,Trapped In The Forest
21534,Tears Of A Dragon
21535,Druta-Cinta
21536,Kamikaze Kommittee Ouka 2
21537,Without Within 2
21538,Grizzland
21539,Bloxs
21540,Everstopped
21541,Chaotic Pursuit
21542,Castle Morihisa
21543,Bomb Sweeper - Mine Finder
21544,The Wall
21545,Lambda End Theory
21546,Gladius | Gladiator Vr Sword Fighting
21547,The Lost Legends Of Redwall: The Scout Anthology
21548,Chronicles Of Mystery: The Scorpio Ritual
21549,Quiet Dan
21550,"Bear, Vodka, Fall Of Berlin!"
21551,Schizm: Mysterious Journey
21552,Witch Stone
21553,Paranormal Cleanup
21554,The Great Deer
21555,Travel Fanz
21556,İbli̇s2:Sorcery
21557,Akumi Wars
21558,Ocean Rift
21559,东方修仙传
21560,Echo Generation: Midnight Edition
21561,The Mystery Of Devils House
21562,Farm Frenzy 3
21563,Yet Another Snake Game
21564,Ghost Pirates Of Vooju Island
21565,Dracula Vs The Ninja On The Moon
21566,Forest Of Fear
21567,Night Of The Dead Simulator
21568,Meg'S Monster
21569,The Citizen
21570,Шпмл5 (Shpml5)
21571,Frauki'S Adventure!
21572,Alphadia Genesis
21573,Wall Street Tycoon
21574,Survival Quiz City
21575,John:Condemned
21576,Fuga: Melodies Of Steel
21577,Escape Game
21578,Many Bricks Breaker
21579,Monochrome Order
21580,Mouseventures
21581,Enyo Arcade
21582,Snail Racer Extreme
21583,101010
21584,Recall
21585,Hack_It
21586,Big Journey To Home
21587,Islands & Trains
21588,F.E.X (Forced Evolution Experiment)
21589,Defense Technica
21590,Neopunk
21591,Lingo
21592,Stacker
21593,Xel
21594,Myth Or Reality: Snowbound Secrets Collector'S Edition
21595,Ultima Adventum
21596,Warcos
21597,Feeble Origins: Path Of A Hero
21598,Enemy Remains
21599,Sonokuni
21600,Cally'S Trials
21601,Looking Back
21602,Weaving
21603,Sok
21604,Deep 8
21605,Xmoon
21606,Neon Racer
21607,Inescapable
21608,Mazes And Mages
21609,Flymanmissile
21610,"Luckily, My Arm Is A Shotgun"
21611,Mage Vr -Mini Version-
21612,Just Another Night Shift
21613,最后的送别
21614,Viking Brothers
21615,The Bond
21616,Empathy: Path Of Whispers
21617,Dragon Quest Builders
21618,Puzzle Monarch: Vampires
21619,Arida: Backland'S Awakening
21620,Everyday Golf Vr
21621,Air Twister
21622,Pixel Puzzles Junior Jigsaw
21623,Talk To Strangers
21624,Warside
21625,Idigging
21626,Boom
21627,Towerclimb
21628,Fallen Times
21629,Edengate: The Edge Of Life
21630,Neko Arena
21631,Harald: A Game Of Influence
21632,Camper Jumper Simulator
21633,Anime Otaku Girl 二次元宅女
21634,Fenix Rage
21635,Pudding: Lyre Knight
21636,Star Shaman
21637,Mardori
21638,Max Payne Ru
21639,Nobody Knows
21640,Strange Encounter
21641,Shashingo: Learn Japanese With Photography
21642,Status One
21643,Dream'S Reach: Village Of The Gods
21644,How
21645,Annals Of Rome
21646,Salamander County Public Television
21647,Zhulik.Exe
21648,Dark Times
21649,Aim God
21650,Sarah In The Sky
21651,Brother Wake Up
21652,The Last Of Waifus
21653,Millennium 5 - The Battle Of The Millennium
21654,Co-Op Crunch
21655,A Sirius Game
21656,Swords And Sandals 5 Redux: Maximus Edition
21657,Vay
21658,Disillusion
21659,Darkest Hunters
21660,Flippin Misfits
21661,Cast & Spell
21662,Idle Hero Siege
21663,Treasure Hunter Man 2
21664,Legions Of Ashworld
21665,Firescout
21666,Nova Wing Ii
21667,Echo Grotto
21668,Creo God Simulator
21669,Puzzle: Underwater World
21670,闲置神话
21671,Kraken Academy!!
21672,Timetekker
21673,Creepy Forest
21674,Gori: Cuddly Carnage
21675,Charlie The Roach
21676,Pocket Lint
21677,Ord.
21678,Cosmotroid
21679,Sky Noon
21680,Vagrus - The Riven Realms: Demo (Prologue)
21681,Rwby: Arrowfell
21682,The Three Kingdoms: The Tales Of Jian An
21683,Hard Minus Classic Redux
21684,【Scp】器関ノ彷徨 -The Will Of A Single Tale- 第１部
21685,Before Sunset 台山
21686,I'M From Area 51
21687,Room Of Depression
21688,Putt-Putt And Pep'S Balloon-O-Rama
21689,Red Comrades 3: Return Of Alaska. Reloaded
21690,A.I.Liens
21691,Blue Fencer Resurrection
21692,Dangerous
21693,The Good Life
21694,Mcspace Colosseum
21695,Sabotage 1.0
21696,Seal Of Evil
21697,70 Seconds! Adventure
21698,Floodcore
21699,Isles Of Yore
21700,Persian Nights 2: The Moonlight Veil
21701,Nothing To Remember
21702,Demon Peak
21703,Pandemic Bunny
21704,Until None Remain: Battle Royale Pc Edition
21705,Soul Searching
21706,Arcante
21707,失忆者的终章（The Amnesiac：Final Chapter）
21708,Inn Of Eight Horizons
21709,Grimoire : Heralds Of The Winged Exemplar (V2)
21710,Final Frontier
21711,Heat Guardian
21712,Zwei: The Ilvard Insurrection
21713,Fruit Mess
21714,Bit Dungeon+
21715,Angry Arrows
21716,Cyberhive
21717,Citydriver
21718,This Rain Will Never End - Noir Adventure Detective
21719,Wren'S Resurgence
21720,2048
21721,Hereticos Mr Lab
21722,H-Rescue
21723,Forestry 2017 - The Simulation
21724,Recontact London: Cyber Puzzle
21725,Time Drifter
21726,Mark-I: Mission Pilot
21727,Barista Simulator
21728,Yumsters 2: Around The World
21729,Sunrider 4: The Captain'S Return
21730,Museum Of Extravagance
21731,The Isle Tide Hotel
21732,Nobunaga'S Ambition: Reppuden With Power Up Kit
21733,Jetpin
21734,Runeyana
21735,Beyond Space Remastered Edition
21736,Damien
21737,Phobos Project
21738,Fog
21739,Dark Lore Mysteries: The Hunt For Truth
21740,The Island: Into The Mist
21741,Tv Kid
21742,Smart Cube
21743,Tales Of Spark
21744,Rome In A Day
21745,Nanoapostle
21746,Another Warfare
21747,Ragmonton Endless For Save Indie Game
21748,Balls Mania!
21749,Achievement Idler: Red
21750,Five Dreams
21751,Organs Please
21752,Yotsume God -Reunion-
21753,Dokimon Quest
21754,Dawn Of The Dragons: Ascension
21755,Tisnart Tiles
21756,Technicity
21757,Ghost Stories
21758,Idle Portal Guardian
21759,Fruit: Chain Effect
21760,I Commissioned Some Bees
21761,Acceleration Of Suguri X-Edition Hd
21762,Vividlope
21763,Chaos Town
21764,Airstrife: Assault Of The Aviators
21765,Alien Escape
21766,Infernhells: A Divine Comedy
21767,Endura
21768,Antonball Deluxe
21769,Poly Party
21770,群星战纪: 最终防卫线 - Stars Era: The Final Defence
21771,Spork: The Manic Utensil Storm
21772,World End Economica Episode.02
21773,Max Twist
21774,Goblintown: Really Hard Driving Game
21775,Stellar Warfare
21776,Killbug
21777,Tug
21778,Cannon Jump
21779,Think Of The Children
21780,Cave Quest
21781,Bullet Time
21782,The Joylancer: Legendary Motor Knight
21783,Endorfire Tower Defense
21784,Wob
21785,911 Emergency Manager
21786,Rise Of Ages
21787,Sandbox Anything
21788,Sclera
21789,Iron Guard
21790,惊魂日记 Frightdiary
21791,Stratego - Single Player
21792,Chinbu'S Adventure
21793,Everest Vr
21794,Electron Flux
21795,Fulfillment
21796,Return To Zork
21797,Chance At Life
21798,Replay - Vhs Is Not Dead
21799,Chick Defender
21800,Sticker Craft
21801,Zombie Grinder
21802,Project Elysium
21803,Aipd - Artificial Intelligence Police Department
21804,Way To Yaatra
21805,Xuan-Yuan Sword: Dance Of The Maple Leaves
21806,Through The Edges
21807,Coffin Rot Brewing Co.
21808,Pivot Xl
21809,Marble Land
21810,Just Jump
21811,Pirate'S Gold
21812,Open Hexagon
21813,Simon The Sorcerer: 25Th Anniversary Edition
21814,Screwup
21815,Unsolved Case: Killer Popularity Collector'S Edition
21816,Onlyrun
21817,Figure Adventure
21818,Stick Em Up
21819,Last Chick - 最後のひよこ
21820,Snowballed: Crazy Downhill
21821,Lost Bazaar
21822,Autochess Of Gensokyo
21823,Taskforce: The Mutants Of October Morgane
21824,One Armed Bandit
21825,Lotus-Simulator
21826,Parhelion
21827,Jetpack Kiwi
21828,The Seeker
21829,Space Waves
21830,Língua
21831,Labyrinth Of Touhou - Gensokyo And The Heaven-Piercing Tree
21832,Love In The Glen
21833,H-Sniper: Middle East
21834,Sunset Hills
21835,Forward: Escape The Fold - Ultimate Edition
21836,Grapplewell
21837,Game Tube ♛
21838,Frontline: Western Front
21839,乡间
21840,Machinicide
21841,Tsundere Milfin
21842,Kingsim
21843,Change The World
21844,Mystery Case Files: Return To Ravenhearst
21845,Kobold: Chapter I
21846,Draw
21847,Chronobreach
21848,Runout
21849,Forgive Me Father 2
21850,Rain Of Reflections: Set Free
21851,Internal Storm
21852,Ethereal
21853,Dread X Collection 3
21854,"Guns, Blocks, And Steel"
21855,Trivia Vault: 1980'S Trivia
21856,Knuckle Sandwich
21857,Tank Sudoku
21858,Melting Hearts: Our Love Will Grow 2
21859,Trial Of The Towers
21860,Norr Part I: Ace Shot
21861,月夜赞歌 Melody In The Moonlight
21862,Trivia Vault: Classic Rock Trivia
21863,Nine-Tailed Okitsune Tale
21864,Pirate Hell
21865,The Dream Collector
21866,Major\Minor
21867,Proto Raider
21868,Speedrun
21869,Desert Mercenary Corps
21870,Sam & Max 201: Ice Station Santa
21871,To The Death
21872,Spellsword Cards: Demontide
21873,Kao The Kangaroo
21874,Treasure Temples
21875,Crazy Chicken Xtreme
21876,Unbinary
21877,Ethereal Fracture
21878,The Space Between
21879,Grove Grown Guardians
21880,Bo020880
21881,Goblin And Coins
21882,Puzzle Box
21883,Jump Heroes
21884,The Many Pieces Of Mr. Coo
21885,Drainlive
21886,2030
21887,Maze: Subject 360 Collector'S Edition
21888,Chernobyl: Origins
21889,Ministate
21890,Evolo.Mine
21891,Gladiator Manager
21892,Zombies Must Die
21893,Beanvr—The Social Vr App
21894,Dragon Audit
21895,Puzzle Game For Kids
21896,筮灵 Shiling
21897,Shooting Hurts
21898,Dodgeball Academia
21899,Cozy Blocks: Undersea Adventure
21900,7 Roses - A Darkness Rises
21901,Snake Pit
21902,Country Bumpkin Yutaka
21903,Majestic Nights
21904,バグだらけの町
21905,Water Ball
21906,Second Warfare
21907,Grandfather Simulator
21908,Pretty Agent
21909,Star Knight: Order Of The Vortex
21910,Into The Pit
21911,Bad Rats Show
21912,Mira And The Mysteries Of Alchemy
21913,Silicon Zeroes
21914,Sacrifice Your Friends
21915,Timeloop: Sink Again Beach
21916,Hero And Daughter+
21917,Without Romance
21918,Good Robot
21919,The Amulet Of Amunrun
21920,Holy Potatoes! What The Hell?!
21921,Cardfight!! Vanguard Dear Days 2
21922,Forbidden Love With The Ghost Girl
21923,Light Of Altair
21924,Flower Design
21925,Birds Aren'T Real
21926,Trap Shrine
21927,Survival Rpg: The Lost Treasure
21928,Doll Grabber
21929,#Snake2 Dx: Reawakening
21930,Gaslamp Cases: The Deadly Machine
21931,Pixel Car
21932,Fibrillation Hd
21933,Gobligeddon
21934,Moorhuhn (Crazy Chicken)
21935,Larger Than Light
21936,Skoof Simulator
21937,Under Leaves
21938,Tank War Nexus
21939,The Rising Of The Shield Hero : Relive The Animation
21940,Sinkr
21941,Lighthouse Of Guiding Flames
21942,Caedes
21943,The Patient
21944,Perceptions Of The Dead
21945,传奇世界之仗剑天涯H5
21946,Socialism Simulator
21947,The Red Hood
21948,Asemblance
21949,Door In The Woods
21950,Sedomairi / せどまいり
21951,Hell
21952,Her World
21953,Rheum
21954,Theofil
21955,Meltys Quest
21956,Pahelika: Revelations
21957,Hide And Secret Treasure Of The Ages
21958,Sound Of Drop - Fall Into Poison -
21959,Data Rot
21960,Star Seeker In: The Secret Of The Sorcerous Standoff
21961,We Are Doomed
21962,Sylia
21963,My Name Is You And It'S The Only Unusual Thing In My Life
21964,Umihara Kawase
21965,Andromeda 2 Zombies
21966,Herbalist Simulator
21967,Anodyne 2: Return To Dust
21968,3D Custom Lady Maker
21969,Sprint Vector
21970,No Creeps Were Harmed Td
21971,Potentia
21972,Battlegun
21973,Adventure Galaxy
21974,Do No Harm
21975,Sid Classic
21976,Robot Invasion
21977,Puzzle With Your Friends
21978,Heaven'S Hope - Special Edition
21979,Anti-Bully Adventure
21980,Brilliant Shadows - Part One Of The Book Of Gray Magic
21981,Merge & Blade
21982,Margot'S Word Brain
21983,Marle: The Labyrinth Of The Black Sea
21984,Little Sim World
21985,Best Game Eu
21986,Titans Pinball
21987,Traffic Giant
21988,Archer'S Story
21989,The Trader
21990,Can'T Drive This
21991,Crescent Hollow
21992,A Special Place In Hell
21993,Pacer
21994,Queen'S Quest 5: Symphony Of Death
21995,[Chilla'S Art] Jisatsu | 自撮
21996,Forbidden Zone
21997,Closer To Home
21998,Gulu
21999,Fool'S Paradise
22000,My Tribe
22001,Crowd Sign: Emission
22002,Unpossible
22003,Z: The End
22004,Electroquest: Resistance Is Futile
22005,Mortal Decay
22006,Free Solitaire
22007,Eastwind Adventures: Chapter 1
22008,Contort Effect
22009,绝命游歌
22010,Woof Blaster
22011,Color By Number - Medieval Portrait
22012,Forever Space: First Person Edition
22013,The Harem Life Of Peerless Swordsmen
22014,Darkest Of Days
22015,Goat'S Tale (Classic)
22016,Torecower
22017,Serin Fate
22018,Ettrian - The Elf Prince
22019,Club Life
22020,Destination Primus Vita - Ep. 1
22021,Into The Void
22022,Uru: Complete Chronicles
22023,Abasralsa
22024,Shards Of Nogard
22025,Oblitus
22026,Ashes Of Kanaka
22027,The Hospital Of Fear
22028,Roaming The Stars
22029,Alchemist'S Awakening
22030,My So-Called Future Girlfriend
22031,Marlon’S Mystery: The Darkside Of Crime
22032,Gunbot Diplomacy
22033,Gal*Gun Vr
22034,Oakwood
22035,Food Bomber
22036,A Tractor
22037,Obsession
22038,Nanairo Reincarnation
22039,Knight Adventure
22040,Robinson Crusoe And The Cursed Pirates
22041,Deathtrap Dungeon
22042,Static
22043,Code Brown: A Game About Pooping
22044,Rest House
22045,Ares Virus2
22046,Mahjong Magic Journey 3
22047,The Cabin: Vr Escape The Room
22048,Spacecraft Tactics
22049,Fly Destroyer
22050,Loretta'S Brand-New Job
22051,Smash It
22052,Indecision.
22053,Aripi
22054,Finding Frankie
22055,Land Of Chaos
22056,The Adventures Of Nick & Willikins
22057,Dream Swing
22058,Monkey King Simulator -- Chapter Huaguo Mountain
22059,Chesskoban - Chess Puzzles
22060,The Enigma Machine
22061,Bomber Command
22062,Arcane Maelstrom
22063,Ramayana
22064,Lattice Dancer
22065,Get Together: A Coop Adventure
22066,Mottia - The Gem Hunters
22067,Raid!
22068,Kingdom Of Atham: Crown Of The Champions
22069,Bear Haven Nights
22070,Grave Of The Petrified
22071,Collective: The Community Created Card Game
22072,Farming Giant
22073,Masquerade Of Miasma
22074,The Haunted House Of Doom
22075,Paths & Danger
22076,Eight
22077,Murder Diaries 3 - Santa'S Trail Of Blood
22078,Deck Casters
22079,Spectrum
22080,The Last Shot
22081,That Which Gave Chase
22082,The Withering
22083,Bot Battles
22084,Birchian Flight Simulator
22085,焚魂之梦
22086,Omniblast
22087,Pangea
22088,Monads
22089,Ambulance Life: A Paramedic Simulator
22090,Senza Peso
22091,秘密舞会
22092,Project: R.E.B.O.O.T
22093,Super Space Serpent Se
22094,Quiet Godo
22095,Bios
22096,Hero For Hire
22097,Grand Strokers
22098,Echelon: Wind Warriors
22099,Mr.Addon In Sulpicius Gallus M
22100,Sono
22101,Comit The Astrodian
22102,Heretical
22103,Cafe Owner Simulator
22104,Sourvr Video Player
22105,Coin Factory
22106,Survival Is Not Enough
22107,Generation Streets
22108,Heat Death: Survival Train
22109,Furry Shakespeare: Dashing Dinosaurs & Sexy Centaurs: Winter'S Tale
22110,The Blind Prophet
22111,Fighting Ex Layer
22112,Bomb Riders
22113,Backstab
22114,Super Street: The Game
22115,Suffer The Night
22116,Miner Vidis
22117,18Hell:Lost
22118,Jingor 2048
22119,Particle Accelerator
22120,Tale Of Alamar
22121,Rise Of Gun
22122,Failure Simulator
22123,Sixide
22124,Breaking Box
22125,Call Of Bitcoin
22126,Bloodroots
22127,Realm Of Cubes
22128,Splinter Zone
22129,Strid
22130,Dead End Exit 8
22131,Fear The Spotlight
22132,Total Lockdown
22133,Golden Krone Hotel
22134,The Cameron Files: The Secret At Loch Ness
22135,"Nancy Drew Dossier: Lights, Camera, Curses!"
22136,Software Engineering Course / Informatyka - Zrozum I Zaprogramuj Komputer
22137,D.A.R - Deadly Alien Rogues
22138,Trap Legend
22139,Puzzle: Ultimate
22140,Aether Collector
22141,Childhood Grocery 辣条杂货店 学校小卖部 :令人感动的童年回忆，经典策略模拟经营解密
22142,Backrooms: New Gate
22143,Cyber Rider
22144,Dark Past
22145,Puzzle Dating
22146,Back To The Future: Ep 4 - Double Visions
22147,Demons Of Asteborg
22148,Troll Patrol
22149,Threads Of Destiny
22150,Slam Bolt Scrappers
22151,Traptionbakery
22152,Tabletop Soccer
22153,Helper Cat
22154,Mavi'S Journey
22155,The Fernweh Saga: Book One
22156,Rotatex 2
22157,Oneiros
22158,슬픈 가족사 - 산장으로부터의 탈출
22159,My Cat Girl Lover
22160,Chop Is Dish
22161,Scarab Tales
22162,Ugmania
22163,Alchemist Adventure
22164,Pixplode
22165,Gamma Bros
22166,Farm Frenzy
22167,Rise Of The White Sun - 白日升
22168,Playing God
22169,Antirocketh
22170,Heartshot
22171,Brain Games
22172,Jenga Cat
22173,Zahalia
22174,Discord Bot Builder
22175,Captain Kaon
22176,Henchman For Hire
22177,Infinity Saga
22178,Infinity Runner
22179,Mummy Sandbox
22180,Eiyu*Senki – The World Conquest
22181,Legend Of The Master Baiter
22182,Forsaken Isle
22183,Endings
22184,乔乔的铁拳 Joe'S Fists
22185,Dudes On A Map: Virtual Grid Paper
22186,Fat Mask
22187,Heaven And Hell
22188,Garden Of Eden
22189,Soulflow
22190,Unmoor
22191,Monster Energy Supercross - The Official Videogame 5
22192,Romancing Monarchy
22193,Blake And Mortimer: The Curse Of The Thirty Denarii
22194,Iko 39
22195,Gonner2
22196,降妖神兵
22197,The Legend Of Heroes: Zero No Kiseki Kai
22198,Save Halloween: City Of Witches
22199,Corsairs Legacy - Pirate Action Rpg & Sea Battles
22200,Immersion Chess
22201,Cows Vs Vikings
22202,The Church In The Darkness
22203,The Last One
22204,Plant Tycoon
22205,Skull Head World
22206,Land Of Puzzles: Knights
22207,Bascatball Saturn: Basketball & Cat
22208,8/8/88 Needle Al
22209,+1%
22210,Their Radiance
22211,Space Bear
22212,World War 2: Strategy Simulator
22213,Victory Heat Rally
22214,Robin'S Island Adventure
22215,Dead But Alive! Southern England
22216,The Dwarf Run
22217,Falling Words
22218,Train Travel Simulator
22219,Forces Of Ether
22220,Mutant Gate
22221,Atom
22222,Sentinels Of Freedom
22223,Reborn Souls
22224,Calendula
22225,Archibald
22226,Charming Hearts
22227,Vlad The Impaler
22228,Handsome Mr. Frog
22229,Oracle Trials
22230,Fear For Freedom
22231,Mirage Online Classic
22232,The Quantum Conflict
22233,Road Defense: Outsiders
22234,Filter World
22235,Samara
22236,Paws - A Shelter 2 Game
22237,Tic Tac Toe Lounge
22238,12 Bananas
22239,Higurashi When They Cry Hou - Ch.3 Tatarigoroshi
22240,Mechanism
22241,Cmd 2048
22242,Jq: Countries
22243,Easy Puzzle: Animals 2
22244,Симулятор Сидения У Подъезда
22245,Operation Abyss: New Tokyo Legacy
22246,Space Travel Jigsaw Puzzles
22247,Overheat
22248,Magic Pixel Picross
22249,Sweet F. Cake
22250,Sakura Succubus 3
22251,Madness
22252,Quiplash 2 Interlashional
22253,Race
22254,Skylife: Voxelsurvival
22255,Temporality
22256,Daedalic Complex
22257,Nordlicht
22258,Sutekina Kanojo No Tsukurikata
22259,The Radiants
22260,Arena
22261,The Monster Mole
22262,Phantasy Star Iv: The End Of The Millennium
22263,Colonials Programme
22264,Sunderfolk
22265,Ai2U: With You 'Til The End
22266,In The End
22267,Jump Off The Bridge
22268,She Who Rises
22269,Potato Flowers In Full Bloom
22270,Santa Claus In Trouble (Hd)
22271,Them Bombs
22272,Find All 3: Travel
22273,Alchemic Dungeons Dx
22274,Ecco The Dolphin
22275,Past Cure
22276,Trivia Vault: 1980'S Trivia 2
22277,Clannad Side Stories
22278,Small Town Robot
22279,Crossfire: Sierra Squad
22280,Winter Winds
22281,Void Pulse
22282,Vacation Adventures: Park Ranger 6
22283,Comit The Astrodian 2
22284,Mini Settlers
22285,Catching
22286,Goblins With Guns
22287,Pandemic Love
22288,It'S Quiz Time
22289,Hua Mulan: A Chinese Learning Adventure
22290,Norega
22291,Backyard Brawl
22292,Fight Of Steel: Infinity Warrior
22293,Cpt.Balloney - Painful Days At Home
22294,Crisis Vrigade
22295,123 Slaughter Me Street 2
22296,€100
22297,Dawn Of War Ii: Retribution – The Last Stand
22298,Platform Builder
22299,Trolls Vs Vikings: Reborn
22300,Azkend 2: The World Beneath
22301,Spark Five
22302,Valley Of Decay
22303,Coridden
22304,Frogstatue
22305,ライブピクト
22306,Now I Am There
22307,Lost Nova
22308,Drive On Moscow
22309,Dw
22310,Dream Catchers
22311,Tales Of Lagoona 2: Peril At Poseidon Park
22312,Forge Squad
22313,Idle Cooking Emperor
22314,Towtruck Simulator 2015
22315,Doctor Who: The Edge Of Time
22316,Unhappy Ever After
22317,Hallucination - 幻觉
22318,A Pretty Odd Bunny
22319,Reign Of Dwarf
22320,Castle Of Pixel Skulls
22321,Game.Exe
22322,Terminal Singularity
22323,Deck Box Dungeons
22324,Subterrain: Mines Of Titan
22325,Pyramaze: The Game
22326,Wolf Tails
22327,Xi
22328,Port Royale 4
22329,Joe'S Diner
22330,Exovoid
22331,Ruthless Safari
22332,Raccoo Venture
22333,My Lovely Empress
22334,Spheroid
22335,Rogue Sweeper
22336,Safari Pinball
22337,Plight Of The Zombie
22338,Zhazari Vr
22339,Beside Myself
22340,World Basketball Manager 2010
22341,Whispering Flames
22342,"Save Me, Sakuya-San!"
22343,Obscure Chronicle Of Dynasty
22344,Dr.Pumpkin
22345,Escape Yourself
22346,Chacara
22347,The Chosen Warriors
22348,Super Blasting Boy
22349,Lost In The Backrooms
22350,Takenoko
22351,Freefly Burning
22352,New Yankee In King Arthur'S Court 2
22353,Dragon Drop
22354,Cybershoes
22355,Street Fighting Grandma
22356,Gazing From Beyond
22357,Farm Machines Championships 2014
22358,Cozy Space Survivors
22359,Lumber Island - That Special Place
22360,Escape Qinglong Mountain Re
22361,Tecroroid Assault
22362,Retro Classix: Heavy Barrel
22363,Garden Tale
22364,Dreamwalker: Never Fall Asleep
22365,The Two Thinkers
22366,Emoji Puzzle Action - Codename: Mankun
22367,Pixel Hunter
22368,Look Inside - Chapter 1
22369,Last Defenders
22370,100 Seconds
22371,Project Unirah
22372,Drum Simulator
22373,Mars Mirage
22374,Skipchaser
22375,Horror School Story
22376,Make Me Lag
22377,Balls And Dungeons
22378,Roots Of Insanity
22379,Creepy Castle
22380,Zeus Quest Remastered
22381,卡牌游戏
22382,Tower Attack
22383,Uglydolls: An Imperfect Adventure
22384,Clazer
22385,Walhall
22386,Catch & Release
22387,Hammer Of Pain
22388,Dark Past Darker Future
22389,Within Whispers: The Fall
22390,Monster Girl Saga: Fallen Heroes
22391,Abracadabrew : Prologue
22392,Yatagarasu Attack On Cataclysm
22393,Mindhack
22394,Magika Land Of Fantasy
22395,Depths Of Limbo
22396,Caliper
22397,Smooth Operators
22398,Stay Dead Evolution
22399,Maitetsu
22400,Corporate Suck Up
22401,Turbo Sliders Unlimited
22402,Squad 51 Vs. The Flying Saucers
22403,Tyrant'S Blessing
22404,3Dsunshine
22405,Arma: Cold War Assault Mac/Linux
22406,Icaria
22407,Finding The Soul Orb
22408,Shoot On Sight
22409,Settlemoon
22410,Crazy Santa
22411,Rollingsky
22412,Mate
22413,Sam & Max 202: Moai Better Blues
22414,Mu Cartographer
22415,Gachi Heroes 2: Flexboll
22416,Vamp Night
22417,Tower Of Mask
22418,Skill Up!
22419,Man I Just Wanna Go Home
22420,Love 2: Kuso
22421,6.0
22422,Blame Him
22423,幻想曹操传 Fantasy Of Caocao
22424,The Graffiti Creator
22425,Crimson Memories
22426,World Of Cube
22427,The Soldiers Factory
22428,Check Vs Mate
22429,Please Knock On My Door
22430,Les Misérables: Cosette'S Fate
22431,Hogs Of War
22432,Avalon Legends Solitaire 2
22433,Seiga Kaku Uses Her Amazing Taoist Arts And Gives You A Life Lesson
22434,Racket Pinball
22435,Bug Killers
22436,King Of The Hat
22437,Two Die
22438,Wild Planet
22439,Toaster Defense
22440,Somber
22441,Retro Commander
22442,Squirrels Are Going Nuts
22443,Detective Hayseed - The Cloning Madness
22444,Around The World In 80 Days: Hidden Objects
22445,Yrek Lost In Portals
22446,Bepuzzled Puppy Dog Jigsaw Puzzle
22447,Wraith
22448,Gal*Gun Returns
22449,Breezeblox
22450,Titans Of Space Plus
22451,Reign Of The Succubus
22452,Grandiose
22453,Rogue Summoner
22454,Kaiju Big Battel: Fighto Fantasy
22455,Halt
22456,Flipping Death
22457,Secrets Of Egypt
22458,Along Together
22459,萌娘三国
22460,Flyvalny 20!8
22461,The D-T.E.A.M.
22462,Sinarun
22463,Endgame: Road To Salvation
22464,Pine Harbor
22465,Protoplasm-Mutiny
22466,Drakkon World Builder
22467,Tetraminos
22468,心塞男孩 Sadboy
22469,Linch
22470,Handball 16
22471,Boss Rush: Mythology
22472,Rikki & Vikki
22473,A Story Beside
22474,Wicce
22475,Everything Is Peachy
22476,Darkmatter: The Strange Messenger
22477,Bomb Dolls
22478,Loud: My Road To Fame
22479,Innerscape
22480,Cateau
22481,Square Rounds
22482,Conductor
22483,Keizudo
22484,Jeeps Offroad Simulator
22485,Midnight Fury
22486,Heatstroke
22487,Corona Sector
22488,Looking For Aliens
22489,Castle Chaos
22490,Mystery Case Files: The Black Veil Collector'S Edition
22491,The Last Tree
22492,Voyna
22493,Retro Classix: Srd - Super Real Darwin
22494,Curious Alice
22495,Fragmented Memories: Escape Room
22496,Disaster Area
22497,Radio Free Europa
22498,[Chilla'S Art] The Kidnap | 誘拐事件
22499,Proze: Prologue
22500,Golden Fall 2
22501,Hrs: Devil Game I
22502,Crimson Gray
22503,Proze: Enlightenment
22504,Bloodlust Shadowhunter
22505,Univocity
22506,Lore: Curse Of The Elemental
22507,A Planet Of Mine Legacy
22508,三国志奇侠传
22509,Nightdirge
22510,Pyrami Head
22511,Freakfield 2042
22512,Agricola Revised Edition
22513,Iseshima Mystery Annai: Itsuwari No Kuro Shinnjyu
22514,Frozen Synapse 2
22515,Nuclear Assault
22516,Tasty Planet Forever
22517,The Herem Saga (Anathema)
22518,Witches' Hallow
22519,Knights Of The Chalice
22520,Wells
22521,Runefall
22522,Karloman And His Iced Muffins
22523,Uvolley
22524,Rōa
22525,The Vaults Of Minos
22526,Meirin In Fists Of Fire
22527,Erophone:Re
22528,Shred! Remastered
22529,Desert Skies
22530,Soviet Bear Uni Adventure
22531,Velucity
22532,斩毒：罪与罚（Narcotics Police:Crime And Punish)
22533,Ghost Files 2: Memory Of A Crime
22534,Intergalactic Fishing
22535,Og Puzzlers: Winter 2K23
22536,Asia Empire 2027
22537,Corona Blossom Vol.3 Journey To The Stars
22538,We Are Stars
22539,Frontline Crisis
22540,Putridness Vr
22541,Vlad Circus: Descend Into Madness
22542,Last Day: Zombie Survival Vr
22543,Rainbow Duck
22544,Microsoft Allegiance
22545,Frag Grounds
22546,Burningbridges Vr
22547,御寇三世：星图
22548,The Deep Lost
22549,Dishwashing Simulator
22550,The Revenant Prince
22551,Hammerwatch Anniversary Edition
22552,Champions Of Chaos 2
22553,Spinning Around
22554,Desolatium
22555,Cable Guardian
22556,The Journey Back
22557,Kunoichi Demon Slayers
22558,Puppetnetik - Speedrun Challenge
22559,Arena 54 - Visual Novel Action Adventure
22560,Endless Furry Asteroids
22561,Last Soldier
22562,Elsewhere High: Chapter 1 - A Visual Novel
22563,War Of The Barrenlands
22564,Chornobyl Liquidators
22565,Joe Danger
22566,Cybershow
22567,Retrorange
22568,Gazzlers
22569,Mission Idle
22570,The Revival
22571,Most Correct Football Simulator
22572,Parryrobot
22573,The Cells
22574,Unleash
22575,Don'T Sink
22576,Radical Spectrum: Volume 2
22577,Slightly Heroes Vr
22578,36 Apples
22579,Cannibal Crossing
22580,Worlds Of Aria
22581,Hoguru Presents: The House With Too Many Zombies In It
22582,Solitaire - Cat Pirate Portrait
22583,Cranks And Goggles
22584,The Night Cafe: A Vr Tribute To Vincent Van Gogh
22585,Tanklike
22586,A Salem Witch Trial - Murder Mystery
22587,Anime Girls: Sun Of A Beach
22588,Rush For Gold: Alaska
22589,Narco Strike
22590,Achtung! Cthulhu Tactics
22591,Blocky Snake
22592,Impresja
22593,Fairy Fire - Defender Of The Fairies
22594,The Walking Vegetables
22595,The Sun Will Rise
22596,Stellar Overload
22597,Fine Sweeper
22598,Litecam Game: 100 Fps Game Capture
22599,The Awakener: Forgotten Oath
22600,Russian Prison Sport: Ochko
22601,Disastr_Blastr
22602,Best Plumber
22603,Cube-E
22604,Five Nights: No Escape
22605,Plinko Panic!
22606,乌鸦 - Crows
22607,Al Emmo'S Postcards From Anozira
22608,晴末置雨
22609,Rush For Gold: California
22610,It Hell
22611,Fruitalistic!
22612,Ancient World War
22613,Antagonist
22614,Gasnator
22615,Holiday Escape
22616,The Books Tale: A Hop Adventure!
22617,Otter Space Rescue
22618,Eschatos
22619,Universe For Sale
22620,Gravi
22621,A Healer Only Lives Twice
22622,Project Chemistry
22623,Piczle Lines Dx+Α
22624,Genghis Khan
22625,Amaze Dark Times
22626,Creator Adventure Legend
22627,Bingiman: Trap Ochido
22628,Immortal Heroes
22629,Maze 4D
22630,Lodestone -  The Crazy Cave Adventures Of Mad Stony Tony And His Encounter With The Exploding Rolling Stones
22631,Jericho Dungeon
22632,Player Non Player
22633,Mercenaries Saga 2 -Order Of The Silver Eagle-
22634,Dice And The Tower Of The Reanimator: Glorious Princess
22635,Meow Express
22636,Wildlife Park 2 - Dino World
22637,風色幻想5:赤月戰爭
22638,Save The Settlers
22639,Food Dream Factory 梦想的美食世界：研发美食开心制作糖果模拟经营养成
22640,Soul Survivor: Trials Of The Goddess
22641,Invasion: Lost In Time
22642,Art Plunge
22643,Lu Bu Maker
22644,Time Patrol
22645,Peregrin
22646,Crest - An Indirect God Sim
22647,Alice In Wonderland - Hidden Objects
22648,Spitlings
22649,撩妹模拟器：渣男的秘密
22650,Rampart Tactics
22651,Logic - Electrons Connect
22652,Kaze And The Wild Masks
22653,Mazepocalypse
22654,Hit N' Rush
22655,Parallyzed
22656,Island Wayfinder
22657,Mega Mall Story
22658,My Ten-Day Girlfriend
22659,Lingua Fleur: Lily
22660,Bomber Dudes
22661,Tumblefire
22662,The Secret Order 7: Shadow Breach
22663,Saga Scarlet Grace: Ambitions
22664,Let`S Not Stay Friends
22665,Outrage: Fight Fest
22666,Tank Battle: North Africa
22667,Arsenal Demon
22668,万界之塔 The Tower Of The World
22669,Tanks
22670,"Ciconia When They Cry - Phase 1: For You, The Replaceable Ones"
22671,God Hand
22672,Cats Make You Smarter!
22673,Things That Bounce And Explode
22674,Psionic
22675,Military Tanks
22676,Escape From Life Inc
22677,Guard Duty
22678,Bass Invaders
22679,Kolobok
22680,Simon The Sorcerer - Mucusade: 25Th Anniversary Edition
22681,Fargone
22682,Chop
22683,Bandit The Game
22684,Hood Rpg
22685,Endless Rpg: Random Map Generator For D&D 2024 And 5E
22686,余烬
22687,Toilet Management Simulator
22688,Lsd Dream Emulator: Vaporwave (Wanderlust)
22689,Time Trap 2 - Search And Find Objects Game - Hidden Pictures
22690,Self Gunsbase 2D History Shooter
22691,My Riding Stables: Life With Horses
22692,Turtle Vs. Portal
22693,Neon Snake
22694,Solar Shifter Ex
22695,Boom 2020
22696,Skool Daze Reskooled
22697,98Xx
22698,Circa Infinity
22699,Corpse58
22700,Bongo Arena
22701,Grilled
22702,Camp Sunshine
22703,Over The Void
22704,Magfighter
22705,Sangokushi Eiketsuden
22706,Hunters For Your Brain
22707,Fight Ascending
22708,Disney•Pixar Brave: The Video Game
22709,Iron Jaw
22710,Super Poop
22711,Rich Taste Of Ecchi
22712,Z-Exemplar
22713,War Beasts
22714,Bad Omens: 8Th Apartment
22715,Spock In The Dama Kingdom
22716,Knightin'+
22717,King Bullseye: Headshot Training
22718,Charterstone: Digital Edition
22719,Downward: Enhanced Edition
22720,Beware The Ghost
22721,Snafu
22722,Time To Parkour
22723,Safety First!
22724,Gjana'S World
22725,Chemists: Area Of Infection
22726,Aery - A New Frontier
22727,Ballad Of Solar
22728,Pollute & Conquer
22729,Conflict In Vietnam
22730,The Fabulous Fear Machine
22731,Memology: Goyda
22732,What Makes Us Special
22733,Jack Keane 2 - The Fire Within
22734,Slider
22735,Babba Yagga: Woodboy
22736,Yumeutsutsu Re:Master
22737,Mercenaries Saga 3 -Gray Wolves Of War-
22738,Island Of Challenge
22739,Antarctic Heritage Trust
22740,Clean Your Room
22741,War Of Bellrook
22742,Gnrblex
22743,8-Bit Adventures 1: The Forgotten Journey Remastered Edition
22744,Autocraft
22745,Undead Overlord
22746,Casino Slot Machines
22747,Limit Of Defense
22748,"Beyond Horror: Episode One, A Father'S Journey"
22749,Alien Hominid Hd
22750,Hyper Knights: Battles
22751,Mage World - The Wizard'S Stone
22752,Azoth & Ignis
22753,Unstoppable Hamster
22754,Shannon Tweed'S Attack Of The Groupies
22755,Calm Waters: A Point And Click Adventure
22756,Innercube
22757,Steam Prison
22758,The Scream
22759,Petit Game Collection Vol.1
22760,Illie
22761,Deep Ocean Rush
22762,Stockup
22763,三国英雄列传 (Legendary Heros In The Three Kingdoms)
22764,Zombie Rampage
22765,A.R.E.S. Extinction Agenda Ex
22766,Blackwood Crossing
22767,Sword Master Vr
22768,Tower Song
22769,Radio Violence
22770,Dead Mountaineer'S Hotel
22771,Pew Pew Puzzle Defense
22772,Trouble Hunter Chronicles: The Stolen Creed
22773,Holidays
22774,Happy Hotel
22775,The Ultimate Trivia Challenge
22776,The Consuming Shadow
22777,Expand
22778,Dark Shiny
22779,Perfect Gold - Yuri Visual Novel
22780,Mushroom Heroes
22781,Jay And Silent Bob: Mall Brawl
22782,Machines At War 3
22783,Morgan Lives In A Rocket House In Vr
22784,Europa Universalis Iii: Divine Wind
22785,Ringies
22786,Agos - A Game Of Space
22787,Mixing Ammos
22788,Coffee Shop Tycoon
22789,The Gap
22790,The Imagined Leviathan: Prologue
22791,Savage Halloween
22792,Exome
22793,Dorakone
22794,Love N War: Hero By Chance Ii
22795,Eschatology
22796,Tombstar
22797,The Light Of Summer
22798,Exodition
22799,Nobodies: Murder Cleaner
22800,The Misadventures Of Xenos
22801,Matchygotchy
22802,The Doorbreaker
22803,Vretired
22804,The 25Th Ward: The Silver Case
22805,The Cruise
22806,Dordogne
22807,Formula Bit Racing
22808,Conflicks - Revolutionary Space Battles
22809,We Must Praise Our Glorious Leader The Flumf
22810,Hidden Objects - The Mystery House
22811,Marcella Moon: Curse Of The Black Cat
22812,The Smurfs - Mission Vileaf
22813,West Of Red
22814,Rescue From Goblin Deep
22815,Probability 0
22816,Basketball Club Story
22817,Tic-Toc-Tower
22818,Balls Of Steel
22819,Airportsim
22820,Re:Destiny
22821,Elven Love
22822,Catch It
22823,X-Force Genesis
22824,Folcroft Monastery
22825,Atelier Lydie & Suelle ~The Alchemists And The Mysterious Paintings~
22826,Zombie
22827,Dream Factory
22828,The Hunger: Games Ensemble
22829,Stray Cat Crossing
22830,Travellin Cats In China
22831,Rush On Rome
22832,Curse Of Dragon Mountains 2: The Lair
22833,Bestiary Of Sigillum
22834,Bartlow'S Dread Machine
22835,Flower In The Snow - Resurrection
22836,Double World. Cave Song Castle
22837,Until Lights Out
22838,Song Of Iron
22839,Honey Rose: Underdog Fighter Extraordinaire
22840,Overdrive Warfare
22841,The Big Con
22842,Ezy
22843,Canvas Of Kings
22844,Virus Kombat
22845,My Bloody Weekend
22846,Take Off - The Flight Simulator
22847,Steel Empire
22848,Sthell
22849,Skater Frog
22850,The Bathhouse | 地獄銭湯 Restored Edition
22851,Fall Balance Ball
22852,Cybergeist
22853,Bloodrayne Betrayal: Fresh Bites
22854,Ecosystem
22855,The Revenge Of Shinobi
22856,Tv Thief
22857,Robin'S Quest
22858,Office Fight
22859,Corpse Party
22860,月球坠落时 Moon Fall
22861,Didgery
22862,Morphblade
22863,A Game That Saves The Muscles Caught In The Ceiling Of The Gymnasium
22864,Ronald'S Run
22865,The Bear And The Admiral
22866,Akiba'S Trip: Hellbound & Debriefed
22867,Another Lost Phone: Laura'S Story
22868,Aozora Under Girls - Karisome Irony
22869,Jack Is Missing
22870,Wip
22871,最后的大法师 光明之旅(Last Archmage Journey Of Light)
22872,Connor'S Desert Adventure
22873,Aero Gpx
22874,Aim Trainer X
22875,Slay.One
22876,Otaku Engine
22877,The Good Book Vn
22878,Oyabu Clinic Deathcare Corporation
22879,Honey Are You There?
22880,Spirit Animal Survival
22881,ばるばろっさ! ～すすめ? 赤軍少女旅団～(全年齢版)
22882,Vr探索梅西爾
22883,Welcome To Planet E1D0R4D0!
22884,Limp Heroes+
22885,Hynpytol
22886,Xenotown
22887,Neckbreak
22888,Ziggy'S Chase
22889,Tales Of Glory
22890,Skinwalkers
22891,Mana Maker
22892,Yellowlooper
22893,Venusian Vengeance
22894,Quarantine: Global Pandemic
22895,Trivia Vault: Classic Rock Trivia 2
22896,Dog_Fox_Bunny
22897,Cygni: All Guns Blazing
22898,Vivat Sloboda (2019)
22899,The Legend Of Heroes: Trails To Azure
22900,Battle Arena
22901,Too Many Santas!
22902,To The Capital 2
22903,The Designer'S Curse Chapter 2 - Forgotten Horrors
22904,In Space
22905,Rocket Drift
22906,吞食天地之乱舞三国
22907,Stormworm+
22908,Travelsolar
22909,Armed And Dangerous
22910,Danger Zone
22911,Orbit Zero
22912,Ku: Shroud Of The Morrigan
22913,Open Door
22914,Metro Mini Market Simulator
22915,Evochron Legacy Se
22916,Spire Of Glory
22917,Talk To Aya
22918,Of Carrots And Blood
22919,Ragdoll Universe
22920,[Mars] Total Warfare
22921,Blue Man Adventure
22922,Puzzle Monarch: Zombie
22923,Neon Outlast
22924,Don'T Escape Trilogy
22925,Fighting Fantasy Legends
22926,Dawn Of Hell
22927,Witch'S Doll
22928,Nykra
22929,Evil Star
22930,Artificial Extinction
22931,Usa 2020
22932,Steel Shell
22933,Bubsy: The Woolies Strike Back
22934,The Majesti
22935,The Symbiant
22936,Balloon
22937,Argos - The Most Difficult Vr Game In The World
22938,Nadir: A Grimdark Deckbuilder
22939,Siegecraft Commander
22940,Bombing Bastards
22941,Marine Survivors
22942,Concursion
22943,Blood Field | Cỏ Máu
22944,Explorers Of The Abyss
22945,Perimeter: Emperor'S Testament
22946,Island Of Penance
22947,War For Galaxy
22948,Plexus
22949,Abalon: Roguelike Tactics Ccg
22950,Last Day Of Rome
22951,Fruity Smoothie
22952,Emporium
22953,Skybrew: Entropic Strategist
22954,Abi-Dos
22955,Son Of Perun Kharkiv
22956,Space Hole 2018
22957,Paradiddle
22958,Mindkatt:First Strike
22959,Arkshot
22960,Crying Is Not Enough: Remastered
22961,Astral Maze: Escape The Horror
22962,Lost Borderline
22963,You Have A Drunk Friend
22964,Ai Dummy
22965,Pure Chess Grandmaster Edition
22966,Ancraophobia
22967,Undercrewed
22968,Superkraft: Open World Survival Crafting Game
22969,Squirrelmageddon!
22970,Cosmic Flow: A Relaxing Vr Experience
22971,4D Golf
22972,Fruitlockers Reborn! 2
22973,Always Remember Me
22974,Gensou Skydrift
22975,Stopping Santa
22976,Sixtar Gate: Startrail
22977,Submerged: Hidden Depths
22978,Cards Of Patience
22979,Dual Core
22980,Bahamut2-Dragon'S Bride
22981,Escape From Cronos X
22982,Borderzone
22983,流言侦探
22984,Bikini Armour Explorers
22985,Re:Zero -Starting Life In Another World- The Prophecy Of The Throne
22986,Suite 776
22987,Shrines Of Sacred Essenсe
22988,Peach Territory
22989,Puck Bash
22990,Gungirl 2
22991,Landline
22992,Police Heroes
22993,Candlelight: Lament
22994,Crashphalt
22995,Moviehouse – The Film Studio Tycoon
22996,Acolony
22997,Ai Escort
22998,Micro Annihilation
22999,Beckett
23000,The Backrooms: Anomaly Containment Unit
23001,Blackshadows
23002,Sim Racing Telemetry
23003,What'S Done Is Done
23004,Shrinking Pains
23005,Raygun Commando Vr 2
23006,Snk Heroines Tag Team Frenzy
23007,Dracula Frames
23008,Messiah
23009,The Persistence
23010,Great Big War Game
23011,Greedventory
23012,Star Crafter
23013,Sunday Gold
23014,Strength Of The Sword Ultimate
23015,Voyage: Journey To The Moon
23016,Tales Of Nebezem: Elemental Link
23017,Super Laser  Racer
23018,Don Bradman Cricket 14
23019,Art Shop Simulator
23020,Endless Jade Sea -Midori No Umi-
23021,Annie:Last Hope
23022,Out Of Hands
23023,Rise Of One
23024,Escape From Deathmark Dungeon
23025,Bomb Royale
23026,Viking'S Drakkars
23027,Frozen State
23028,Shovel Knight Dig
23029,Pog 8
23030,Hex Of Steel
23031,Little Big Adventure – Twinsen’S Quest
23032,Mist Slayer
23033,Udongein X
23034,Sneaky Sneaky
23035,Clock Simulator
23036,Shiren The Wanderer: The Mystery Dungeon Of Serpentcoil Island
23037,我的人生
23038,Tower Of Kalemonvo
23039,Knock Harder
23040,Gentlemen!
23041,Brokenlore: Low
23042,Post Human W.A.R
23043,The Legend Of Heroes: Trails Through Daybreak Ii
23044,Zak Mckracken And The Alien Mindbenders
23045,Offroad Mechanic Simulator
23046,Altf42
23047,Dwerve
23048,The Tower Of Tigerqiuqiu
23049,Puppeteer'S Curse
23050,Rock Zombie
23051,Labyrinth Of Galleria: The Moon Society
23052,The Last Hope
23053,Planet Scanner
23054,Earthshakers
23055,Battle Of Vukovar: Rain Of Steel
23056,Redside Episode 1
23057,Vr Triber
23058,Amanda'S Sticker Book 2 - Amazing Wildlife
23059,Lazy Galaxy
23060,Indirection
23061,Jq: Chemistry
23062,Blood For Poppies
23063,Dungeon Legends 2 : Tale Of Light And Shadow
23064,Crashed Lander
23065,"Girls On Campus, From Freshmen To Faculty, All Fall For Me!"
23066,Field Of Glory Ii: Medieval
23067,Supreme League Of Patriots - Episode 3: Ice Cold In Ellis
23068,Hide Alone
23069,I Can'T Believe It'S Not Gambling 2(K)
23070,Tetragun
23071,Click Space Miner
23072,Save The Octo
23073,Calamari Clash
23074,帝国末日前的学院狂想
23075,Caffeine
23076,//Snowflake Tattoo//
23077,Dream Engines: Nomad Cities
23078,The Dark Tones: Loss
23079,Smart Factory Tycoon
23080,Lord Of Darkness: Prologue
23081,3Dsen Pc
23082,The Sheltered
23083,Dong-Jin Rice-Hime（東津萌米）
23084,Rack And Slay
23085,Starry Nights : Helix
23086,Increase World
23087,Nature Calls
23088,Skully
23089,Live
23090,Ishin No Arashi
23091,Circuit Warz
23092,Apotheker
23093,Astervoid 2000
23094,Sad City 42
23095,Smugglers 5: Invasion
23096,Reconquest
23097,定制女友
23098,Time Freeze
23099,Mesmer
23100,Joy Pony
23101,Gravity Error
23102,Frigato: Shadows Of The Caribbean
23103,Ego Hearts
23104,Haque
23105,Chimeras: Mark Of Death Collector'S Edition
23106,Shovel Knight: King Of Cards
23107,Wattam
23108,Project: R.E.B.O.O.T 2
23109,提线木偶 The Marionette
23110,Blaster Master Zero 2
23111,Island Farmer - Jigsaw Puzzle
23112,Lucah: Born Of A Dream
23113,Button Button Up!
23114,Family Mysteries 2: Echoes Of Tomorrow
23115,15 Puzzle
23116,Tropical Fish Shop 2
23117,Angelus Brand Vr Experience
23118,Warfield
23119,Cult Of The Dragon
23120,Judge Dredd 95
23121,Ice Station Z
23122,Dominus 2
23123,Burst Witch
23124,The Dame Was Loaded
23125,Sapper Boom!
23126,Within A Dead City
23127,False Myth
23128,Nothorian
23129,The Caribbean Sail
23130,Project Rampage Vr
23131,Deathmetal
23132,Die Rangliste
23133,Siren Head Horror Bunker Vr
23134,Aliens Invaded Our Planet
23135,Cemetery Warrior 4
23136,Spirit Realm
23137,300 Dwarves
23138,I Am Vegend - Zombiegeddon
23139,Kamla
23140,The Endless White
23141,Beast Mode: Night Of The Werewolf Silver Bullet Edition
23142,Mind Muscle Vr
23143,Fire Arrow Plus
23144,Revenge Of The Spirit: Rite Of Resurrection
23145,Jewel Venture
23146,大禹治水 Flood Fighting Hero
23147,Sakura Hime 3
23148,Anime Girl Or Boy?
23149,~Azur Ring~Virgin And Slave'S Phylacteries
23150,Rocketboat - Pilot
23151,Precision Archery: Competitive
23152,No Place For Bravery
23153,Vasilis
23154,Nick Beard: The Fedora Of Destiny
23155,Refrain - Prism Memories -
23156,Teahouse Of The Gods
23157,Witchcraft U
23158,Rumu
23159,Under Maintenance
23160,Ultimate Obstacle Course - Prologue
23161,Graceward - Complete Edition
23162,Jurassic Pinball
23163,Swords & Bones 4
23164,Sel Quinta - The Six City Quest
23165,Tyrania - A Kinetic Visual Novel
23166,Lonely Skies
23167,Faceworld Pro
23168,Projector Face
23169,Tryandlove
23170,Space Haters
23171,Sprint Racer
23172,Cartomante – Fortune Teller
23173,Krush Kill ‘N Destroy 2: Krossfire
23174,Reflection: The Greed
23175,Second Sight
23176,Obsurity
23177,A Hero'S Rest: An Rpg Town Simulator
23178,Maiz
23179,Trench Defender
23180,Slave Zero
23181,Fortissimo Fa Intl Ver
23182,Creepy Road
23183,Lilith Was Dead
23184,Warma
23185,Titanic: The Experience
23186,-Klaus-
23187,Slime Dungeon
23188,Fury Of Dracula: Digital Edition
23189,Xdasher
23190,Big Fish Legend
23191,Venge
23192,Kromaia
23193,Kaichu - The Kaiju Dating Sim
23194,Kokoda Vr
23195,Axis Football 2017
23196,Gangsta Woman
23197,The Great Art Race
23198,Find All
23199,Ricky'S Rockin' Arcade
23200,Yinyang Street Ultimate Edition
23201,The Fairy Tale You Don'T Know
23202,Operation Warcade Vr
23203,Decisive Campaigns: Barbarossa
23204,Drive-By Cop
23205,Goat Life
23206,Planetoid
23207,Snow Survival
23208,Mist Hunter
23209,Deadly Cosmic
23210,Rat Prison
23211,Rest House Iii - Chlorophilia
23212,Legends Of Amberland: The Forgotten Crown
23213,我在终点线等你
23214,Mint
23215,Sea Fantasy
23216,Realistic Ragdoll Sandbox
23217,Parking Slide
23218,Chiptune Champion
23219,Grey Cubes
23220,"Ortus Arena, Strategy Board Game Online, For Free"
23221,1001 Hugs
23222,Cloud Popper (Toddler/Early Years Game)
23223,Catellite-609: Feline Space Adventure
23224,Fish Story: Gourmet Puzzle
23225,Amoeba Battle: Microscopic Rts Action
23226,Twinkle Star - 未来はすぐそこで待っている
23227,Goobnballoonsdx
23228,幻刃录
23229,Paradox Soul
23230,O'Fox Life
23231,Defend Your Castle
23232,Gag
23233,Sorry We'Re Closed
23234,Space Warp
23235,Volley Pals
23236,Perilous Warp
23237,The Price Of Freedom
23238,Relax Walk Vr
23239,College Bowl
23240,Furry Shakespeare: Dreamin' Of One Lazy Dead Midsummer
23241,Six Sides Of The World
23242,Serious Sam: Kamikaze Attack!
23243,Cryptocurrency Clicker
23244,Where In The World Is Carmen Sandiego?
23245,Africa Hunting
23246,Saighead
23247,Ram: Random Access Mayhem
23248,Cursed Enigma - The Midnight Apartment
23249,Deathstate: Abyssal Edition
23250,The Holy Silence
23251,Tales Of Lagoona
23252,Mutiny Island
23253,"Smithsonian American Art Museum ""Beyond The Walls"""
23254,Doudas Danger
23255,Land Of Puzzles: Castles
23256,Charge Champs
23257,Vhs: Recovered Tapes
23258,Paramnesia
23259,Kika & Daigo: A Curious Tale
23260,Jolly Battle
23261,Deicide
23262,Panic Mode
23263,Power Of The Ancients
23264,Veil Transfer
23265,United Penguin Kingdom
23266,Go Guess
23267,The Curse Of Elmwood
23268,Alzheimer'S: Memories
23269,Nurse Love Syndrome
23270,An Engineer And The Great Machine
23271,The Remission Of Sins
23272,Hidden Protector : Roadtrip
23273,Cars Arena
23274,Flinger Tactics
23275,Castlehold
23276,Sunset Drive 1986
23277,Infiniti Vr
23278,Frontiers.Io
23279,Knot
23280,Daemonum
23281,White Night
23282,Bitcoin Collector: Spinners Attack
23283,Myth Bearer
23284,Dragon Boar And Lady Rabbit
23285,Skinny
23286,Herder
23287,Nocturia The Game
23288,Sky Jump
23289,Story Of The Olivia
23290,Mazequest 2
23291,Wild Indigo Ranch
23292,The Lonesome Fog
23293,Mystery Case Files: Ravenhearst Unlocked Collector'S Edition
23294,Castle Mascot
23295,Unknown Hero
23296,伝創記Iv ~If~
23297,Hotel Remorse
23298,Dungeons & Darkness
23299,The Bonfire 2: Uncharted Shores
23300,Baby Shark Vr Dancing
23301,Avseq
23302,Ancient Battle: Rome
23303,Peninsular War Battles
23304,Kindred [Subject 6244]
23305,Pushcat
23306,Dark Sasi
23307,World Racing 2 - Champion Edition
23308,Cinderella Escape! R12
23309,Emmerholt: Prologue
23310,Cold Call
23311,Tales Of Agaris
23312,Destroiders
23313,Shadows On The Vatican: Nightingale
23314,Temple Hunters
23315,Tempusia
23316,The Frosts: First Ones
23317,Solenars Edge Ii: Champions
23318,Fritz Chess 14
23319,Tiny Force Deluxe
23320,Light City District
23321,Trivia Vault: Super Heroes Trivia
23322,Project Katharsis
23323,Weeping Willow - Detective Visual Novel
23324,Undead Vs Plants
23325,Eva'S Lab
23326,Babel: Choice
23327,The Art - Metamorphosis
23328,Cyber-Ante
23329,Satellite Rush
23330,"A Fear Of Heights, And Other Things"
23331,天降锦鲤 ~ My Lucky Koi
23332,Colossals
23333,Fossil Echo
23334,Helicopter Simulator 2014: Search And Rescue
23335,The 8 Sins: New Hell Order
23336,《未解之谜2：桥师》
23337,Zelle
23338,Blockade War Stories
23339,末日血战
23340,Neonis
23341,Dawn Of The Ashen Queen
23342,Scamper
23343,Revolt 1917
23344,Winning Love By Daylight
23345,Moorhuhn: Tiger And Chicken
23346,Lost Meow
23347,Sisters Of Silent Liberty Online Multiplayer Shooter Rebranded
23348,Fast Video Cutter Joiner
23349,Along The Edge
23350,Streets Of Rage 2
23351,Where Wh..?
23352,Anti-Opoly
23353,Researchity | Open World Survival Game
23354,Find All 2: Middle Ages
23355,Red Hero Adventure
23356,Magus Pocus
23357,Volume
23358,Spider-Robots War
23359,Forever Lost: Episode 3
23360,Relativity Wars - A Science Space Rts
23361,Godlike
23362,Dogolrax
23363,Find Me
23364,One By One
23365,Adecke - Cards Games Deluxe
23366,Are You Afraid Of The Dark
23367,Flint: Treasure Of Oblivion
23368,Pizza Express
23369,Escape Lala - Retro Point And Click Adventure
23370,Civil War: 1862
23371,Maze Of Time
23372,Sugar Cube: Bittersweet Factory
23373,Call Of Unity
23374,Multiverse
23375,Switch 'N' Shoot
23376,Over The Hills And Far Away
23377,Fear Equation
23378,Together
23379,Vr Battle Grid
23380,Red Hands – 2-Player Game
23381,E.Z
23382,Monkey King: Hero Is Back
23383,Infinity Trip
23384,Echoes Of The Fey Episode 0: The Immolation
23385,Jack Hayes: The Lazarus Sign
23386,Apartment Of Love
23387,Opus Ludum
23388,Sakura No Mori † Dreamers
23389,Jaguar I-Pace Concept | Virtual Reality Experience
23390,Fear Corporation
23391,Age Of Invention
23392,Hospice Vol. 1
23393,Virtual Battlegrounds
23394,Warawara Invaders
23395,The Backrooms 1998 - Found Footage Survival Horror Game
23396,Gordianaut
23397,Scalpers: Turtle & The Moonshine Gang
23398,Witch'S Rhythm Puzzle
23399,Nott Longa
23400,Zenith Hunter
23401,Rise Of A Legend
23402,Ultimate Legends
23403,Daylight'S End Vr Edition
23404,Colorcoordination
23405,Jumpstream
23406,Pest Control
23407,Devil'S Bluff
23408,Placement
23409,The Knights Order
23410,Fabulous Field Trip
23411,Woute
23412,Bullseye
23413,In The Building: Cats
23414,Survival In The Backrooms
23415,Scary Buddies
23416,Maze Up!
23417,Sharp Eyed
23418,Heroine For Hire
23419,Burial Stone
23420,Prism Collider
23421,Dungeon Wizards
23422,Vreal
23423,Battlezone Gold Edition
23424,Bat Of Dead
23425,One-Way Ticket  / 单程票
23426,Game Of Puzzles: Slavic Mythology
23427,The Pirate King Ultimate
23428,Dashbored
23429,Excubitor
23430,The Museum Of Throughview
23431,Dominating The Skies
23432,Project Angels - Visual Novel
23433,Bouboum
23434,Curved Space
23435,Missileman Origins
23436,Psweet
23437,Octavio Camacho
23438,Atelier Escha & Logy: Alchemists Of The Dusk Sky Dx
23439,Universe Has No Favorites
23440,Fuel Harvest Together
23441,Cave Of Illusions: Twistyland
23442,Pretty Girls Breakout!
23443,Westworld Awakening
23444,Knife Flipping
23445,Requiem Memory
23446,Gunblocks - Prologue
23447,Masked Forces 2: Mystic Demons
23448,Dead District: Survival
23449,Dungeon Tale
23450,Dull Grey
23451,Sunset Motel
23452,Clicker Arena
23453,Wednesday Basketball
23454,Scroter
23455,Er-Spectro
23456,Obsidian
23457,Rush Rush Rally Reloaded
23458,My Bloody Weekend 2
23459,Azorius
23460,东方远空界 ~ Ultimate Vitality Of Imagination
23461,Scary Girl
23462,Planetoid Pioneers Online
23463,Fantasy Aquarium
23464,Nancy Drew: Tomb Of The Lost Queen
23465,Aggressors: Ancient Rome
23466,Dragon Fight Vr
23467,Queen'S Glory
23468,Rogue Valley
23469,Mega Balls
23470,Bottle Flip Challenge Vr
23471,Evolution Vr
23472,Aniahikoaexperiment A1A-Aver.Aaa23082025Aaa: A A Micro Prince Akihiko Aexp1 & A A Micro Princess A
23473,Ant Force
23474,骸心 Mainbody
23475,Car Mechanic Workshop
23476,Creature Romances: Kokonoe Kokoro
23477,引力魔方(Gravity Rubik'S Cube)
23478,Amaranthine
23479,Adventures Of Chris
23480,Risky Wings
23481,Bossconstructor
23482,Spiky
23483,Visual Novel Sisters
23484,Rainbow Reactor
23485,Stars Survivor
23486,Clash: Robot Detective - Complete Edition
23487,Treasures Of The Aegean
23488,Task Force
23489,Colouration
23490,Panic Station Vr
23491,Inverted Angel
23492,Talus
23493,Juicy Bois: Conflict
23494,Mistress Of Maids: First Castle
23495,Revolution Under Siege Gold
23496,Cosmic Ball Tournament
23497,Happyblock
23498,Violet Wisteria
23499,Sole Saga
23500,Childhood Gone - Shadowed Wand
23501,Akai Noroi
23502,逆乱水浒之山贼王
23503,Molecular Warfare
23504,Les Fleursword
23505,8Bitmmo
23506,Dayscream
23507,破镜恐惧
23508,Ele-Mental
23509,Kallax
23510,Crazy Driver
23511,Heroes Of The Sacred Tree
23512,Slingshottr
23513,Heart Fragment
23514,Doctor Nanobot
23515,Lost Region
23516,Animal Rivals
23517,Absinth
23518,Richman 8
23519,Dark Lord: Peacemaker
23520,Flight Of The Amazon Queen: 25Th Anniversary Edition
23521,Chargeshot
23522,江湖百异图
23523,Knight Overloaded
23524,Piggy Princess
23525,Blossom Tales Ii: The Minotaur Prince
23526,Vitrum
23527,Island Saga
23528,Five Days Of Hell
23529,诡雅异俗
23530,Overruled!
23531,Lost Verses
23532,Escape The Darkness
23533,The Game For Skippers
23534,Slide Stars
23535,Space Roaming
23536,Element Space
23537,捕鱼炸翻天
23538,Slime-San: Superslime Edition
23539,Zombie Cubes
23540,Ava
23541,"Kingdom Fall, Dawn Of The Druid"
23542,Shadow Legend Vr
23543,Techwars Deathmatch
23544,Baff 2
23545,Repella Fella
23546,Planetary Conflict: 2301
23547,Defying Fate
23548,Rising Hell
23549,Bad Animals - Rabbit
23550,Goblins Of Elderstone
23551,Circularity
23552,Auralux: Constellations
23553,World Basketball Tycoon
23554,M.A.C.E.
23555,Ultranothing
23556,The Three Musketeers - D'Artagnan & The 12 Jewels
23557,Voyage
23558,The Fantastic Adventure Of Monsieur Grape
23559,Alan-13 Reformation
23560,Anthology Of The Killer
23561,Abnormal Status ~Tattoo / Prohibited Books / Parasites~
23562,Another Derby!
23563,Costume Kingdom
23564,Sumerians
23565,Tranquil Cove
23566,Ever Seen A Cat? 3
23567,You... And Who Else?
23568,Gamble Of Gods
23569,Tumbleseed
23570,Buildy Stacky 2
23571,Project Horror Anthology: Project Prequel
23572,Fright Knight Legend
23573,Giant Bear Rampage! ☢️
23574,Ghost Productions: Wraith Vr Total Knee Replacement Surgery Simulation
23575,Phantom Trigger
23576,Bloodwych
23577,自在逍遥：风起 Tales Of Tianyuan Dynasty
23578,Railroads & Catacombs
23579,Tead
23580,Subterranauts
23581,Push The Box - Puzzle Game
23582,Diorama Builder
23583,Solaria Moon
23584,Planet Driller
23585,Mysteries Of Shaola: The Cave
23586,Death Run
23587,Catherine Ragnor - Blackbeards Fury
23588,Wings Of Bluestar
23589,360 No Scope Arena
23590,Super Psy Penguin
23591,Tombstone
23592,Avoid
23593,Cecil Run
23594,Eisenhorn: Xenos
23595,白昼梦 · 心象病院
23596,Human Guise: Chapter Ⅰ
23597,Frog Climbers
23598,Arrow Heads
23599,Paper Sorcerer
23600,The Last Earth Man
23601,The Bride Horror Game
23602,Village And The Witch
23603,Putridum Horror
23604,Twin Cobra
23605,Elite Vs. Freedom
23606,Putinoids Vs Navalnyats - Путиноиды Против Навальнят
23607,Super Raft Boat Together
23608,The Cubedex Of Brass And Wood
23609,《奇门遁甲》
23610,大富翁少女/Rich Girls
23611,Uncraft World
23612,Exitium
23613,Ultimate Solid
23614,Déjà Drift
23615,Saga Cube
23616,Tactics Below
23617,Ironclads: High Seas
23618,Mahjong Riichi Multiplayer
23619,Maze Of Realities: Ride In The Sky Collector'S Edition
23620,Primasia (Chapter One)
23621,Hopebringers
23622,Bunny Guys!
23623,Gangsta: The Return
23624,War Online: Pacific
23625,The Apogee Throwback Pack
23626,Sokobalien
23627,Planet Stronghold 2
23628,自西徂东
23629,I'M Prop: Hide And Seek Game
23630,Evergate: Ki'S Awakening
23631,Garage: Bad Dream Adventure
23632,Infinity Escape
23633,Armada 2526
23634,My Coworker Is An Idiot
23635,Escape From Benjamin'S Room
23636,Hello Lady! - Complete Edition
23637,Filcher
23638,The Star Named Eos
23639,Siege Of Treboulain
23640,4089: Ghost Within
23641,Yes My Lord
23642,Neko Dungeon | 喵酱迷城 | 喵醬迷城 | ねこダンジョン
23643,Corpoct
23644,百花三国志(Banner Of The Three Kingdoms)
23645,Virtual Space
23646,Stay Still
23647,Card Cowboy
23648,Yin Yang Space
23649,Beauty Agent
23650,Basic8
23651,The Secret Monster Society
23652,Xenon Racer
23653,Frontline Zed
23654,Clusterdisaster
23655,Bastide
23656,Crazy Traffic Racer
23657,Cradles
23658,Code Rivals: Robot Programming Battle
23659,Tsundere Idol
23660,Bik - A Space Adventure
23661,Dragon Throne: Battle Of Red Cliffs
23662,Queen Of Moths
23663,Scare: Project Of Fear
23664,Can Of Wormholes
23665,Crusaders: Thy Kingdom Come
23666,Hard Glide
23667,Astra Strike
23668,Blowy Fish
23669,Prophecy Of The Shadow
23670,Hamster Blitz!
23671,Masters Of The World - Geopolitical Simulator 3
23672,纸上谈兵模拟器
23673,Floating Islands Of Nucifera
23674,Neuronet: Mendax Proxy
23675,Puzzle Plunder
23676,Love Is In The Airship
23677,Hullbreaker
23678,Ballboi
23679,Canabalt
23680,眼中的世界 - Conviction -
23681,Prophour23
23682,Delight: The Journey Home
23683,Ninja: Rise Of A Hero
23684,Vigilantes
23685,Tiny Metal: Full Metal Rumble
23686,Maximum Override
23687,Pets Hotel
23688,Castle Must Be Mine
23689,Moto Racing 3D
23690,Marginalia
23691,重生 Rebirth
23692,Reach For The Sun
23693,Alessia'S Dollhouse
23694,What If Your Girl Was A Frog?
23695,Mercenaries Wings: The False Phoenix
23696,Heroes Of Arca
23697,Lux Sine
23698,Voodolls
23699,M.U.D.S.: Mean Ugly Dirty Sport
23700,Survivor'S End
23701,Mislight
23702,Nb Desktop
23703,Lab Cat Escape
23704,Elmo'S Kangaroo Of The Damned: Punishment Edition
23705,Shu'S Misfortune
23706,Freedom Finger
23707,The Cloud Dream Of The Nine
23708,Surrealidade - Definitive Edition
23709,Don Duality
23710,I Am Your King
23711,"La Légende Des Diamétis, La Quête De Chloé"
23712,Gonzovr
23713,Haunted Hotel: Eternity Collector'S Edition
23714,Surge
23715,Typomancer In The Feather'S Way
23716,Step Journey
23717,Dead End Road
23718,Zamboni Simulator 2019
23719,Escape From School : F.E.L.I.C
23720,Bohnanza The Duel
23721,Mini Golf Arena
23722,Lantern Light Vr
23723,Bahnsen Knights
23724,Caveman Warriors
23725,Xmagicmouse
23726,Southern Cross Battle Force
23727,Galactic Slice
23728,Cyborg Ninja Vs. The Third Reich
23729,Homunculus Hotel
23730,Mesopotamia: The Game
23731,Redneck Racers
23732,Ancient Russian Life Simulator
23733,Monkeys Ahoy
23734,Shadow Empire
23735,Fourthy
23736,Farming Life
23737,Skautfold: Usurper
23738,Fog Of War
23739,Zoosim
23740,Star Quest
23741,Alice In The Nightmare Land
23742,Visp - Virtual Space Port
23743,Zenohell
23744,Frite Medium
23745,Jack - The Puppet
23746,Castle Wars Vr
23747,The Redundant
23748,Octahedron: Transfixed Edition
23749,佣兵战歌
23750,3D Solar System Simulator
23751,Search All - Foxes
23752,Hauntii
23753,Pact Of Joy: Prologue
23754,Inner Darkness
23755,Yet Another Research Dog
23756,Crash Test Oliver
23757,Gunbang
23758,Cookie Clicker But You Type
23759,Eve Of Souls: Static Pod
23760,Wind From City
23761,Tower Defense: Defender Of The Kingdom
23762,Purrfect Apawcalypse: Patches' Infurno
23763,Split
23764,Dreamlike Love With Seira
23765,For The Warp
23766,Leap Of Phase: Samantha
23767,Military Life: Tank Simulator
23768,Tompi Jones
23769,Pacific Liberation Force
23770,Lethe - Episode One
23771,Elta7
23772,Astrovity
23773,见习侦探
23774,Eris And The Fading Kingdom
23775,Battle For Esturia
23776,The Hierophant
23777,Urge
23778,Gods Vs Humans
23779,Ekorella Vol 1
23780,Bard'S Gold
23781,Colossal Cave Vr
23782,Instant Dungeon!
23783,Slaughtra
23784,Storm Boy
23785,Rabbit Trail
23786,Pixel Cafe
23787,Lunarlux
23788,Clockwork Survivors
23789,Scavenger Of Dunomini
23790,Hot Lap League: Deluxe Edition
23791,Sense Of The Devil
23792,Google Spotlight Stories: Rain Or Shine
23793,Gnome Light
23794,Bees Knees
23795,The Other Side: Tower Of Souls Remaster
23796,Typing Incremental
23797,Dark Room
23798,Bombsweepervr
23799,Pivross
23800,Deadly Broadcast
23801,Dragon Ninja Byoka
23802,Dwarf Star
23803,Grey Phobia
23804,Real Dive World
23805,Shadow Hunter
23806,Necropolis Of The Angels
23807,Potato Thriller
23808,The Dreadful Whispers
23809,Sok Max
23810,The Wizard'S Lair
23811,Ionaxxia
23812,Hyperbolica
23813,Planet Conqueror
23814,Corona Blossom Vol.2 The Truth From Beyond
23815,Scrash
23816,Pipe Push Paradise
23817,Under The Shack
23818,Trackdayr
23819,Moonless
23820,Kirakira Monstars
23821,Workplace Rhapsody
23822,Beltex
23823,Orange Cast: Prologue
23824,Decision In The Desert
23825,Joy Of Programming - Software Engineering Simulator
23826,Zerozone2020
23827,The Legend Of Tango
23828,Bumbledore
23829,How To Sing To Open Your Heart Remastered
23830,The Shadow Of Yidhra
23831,Beat Da Beat
23832,Inn Tycoon
23833,神树残响（Echoes Of The Divine Tree）
23834,Downstairs
23835,President Erect Vr
23836,Outshine
23837,Hot And Lovely ：Charm
23838,Pet Puzzle
23839,Empty Horizons
23840,Deathpuddle: Choose Violence?
23841,Ken Ga Kimi
23842,Rogue Port - Red Nightmare
23843,Evil Cult
23844,Together In Between
23845,Pony World 3
23846,Evil Pumpkin: The Lost Halloween
23847,Deathbulge: Battle Of The Bands
23848,"Shooters, Ready!"
23849,An Elder Scrolls Legend: Battlespire
23850,Tiger Fighter 1931 Tora!Tora!Tora!
23851,Christmas Night
23852,Hyper Gunsport
23853,Zusi 3 - Aerosoft Edition
23854,Vanakatu
23855,Cube Chaos
23856,Cat'S Cafeteria
23857,Light Repair Team #4
23858,Pupperazzi: The Dog Photography Game
23859,Flow Parkour
23860,My Truck Game
23861,Shadow
23862,Burning Brick Breaker
23863,Space Hit
23864,Race.A.Bit
23865,Farmageddon: A Cattle Royale
23866,"I, Gladiator"
23867,Crazy Ball
23868,东方剑姬在西方旅行的故事
23869,Attack Of The Mechadonk - The Ultimate Donkey
23870,Second Coming
23871,[Chilla'S Art] The Bathhouse | 地獄銭湯♨️
23872,Ohv
23873,Astonia: The Return Of Yendor
23874,Porsche Hall Of Legends Vr
23875,Xenotilt: Hostile Pinball Action
23876,Galaxy Too Far
23877,Call Of Tomsk-7
23878,The Golf Club Vr
23879,Plants
23880,Surmount: A Mountain Climbing Adventure
23881,Sky Ball
23882,Forest Fortress
23883,Venator Universe
23884,Nowhere: Mysterious Artifacts
23885,Elude
23886,25 Cadre Of Death
23887,Head 2 Head
23888,Feast: Book One «Family Ties»
23889,The Crimson Pearl
23890,Cone Flyers Mercenaries
23891,Maid Knight Alicia
23892,Pooool
23893,Ninjahtic
23894,Edgar'S Room
23895,Pension Day
23896,Ambidextro
23897,A City Sleeps
23898,Sender
23899,Opencanvas 6
23900,They Are Coming
23901,Heart'S Medicine - Doctor'S Oath
23902,Lucky Dungeon
23903,Sect And Monsters
23904,Отделение 38
23905,Zoo Park
23906,Elisa: The Innkeeper
23907,Hearts Of The Dungeon List
23908,Baron Wittard
23909,Artillerists
23910,Legend Of Ares
23911,Longphort
23912,她杀 - The Suspected Murder
23913,Forgotten Hill Tales
23914,3 Minute Heroes
23915,Lunaquest
23916,Nurse Love Addiction
23917,大科学家
23918,Wtc : Recruitment Day
23919,Untitled Survival Game
23920,Haos
23921,Immunity Wars
23922,The Myth Seekers 2: The Sunken City
23923,Stresstest
23924,Mirrored - Chapter 1
23925,Lushfoil Photography Sim
23926,Mad Smartphone Tycoon
23927,Theme Park Studio
23928,Downtown Drift
23929,Red Goblin: Cursed Forest
23930,Dust Fleet
23931,Robotics;Notes Elite
23932,Fair Strike
23933,Quarries Of Scred
23934,Mixcraft 8 Home Studio
23935,Mystery Trackers: Nightsville Horror Collector'S Edition
23936,Starballmadness
23937,Deathtrap Dungeon Trilogy
23938,Critter Cove
23939,Molly The Werezompire
23940,Consternation Ii
23941,Factory Engineer
23942,The Ballad Of Radolf
23943,The Hand Of Glory
23944,Super Phantom Cat
23945,Vector Assault
23946,Stress Random
23947,Worn Thin
23948,Fiercewind Decay
23949,Super Mombo Quest
23950,Nuri Vr - Coding
23951,"Snake, Snake, Snake!"
23952,Reverse Side
23953,Romance Of The Three Kingdoms Vi With Power Up Kit
23954,Popoposan
23955,My Bingo
23956,Space Wrangler
23957,Girl With A Big Sword
23958,Sunset Kingdom
23959,Close Order
23960,Escape From Death
23961,Toushin Gent
23962,Pizza Death
23963,Battle Axe
23964,Fi-Knight Kingdom
23965,Medieval Delivery
23966,One Room Nightmare
23967,Warfare Legacy Collection
23968,Rhythm Witch: Beat Death
23969,Panzer Hearts - War Visual Novel
23970,(Chinese Paladinsword And Fairy 4)
23971,Mini Words: Top Movies
23972,Redex
23973,Bootstrap Island
23974,Horror In The Asylum
23975,Endless Wonder Vr
23976,Slingbot Survivors
23977,Text Wormhole
23978,Caveman Craig
23979,Incantation
23980,Earthworm Jim 3D
23981,Retro-Pixel Color Palette: Color By Number
23982,Chasing Styx
23983,Nephise: Ascension
23984,Let'S Learn Japanese! Hiragana
23985,Survivor Island
23986,Putt-Putt Saves The Zoo
23987,传颂的种族 The Celebrated Race
23988,Квадроберы
23989,鬼山 / A Ghost Around Me
23990,Ballz: Farm
23991,Easy Bug Manager
23992,Mechstermination Force
23993,1001 Jigsaw. Ice Age
23994,东方栖霞园 ~ Blue Devil In The Belvedere.
23995,Krinkle Krusher
23996,Sky Racket
23997,Soulfire : Weapon Master
23998,Butcherboy
23999,Dungeon Golf
24000,24H Stories: The Rule 7
24001,Sailaway - The Sailing Simulator
24002,The Black Cat Magician
24003,Premier Manager 09
24004,Flowering Across 樱下花期
24005,Frog Corner
24006,散落之瓣：華 - Falling Petals: Bloom Edition
24007,Lamentum
24008,Gelu
24009,Rhome
24010,Haunted Investigation
24011,Son Of A Gun
24012,Fear Deeps
24013,Shooper Nova
24014,Medal Of Guardians
24015,Clicker: Mining Simulator
24016,Pabg: Player Anime Battlegrounds
24017,Spider: Rite Of The Shrouded Moon
24018,Demon Slayer Akagi
24019,Exiled
24020,The Works Of Mercy
24021,Death Courier
24022,Mad Miner
24023,Nyassembled!
24024,Vortex Attack: ボルテックスアタック
24025,Plunder! All Hands Ahoy
24026,Mr Rabbit'S Cambridge Point And Click Adventure
24027,Hentai Girl Division
24028,Tamarin
24029,Adventures In The Light & Dark
24030,Pat & Mat
24031,Quake Ii Mission Pack: Ground Zero
24032,Gnome Online
24033,拯救大魔王2:逆流 Falsemen2:Upstream
24034,Kittens And Yarn
24035,The Impossible Travel Agency
24036,Rockets Are Super Hard
24037,Middle Ages Jigsaw Puzzles
24038,Elysium
24039,Waifu'S Spooky Space Station
24040,Adventure Field 3 Definitive Edition
24041,Reboot
24042,Spin Quest: A Slot Adventure
24043,Winter Warfare: Survival
24044,淑女同萌！
24045,Listen To The Wind
24046,Music Band Manager
24047,Crystal Shard Adventure Bundle
24048,Desperate Place
24049,Fenimore Fillmore: The Westerner
24050,Soccer Player Simulator
24051,Gunslugs : Rogue Tactics
24052,Kanji Rpg
24053,Out There: Oceans Of Time
24054,Farm Keeper
24055,Survival: Lost Way
24056,Voxel Race
24057,Impact Winter
24058,The Book Of Distance
24059,Rims Racing
24060,Thunder Paw
24061,Clash Of Castle
24062,City Legends: The Curse Of The Crimson Shadow Collector'S Edition
24063,De-Void
24064,Frontline Footage
24065,Bmx The Game
24066,Eira: Echoes Of Adventure
24067,Peace Restored
24068,Skyrift
24069,Etrian Odyssey Iii Hd
24070,Sand:Box
24071,The Wild Age
24072,Duriano
24073,Medieval Battle: Europe
24074,Steel Rain
24075,Mesel
24076,Jon Shafer'S At The Gates
24077,Cosmodome
24078,Super Recoilfight
24079,Strangeland
24080,Lily
24081,Shooty Fruity
24082,Stan'S Magic Museum: Olympian Trouble
24083,Viruz
24084,The Jackbox Naughty Pack
24085,Catch The Stars
24086,Ne No Kami - The Two Princess Knights Of Kyoto Part 2
24087,Iselin Saga
24088,Kick Ball
24089,Mmmmmm... Cake!
24090,Battle For Korsun
24091,Lumo
24092,Watchmen: The End Is Nigh Part 2
24093,Blaster Alert
24094,Teal
24095,Xuan-Yuan Sword: The Cloud Of Han
24096,Orion Trail
24097,Hamsterball Soccer
24098,The Silent Swan
24099,Horns Of Fear
24100,Animallaboratory
24101,Lew Pulsipher'S Doomstar
24102,Bloody Mice
24103,Leviathan Starblade
24104,Glob Dash
24105,Dark Romance: Vampire In Love Collector'S Edition
24106,Shovel Knight: Specter Of Torment
24107,Ultra Hat Dimension
24108,Popcorn Rocket
24109,Paperback: The Game
24110,Hex
24111,Halved
24112,The President
24113,Neon Invaders
24114,Keeper Of The Day And Night
24115,小镇放置修仙
24116,Dragon Expedition
24117,Old Future: Post-Apocalyptic Times
24118,Orix!
24119,Joy Land
24120,Cosmonator
24121,Dmt: Dynamic Music Tesseract
24122,Din'S Legacy
24123,Freiwillig
24124,Football Girl
24125,Absolute Blue
24126,Helixvision
24127,Tomb Of The Dead
24128,Basketball Pinball
24129,Battleships: Command Of The Sea
24130,Heavy Burger
24131,Hearts United
24132,White Wings ホワイトウィングス
24133,Perseverance: Part 3
24134,Saboteur
24135,Master Magistrate
24136,Seas Of Kahtaone
24137,Dual Gear
24138,Deadly Dozen Reloaded
24139,Eudemons Online
24140,The Walking Fish 2: Final Frontier
24141,Giraffe And Annika
24142,Otome The Exorcist
24143,V.L.A.D.I.K
24144,These Nights In Cairo
24145,Eggs Catcher Vr
24146,Monarch : Medieval Remastered
24147,"Split - Manipulate Time, Make Clones And Solve Cyber Puzzles From The Future!"
24148,Chicken Invaders 3
24149,Genius Greedy Mouse
24150,Flaskoman
24151,Escape The Museum
24152,Atomic Wilds
24153,Learn Programming: Python - Retro
24154,The Lost Legends Of Redwall: The Scout Act 1
24155,Spider Slingers
24156,Slay The Minotaur
24157,Dead Humanity
24158,Shadows Of The Night
24159,Tactical Three Kingdoms (3 Kingdoms) - Strategy & War
24160,Sagrada
24161,Dungeon Inn
24162,Republic Of Pirates
24163,Souls Of Blades
24164,Oxxo
24165,Feud
24166,Rapture - World Conquest
24167,Azure Sky
24168,Hero Of The Demon
24169,Box
24170,Sword Rogue
24171,New Tanks
24172,Hide Seek Survive
24173,Awakening: The Dreamless Castle
24174,Salvation Of The Soul
24175,"Vr Time Machine Travelling In History: Medieval Castle, Fort, And Village Life In 1071-1453 Europe"
24176,Disassembly 3D
24177,Gachi Heroes
24178,Magic Scroll Tactics / マジックスクロールタクティクス / 魔法卷轴 / 魔法捲軸
24179,Foxfall
24180,Lost In Hell
24181,Synthetic Dreams: Falling
24182,Elixir Of Life
24183,Curing Covid
24184,Valhall: Harbinger
24185,Mahou Arms
24186,Multiplayer Knights
24187,You Pilot A Piece Of S***: Gaiden
24188,Astrokicker
24189,Side
24190,The Unexpected Quest
24191,Swirl W@Tch
24192,Midnight Remastered
24193,Enchanted Stories: Mystic Woods Collector'S Edition
24194,Mr. Bree+
24195,Bomb Bowling
24196,Samsara
24197,Super Jigsaw Puzzle
24198,Rob Riches
24199,Mortal Dark
24200,Butsbal
24201,Sword Daughter
24202,Death Tales
24203,Lab Runner: X
24204,Outbreak: Contagious Memories
24205,Road Flash
24206,Athena Code
24207,Loop-Loop Dx
24208,Time Glitch
24209,The Pilgrim'S Progress
24210,Eastwood Vr
24211,Swordbreaker: Back To The Castle
24212,Wizards Tourney
24213,Warships On The Halloween Night
24214,The Case Book Of Arne
24215,Broken
24216,Himno - The Silent Melody
24217,Anime Girl Or Bottle?
24218,Wasting Away
24219,Jump De Pon
24220,Caterpillarnoid
24221,Sister’S Secrecy: Arcanum Bloodlines - Premium Edition
24222,"美女,应接不暇"
24223,Kitbashers United
24224,Steel Symphony
24225,Gachimuchi
24226,Blitz Breaker
24227,Holo-Graham
24228,Inkslinger
24229,Save The Creatures
24230,斗魂大陆
24231,Shadow Of The School
24232,Succubus Girl Story
24233,Mortal Rite
24234,Final Beacon
24235,Zoo Chess
24236,Starlines
24237,Jacob
24238,Battle Of Hořice 1423
24239,幻想三国志3
24240,Criminal Archives: Alphabetic Murders Collector'S Edition
24241,Violations Will Be Punished
24242,Umbra Fields
24243,The Expanse
24244,Vermillion - Vr Painting
24245,灵异Ae
24246,The Reacher
24247,Rogue Light Deck Builder
24248,Real Farm
24249,Penguin Hotel -Chapter 1-
24250,Euphoria: Supreme Mechanics
24251,Sid Meier'S Covert Action (Classic)
24252,Fakebook
24253,Space Tower
24254,Band Camp Boyfriend
24255,Circle Tank
24256,Army General
24257,Hidden Paws Mystery
24258,Bepuzzled Space Jigsaw Puzzle
24259,Legend Of Fae
24260,Popmoji
24261,Monster Coming
24262,Paper Bride 6 Nightmare
24263,Billiards Dungeon
24264,Shelter 3
24265,Leylines
24266,Hop Step Sing! Kimamani☆Summer Vacation (Hq Edition)
24267,Dark Frame
24268,Storror Parkour Pro
24269,Escape The Underground
24270,Angvik 2
24271,Alien Robot Monsters
24272,Pig Rush
24273,Who Am I: The Tale Of Dorothy
24274,Ball
24275,Octodad (Student Edition)
24276,Ghost Janitors
24277,Warcube
24278,Whisker Squadron: Survivor
24279,Holiday Bonus Gold
24280,The Test: Reality Check
24281,A House Of Thieves
24282,Dungeons & Geese
24283,Space Mayhem
24284,Virus Rush
24285,Dark Ghost Rpg
24286,Wrecked: Get Your Ship Together
24287,Christmas Stories: Puss In Boots Collector'S Edition
24288,The Emptiness Deluxe Edition
24289,Audio Trip
24290,Kukui
24291,Make A Killing
24292,Ao Tennis 2 Tools
24293,Neoproxima
24294,Puzzlerio
24295,Transiruby
24296,Spaceship Commander
24297,螢幕判官 Behind The Screen
24298,Slippery Flippers: Episode One - Amulet Of The Gods
24299,The Neverland Of The Mountain And Sea
24300,County Hospital 2
24301,Search All - Sushi
24302,Hyper Space
24303,Archery Simulator
24304,Project Skylab
24305,Air Forte
24306,Mothered - A Role-Playing Horror Game
24307,Epiphany City
24308,Psyolence
24309,Bombe
24310,Defenders Glory
24311,Phyxbox
24312,Guardians Of The Sanctree
24313,Richard West And The Golden Mask
24314,Virtual Desktop Dashboard
24315,Kyklos Code
24316,Shock Tactics
24317,Dofi
24318,The Emerald Tablet
24319,李教授的知识问答
24320,建筑大冒险 Architectural Adventure
24321,Void Wizard
24322,Beyond The Tales
24323,Professor Watts Word Search: Into The Ocean
24324,Monsters!
24325,Hell Is Other Demons
24326,1 Screen Platformer: Prologue
24327,The Demon Rush: Legends Corrupt
24328,Boardguard
24329,Ms.Director
24330,Gates Of Horizon
24331,Wirtschaftswoche Virtual Reality
24332,Omega-Altro
24333,Fuzz Dungeon
24334,A Legend Of Luca
24335,Aqorel
24336,The Ultimate Collector
24337,Counterspell
24338,Warbyte: Operation Falcon
24339,Clouds Of Rain
24340,Olympia Rising
24341,The Treasure Of The Lost Temple
24342,Exclusion| 間引き
24343,Burger Bistro Story
24344,Utopia Colony
24345,Move Dodge And Kill
24346,Skyflower
24347,Dead Grid
24348,Mall Empire
24349,Super Bullet Break
24350,Fugue In Void
24351,Kuroinu Redux
24352,Woody Two-Legs: Attack Of The Zombie Pirates
24353,Snakeez
24354,Tunnel Runner Vr
24355,Puredesktop
24356,Still Heroes
24357,Call Of Pixel : Close Quarters
24358,Russian Front
24359,Liam Fitzroy Kills Everyone The Game Part Zero
24360,Hope
24361,Call Of The Abyss
24362,Dollkart
24363,Undercover Missions: Operation Kursk K-141
24364,Trivia Vault Basketball Trivia
24365,Dna Farm
24366,Amos From Outer Space
24367,Nazi Bunker
24368,Ever Forward
24369,Double Invasion!!
24370,Ultrawings
24371,Just Skill Shooter
24372,Worlds
24373,Shotforge
24374,Death Noodle Delivery
24375,Robo Run
24376,Cursed Deal
24377,Four Color Jump
24378,Roll Me Home
24379,Nebula Nuker
24380,Color Escape: Vr Coop
24381,Bunny Reversi
24382,Provisional Detective
24383,Space Battle Vr
24384,Guns Of Icarus Alliance
24385,Particubes
24386,Mongirltile
24387,Shark Pinball
24388,Casino Heist
24389,Digital Jigsaw Puzzle
24390,El Hincha - El Videojuego
24391,A.L.A.N.: Rift Breakers
24392,Claustrophobia: The Downward Struggle
24393,Rollriddle - Cube'N'Roll
24394,Ros
24395,Military Service
24396,Desordre : A Puzzle Game Adventure
24397,Desolate City: Last Show
24398,Gyatm Dragon Edition
24399,Magical Fairy Force - Champion Edition
24400,Strazeal
24401,Trivia Vault: Science & History Trivia 2
24402,Fujisan Nobori
24403,Dark Grim Mariupolis
24404,Dr. Robotnik’S Mean Bean Machine
24405,Pico Pico Dungeon!
24406,An Uninvited Guest
24407,Blood Lily Loop
24408,The Captain Is Dead
24409,Vectromirror
24410,Dokkalfheim Magical University
24411,Endless Fables 2: Frozen Path
24412,网瘾少年2005 Internet Addicted Youth 2005
24413,Paradox Wrench
24414,Wujidaoren
24415,Everdell
24416,Au Revoir
24417,Lineart Jigsaw Puzzle - Airplanes
24418,Car Demolition Clicker
24419,Tomoyo After ~It'S A Wonderful Life~ English Edition
24420,Bunny Hurling
24421,Gzlna
24422,Paper Ghost Stories: Third Eye Open
24423,Jam Studio Vr
24424,Memories Off -Innocent Fille-
24425,Hamsterdam
24426,Elite Exorcist Miko
24427,My Friend Peppa Pig
24428,Genesis Of A Small God
24429,Jaws Of Extinction
24430,Wicked Games
24431,10Mg: You Are Such A Soft And Round Kitten.
24432,Trash Horror Collection 4
24433,Bokura: Planet
24434,"Vr Historical Journey To The Age Of Crusaders: Medieval Jerusalem, Saracen Cities, Arabic Culture, East Land"
24435,Couple-Cultivation Saves The World
24436,Rhapsody Iii: Memories Of Marl Kingdom
24437,Lifeline
24438,Technosphere Reload
24439,Rot 3D
24440,Necromantic
24441,Escort Commander
24442,Rysen
24443,Bbq Simulator: The Squad
24444,Memory Maze
24445,Builders Of Greece
24446,Clickmonster
24447,Pilam Sky
24448,Brazilian Root
24449,All In Abyss: Judge The Fake
24450,You Will Be Cursed
24451,Royal Agents: Sweet Zombie
24452,Clash Ii
24453,The Last Survey
24454,Minutescape
24455,Astral Throne
24456,Pet Shop Simulator
24457,Rpg Time: The Legend Of Wright
24458,Aircraft Carrier Survival: Prologue
24459,The Mosquito Gang
24460,Wellington'S Victory
24461,Offroad Truck Simulator: Heavy Duty Challenge
24462,Noroi Kago: The Grudged Domain
24463,Olympus Of The Heavens
24464,Adventures Of Hendri
24465,Dungeon Danger Traps
24466,Trapper: Drug Dealing Rpg
24467,Kill The Plumber
24468,Fire And Fury: English Civil War
24469,Rungore
24470,Infinite Versus: 3D Mugen
24471,Purrfect Apawcalypse: Love At Furst Bite
24472,Galaxity
24473,Dogfight: 80 Years Of Aerial Warfare
24474,Lawnmower Game 2: Drifter
24475,Victim Cache The Rpg - An 80S Jrpg Parody
24476,A Druid'S Duel
24477,Modern Road-Like
24478,A Thousand Mouths To Scream
24479,Worldmaker
24480,Cubesis
24481,My Train Arrives
24482,Mahjong Roadshow
24483,Glutton Man
24484,Beyond The Invisible: Evening
24485,Haremkingdom
24486,The Hell In I
24487,A Story In Space
24488,Sakura Gamer
24489,春秋:英雄(Heroes Of Chunqiu)
24490,Deep Space Bellhop
24491,Another Road
24492,Mv Mazes
24493,Record Of Lodoss War Online
24494,Tiger Tank 59 Ⅰ
24495,Lamunation! -International-
24496,Dark Prospect
24497,Ankh 2: Heart Of Osiris
24498,Cybershock: Future Parkour
24499,Super Shooter
24500,Stealth Blade
24501,Snails
24502,Nana In The Dark
24503,Yet Another Fantasy Title (Yaft)
24504,Valiant Hearts: Coming Home
24505,Goddess Detective 4
24506,Devolution 魔剣の王としもべたち
24507,Narcos: Rise Of The Cartels
24508,Task Force 9
24509,Warlords Under Siege
24510,Enigma : An Illusion Named Family
24511,An Egg Can Dream
24512,Swordy
24513,Mediterranea Inferno
24514,Monster Bash
24515,Dead Horizon
24516,Cpu Invaders
24517,Barrage Fantasia
24518,Siberian Experiment
24519,Amelie
24520,Tin & Kuna
24521,Animallica
24522,Space Cats Tactics
24523,Lunapark Vr
24524,Whalegameonline
24525,Sethian
24526,Caretaker
24527,Desert Child
24528,Everyday Genius: Squarelogic
24529,Where Are My Internets?
24530,Queen'S Garden 2
24531,Charlie'S Conscious
24532,亦春秋 Power Of Seasons
24533,War Theatre
24534,Myriad Death
24535,Like Clay
24536,Taiwan Love Story⁵
24537,Dawn Of Andromeda
24538,The Hunting God
24539,Cave Escape
24540,Outlawed
24541,Decently Bad Tower Defense
24542,The Fox'S Way Home
24543,Hypersense
24544,Eclipse: Echo Of Dimension
24545,Space Aliens Invaders
24546,Deliverance & Reign
24547,Warriors All-Stars
24548,Social Services Of The Doomed
24549,A Gay'S Life
24550,Clown Thug Cop Zombies
24551,Candera: The Forgotten Realm
24552,Hentai Mosaique Vip Room
24553,The World According To Girl
24554,Soul Wargame
24555,Fidget Spinner
24556,Pesadelo - Regressão
24557,Denizen
24558,Romance Of The Three Kingdoms Viii With Power Up Kit
24559,Knights Hunt
24560,Salammbô: Battle For Carthage
24561,Virtua Tennis 4
24562,Facility 386
24563,Electrobillion
24564,Pud Pud In Weird World
24565,Volley Court
24566,The Jewel Of Monostructure
24567,Mind Maze
24568,Survive: The King Killer
24569,Wildlife Park Gold Reloaded
24570,Earth'S Center Of Gravity
24571,Colecovision Flashback
24572,Ralph And The Blue Ball
24573,Stride: Fates
24574,Spaceman Defender
24575,Rhythm Rush!
24576,Omen Exitio: Plague
24577,Quell Reflect
24578,Brightstone Mysteries: The Others
24579,B-17 Flying Fortress : The Mighty 8Th Redux
24580,Forgotten Lore
24581,Forward Brave
24582,Micro Wars
24583,Dance Of Decapods
24584,Evil Corporation
24585,Grandmaster Chess
24586,Target React Force
24587,Cadleiu
24588,El Ministerio Del Tiempo Vr: Salva El Tiempo
24589,Crestfallen: Medieval Survival
24590,江湖侠客令
24591,Real Farm – Gold Edition
24592,Aero'S Quest
24593,Dreamscape
24594,Masterspace
24595,Mythos: The Beginning - Director'S Cut
24596,Collider
24597,Clouds & Sheep 2
24598,The Birthday
24599,鸢之歌-Singing Iris
24600,N.E.R.O.: Nothing Ever Remains Obscure
24601,Astrodle
24602,Foosball - Street Edition
24603,Mothership Forever
24604,Dashy Square Vr
24605,Desert Parkour
24606,Ninja Soul
24607,Trigo
24608,Simple Rts
24609,The Enthralling Realms
24610,No:Worse
24611,Alvora Tactics
24612,Dünnes Eis - Das Spiel Zum Song
24613,Zombies!
24614,Ghostist
24615,Jellyfish The Ghost
24616,Dragon Rage
24617,At Light Speed
24618,Untitled Marble Game
24619,Stars Slide
24620,Cade Prime
24621,Immortal Love: True Treasure Collector'S Edition
24622,Food Monster And Animals Memory Match
24623,Galactic Arms Race
24624,Hypertrain
24625,The Perfectionist
24626,Wars Across The World
24627,Labyrinth 2
24628,Oik 5
24629,Evil God Korone
24630,Minesweeper Classy
24631,.Projekt
24632,Garden Of Oblivion
24633,Filthy Hands
24634,Solaroids
24635,First Contact
24636,Peasant Kingdom
24637,Farm Frenzy Collection
24638,Parkan: Iron Strategy
24639,宥蘿的奇幻冒險 Yuro'S Fantasy Adventure
24640,School Paranormal Laboratory
24641,勇者屠龙 之 永恒幻想
24642,Exzeus: The Complete Collection
24643,Bullet Roulette Vr
24644,Purplis Sandbox
24645,封神外传
24646,Malignant Survivors
24647,Asteroid Blaster Vr
24648,Kingdom'S Life
24649,Togainu No Chi ~Lost Blood~
24650,Psi Cards
24651,Z-Company
24652,Rotii
24653,Age Of Giants
24654,The Metamorphosis
24655,Carnival Games Vr
24656,Escape From Kyoto House
24657,Big Dipper
24658,Hillbilly Apocalypse
24659,Game Developer Simulator
24660,Seven Mysteries: The Last Page
24661,Death Penalty: Beginning
24662,Ephemeral Tale
24663,Further Still: Survivors
24664,Zombie Apocalypse
24665,死前30天
24666,Robobo Tm
24667,Genotype
24668,Geneforge 2 - Infestation
24669,Night Of The Living Dead Vr
24670,Delivery In Space
24671,Cute Blocks
24672,"Vr Time Machine Travelling In Ancient Civilizations: Mayan Kingdom, Inca Empire, Indians, And Aztecs Before Conquest A.D.1000"
24673,Leopoldo Manquiseil
24674,Gun Master
24675,Rpg Quiz
24676,Georgie-Yolkie 64 - The Furry Tale
24677,Bring Dad Home
24678,Adventures Of Mike
24679,Schar: Blue Shield Alliance
24680,Inversion Institute
24681,Corpse Party 2: Dead Patient
24682,Abandonware : The Horror Collection
24683,Coin Flipper
24684,The Pirate'S Fate
24685,Pomofarm
24686,Infinity Wings - Scout & Grunt
24687,Cute Cats Puzzles
24688,Crush Them！
24689,The Hand Of Merlin
24690,Dark Raid
24691,Guardians Frontline
24692,Sainthum 圣颂
24693,Palinurus
24694,The Change Architect
24695,Gone Rogue
24696,The Catch: Carp & Coarse Fishing
24697,Strings Theory
24698,Master Bladesmith
24699,The Heart Of Darkness
24700,篱笆庄秘闻 / Mysteries Of Fence
24701,Counter Terrorist Agency
24702,Intergalactic Traveler: The Omega Sector
24703,Abyss Manager
24704,Orpheus' Revenge
24705,Cosmos Invictus
24706,Red Bow
24707,Starlight Vega
24708,Super Dark Deception
24709,Gachi Run: Running Of The Slaves
24710,Sakura Succubus 2
24711,Chinese Frontiers: Prologue
24712,A Bloody Night
24713,Sakura Shrine Girls
24714,Kira'S Contract
24715,Unplugged
24716,The Importance Of Choosing: Second Chance
24717,Барабан: Майстер-Торгаш
24718,Polybius
24719,Blood And Zombies
24720,Equal People
24721,Night Mysteries: The Amphora Prisoner
24722,Snail Trek - Chapter 1: Intershellar
24723,The Visitor
24724,Rem Cycles
24725,First Person Tennis - The Real Tennis Simulator
24726,Gun Reflex Vr
24727,Firefight
24728,Autumn-Time Trade-Up
24729,Utopos
24730,Cave Coaster
24731,The Land Of The Magnates
24732,Hoshizora No Memoria -Wish Upon A Shooting Star- Hd
24733,The Infernal Return
24734,Mubosama
24735,Highschool Possession
24736,B-Horror: Subway
24737,Sakura Magical Girls
24738,Abyss Of Death
24739,The Boogie Man
24740,Farm Frenzy: Hurricane Season
24741,One True Path - Part 1
24742,Gift Collector [ギフトコレクター]
24743,Wand Wars
24744,Planet Rix-13
24745,Anthology Of Fear
24746,Wreckin' Ball Adventure
24747,Nelke & The Legendary Alchemists ~Ateliers Of The New World~
24748,Black Jewel
24749,Sensorium
24750,Home Creator
24751,Yumecore
24752,Capoo Pals
24753,Endless Furry Killer 2020
24754,Oik Memory
24755,Close Combat: Modern Tactics
24756,Unknown Tapes
24757,Prismatica
24758,Disillusion St
24759,The Castles Of Burgundy
24760,Spike Volleyball
24761,Achilles: Survivor
24762,Wirenet
24763,My Hole Is A Mouth Of Dirt
24764,Drawing From Memory
24765,R-Coil
24766,Alien Carnage / Halloween Harry
24767,Global Adventures
24768,Otherwar
24769,Astro Tripper
24770,River City Saga: Three Kingdoms
24771,Baja: Edge Of Control Hd
24772,Make Good Choices
24773,Extreme-G 2
24774,末代侠客
24775,Gem Forge
24776,Zork: Grand Inquisitor
24777,Voxel Hunters
24778,Asterix & Obelix: Slap Them All!
24779,Inherit The Earth: Quest For The Orb
24780,The Pepper Prince: Episode 1 - Red Hot Chili Wedding
24781,Governor Of Poker 2
24782,鶴鄉戀旅
24783,Tales Of Monkey Island Complete Pack: Chapter 2 - The Siege Of Spinner Cay
24784,Rpg Maker Vx Ace Lite
24785,Aron'S Adventure
24786,Sword And Fairy 4
24787,There'S A Butcher Around
24788,"Please, Forgive Me"
24789,Orbi Universo
24790,Bubsy Two-Fur
24791,Ultimate Racing 2D 2
24792,Formula Truck 2013
24793,Gilded Shadows
24794,"The Princess, The Stray Cat, And Matters Of The Heart 2"
24795,Infinity Valley
24796,Rolling Bird
24797,Jjboom
24798,Dungeon Of Stone
24799,The Mystery Of A Lost Planet
24800,Elteria Hunter
24801,Draw The Way
24802,Dunhero
24803,Torn Tales
24804,Fables From The Den
24805,Captain Cook: Word Puzzle
24806,Hive In Space
24807,Surface: Strings Of Fate Collector'S Edition
24808,Trapped With The Dolls Vr
24809,In Between
24810,Fox In The Woods
24811,Kinesis
24812,Zoria: Age Of Shattering Prologue
24813,Path Out
24814,Danghost
24815,Ghost Sync
24816,White
24817,Bunker 21 Extended Edition
24818,Lurkbait Twitch Fishing
24819,My Wolf - Desktop Wild Pet
24820,Bacchanalia
24821,Voicebot
24822,The Bonfire: Forsaken Lands
24823,Vaudeville
24824,Annoying Ball Game
24825,Replicube
24826,Cascade Tactics
24827,Bird Game
24828,Fei Duanmu Vs Kobayashi 端木斐 Vs 小林正雪
24829,Moral King
24830,Bubblegum-Push
24831,Faction Wars
24832,One Of The Victims
24833,Buildings Have Feelings Too!
24834,The Mexican Dream
24835,Zen World
24836,Le Bureau Des Rêves
24837,Dungeon Marathon
24838,Confabulation
24839,Kalyzmyr
24840,They Always Run
24841,Pack Of Demons
24842,Qrth-Phyl
24843,Fairy Lands: Rinka And The Fairy Gems
24844,Petrified Pawns
24845,Dash Realm
24846,Click On Their Heads
24847,Smalles
24848,Mystery Of Myths: Mystery Of The Fjords Collector'S Edition
24849,Mazemaze
24850,Lost Lands: Mistakes Of The Past Collector'S Edition
24851,House Of 1000 Doors: Evil Inside
24852,Lonely White
24853,The Legend Of Lumina
24854,Chronicles Of Vaeltaja: In Search Of The Great Wanderer
24855,Thirst Vr
24856,Clover Day'S Plus
24857,The Tomb Of Corruption
24858,Solace Inc.
24859,The Monsters' History Book
24860,Perfect Chess
24861,彼岸画廊/Nether Gallery
24862,3X3 Mini-Shogi
24863,The Lord Of The Parties
24864,Symploke: Legend Of Gustavo Bueno (Chapter 2)
24865,Hacker Life Simulator
24866,วีรบุรุษไร้พลัง ไข่ต้ม
24867,Tales From The Arcade: Starship Murder
24868,Manic Mechanics
24869,Plentypede
24870,Murder Mystery Machine
24871,Sola
24872,Vr Interactive Trailer: Runes
24873,Fear Protocol: Codename Omega Starring Agent Jack Banger
24874,Godumas
24875,Yoko Redux: Dreams Of A Blue Planet
24876,Riot Of Willy
24877,Only Ban!
24878,Mini Hockey Champ!
24879,Maid_Hunter
24880,Superduck!
24881,Corpse Factory
24882,Metal Gunner
24883,Paws Of Coal
24884,Inexplicable Deaths In Damipolis: Inner Thoughts
24885,Gun Crazy
24886,Cruel Reality: A Horrible Dream
24887,Antiflux
24888,Sector 40: The Soviet Legacy
24889,Sunset Humanity
24890,The Stones
24891,Big Quest 2: The Adventure
24892,Cool Game
24893,Tank Battle: Normandy
24894,Ancient Battle: Hannibal
24895,Miuratale
24896,Last Visit
24897,Dojo Assault
24898,Habitat: Race To Mars
24899,Doraemon  Story Of Seasons
24900,Upirja
24901,Dueleum
24902,The Heroes Around Me
24903,Handball 21
24904,Gardens Inc. – From Rakes To Riches
24905,Viking Hiking
24906,Survivalizm - The Animal Simulator
24907,Boeckham'S Football Manager
24908,Spatial Sound Card
24909,The Krampus
24910,Inhuman
24911,Widecross
24912,Intruder In Antiquonia
24913,Ubercold
24914,Earth'S Shadow
24915,Rush Rally 3
24916,Jumping Joe! - Friends Edition
24917,Archery Land
24918,Math Hero
24919,Bodhi 'N' Friends
24920,Reborn Tribe
24921,The Pit: Infinity
24922,Devilry
24923,Devils & Demons
24924,Yerba Mate Tycoon
24925,Beyond Shattered Isles
24926,Nathan Morgan: Dilemma
24927,Retris
24928,Haunting Of The Evil Spirit - Horror Choose Your Own Adventure Novel
24929,Without You
24930,Flatinside Simulator
24931,Rank: Warmaster
24932,Disney G-Force
24933,Momonga Pinball Adventures
24934,Crystal Cosmos
24935,Admeowture
24936,Classic Fun Collection 5 In 1
24937,Golden Knight
24938,Spirits Chronicles: Born In Flames Collector'S Edition
24939,Dragon Blast - Crazy Action Super Hero Game
24940,Delearnia: Fractions Of Hope
24941,Street Stallion: The Jaywalk Simulator
24942,12 Labours Of Hercules Xiii: Wonder-Ful Builder
24943,Septaroad Voyager
24944,Love And Fear
24945,808 - Firetower12
24946,Queen'S Conquest
24947,Overdose Ww2
24948,Heroines
24949,Honor Cry: Aftermath
24950,Vampire Therapist
24951,Submeris
24952,Putt-Putt Joins The Parade
24953,Sunshine Manor Prologue
24954,Virtual Pool 4 Multiplayer
24955,Alchemist'S Castle
24956,River City Girls Zero
24957,Pumped Bmx Pro
24958,Forest 6174
24959,Scp: Bloodwater
24960,Exocolony: Planet Survival
24961,Strange Investigations: Becoming Collector'S Edition
24962,Mortos
24963,Cloudlands : Vr Minigolf
24964,Coldfire Keep
24965,Atlantis Royale
24966,Mosby'S Confederacy
24967,Spaceroads
24968,Isekai Eternal
24969,Wardogs: Red'S Return
24970,A Year Of Springs
24971,Exit 4 - Portal
24972,Draconia
24973,The Passenger
24974,Castle Torgeath: Descent Into Darkness
24975,Afterinfection
24976,硬币与仙人掌 (Coins & Wishpalm)
24977,Late Stage Inferno
24978,Stormblades Remastered
24979,Robot Paradise Vr
24980,Armored War
24981,Akabeth Tactics
24982,Joe Jump Impossible Quest
24983,Worlds Collide
24984,おいでませ、こくりさん - Welcome Kokurisan -
24985,Umbra
24986,Valgrave: Immortal Plains
24987,Pirated Code: Admin Edition
24988,Discord Bot - Controls
24989,Kanova
24990,Cybermatrix
24991,Civil War: 1864
24992,Legacy Of Dorn: Herald Of Oblivion (Classic)
24993,Metro Warp
24994,Interstellar Turtle Legend
24995,Cat Search In Medieval Times
24996,Fortify
24997,Blood Bowl: Death Zone
24998,Happy'S Humble Burger Farm
24999,Pinball Spire
25000,Ast-Hero
25001,Dark Hunting Ground
25002,Touhou Mechanical Scrollery | 幻想討幻経
25003,Winds Of Trade
25004,Dissimilated Land
25005,One Day In London
25006,All About Chopsticks
25007,Music Store Simulator
25008,Cat Fred Evil Pet
25009,Lis: Achados & Perdidos Dos Confins Do Universo
25010,Assassin War Sniper Shooting
25011,Artifacts Of Eyru
25012,The Disaster
25013,Efflorescence Of Lust
25014,Sargon'S Lair
25015,High School Odyssey
25016,Treasure Hunter: History Of Monastery Gold
25017,Sealed
25018,Metu Caligine
25019,Granado Espada Japan
25020,Rex: Another Island
25021,Everything Explosive
25022,Physics Drop
25023,Epic Chef
25024,Blarp!
25025,Cube Miners
25026,Truth: Disorder
25027,You You N Music
25028,Lagoon Lounge : The Poisonous Fountain
25029,The Devil'S Womb
25030,Flat Earth Simulator
25031,Minitracks
25032,Dark Parables: Portrait Of The Stained Princess Collector'S Edition
25033,Troubledays
25034,Project Runner
25035,Dragon Question
25036,Cinevr
25037,Pound Of Ground
25038,Ace Squared
25039,Chess Valley 2
25040,Round Rooms
25041,Royal Bounty Hd
25042,Sos Ops!
25043,Passageway Of The Ancients
25044,Choices: The Game
25045,Woe
25046,Cubot
25047,Nhra Championship Drag Racing: Speed For All
25048,The Specter'S Desire
25049,Legend Of Kendor
25050,Zom Tom
25051,Dr4X
25052,西游伏妖传
25053,Idle: Generators
25054,Gobbo'S Gambit
25055,I Need A Name
25056,她曾经活过啊
25057,Hell Shooter
25058,Yozora Rhapsody
25059,Embers Of Magic
25060,Crystal Story: The Hero And The Evil Witch
25061,Balls Royale
25062,Dreadful Shadows
25063,Watermelon Challenge
25064,Trench Tales
25065,Escape From Norwood
25066,Fairy Tail: Dungeons
25067,Sports Betting Simulator
25068,Simpletd
25069,Stone Story Rpg
25070,Pushing It! Together - Sisyphus Co-Op
25071,Mushroom Picker Simulator
25072,Sphere - Flying Cities
25073,Kaiju Klash
25074,S.F.77
25075,Horror Explus
25076,Pagan: Autogeny
25077,Limb
25078,Indoorlands
25079,Powernaut Decay
25080,Hocus 2
25081,Starborn Survivor
25082,Rogue Glitch Ultra
25083,Doom In The Dark
25084,Necore Tower - Redux Edition
25085,The Line
25086,Flash Point - Online Fps
25087,Grand Battle
25088,Google Spotlight Stories: Back To The Moon
25089,The Wizard Game
25090,Into The Depths
25091,8-Bit Adventure Anthology: Volume I
25092,Aftergrinder
25093,The Wendigo
25094,Pitcher And The Whale
25095,Lyca
25096,Food Fight
25097,Rolling Ball : Sphere Guider
25098,The Trench
25099,Seer'S Gambit
25100,Namariel Legends: Iron Lord Premium Edition
25101,月出之时
25102,Tanks2.De
25103,Anna Vs The A.I.Maze
25104,Absentedage 2: Ghostbound
25105,Tales Across Time
25106,My Colony
25107,Class Of Heroes: Anniversary Edition
25108,Sinisistar Lite Version
25109,Parasight: Chlorophyll Worms
25110,Poly Runner Vr
25111,"Cars, Girls And Rock 'N' Roll"
25112,Holy Knight Luviria
25113,Seroutte
25114,Namco Museum Archives Vol 1
25115,Vampire Slayer: The Resurrection
25116,Myaosoftガラケーコレクション
25117,Connected Hearts: The Musketeers Saga Collector'S Edition
25118,Infinadeck Stonehenge
25119,Merge Hero
25120,古代人生 Ancient Life
25121,Uayeb: The Dry Land
25122,Tee Time Golf
25123,Grim Quest - Old School Rpg
25124,Blackfaith
25125,Learn Programming: Python - Remake
25126,Arizona Derby
25127,Avarice
25128,Garden Of Witches
25129,Violet Re:-The Final Reexistence-
25130,Shifting Dungeon
25131,七星探偵倶楽部~黄金虫たちの帰巣~
25132,Moai 3: Trade Mission Collector'S Edition
25133,Aquarist
25134,Dc League Of Super-Pets: The Adventures Of Krypto And Ace
25135,Tavernier
25136,The Dream Of Shadowlands Episode 1
25137,Hakuoki: Edo Blossoms
25138,Lumberjack Simulator
25139,Supercow
25140,Trivia Vault: Mini Mixed Trivia 4
25141,Will Fight For Food: Super Actual Sellout: Game Of The Hour
25142,Battlethorne
25143,Chinese Rail Sim
25144,Gnomes
25145,Hippocampal: The White Sofa
25146,My Name Is Uncle Groucho You Win A Fat Cigar
25147,Billion Beat
25148,Hats Are Not Allowed
25149,Primitive Hearts
25150,Funny Yo
25151,Collection Of Saga Final Fantasy Legend
25152,Space Colony: Steam Edition
25153,Goddess Detective 2
25154,Witching Stone
25155,The True Tales Of Bloodstreet 13 - Chapter 1
25156,Talented
25157,Dymension:Scary Horror Survival Shooter
25158,U Evade
25159,Peakvox Mew Mew Chamber For Steam
25160,Exist
25161,Lost Legends: The Weeping Woman Collector'S Edition
25162,Smash Halloween Pumpkins: The Challenge
25163,Keng'S Little Universe
25164,Demons Infernalize
25165,The Murder Of H.
25166,Heal Hitler
25167,Hidden Expedition: A King'S Line Collector'S Edition
25168,Stealth Kart
25169,Vorago
25170,Sayonara Golden Days
25171,Proxy Air Force
25172,Vault Cracker
25173,Horror Stories: Please Comply
25174,Vthree
25175,Bad Sector Hdd
25176,Viking Squad
25177,This Child Of Mine
25178,Carsteroids
25179,机忆
25180,Yandere Escape
25181,Grave Mania: Undead Fever
25182,Silenced: The House
25183,Unstable
25184,Amid Evil Vr
25185,Speed Limit
25186,Sweet Solitaire: School Witch
25187,魔塔三国之群雄争霸
25188,Dream Logic
25189,Critters For Sale: Snake
25190,Evil Robot Traffic Jam Hd
25191,Dream House Days Dx
25192,Mr. Healer
25193,Tanks Etc.
25194,The Last Sunshine: Rekindled
25195,Halloween Forever
25196,Dust And Salt
25197,Pizza Game
25198,Mxgp2 - The Official Motocross Videogame Compact
25199,Whimsy
25200,Go For Launch: Mercury
25201,Occultus Vitae - Hidden Life
25202,Bloodland
25203,Artificer: Science Of Magic
25204,Watson'S Watch
25205,Tangledeep
25206,轮回之理-Mobius Theory
25207,Defense The Farm
25208,Rum & Gun
25209,Dungeon Town
25210,Interactive Empathy
25211,Mountain Troll
25212,Voyager
25213,Transference
25214,Off-Road: Redneck Racing
25215,魔法迷域
25216,Get Packed: Fully Loaded
25217,Zero Reflex : Black Eye Edition
25218,Elminage Original - Priestess Of Darkness And The Ring Of The Gods
25219,Planet Assault
25220,抵抗组织
25221,烈山海贰
25222,Bloody Moon
25223,Plunge
25224,Air Hockey
25225,Fracture The Flag
25226,The Unfolding Engine: Paint A Game
25227,Darkest Wave
25228,Basketball Hoop
25229,The Book Of Regrets
25230,Corpse Box Racers
25231,Leenie Boog
25232,Astrodrifter
25233,Elite Hacker: Retro Hacking Evolution: Grand Theft Transsexual Uplink Matrix Terminator Seo Words
25234,Jewel Puzzle Click
25235,Adventure With The Goddess
25236,Se Vr World Demo
25237,Schoolmates: The Mystery Of The Magical Bracelet
25238,Duel Of Games
25239,Mystery Of Camp Enigma 2: Point & Click Puzzle Adventure
25240,Dragon'S Chronicles
25241,Super Bawk Bawk Chicken
25242,The Terminal 2
25243,Dark Eden Origin
25244,Road
25245,The Lost
25246,Hotel Tutwin
25247,Dusty The Lazy Cat
25248,Steins;Gate Elite
25249,Find Yourself
25250,Forward Defense
25251,Cosmic Cruiser
25252,Departed Away
25253,Gjallarhorn
25254,Ristar
25255,Silver Bullet: Prometheus
25256,Here Be Dragons
25257,Boris The Mutant Bear With A Gun
25258,Space Drop
25259,Harmony
25260,Dreamstate Racing
25261,Feria D'Arles
25262,Dynamite Headdy
25263,Songs From The Iron Sea
25264,Romeow: In The Cracked World
25265,America'S Retribution
25266,Idling Gears
25267,Racing Game
25268,Death Off The Cuff
25269,Outlier
25270,Returner 77
25271,Quell Memento
25272,Arcade Mayhem Juanito
25273,Perfection.
25274,Endless Labyrinth
25275,Neonwall
25276,Crystal Plague
25277,Gods Of Havoc: Into The Void
25278,The Best Of Magicats
25279,Grim Tales: Crimson Hollow Collector'S Edition
25280,Petris
25281,Incoherence
25282,Sunshine Shuffle
25283,Truck Mechanic Simulator 2015
25284,Intern Pursuit Game
25285,Everett Isle
25286,Thinkahead
25287,Jurassic Fantasy
25288,Big Thinkers 1St Grade
25289,Dr.Green
25290,Infernal Radiation
25291,Artificiality-人造物-
25292,Truth Of Falchion
25293,Higurashi When They Cry Hou - Ch.4 Himatsubushi
25294,Eldritch Hunter
25295,Friendly Facade
25296,Magnesia
25297,Luxis
25298,Dwelling
25299,Space Struck Run
25300,Undungeon
25301,Double Kick Heroes
25302,Zombusters
25303,The Monster Within
25304,Aviator - Bush Pilot
25305,Mio And The Hot Summer
25306,Madness On Display
25307,Pregnancy
25308,Football Manager 2019: The Hashtag United Challenge
25309,Always Surrender
25310,Garlant: My Story
25311,Diesel Railcar Simulator
25312,Pawarumi
25313,Jq: Beautiful Japan
25314,Scarlett'S Dungeon
25315,Thorns: Police Never Sleeps
25316,A Case Of The Crabs: Rehash
25317,Koewotayorini Sp / 声之寄托Sp
25318,Abduction
25319,Follia - Dear Father
25320,Vagrant Hearts Zero
25321,Asta : Asta Server
25322,Shape Arena
25323,Space Trash Scavenger
25324,Minaurs
25325,How To Be Best Russian Game Developer
25326,Tetris The Grand Master 4 -Absolute Eye-
25327,Bassmaster Fishing
25328,Storm Tale
25329,Zombies And Keys
25330,Roxy Raccoon'S Pinball Panic
25331,Crossroad
25332,Underwater
25333,Galaxy Of Drones
25334,Stop The Saturnians!
25335,Empire Of Ember
25336,Sunlight
25337,Duck Life 4
25338,Mugen Souls Z
25339,Arctic Motel Simulator
25340,North Modding Company: Bergsbruk
25341,贝如塔医院 Beta Hospital
25342,Eigengrau
25343,无敌荒野/Unbeatable Wilderness
25344,Echo Royale
25345,Motogp25
25346,魂之大陆 Soultia
25347,Universe Quiz
25348,Second Rate Superheroes
25349,Travel Riddles: Trip To France
25350,Synthwave Tunnel
25351,Dating Simulator
25352,Gamehunt
25353,Saga Of The Void: Admirals
25354,Vectorman 2
25355,Sin And Love
25356,Flash Of The Blade X
25357,Battle For Enlor
25358,风起长安：驭骨人
25359,Polarize
25360,抓紧最后一朵
25361,Dorpie
25362,The Edge Of The World Z (Will Shock You) حافه العالم زيد
25363,Score Game 2D
25364,From Beyond Prologue
25365,Obscurite Magie: The City Of Sin
25366,Runika: A World Of Little Legends
25367,Cybershift
25368,Ultimate Hero
25369,Lumexa
25370,Yorg.Io 3
25371,Tiger Fighter 1931
25372,Shot The Body
25373,Operator Overload
25374,Amairo Chocolate
25375,It Was A Human.
25376,Spirits Of The Hellements - Td
25377,Darksite
25378,Jack N' Jill Dx
25379,Battlegroupvr
25380,Dad'S Monster House
25381,Super Hipster Lumberjack
25382,Zefira
25383,Tealgrounds
25384,Close Combat: The Bloody First
25385,Religion Inc.
25386,Pigship And The Giant Wolf
25387,Castaway Of The Ardusta Sea
25388,Realpolitiks 3: Earth And Beyond
25389,Notified
25390,Etrom 20Th Anniversary Edition
25391,The Red Front
25392,Le Avventure Di Blue
25393,Bombviking
25394,Reditum
25395,Bardic: Quest For Love
25396,League Of Evil
25397,Ultimate Summer
25398,Ved
25399,Kitty Powers' Love Life
25400,Vektor Wars
25401,Battlecubes: Arena
25402,Afl Evolution
25403,Cafe Deux Femmes
25404,Redaxium
25405,Multimind Challengers
25406,Redaxium 2
25407,Super Meat Shooter
25408,Princess Isabella - Return Of The Curse
25409,Pago Forest: Tower Defense
25410,Punch Bomb
25411,As We Know It
25412,Swinging Over It With Alin Lucian
25413,Jigsaw Puzzle - Pro Edition
25414,Q - A Neon Platformer
25415,Detective Penguin
25416,Cube Zone
25417,Snake Vr
25418,Dancegirl-Swimwear
25419,Niffelheim
25420,Backrooms:Run For Your Life!
25421,"Project ""Fire"""
25422,Christmas Clicker: Idle Gift Builder
25423,A Mass Of Dead
25424,Psycho Squirrels
25425,Virus Z
25426,American Farmer
25427,Foreclosed
25428,The End Of An Actress
25429,High School Otome
25430,A Girls Fabric Face
25431,Nimbatus - The Space Drone Constructor
25432,Sweet Holiday Jigsaws: Halloween Night
25433,Mission: Mars
25434,Meaty Mcskinbones
25435,En Route: A Co-Op Space Escape
25436,Reeve
25437,Chicken Police: Into The Hive!
25438,Nightingale Downs
25439,Mystery Loss
25440,Moons Of Ardan
25441,Trident'S Tale
25442,Eukarion Tales 2
25443,Ascent: Crash Landing
25444,Abyssal Reflections
25445,Project Pastorate
25446,Spellbound: Malachite Coven
25447,Pro Office Calculator
25448,Quester
25449,In The Backrooms
25450,Russian Train Trip
25451,Reset
25452,Lords Of The Realm Iii
25453,Yokai Survivor
25454,Love Stories: When Pastel Meets Grotesque
25455,Adohiinage
25456,Red Planet: Survive
25457,[Anomaly Tapes]: Beyond Reality
25458,Viewtracker
25459,Armor Clash 3
25460,The Night Of Escape
25461,Strandzha Adventures 3D
25462,Ruins Of Dawnseeker
25463,Girl Agent
25464,Renzo Racer
25465,Blinding Dark
25466,Grudge
25467,Vortex Escape
25468,Puzzle Light: Slide
25469,Hexrogue
25470,Galaxia Conquestum
25471,Mercury Abbey
25472,Scrapland Remastered
25473,Truxton 2
25474,Fruitbus
25475,Way Of Heroes
25476,Newfound Courage
25477,Book Series - Alice In Wonderland
25478,Gamer Shop Simulator
25479,Gravity Square -グラビティ スクエア-
25480,Beat Invaders
25481,Homeless Simulator 2
25482,Cions Of Vega
25483,Polda
25484,Lootun
25485,Monsterend
25486,Monsterterritory
25487,Radiis
25488,Jane Angel: Templar Mystery
25489,Mad Experiments: Escape Room 2
25490,Whitetail Challenge
25491,Brushwood Saga
25492,Vending Machine Business Simulator
25493,Kitty May Cry
25494,Luna: Shattered Hearts: Episode 1
25495,Enoki
25496,Odd Island
25497,Tru Or Die
25498,Fantasian Neo Dimension
25499,谜题姐妹 Puzzle Sisters
25500,Subterror
25501,The Paupers
25502,Forsaken Fortress Strategy
25503,Clank!
25504,Ninja Kamui: Shinobi Origins
25505,Sick
25506,The Prince Of Landis
25507,Don'T Text And Drive
25508,Marius
25509,Lawnmower Game
25510,Ticket To Ride
25511,Oxide Room 104
25512,Crystal Catacombs
25513,Ghost Terminator
25514,Break It Down
25515,Tesseract Vr
25516,Red Line
25517,天天地下城
25518,Nomad Revisited
25519,Unroaded
25520,Witch'S Reign
25521,Ginger: Beyond The Crystal
25522,Man In The Dark
25523,Total Seclusion
25524,The Low Road
25525,Zookeeper Simulator
25526,Hoverkitty In The Hoververse Chapter Two
25527,The Sickle Upon Sekigahara
25528,Snk Vs. Capcom Svc Chaos
25529,Quad Hopping
25530,Lunaela
25531,The Day Before You Gone
25532,Color Crush
25533,Beat
25534,Space Accident
25535,"Dvdrum, Ultimate Drum Simulator!"
25536,Center Station Simulator
25537,Super Hero League Of Hoboken
25538,Freedom'S Eye
25539,Kingdom Wars 4
25540,希望之光1：灵菌涅槃
25541,Block Jumper
25542,食用系少女 Food Girls
25543,Inspector Detective: Private Eye
25544,Katy And Bob Way Back Home
25545,Ties
25546,Cyberpunk 3776
25547,Arkin
25548,Cosmoscope
25549,Area 86
25550,Aquarius
25551,Doctor Watson - The Riddle Of The Catacombs
25552,Desktopia: A Desktop Village Simulator
25553,Asteroidtd
25554,Validate: Struggling Singles In Your Area
25555,Card City Nights 2
25556,Need For Conquest
25557,Avrod
25558,Mythlands: Dragon Flight Vr
25559,Viviette
25560,Scrap Galaxy
25561,Memorise'N'Run
25562,邪神大陆(Evil God Land)
25563,Emi'S Country Store And Farm
25564,Warhawk
25565,Fantastic Pinball Thrills
25566,Yorkshire Gubbins
25567,Iwo: Bloodbath In The Bonins
25568,Mindframe Arena
25569,Rocks And Rockets
25570,Thrilling Triple Treat
25571,Gunhead
25572,Space Thinger
25573,Nope Nope Nurses
25574,"Trapper Knight, Sharpshooter Princess"
25575,Hidden Cats In London
25576,"My Tower, My Home"
25577,Bit Dungeon Iii
25578,"Witches, Heroes And Magic"
25579,Prognostic
25580,The Tower
25581,Codename Nemesis
25582,Sbx 5K
25583,Space City - Build Your Empire
25584,Alchemos
25585,Pcmark 10
25586,Super Rebellion
25587,Freaking Meatbags
25588,Kao The Kangaroo: Mystery Of The Volcano (2005 Re-Release)
25589,"Robots, Death & Venice"
25590,Neon Speed
25591,"Its Simple, Shoot"
25592,The Alchemist Alekki
25593,We Are Alive
25594,Liberty Belle
25595,Beat Souls
25596,Camping
25597,Dab On Darkness!
25598,Necromancer Returns
25599,Depths Of Madness
25600,Brut@L
25601,筒楼异事
25602,Waifu Fighter -Family Friendly
25603,The Banished Vault
25604,Monster Line Of Defense
25605,Deadsiege
25606,Duke Dashington Remastered
25607,Fates Of Ort
25608,Last Day Of Fear
25609,Breaking Good
25610,Tinkerquarry
25611,Neko-Nin Exheart 2
25612,Caramba!
25613,Kismet
25614,Blue Sheep
25615,Vague Lizards
25616,My Girlfriend’S Special Place
25617,_Message:
25618,Berserker
25619,Ninja Code
25620,Genius Calculator
25621,Fida Puti Samurai
25622,Aran'S Bike Trip
25623,The Adventurer'S Domain Online
25624,三國立志傳3
25625,Heileen 2: The Hands Of Fate
25626,The Five Covens
25627,Hibiscus Red
25628,Harvest Life
25629,Action Arcade Wrestling
25630,Trainspotting Simulator
25631,Laid-Back Camp - Virtual - Fumoto Campsite
25632,Photographs
25633,Tree Simulator 2020
25634,Only Me
25635,Crimson Hotel
25636,100-Level Dungeon
25637,Myth - Steam Edition
25638,A Game Of Changes
25639,Lo-Fi Lounge
25640,Combat Air Patrol 2: Military Flight Simulator
25641,96 Mill
25642,Hardcore Zboy
25643,Ricky Raccoon 2 - Adventures In Egypt
25644,Knights Of Fate
25645,Confronted
25646,The End: Inari'S Quest
25647,Portals World
25648,Colosse
25649,Achievement Lurker: Respectable Accomplishment
25650,Ducks' Wrath
25651,Citrouille: Sweet Witches
25652,Gamepad Massage
25653,Pan Panda
25654,The Last Cube
25655,Freakshow:Anniversary
25656,Stickman Jetpack
25657,Knight Eternal
25658,宇宙终极秘密-灵魂The Ultimate Secret Of The Universe：Soul
25659,3D Gravity Rocket
25660,Wheel Of Fate
25661,Golden Fall
25662,Speed Brawl
25663,Starlaxis Supernova Edition
25664,Slice Of Sea
25665,"Get In The Car, Loser!"
25666,Eyes In The Dark
25667,Strategic Mind: Spectre Of Communism
25668,Tomatenquark
25669,Robodo
25670,Anomaly 1729
25671,Quantum Legend - Vr Experience
25672,Snowcat Simulator
25673,Taxidermy
25674,Air Gun Fighter
25675,The Idiot'S Tale
25676,The Bad Son
25677,Happy Chase
25678,Fighter Royale - Last Ace Flying
25679,Twilight Path
25680,Kaiser
25681,Roguestone
25682,Fortune Telling
25683,Fury!
25684,Blastronaut
25685,Ghosts'N Djs
25686,Fatal Wings
25687,海伦的神迹
25688,Grave Matters
25689,Trivia Vault Baseball Trivia
25690,Cyclemania
25691,Mystery Case Files: Moths To A Flame Collector'S Edition
25692,Armies Of Riddle Classic
25693,Fuego!
25694,Don'T Forget Me
25695,Breached
25696,Lifeslide
25697,Rifle Storm
25698,Atom☭Grad
25699,The Flock
25700,Gravitia
25701,Devil'S Dungeon
25702,Weapons Of Mythology - New Age -
25703,Rain;Check
25704,Hate'S Offering
25705,Haeven
25706,Psycho On The Loose
25707,Nociception ~ Voltaic Marketplace
25708,Fabric
25709,Zic: Survival
25710,Rover Builder
25711,Metaverse: Origins
25712,Galacticon
25713,Metamorphosis
25714,Project Lounge
25715,Witchcraft Td
25716,Necrocity
25717,Chinese Paladinsword And Fairy 5 Prequel
25718,The Adventurer And His Backpack
25719,Psycholog
25720,Toy Tinker Simulator: Prologue
25721,Twickles
25722,A Midnight Village Story
25723,The Youthdrainers
25724,Life In Helsinki
25725,Corto Maltese - Secrets Of Venice
25726,Super Buff Hd
25727,Indiana Jones And The Infernal Machine
25728,Synthwave Dream '85
25729,Heroes Of Civilizations
25730,Mustache Politics Shooter
25731,Steel Saviour Reloaded
25732,Slime Crunch
25733,Room Escape '1053'
25734,The Killer
25735,Costumenaut
25736,Maggie'S Apartment
25737,Don'T Puke!
25738,Rainy Season
25739,Title_Pending
25740,Lakeview Cabin 2
25741,1X! Space Adventure
25742,Quest For Wartorn Brotherhood
25743,T-Minus 30
25744,Zenodyne R
25745,Tf Visualizer
25746,The Evil In The Forest
25747,First Time In Paris
25748,2 Volt
25749,Endless Fables 3: Dark Moor
25750,Nightside
25751,Chai
25752,Outlive
25753,Interstellar Pilot 2
25754,Neckbeards: Silly Squadron
25755,Schrodinger’S Cat And The Raiders Of The Lost Quark
25756,Shoujo City
25757,Archeo: Shinar
25758,Din'S Curse
25759,Meteor Blasters
25760,Smudge Coin Run
25761,Surface: Lost Tales Collector'S Edition
25762,Monkey Go Happy
25763,Controller Sync
25764,Lost Wing
25765,Altered Destiny
25766,Against Great Darkness
25767,Puzzle Monarch: Egypt
25768,Partum Artifex
25769,Demon Turf: Trials
25770,!Labrpgup!
25771,Goalie Challenge Vr
25772,Fallingstartown: The Ghost From Past
25773,Path To Mnemosyne
25774,Fullybroken - A Unique Mix Of 4X / Post-Apocalypse / Rpg / Roguelike
25775,Pneumata
25776,Weak Soul
25777,Refund Me If You Can
25778,Potion Commotion
25779,Distant Transmission
25780,Paws And Soul: First Step
25781,Sophia The Traveler
25782,Temper My Blade
25783,Tiny T
25784,Herogue
25785,Vegas Movie Studio 15 Platinum Steam Edition
25786,Timewell: Trail Of Celestes
25787,Dinosis Survival
25788,Shadows Of Truth Vr
25789,Wolfenstein: Cyberpilot
25790,Blockwick 2
25791,Frizzy
25792,华夏五千年
25793,Vertiginous Golf
25794,Crystal Crisis
25795,Renegade Grounds: Episode 2
25796,Survivor Girls Of Monster Dungeon
25797,Ninja Ordinance
25798,Addle Earth
25799,Round Table
25800,Cmyw
25801,Weedy'S World
25802,Droptch
25803,Starlight Alliance
25804,Fight Or Flight
25805,Grippy Golf
25806,Guards Of The Gate
25807,Apollyon: River Of Life
25808,7 Days Of Rose
25809,Power & Revolution 2023 Edition
25810,Scp: Resonance
25811,Lovingly Evil
25812,Hexed
25813,Dawn Break -Origin-
25814,Monster Girls And The Mysterious Adventure Remastered Edition
25815,Legends Of Iskaria: Days Of Thieves
25816,Hotbunz
25817,Bepuzzled Jigsaw Puzzle: Paradise
25818,Comit In Cosmo Knight'S Revenge
25819,Not Without My Poop
25820,Cosmonious High
25821,Good Goods Incorporated
25822,梦本无忧
25823,Action Rush
25824,Mycelium
25825,The Pack
25826,Seduce Me 2: The Demon War
25827,Pacific Storm
25828,Necromonads
25829,Test Lab Inc.
25830,Fledgling Manor
25831,Hardwar
25832,Calibre 10 Racing
25833,Vrsailing By Betomorrow
25834,A Bewitching Revolution
25835,Overpass
25836,A-Train 8
25837,Oil Enterprise
25838,Brave Hero Yuusha Ex
25839,Tale Of Ren ~ [Searching For Heart Droplets] ~
25840,Lugame: Lunchtime Games Club!
25841,时空之海（Space Time Ocean）
25842,Gang Of Four
25843,No God For Us
25844,Warhead
25845,Istanbul Ship Simulator
25846,Fly To Hope
25847,M1 Tank Platoon
25848,Strawberry Vinegar
25849,Path Of The Midnight Sun
25850,Mistward
25851,Alone In The Dark 2
25852,Roma Invicta
25853,Quarantine
25854,Vex
25855,Pajama Sam: Games To Play On Any Day
25856,Hotel Architect
25857,Ark Park
25858,The Gallery
25859,Chicken Rider
25860,Stardust Skate
25861,Stellar Stars
25862,Dragonero
25863,Tactics Rogue
25864,Fantasy Gladiators
25865,Who Knocks
25866,Tardy
25867,Neodori Forever
25868,Dark Shrine
25869,Double Memory
25870,Who Is Awesome
25871,Tower Of Ardia
25872,Contorted
25873,Needy Streamer Overload: Typing Of The Net
25874,Polda 3
25875,Fallen Stars
25876,Hammer Heads Deluxe
25877,Drunken Nuke'Em
25878,Civil War: 1865
25879,Geometric Hell
25880,Please Love My Computer Game
25881,Ballway
25882,Quake Ii Mission Pack: The Reckoning
25883,Fia European Truck Racing Championship
25884,Influxis
25885,Dungeons Of The Dead
25886,Protogalaxy
25887,Fury Knight
25888,Dark Journey
25889,Sakura Cupid
25890,Tover Defense
25891,Phantom Alchemy ~Silvia'S Dynamic Urban Planning~
25892,Clash Memory Game
25893,Corpse Of Discovery
25894,Crunch Time!
25895,Land Of Puzzles: Elven Princess
25896,Toilet Tycoon
25897,Serafina And The Key To The Egg
25898,Game Royale 2 - The Secret Of Jannis Island
25899,Rescue Team
25900,Terra Feminarum
25901,Hot And Lovely 4
25902,Richman: Clasic
25903,Where'S My Mommy?
25904,Hube: Seeker Of Achievements
25905,貢がせろ！女苑ちゃん！！
25906,Kingdom Clicker
25907,Banter Schooldays!!三〇一室无一人
25908,Poltergeist: A Pixelated Horror
25909,Story: Heaven & Hell
25910,Zhmyshenko Valery Albertovich
25911,Shadowhand: Rpg Card Game
25912,The Dark Legions
25913,Epic Pizza
25914,Motorcycle Club
25915,Mr. Rainer'S Solve-It Service
25916,Tank Battle: Blitzkrieg
25917,Reading Simulator
25918,Shoot Shoot Mega Pack
25919,Trigger Time
25920,Nightmare Knock
25921,Ricky Recharge
25922,Sahara'S Underworld
25923,London Detective Mysteria
25924,Tetrux: Online
25925,Tube Be Continued
25926,Jacksmith: Weapons And Warriors
25927,Perpetuum
25928,What The Car?
25929,Me And (My) Cat'S Castle X
25930,Redo!
25931,Galaxy Champions Tv
25932,Was God Birthed!?
25933,Dragon Lapis
25934,Ponchoman
25935,Army Of Squirrels
25936,Rainbow Yggdrasil
25937,Suguri
25938,Dear Devere
25939,Mecha Destruction
25940,Seeking Light
25941,Viravius Shooter
25942,Loot Slider
25943,Die For The Economy!
25944,Dfl2
25945,Quell
25946,Rope Bowling
25947,Space Shrooms Rollplay
25948,Rokh
25949,The Mask Behind The Dream
25950,How To Be A Real Dude
25951,Breaking Lockdown
25952,The House Of E.
25953,Fusion Nexus: Alchemic Evolution
25954,Knight Fighter
25955,Grass Cutters Academy - Idle Game
25956,Pingo Adventure
25957,Mind Space
25958,Animals
25959,Sprinkler Co.
25960,Mental Hospital Vr
25961,Personal Disco Vr
25962,Fiendish Thieves
25963,Robo Gauntlet
25964,Tech Corp.
25965,Nightslink
25966,Crypt Stalker
25967,Doughlings: Arcade
25968,The Secret Of The Stone
25969,Mommy
25970,Crowded Blue Dot
25971,Night Of The Wererat
25972,El Tango De La Muerte
25973,Zipsokoban
25974,Monkey Split
25975,Gigachess
25976,Hunt Planet Bug
25977,Crown Wars: The Black Prince
25978,Steamdolls - Order Of Chaos
25979,A Way Up!
25980,Stupid Bat
25981,Mech Merc Company
25982,Craft Keep Vr
25983,Dark Jungle
25984,Rangerdog
25985,Narcotics Ninja
25986,Choice Of The Ninja
25987,Go Kart Survival
25988,Flood Of Light
25989,Win Big Or Die
25990,Forgotten Places: Lost Circus
25991,"Slave Princess Finne, Why Did She Sell Out Her Own Kingdom?"
25992,Escape Covid Camp
25993,Z-Race
25994,Chaos Party
25995,Tavern Cards
25996,Capcom Go! Apollo Vr Planetarium
25997,The Damn Psychiatric
25998,Low Story
25999,Miraculous: Rise Of The Sphinx
26000,Bonds Of The Skies
26001,Dadish 3D
26002,Zeminator
26003,勇者の伝説の勇者
26004,Steel Torrent
26005,Your Home
26006,Undefined
26007,Hachi Hachi Mystery
26008,Trivia Vault: Auto Racing Trivia
26009,Wonderland Nights: White Rabbit'S Diary
26010,谜境·Ai剧本杀互动剧场
26011,Don'T Leave
26012,Lily And Sury - Adventures On Cristya
26013,Urban Flow
26014,From The Dust
26015,Nobunaga'S Ambition: Souzou
26016,Vr Travelling In 18Th-19Th Century Europe
26017,Abstractanks
26018,Dextram
26019,Miniature Td - Vr
26020,Recursive Dragon
26021,Tartapolis
26022,Down The Drain
26023,Slither Link
26024,Aaw Wrestle Lab
26025,Bombernauts
26026,A Night Before The Deadline
26027,Tank Zero
26028,Swarm Queen
26029,Retimed
26030,Monster Jam Battlegrounds
26031,Achievement Machine: Cubic Chaos
26032,Heavenworld
26033,Lamm
26034,Safari Cannon
26035,Nandeyanen!? - The 1St Sûtra
26036,Eyewitness Hopper
26037,Lavrynthos
26038,Touhou Genso Wanderer -Foresight-
26039,Naninights
26040,Rogue Masters
26041,Dizzy Two
26042,Tirsy'S Tale
26043,Horror In Valkeala
26044,Mines Of Volantis
26045,Azalea
26046,At Sundown: Shots In The Dark
26047,The Blocks Shoot At You
26048,Disposable Heroes
26049,Dimetrosaur
26050,"Uncorporeal - ""Fluffy!"""
26051,From Within
26052,Little Ninja
26053,Stocksynd House
26054,Redeliver
26055,Deadly Premonition 2: A Blessing In Disguise
26056,They Came From Venus
26057,Random Acts Of Madness
26058,Ottoman Dreams: Rise Of Süleiman
26059,Space Junk
26060,Forest Escape
26061,Novastella Island
26062,Vacuum
26063,Total Rpg
26064,Demon Of The Dark
26065,Ms. Holmes: The Monster Of The Baskervilles Collector'S Edition
26066,Lock In
26067,Zombie Tide Incoming Rising
26068,Catoise
26069,They Bite!
26070,Level 22: Gary’S Misadventures - 2016 Edition
26071,Cluminati
26072,Across Killzone
26073,Line/Dash
26074,Build Molecules For Vick - Chemistry Puzzle
26075,Google Spotlight Stories: Piggy
26076,Snaliens
26077,Crazy Scientist
26078,Robot Labs Remake
26079,Cancan The Game
26080,Cush'S Amazin' Adventure!!
26081,Satan'S Puzzle 2
26082,Bedlamball
26083,Typing Fingers - Enemy
26084,The Scent Of Summer
26085,Noctambulant
26086,Vr Jurassic Escape
26087,王国英雄志 Kingdom And Hero
26088,大头侏罗纪
26089,.G
26090,Doctor Who: The Edge Of Reality
26091,Tep The Destroyer Td
26092,Parashotical Arktivibeatings
26093,Trapped In Here With Me
26094,Midnight Legends
26095,Kodon
26096,Driftforce
26097,[Rec] Paroxysm
26098,Overlay Balls & Mouse Tails
26099,Specimen 13
26100,Ping 1.5+
26101,Livescream
26102,"Monkey See, Monkey Doo, Monkey Kiss You"
26103,Artifact Quest 2 - Match 3 Puzzle
26104,Z-Stop
26105,Strangers Of The Power 3
26106,Evil Icebox
26107,Infinite Turtles
26108,The Living Handra
26109,Unium
26110,Commands & Colors: The Great War
26111,The Most Boring Game Ever
26112,Energy Survivors
26113,The Cows Are Watching
26114,Drive 4 Survival
26115,Eopn – Test Rs
26116,Sector 598
26117,Ad Wars
26118,Rabbit: Jigsaw Puzzles
26119,Seven Seas Solitaire
26120,Debt - Chasing Treasure
26121,The Gravehouse
26122,Yugo Puzzle
26123,This Is The President
26124,Esports History
26125,Rotund Zero
26126,Super Build
26127,Jentrix
26128,Revisitor
26129,Vr Sniper Hunt
26130,Dragonborne
26131,Doge To The Moon
26132,Rabbit Island
26133,探花行
26134,Advertcity
26135,Meta: Assembled
26136,Cgwallpapers
26137,Devade
26138,Boo! Greedy Kid
26139,Divilixa
26140,Finis
26141,Logistics Simulator
26142,Rise Of Man
26143,The Montana Chronicles: Montana'S Croatoa
26144,Beautiful Bricks
26145,Backrooms: Liminal Conflict
26146,Dokkaebi Hentai Adventures
26147,Mystic Watcher
26148,Oscillatron: Alien Frequency
26149,Aspire: Ina'S Tale
26150,Easy Cat Timer
26151,Project Absentia
26152,Paragon Pioneers
26153,Blue.
26154,Bunny'S Ban
26155,Mystery Case Files: Rewind Collector'S Edition
26156,Might & Mayhem
26157,Sphere Game Legendary
26158,小小精灵塔防(Little Elf Tower Defense)
26159,Amaze Classic
26160,T-Night
26161,Tank Battle: Pacific
26162,Digital Runner
26163,Haunted Hotel: The Thirteenth Collector'S Edition
26164,Gallery One
26165,Pub Encounter
26166,Gliont Lights
26167,Backstage Pass
26168,Robot Heroes
26169,Sisters: Last Day Of Summer
26170,Transplan
26171,Sonia And The Hypnotic City
26172,Rabbit Story
26173,Metachromium
26174,The Moon Hell
26175,Akihabara - Feel The Rhythm
26176,Ebola 3
26177,Ninja Noboken
26178,A Spider To A Fly
26179,Touhou Kanjuden ~ Legacy Of Lunatic Kingdom.
26180,Eleven Islands
26181,Zup! Arena
26182,World Of Fantasy: Zero
26183,Hangeki
26184,Defend The Fort
26185,There A No Armadillos In This Game
26186,Instinct
26187,Zeph
26188,Type Defense
26189,Ms. Holmes: The Adventure Of The Mckirk Ritual Collector'S Edition
26190,超越海盗
26191,Robovenger
26192,Montas
26193,Wills And Wonders
26194,Hotel In The Dark
26195,Stab
26196,Omen Fall
26197,Citadelic
26198,Grim Tales: The Final Suspect Collector'S Edition
26199,My Name Is Mayo 2
26200,Zoria: Age Of Shattering
26201,Fariwalk: The Prelude
26202,Evil Tonight
26203,Cyber Fight Challenge
26204,Redneck Ed: Astro Monsters Show
26205,Mobius Band*
26206,Netherspace
26207,Weird Cinema
26208,Ubermosh:Omega
26209,The World'S Hardest Game 3D
26210,中年失业模拟器2-When A Man Lose His Job 2
26211,Wounded
26212,Evil Ritual - Horror Escape
26213,Rogue Rocks
26214,Clicker: Glad Valakas
26215,Starsone
26216,Dance Collider
26217,Eve Of Destruction - Redux Vietnam
26218,Noms The Fish
26219,Sherlock Holmes Consulting Detective: The Case Of The Banker'S Final Debt
26220,Quest: Escape Room 3
26221,Jesus Christ Simulator
26222,Art Of Murder - The Secret Files
26223,Project Entertainment System
26224,Voice Love On Air
26225,Great Toilet Simulator
26226,Itowngameplay Universe
26227,Writer'S Life
26228,Tearstone: Thieves Of The Heart
26229,Push Me Pull You
26230,Keen: One Girl Army
26231,Prim
26232,Space Junkies
26233,Miska'S Cave
26234,Dark Side Of War
26235,Snk Vs. Capcom: The Match Of The Millennium
26236,Chimeras: Wailing Waters Collector'S Edition
26237,Ufindo
26238,Clad In Iron: Philippines 1898
26239,Ciudad Alfombra
26240,Game Studio Simulator（我要做游戏）
26241,Space Bot
26242,Super Arcade Football
26243,Zebra Logic Master
26244,New York Taxi Simulator
26245,Kabaret
26246,Zeltrus
26247,Coin Pusher
26248,Paradise
26249,Fight Of Animals
26250,Zarya-1: Mystery On The Moon
26251,Brain Show: Party Game
26252,Long Gone Days
26253,Grisaia Phantom Trigger Vol.3
26254,Kunkunkun
26255,Sudoku Starry Sky
26256,Incomer
26257,Cards Matching Memory Game
26258,Super Rhythm Duel
26259,Google Spotlight Stories: Special Delivery
26260,Runscore
26261,학생들의 공포괴담 終 (Students' Horrible Stories Fin)
26262,Vertical Strike Endless Challenge
26263,Wildlife Park - Wild Creatures
26264,Dark City: Paris Collector'S Edition
26265,The 7Th Guest Vr
26266,Homeless Simulator
26267,Ankh 3: Battle Of The Gods
26268,Super Ninja Miner
26269,Logigun
26270,Oracle Of Forgotten Testament
26271,The 'I Love Money' Show
26272,A-10 Vr
26273,Chronicles Of Mystery - The Tree Of Life
26274,Flash Point: Fire Rescue
26275,Mad Nords: Probably An Epic Quest
26276,Alien Worms Invasion
26277,Legena: Union Tides
26278,Tsuro - The Game Of The Path
26279,Test Your Knowledge: Cats
26280,Archipelago
26281,Defend Your Kingdom
26282,Galactic Wars Ex
26283,Strategic Command Wwii: World At War
26284,Enough Plumbers
26285,Tales Of Winds: Tomb Of The Sol Empire
26286,One Last Dinner
26287,Heroine Anthem Zero -Sacrifice-
26288,Putin Takes Taxes
26289,1F Y0U'Re A Gh0St Ca11 Me Here! 幽铃热线
26290,Rise Of The Third Power
26291,Guardian'S Guide
26292,Hell Green Blue
26293,Anime Cards
26294,The Prologue To A Dream Of Home
26295,Cuties Dungeon
26296,Horizon Odyssey
26297,Sunshine Heavy Industries
26298,Alien Cat
26299,Droneglitch
26300,Skatemasta Tcheco
26301,Umiro
26302,Corpse Party: Sweet Sachiko'S Hysteric Birthday Bash
26303,Elsia War
26304,Tiger Striker
26305,God Of Gym
26306,Wave Mechanics
26307,Crash Drive 3
26308,Free Video Cutter Joiner
26309,Ortheo
26310,Pathfinders: Mini Words
26311,Winging It
26312,Zil Truck Rallycross
26313,Xthrust
26314,"Howdy, Jacob!"
26315,Bqm - Blockquest Maker-
26316,Mindhunt
26317,Project: Gemini
26318,Amanda'S Sticker Book
26319,Madison Vr
26320,Seven Chambers: Zodiac Adventure
26321,Q.U.B.E. 10Th Anniversary
26322,神王之王者之心
26323,Lawnmower Game: 2024
26324,Puff Town
26325,Blessed Work
26326,The Hanged Man
26327,Vive Le Roi
26328,Vr Guardians
26329,Lazarus -Side Story Of Comrade Force-
26330,Blueberry Garden
26331,Poor Stickman
26332,Ned Kelly: Armored Outlaw
26333,Gone Viral
26334,Gearblocks
26335,Darklands: The Chapters
26336,Hero Generations
26337,Remyadry
26338,Hidden Object - Tools
26339,绛河之上 Under Supernova
26340,Masterplan Tycoon
26341,Ilysia
26342,Horace Goes Skiing Revisited
26343,Dungeon And Puzzles
26344,Azure Striker Gunvolt 2
26345,Hazing - Night Shift
26346,Students Of Light Bonds - Typing Rpg With Character Creation -
26347,三国游侠志
26348,The Magister
26349,Survivor Squad: Gauntlets
26350,Mutropolis
26351,Mina & Michi
26352,The Beat: A Glam Noir Game
26353,Monster Capture King
26354,Audio Drive Neon
26355,Azure Saga: Pathfinder
26356,Desktopmmd4:Born To Dance
26357,Mannytd
26358,Kafkaesque: The Nightmare Trial
26359,1 Screen Platformer
26360,Slayers For Hire
26361,Subway Simulator
26362,Mystical Riddles: Snowy Peak Hotel Collector'S Edition
26363,Blind Mind
26364,Old School 8-In-1 Bundle
26365,ソウエンノイセキ
26366,Reefland
26367,World Creator 1
26368,Ring The City
26369,Avatar Of The Wolf
26370,Star Horizon
26371,Polymino
26372,记忆重构/Memories
26373,Horse Tales: Emerald Valley Ranch
26374,Brisk Square
26375,Mob Rule Classic
26376,Harrier Jump Jet
26377,Retrocycles
26378,Maniac Mansion
26379,Try 'N Cry - Prologue
26380,Clutch
26381,Snooker 19
26382,Vapor Tanks
26383,勇者与亡灵之都
26384,Avadon 3: The Warborn
26385,Ys X: Nordics
26386,The Counting Kingdom
26387,Life Not Supported
26388,Ground Control Anthology
26389,Hunger Apartment （蚀狱）
26390,Feather Party
26391,Doc Clock: The Toasted Sandwich Of Time
26392,Disney Tangled
26393,Soundodger 2
26394,Ghosts And Dragons
26395,9-Nine-:Newepisode
26396,You Don'T Know Jack Vol. 4 The Ride
26397,Tom Clancy'S Ghost Recon Desert Siege
26398,Freshman Year
26399,Bot Beats
26400,Konchi
26401,Rescue Team 5
26402,Prime Mover
26403,Put Anna
26404,Deathless. The Hero Quest
26405,Nominal
26406,Stone
26407,梦蝶
26408,Doors Of Insanity
26409,Killed By Love 99 Times
26410,Disney Bolt
26411,Is It Wrong To Repay The Debt In A Dungeon?
26412,Pac-Man And The Ghostly Adventures
26413,Attack Heroes
26414,Mail Mole + 'Xpress Deliveries
26415,Wanderlust: Travel Stories
26416,World Of Goo 2
26417,You Must
26418,Croixleur Sigma - Deluxe Edition
26419,Battle Of Frigates
26420,Mojika - Truth Rears Its Ugly Head
26421,Torn Away
26422,Mona Lisa: Beyond The Glass
26423,Tower And Guardian 塔与守护者
26424,Cubic Color
26425,Death Upon Us
26426,Bunker - The Underground Game
26427,No Ghost In Stay Home
26428,Red Baron Pack
26429,Crystal Caves
26430,Chinatown Detective Agency
26431,Bakery
26432,Hockey Super Squad
26433,Nobody Nowhere
26434,Alone In The War
26435,Three Sisters
26436,肥肥大作战 Fat Battle
26437,Jungle Town: Birthday Quest
26438,修真之路
26439,Next Up Hero
26440,Find The Cat
26441,Shooting Aircraft
26442,Drumbeats Vr
26443,Escape From Lesco
26444,Jumpscare Simulator: System Breach
26445,Niktophobia
26446,Fat Chicken
26447,The Outer Rim
26448,Evil Inside
26449,Mirrors - Tomblight Edition
26450,Prevent The Fall
26451,Spider Shooting Bee
26452,Daydream
26453,Eliseisk 2074
26454,逝去的回忆3：四叶草之梦
26455,Danmakai: Red Forbidden Fruit
26456,Esc
26457,Spirits Of Light
26458,Monkey Slap
26459,Qop 4
26460,Inventory Manager
26461,Saber Survivors
26462,The Trials Of Olympus Ii: Wrath Of The Gods
26463,One Hunt
26464,Treasure Fleet
26465,Convenience Stories
26466,Bear Warrior
26467,Shita Ni
26468,Burst Into
26469,Real Anime Situation! Dt
26470,Rugby 22
26471,Castle Wonders - A Castle Tale
26472,Armored Fist 3
26473,Toy Clash
26474,Zorbit'S Orbits
26475,Monsters Of Little Haven
26476,Rilla Shotgun
26477,Meet Your Oshi
26478,Expendable
26479,Starlight Squad
26480,Spirit Bounce
26481,Halloween Chronicles: Behind The Door Collector'S Edition
26482,Remnants Of The Rift
26483,The Chef'S Shift
26484,The Noob Adventures: Fool For Love
26485,Kooring Vr Wonderland:Mecadino'S Attack
26486,Jr'S Christmas Adventure
26487,Robin Hood: Sherwood Defenders
26488,Fairune Collection
26489,Walk With The Living 2
26490,Google Spotlight Stories: Son Of Jaguar
26491,Twilight Manor: Roguelite Fps
26492,圈圈工坊 Oo.Inc
26493,Fira
26494,They All Come Back
26495,Scott In Space
26496,Flooded
26497,夏末白夜
26498,Vahluna Corp.
26499,Synthetic Hazard
26500,Powertrip
26501,The Last Dinner
26502,Virtual Presenter Pro
26503,Starazius
26504,Oh! Fuse Box
26505,Void Of Heroes
26506,Project Of Cooling The Earth
26507,Star Of Lemutia : Reborn
26508,Alphabear: Hardcover Edition
26509,Behemoth
26510,Colored Shapes
26511,Shinobi No Okite/The Three Female Ninjas
26512,扫雷冒险谭2 ~露露姆的冒险~
26513,Sae
26514,闲侠江湖
26515,Midori No Kaori
26516,Draw Near
26517,Paper Train Traffic
26518,吾光笔记
26519,Radley Ravencroft'S Spy Web Mystery
26520,Shipwreck
26521,Just One Line
26522,Project Existence Testing Environment
26523,Ruined Nurse
26524,Dawn'S Light
26525,Back To The Scene
26526,Butcher'S Creek
26527,Caravanserail
26528,Northern Ireland '74
26529,Sexy Jigsaw | 性感拼图 | 섹시 퍼즐 | セクシーなパズル
26530,Twilight Bride :Vormslegend
26531,神启神落
26532,Station 117
26533,Swatcher
26534,Xenoshyft
26535,Bato: Treasures Of Tibet
26536,Annual Intruders 2.0
26537,Awaken - Astral Blade
26538,Gathering Sky
26539,Mervin And The Wicked Station
26540,Running Challenge
26541,Perceptions Of The Dead 2
26542,The Forgotten Phobia
26543,Tower To Heaven
26544,七个小矮人2 / Seven Boys 2
26545,Final Vendetta
26546,Rise Of Humanity: Prologue
26547,Flight Unlimited Las Vegas
26548,The Enthralling Realms: An Alchemist'S Tale
26549,Crystal Rift
26550,Yggdra Union
26551,Wargame Construction Set
26552,Colony Siege
26553,Battle For Orion 2
26554,Overlord: Escape From Nazarick
26555,Detective Tales: A Study In Scarlet
26556,The Life Of One Dog
26557,The Voice From Heaven
26558,Flagsplosion
26559,Monitor: The Game
26560,Drafting Tales
26561,Stan Lee'S Verticus
26562,My Summer Jobs: Dialing For Dreams!
26563,Dragon Little Fighters 2
26564,Operation Athena
26565,Chaos And The White Robot
26566,Cowboys N' Stuff
26567,The Winter'S Deal - Frosty Edition
26568,Start Running
26569,古代风流传
26570,Echoes Of Aetheria
26571,Drums Rock
26572,Eldorado Fps
26573,Chaos Dream: Retribution
26574,Endless Thief: A Fluffy Stealth Adventure
26575,The Marauder Chronicles: Curse Over Valdria
26576,Build Buildings
26577,Mercenaries Rebirth: Call Of The Wild Lynx
26578,Super Astrovade
26579,Virtugo
26580,Find Me In The Maze
26581,Rooms: The Main Building
26582,Dodge The Wall!
26583,Bepuzzled Jigsaw Puzzle: Animals 103 Puzzles
26584,Remoteness
26585,Sam & Max: Beyond Time And Space
26586,Taken Souls: Blood Ritual Collector'S Edition
26587,Kabukicho Story
26588,Streets Of Rage
26589,Pewpew Live
26590,The Netrunner Awaken1Ng
26591,Coding Robo
26592,Hello Puppets! Vr
26593,Eggs 1942
26594,Black Ink
26595,Greybit
26596,Altered Beast
26597,Mugsters
26598,The Scarlet Chaos
26599,Juventures
26600,Necrosphere
26601,Cave Crawl
26602,Space Dance Harmony
26603,I Ask The Cube Where To Go
26604,方境战记Blockfight
26605,Walk The Light
26606,Just Take Your Left
26607,The Storm
26608,Diadra Empty
26609,Hawks Tactical
26610,Let'S Boogie
26611,Phantom Hunter
26612,She Doesn'T Walk
26613,Jonas Willy Online
26614,Tinshift
26615,Hot And Lovely ：Uniform
26616,Badland Bandits
26617,Nightclub Emporium
26618,Drift 4000
26619,Constructor Classic 1997
26620,Rescue Team 6 Collector'S Edition
26621,Education
26622,Spaceshot
26623,Nobody Paradox
26624,Shards The Deckbuilder
26625,1Bit Castle
26626,Professor Watts Memory Match: Expressions
26627,Rise: Battle Lines
26628,Debug
26629,The Navigator
26630,3 Days: Zoo Mystery
26631,Freshly Frosted
26632,Jurnal Malam : Bestfriend
26633,Wizards And Warlords
26634,Titans: Dawn Of Tribes
26635,Chronicles From The Abyss
26636,Platonir
26637,决战紫禁怀旧服
26638,Mad Maze
26639,Dandy Dungeon - Legend Of Brave Yamada -
26640,Overdrift Festival
26641,Approaching Infinity
26642,Nancy Drew: Labyrinth Of Lies
26643,The Guise
26644,Astroloot
26645,Gravity Ball
26646,Teacup
26647,Super Tennis Blast
26648,One Jump Bomb
26649,Raidtitans
26650,Suzunaan On Fire
26651,Little Busters! English Edition
26652,Xuan-Yuan Sword V
26653,868-Hack
26654,Hex Gambit
26655,Flicker Of Hope
26656,The 3Rd Building 三教
26657,Simpocalypse
26658,Mystika 4 : Dark Omens
26659,Ecio
26660,Space Reign
26661,Spacerift: Arcanum System
26662,The Five Cores Remastered
26663,The Chronicles Of Jonah And The Whale
26664,Geography Quiz
26665,東方逆妙乱 ~ Ephemeral Unnatural Balance
26666,Pianoboard Server
26667,Ghost: Ac-130 Close Air Support
26668,On Closer Inspection
26669,Eball
26670,Making History: The First World War
26671,Elysium Above 履云录
26672,Leisure Town
26673,Wolf Gang
26674,Builders Of Egypt
26675,Majula Frontier: The Offense
26676,下一个就是你
26677,Hordes Of Hunger
26678,Polygon Hunter
26679,Bobok
26680,Evil Holiday
26681,Winter Magic Factory
26682,Christmas Defence
26683,Hereafter
26684,Fgteev Goozy
26685,Looterkings
26686,City Tales - Medieval Era
26687,Heart'S Medicine - Hospital Heat
26688,Faerie'S Bargain: The Price Of Business
26689,Civitatem
26690,Rocket Boots Mania
26691,Raining Blobs
26692,Splash Jump
26693,Crush The Castle Legacy Collection
26694,Playthings: Vr Music Vacation
26695,Dissolving
26696,Adventure Of A Lifetime
26697,Coloring Pixel - Fantasy Characters
26698,Bullet Voyage
26699,Faceworld
26700,Mine Seeker
26701,盗墓密探
26702,R.B.I. Baseball 20
26703,Nightly Trash
26704,The Catalyst Acolyte Tower Defense
26705,Forever Lost: Episode 1
26706,Void Sols
26707,Cup Of Ethanol
26708,Early Quest
26709,Start Over
26710,[Subject]
26711,Time Machine - Find Objects. Hidden Pictures Game
26712,Cuyo
26713,From The Sky: New Horizon
26714,Moss Destruction
26715,Baobabs Mausoleum Grindhouse Edition - Country Of Woods And Creepy Tales
26716,Dna: Episode 2
26717,Giltsteader - Tower Defense
26718,Gloamvault
26719,Magicbook Autobattler: Contract
26720,Onekind
26721,Overdriven Reloaded
26722,Mari And The Black Tower
26723,Spacen: The Beginning
26724,Cartoon Strike
26725,Gyroblade
26726,Pleasure Puzzle:Workshop 趣拼拼：拼图工坊
26727,Dawn Of The Breakers
26728,Episode 666
26729,Higurashi When They Cry Hou - Ch.5 Meakashi
26730,Digging Dragon
26731,Cursed Night - The House
26732,Money Theft
26733,Shining Starter
26734,Goetia 2
26735,Decarnation
26736,Forgotten Memories
26737,The Ape Tales: An Epic Adventure Game
26738,Womg Lite Version
26739,Floppy Heroes
26740,Loot Hunter
26741,Gunlok
26742,The Other: Rosie'S Road Of Love
26743,Spectrum Forces
26744,Dragon Bros
26745,A Sketchbook About Her Sun
26746,魔法与高塔
26747,Staff Runner
26748,Memory Land Extreme
26749,Necrotopia
26750,Art Of Murder - Deadly Secrets
26751,纯爱独白：小小 Purelove Monologue: Xiaoxiao
26752,Siege Of The Swine
26753,Empyreal Dawn
26754,Epic Pirate
26755,Vektor Z
26756,Exotica: Petshop Simulator
26757,Masterq
26758,Two Portals - A Gemstone Puzzle Game
26759,Convoy Mod Tools
26760,Germany At War - Soviet Dawn
26761,Archery Arena
26762,Asdivine Hearts Ii
26763,Once10
26764,Traffic Tour
26765,On Pixels: A Lights Out Game
26766,"Die, A.I."
26767,Squared
26768,Tech Demo: Pulse Forge Vr
26769,Arcadia Fallen
26770,Escaping Dandyland
26771,Art Reborn: Painting Connoisseur
26772,Eggroll
26773,Don'T Run Out Of Soda
26774,Escape From Biostation
26775,World Of Turtle
26776,Kingdoms Of Ereloth
26777,Be You 2
26778,Tackle Girl
26779,Neon Nights Pinball
26780,Omi Domini
26781,Annual
26782,Hardbass Clicker
26783,Lunarlux Chapter 1
26784,Continue?9876543210
26785,Cyber Dodge
26786,Sorrow Asylum 3
26787,Guardian Force - Saturn Tribute
26788,The Hepatica Spring
26789,Fish Catcher
26790,Clumsy Knight 2
26791,サブリミナルレジオン
26792,M1: A Death In The Desert
26793,Bepuzzled Jigsaw Puzzle: Sweets
26794,Flowers -Le Volume Sur Automne-
26795,New Star Manager
26796,Hello Lady! -New Division-
26797,Hate Free Heroes Tactics: Strategy Building Mmo
26798,Perimeter 2: New Earth
26799,Alternate Dimansion Diary
26800,Building 847
26801,Terrorform
26802,Hot Dish
26803,Krystopia: A Puzzle Journey
26804,Elite Comet
26805,Moonlight
26806,Sweepervr
26807,Cursebound
26808,Special Agent Training
26809,Bevair
26810,Trade City
26811,Harolds Harem: The Neckoning
26812,R.E.A.C.T
26813,Townsmen Vr
26814,Space Porter
26815,Enchanted Path
26816,Underliner
26817,Tactical Battles
26818,Tntodion
26819,Hell Bound Monsters
26820,Necrophobia
26821,Happy Empire - A Bouquet For The Princess
26822,Koa And The Five Pirates Of Mara
26823,Bepuzzled Kittens Jigsaw Puzzle
26824,No-Go
26825,Higurashi When They Cry Hou - Ch.6 Tsumihoroboshi
26826,Flow Handcrafted
26827,Bitcoin Or Bomb?
26828,No Hope
26829,Raid On Coasts
26830,Full Metal Renegade
26831,World Of Music Interactive Simulator
26832,Traditional Chinese Medicine Simulator
26833,The Crimson Diamond: Chapter 1
26834,Nicolas Eymerich The Inquisitor Book Ii : The Village
26835,Apocalypse: 2.0 Edition
26836,バインドを解除する(Unbind)
26837,Smysl 2 Gravity
26838,Arclight Of City
26839,Trans Agent X
26840,The Evil Sect
26841,Active Mummy
26842,Dobbyxescape: Halloween Adventure
26843,The Gallery - Episode 2: Heart Of The Emberstone
26844,Cyberception
26845,Domination - War Of Nations
26846,Karakuri-Kun: A Japanese Tale
26847,A Land Fit For Heroes
26848,Kunoichi Ninja
26849,The Last Soldier Of The Ming Dynasty
26850,Uncover The Smoking Gun
26851,Vacant Planet
26852,Admiral Stepinski
26853,Gearbits
26854,King
26855,Trains Of The Orient
26856,Dura Vita Online
26857,Final Winter
26858,Spacemerc
26859,Buccaneers!
26860,Bleeding Sun
26861,A Stroke Of Fate: Operation Valkyrie
26862,Morte Accendere
26863,Humans Connect
26864,Marginal Act
26865,Laser Maze
26866,Shiro 011
26867,Flutter Bombs
26868,Danger: Electric Shock
26869,Hellstar Squadron
26870,Math The Question
26871,Melon Knight
26872,Martha Madison: Electricity
26873,Shadow Falls
26874,The Ritual
26875,Beyond Tokyo
26876,Diodius ~Premonition~
26877,Cartoonway : Mini Cars
26878,Mermaid Land
26879,Pro Wrestling Sim
26880,Onirism
26881,Novalie
26882,Lord Of Terror
26883,Valkyrie Nemesis
26884,Hollow Head: Director'S Cut
26885,Rewrite+
26886,Celtabula
26887,Tower Of Mice
26888,坦克英雄 Tankhero
26889,Occhio
26890,Nineteen
26891,Fingertips  Mountain  Sea
26892,Exit: A Biodelic Adventure
26893,Two Love
26894,Trials Of The Gauntlet
26895,Project: Cow
26896,Open Sorcery
26897,Deduce Together
26898,Deep Sea Valentine
26899,Stray Blade
26900,Solo War Medieval
26901,The Savior'S Gang
26902,Dots N Lines
26903,Drawing
26904,Yagazem Elements
26905,Shepherds Of The Abyss
26906,Synth Run
26907,Logic
26908,Fant Kids Animated Puzzle
26909,Shootout(Systemd)
26910,The Thing: Space X
26911,Rocket Knight
26912,Paint Drying Simulator
26913,The Questing
26914,Raincouver
26915,桃夭塔 Taoyaota
26916,Reflexion
26917,Grater
26918,World Leader Card Game
26919,Beast Boxing Turbo
26920,Twisted Sails
26921,Forest Of The Dead
26922,Petz Horsez 2
26923,Dr. Daisy Pet Vet
26924,Cyborg Invasion Shooter
26925,Deep Night Runner
26926,Zombie Pirates
26927,怕不怕趴喵霸霸 Ghost Party Nyanbaba
26928,Sky Tomb
26929,Paradigm Shift
26930,Space Ship Infinity
26931,Way Of The Orb
26932,The Rabbit Hole Remastered
26933,Sport1 Live : Duel
26934,Samhain World
26935,3Am
26936,Garden Of The Sea (Vr)
26937,Trivia Vault: Music Trivia
26938,Battle Mage
26939,Adventure Of Bears
26940,Side Scape
26941,异界大陆
26942,Found Horror Game 101.Exe
26943,Looper Tactics
26944,Monster Academy
26945,Cyber-Doge 2077: Meme Runner
26946,Your Smile Beyond Twilight:黄昏下的月台上
26947,Banzai Escape
26948,Wadality
26949,"Movavi Video Suite 2020 Steam Edition - - Video Making Software - Edit, Convert, Capture Screen, And More"
26950,My Bunny Girl
26951,Blue Lightning
26952,Trivia Vault: Science & History Trivia
26953,Vapor Up! With Man With Apple
26954,Dreameater 噬梦者
26955,Archery
26956,Nock
26957,The Legend Of Candlewind: Nights & Candles
26958,Island Maze
26959,Rogue Party
26960,Hot Wheels Unleashed 2 - Turbocharged
26961,Footsies Rollback Edition
26962,Wormster Dash
26963,Spears 'N' Spades
26964,Night Book
26965,Fairspace
26966,The Rangers In The South
26967,None Shall Intrude
26968,Cats War
26969,Urban Strife
26970,Anode Heart
26971,Tetrachroma
26972,Overthrown
26973,九州：立志
26974,Herbals Tycoon
26975,Potions: A Curious Tale
26976,The Dawning Letters -Sunrise-
26977,Overlook: Local Multiplayer Game - Up To 16 Players
26978,Touhou Blooming Chaos
26979,Uni Turret
26980,"Shoo, Box!"
26981,Derpy Dinos
26982,Spherical Alliance
26983,Fallen Flowers
26984,You Have No Time
26985,Spy-Der Pig
26986,Optika
26987,Raindancer
26988,Nova Odessa - The Strange Tower
26989,Open World Foreva
26990,The Ice Caves
26991,Escape Dream
26992,Magna Fortuna
26993,Quantum Conscience
26994,Sledgehammer / Gear Grinder
26995,Joumee The Hedgehog
26996,Catanod
26997,Genetic Disaster
26998,Physical Layer
26999,Mechblaze
27000,Night Bus
27001,Music Visualizer Engine Pc Live Wallpaper
27002,風色幻想2:Alive
27003,Vr Super Sports
27004,Kingdom Of Aurelia: Mystery Of The Poisoned Dagger
27005,Aftertime
27006,Fantastic Contraption Classic 1 & 2
27007,Star Wars: Rebel Assault I + Ii
27008,Survival Kingdom
27009,Athos
27010,Immortal Defense
27011,Trivia Vault Football Trivia
27012,Sudoku Zenkai / 数独全卡
27013,Old Coin Pusher Friends 3
27014,Death In Unison
27015,Governor Of Poker 2 - Premium Edition
27016,Parkour Tag
27017,Marsupilami - Hoobadventure
27018,New England Detective: Breakfast In Boston
27019,Man O' War: Corsair - Warhammer Naval Battles (Classic)
27020,Throw Anything
27021,Blacksmith
27022,Action Alien: Tropical
27023,The Adventures Of Perseus
27024,Z.A.R.
27025,Blacksmith Legends
27026,The Indie Mixtape
27027,Gt Legends
27028,Star Wars: The Old Republic - Public Test Server
27029,Un Pas Fragile
27030,Karolina
27031,Stuntmania Reloaded
27032,The Clockwork Man
27033,Tsubaki Hata
27034,Yar'S Revenge
27035,Hide And Run
27036,Sunset
27037,Stickman Strikes: Conquer Fantasy World
27038,Hide & Crab
27039,Break Arcade Games Out
27040,Kochu'S Dream
27041,Conbunn Cardboard
27042,Knight Squad 2
27043,Franchise Hockey Manager 9
27044,Run Jump Fail
27045,Train Frontier Classic
27046,Max'S Big Bust - A Captain Nekorai Tale
27047,Iron Commando - Koutetsu No Senshi
27048,All Day Dying: Redux Edition
27049,Moai 7: Mystery Coast
27050,Soer Dolls
27051,風色幻想Sp:封神之刻
27052,Discovery! A Seek And Find Adventure
27053,Belial Red
27054,Return To Grace
27055,Saga Frontier 2 Remastered
27056,Elemental Connection
27057,Night Is Coming
27058,Tachyon Project
27059,Way Of Gold And Steel
27060,Jewels Of The Mysterious Woodland
27061,Cowboy
27062,The Immemorial Order Ii Sisters Of Darkness
27063,Himeko Sutori
27064,Pirates Pinball
27065,Freedraw
27066,Crossroad Of Worlds: Star Riddle Collector'S Edition
27067,Alone With You
27068,Infinos Gaiden
27069,Ruin City Gasolina
27070,Hard As Hell
27071,Winter With You
27072,Knights Of The Sky
27073,Sakura Mmo 2
27074,Dark Elf Historia
27075,Incredible Dracula: Chasing Love Collector'S Edition
27076,Mosaic: Game Of Gods Ii
27077,Nidus
27078,Adventure In Russia: Road To Harvetsky
27079,Late City Riders
27080,Dungeon Slime:  Puzzle'S Adventure
27081,Cattle Country
27082,Love In Drawing
27083,The Coma: Cutting Class
27084,Idle Tick
27085,The Last Patient
27086,Mobile Forces
27087,Self
27088,Love In The Dark
27089,Asdivine Saga
27090,Malebolgia
27091,Ignis Corruption
27092,The Thing At The Window
27093,Raw Footage
27094,One Dreamer
27095,Eye Of The Owl - Bosch Vr
27096,Five Nations
27097,Pierrot À La Mode
27098,Starman
27099,Strategic Mind: Spirit Of Liberty
27100,Tiger Tank 59 Ⅰ Black Hill Fortress
27101,Macrotis: A Mother'S Journey
27102,Chrono Survival
27103,Guild Commander
27104,Love Spell: Written In The Stars - A Magical Romantic-Comedy Otome
27105,Spellbound Spire
27106,Epic Auto Towers
27107,Plutonium
27108,Isekai: Reincarnation In A New World
27109,Super Destronaut Dx
27110,Odium To The Core
27111,Rico-Jump
27112,D.V. Ex Agent (Episode 1)
27113,Comickingdom
27114,My Heart Your Soul
27115,Comanche
27116,100 Aztec Cats
27117,Twwwr
27118,The Flesh God
27119,Fear Of Dark
27120,Rugby 18
27121,Nations At War Digital Core Game
27122,Robots Attack On Vapeland
27123,Die With Glory — Point And Click Adventure Game
27124,Lured By Eerie Sundown
27125,Rat Simulator
27126,Trivia Vault: Mini Mixed Trivia 3
27127,Aftermoor
27128,Beyond Crimson Stars
27129,Don Flatus: Poop Hunter
27130,Gembreak
27131,Kubinashi Recollection
27132,Picross Love
27133,Cave Quest 2
27134,Flem
27135,Rebels - Under The Spell Of Magic (Chapter 2)
27136,Gravitar: Recharged
27137,Rail Recon
27138,Money Makes Money
27139,Fantasy General Ii: Prologue
27140,Kindred [Snowbound]
27141,Final Approach
27142,Light: Black Cat & Amnesia Girl
27143,Mechanical Survivor
27144,Clearworld
27145,Judgement
27146,Navicula Meatus
27147,Quebec Mortis
27148,Vectorium
27149,Manipulated
27150,Demon Loop
27151,诡事其一珍珠剧院
27152,Coast Guard
27153,Hidden Mysteries: Titanic
27154,Good Bones
27155,Please State Your Name : A Vr Animated Film
27156,Rise Of The Overlords
27157,Super Space Club
27158,Sin Castle
27159,Hunter Brick Ball
27160,Doomsday Contact
27161,Whiskey & Zombies: The Great Southern Zombie Escape
27162,By Moonlight
27163,Pharaoh Rebirth+
27164,Metamorphabet
27165,Motherland
27166,Social Club Vr : Casino Nights
27167,Turn The Line!
27168,Gloomgrave
27169,Mdk2 Hd
27170,Kitty Kitty Boing Boing: The Happy Adventure In Puzzle Garden!
27171,Dungeon Dreams
27172,Schim
27173,Sombrero: Spaghetti Western Mayhem
27174,Grandma Badass - A Crazy Point And Click Adventure
27175,Nordic Warriors
27176,The Sisters - Party Of The Year
27177,Honey'S Sweet Revenge
27178,Vorax
27179,The Shopkeeper
27180,Mibibli'S Quest
27181,Time Rift
27182,Tasty Jigsaw: Happy Hour  (拼图)
27183,Isometro
27184,Battlesteam
27185,Heroes Of Xanfurth
27186,Chupacabra Hunt
27187,Rc Simulation 2.0
27188,Survival Vacancy
27189,Missy'S Transformation Tournament
27190,Dream Home Simulator
27191,Paths Of Valour
27192,Rune Knights
27193,虚衝 - Kyosho
27194,Aerial Raver
27195,President Trump The Way In Uganda
27196,Arkos
27197,Mavr3D 八般武艺
27198,Unsolved Stories
27199,赫炎的印加诺克 Fullvoice Reborn
27200,Borrowhelen
27201,Juno 06
27202,Dashy Square
27203,Dungeon Survival
27204,Eruption 爆发
27205,Dystobel
27206,Parking 3D
27207,Superbot Arena
27208,Hunter
27209,Idle Hunter
27210,Enemy
27211,Zeran'S Folly
27212,Close Combat - Panthers In The Fog
27213,Escape From Dufo
27214,Secret Santa
27215,Ball Bounce Maze
27216,Mythic Ocean: Prologue
27217,Space Ribbon - Slipstream To The Extreme
27218,The Most Awesome Game Ever Made
27219,Tank Brawl
27220,大鹏 - The Roc
27221,Morphvox Pro 5 - Voice Changer
27222,Lumini
27223,Dna: Episode 3
27224,Great Gun Gauntlet
27225,Salvation:Immortale
27226,Ain Dodo
27227,Questboard
27228,Stories Of Bethem: Full Moon
27229,大明王朝1789 | Ming Dynasty 1789
27230,Mcdroid
27231,Redrawn: The Painted Tower Collector'S Edition
27232,Barry Of Wrath
27233,Frail Hearts: Versicorae Domlion
27234,Logistics Company
27235,Angor
27236,Interfectorem
27237,301 Warriors
27238,Offcoast
27239,First Odium
27240,Changeling
27241,Legacy - Witch Island
27242,Flying Bacon:Ukrainian Air Force
27243,Call Of Sentinels
27244,Ellipsis
27245,Purrgonia
27246,Moai: Build Your Dream
27247,Beat Refle
27248,Bent Oak Island
27249,Bunny Sudoku
27250,Earth Defense Force 4.1 Wingdiver The Shooter
27251,20 Minute Metropolis - The Action City Builder
27252,Sudoku Rpg
27253,Riaaf The Spider
27254,Biolum
27255,Moo Moo Move
27256,2017 Vr
27257,I Keep Dying In Another World
27258,愚者地牢-Up主的消失
27259,Changdong'S Bikini Adventure
27260,Qv
27261,Sophie'S Guardian
27262,Total Tank Generals
27263,Snowmania
27264,Hidden Heir
27265,Pachillinko
27266,Hello Neighbor Vr: Search And Rescue
27267,"Synthesis: Mind, Body, And Soul"
27268,Jamsouls
27269,Dungeons Of Chaos
27270,Kid Bubblegum
27271,League Of Pirates
27272,Eagle Flight
27273,Magix Music Maker Hip Hop 6 Steam Edition
27274,Visitor2 / 来访者2
27275,Honeyland
27276,Tamu
27277,Das Geisterschiff / The Ghost Ship
27278,Signs Of The Sojourner: Prologue
27279,Aplowcalypse
27280,2X4 Nails
27281,Vr: Vacate The Room (Virtual Reality Escape)
27282,Sonar Beat
27283,Cocaine Dealer
27284,Ultimagus
27285,24 Solar Terms
27286,Sanitarium Rush
27287,Bleeding Deities
27288,A.I. Invasion
27289,Exit The Abyss
27290,The Videokid
27291,Cozytyper
27292,Depthqvr_Aqua
27293,Front Mission 2: Remake
27294,Tokyo Re:Connect Prologue
27295,Manic
27296,The Unknown Halls
27297,Liminal Lane
27298,Glad Valakas Tower Defence
27299,Exsanguinate
27300,Fremdganger - The Cheating Demon
27301,Modern Tales: Age Of Invention
27302,This Way Madness Lies
27303,I Come In Peace
27304,Escape Hospital-脫出 失憶病棟
27305,Horse
27306,Racket Fury: Table Tennis Vr
27307,Crazy Machines: Golden Gears
27308,Saltsea Chronicles
27309,Ninja Or Die: Shadow Of The Sun
27310,Guardians Of Greenheart
27311,Night At The Office
27312,Primal Hearts 2
27313,Sally'S Salon: Kiss & Make-Up
27314,Toroom
27315,Legend Of Ixtona
27316,Operation Hardcore
27317,Angels Bleeding
27318,Battle Bruise 2
27319,Robotic Learn
27320,Tower! 3D
27321,Watch / 透视
27322,Mdf: Magical Defense Force
27323,Arena Gods
27324,Desert Ride Coaster
27325,Lost Artifacts: Time Machine
27326,"Oh, You Touch My Balls ( ͡° ͜ʖ ͡°)"
27327,Mayhemers
27328,Hyperglide
27329,Virulent Vessels: The Legend Of Gobbledygunk
27330,Square Brawl
27331,Roguenarok
27332,"Lonely, Lustful, Arrogant, Hateful"
27333,Shemhamephorash
27334,Her Majesty'S Spiffing
27335,Armed Emeth
27336,Serendipity Hotel
27337,Kick The Puppet
27338,三国时代2
27339,Boinks
27340,Tower Defense Hero
27341,Mafia Gangster City
27342,Greebles
27343,Eared Hero
27344,重装无限·Metal Infinite
27345,Eye Of The Beholder
27346,Sakura Mmo
27347,Dracula Awakens
27348,夜詛Yaso Curse Of Soirée
27349,Ichima-San
27350,Mutation
27351,Roulette Simulator
27352,Rocking Pilot
27353,Choice Of The Deathless
27354,Yaengard
27355,Palladise Island
27356,Multicellular
27357,Suika Watermelon Fruits
27358,Redsun Rts
27359,Fifo'S Night
27360,Business Tycoon Billionaire
27361,Pixel Puzzles 2: Christmas
27362,Halloween Decoration Sandbox
27363,Spell Defender
27364,箱庭小相撲
27365,Dungeons & Vampires
27366,Starship Wars
27367,Ultra Cop
27368,北斗将星录
27369,Realms Of Antiquity: The Shattered Crown
27370,瞳：祈愿 Vr / Pupil: Wandering Vr
27371,Blood Relation Part1.
27372,Balloon Popping Pigs: Deluxe
27373,Mirror Forge
27374,Recon Control
27375,Hand Simulator: Aliens
27376,Survive Till Morning
27377,Gravity Heroes
27378,Magisterium: Fantasy Craft
27379,Hello From Darkness
27380,Chimeras: Mortal Medicine Collector'S Edition
27381,Geodepths
27382,100$
27383,Pushover
27384,Drill Deal – Oil Tycoon
27385,秋色的記憶(體驗版) / Fall...In Love (Demo)
27386,Teresa Moontyners - In The Lair Of The Beast
27387,Mystic Academy: Escape Room
27388,Plane Starship2:Galactic Contender
27389,Criminal Expert
27390,Meridian: Squad 22
27391,Ragdoll Runners
27392,The Last Defense!
27393,In The Raven Shadow
27394,3Rd Eye
27395,Luminyte
27396,Crewsaders
27397,Hachikanshogi Matta Ari
27398,Zombiepede
27399,Gravity Block
27400,Kalzoon
27401,Matchville - Match 3 Puzzle
27402,That Which Was Lost
27403,Keyboard Warrior: Dreamstate Prologue
27404,Diamond Caves
27405,Space Drift Squad
27406,Psycocat
27407,Anomaly
27408,Eternal Step
27409,Breakneck
27410,Pro Basketball Manager 2023
27411,Tastee: Lethal Tactics
27412,Night Fly
27413,Arcane Waters
27414,Silent Nights
27415,Esports Life: Ep.1 - Dreams Of Glory
27416,Power Chord
27417,Polybius Invaders
27418,Viking Warrior
27419,Deep Dark Dungeon Of Anglaus
27420,Mahjong - Medieval Fantasy
27421,Escape From Monster
27422,Zombie Groove
27423,Freakhunter
27424,Atlantis Academy
27425,City Quest
27426,Elementaire
27427,Bioguard
27428,Heroes Rise: The Hero Project
27429,The Seasons Collection: Spring
27430,Unworded
27431,Space War: Infinity
27432,Brawl
27433,Rescue Bear Operation
27434,Rescue Team: Planet Savers
27435,Doot-Type
27436,Military Crusaders
27437,Chessplosion
27438,How To Say Goodbye
27439,Nobunaga'S Ambition: Haouden With Power Up Kit
27440,Rag Doll Joe
27441,Silent Breach
27442,Madman
27443,Dragon Fantasy: The Volumes Of Westeria
27444,Mazeing
27445,Fortresscraft : Chapter 1
27446,Doom Day
27447,御姐初长成
27448,Besotted
27449,Pvnp
27450,Zombie Alert
27451,Dwarf Shop
27452,冒险日记  Adventure Diary
27453,Cubesc
27454,Sometimes Always Monsters
27455,Dig The Ground
27456,Cute Cats 2
27457,Let'S Learn Japanese! Vocabulary
27458,Apex Construct
27459,Art Sqool
27460,Duplicity ~Beyond The Lies~
27461,Lord Mayor
27462,Gaijin Charenji 1 : Kiss Or Kill
27463,Gunworld
27464,Nearly Dead
27465,Fate Of The Storm Gods
27466,Rhem I Se: The Mysterious Land
27467,Masquerade: The Baubles Of Doom
27468,Mouthole
27469,Galact Quest
27470,Parker & Lane: Criminal Justice
27471,Astronaut: The Moon Eclipse
27472,Goodboy Galaxy
27473,Dimensional Warrior
27474,Home Run Batter: Vs Fairy Tales
27475,Monster Dice
27476,Playback Trauma: The Beach
27477,Arch Stone Vs The Zombie Specters
27478,Adam And Eve: The Game - Chapter 1
27479,Ferrum'S Secrets: Where Is Grandpa?
27480,Set 'N Det
27481,Welcome To The Dreamscape
27482,At Home
27483,Cyclebreaker
27484,Stunt Kite Party
27485,Tentacle Prawn: (Actually) A Cthulhu Dating Sim
27486,我有一座冒险屋 I Have An Adventure House
27487,Battles Of The Ancient World
27488,Slide Ride Arcade
27489,Bhop Craze
27490,2 Planets Fire And Ice
27491,Dualight
27492,Arkcraft: The Rebirth Of The World
27493,Davyria: Heroes Of Eternity
27494,Grand War: Rome
27495,Late Bird
27496,Buyhads
27497,F-117A Nighthawk Stealth Fighter 2.0
27498,Jivitam
27499,境界 Dice&Fighter
27500,The Seasons
27501,Space Bandit
27502,Close Combat: Cross Of Iron
27503,Planet After Us
27504,Bleeding Abyss
27505,18 Wheels Of Steel: Extreme Trucker 2
27506,Dungeons Of Blood And Dream
27507,Claybook
27508,Waves Of Steel
27509,Midnight Heist
27510,Blockpocalypse
27511,Ithya: Magic Studies
27512,Advanced Tactics Gold
27513,Descentium
27514,Rush For Berlin Gold
27515,"Dynamic Very, Very, Hard Game!!"
27516,Aztec Number
27517,Deadhunt
27518,All Quiet Roads
27519,Reaching For Petals: Vr Edition
27520,Outflow
27521,Convergence Compulsion
27522,Survival Girls
27523,Trancelation
27524,Ping Pong Pufferfish
27525,Grand Guilds
27526,Alice In Stardom - A Free Idol Visual Novel
27527,Run!!!
27528,Seance
27529,Gravity Control
27530,2033: Das Erschwachen Der Macht
27531,Fight Till The End!
27532,捉妖物语 Monster Girl
27533,Sakura Mmo 3
27534,Wagers Of War
27535,Planet Alcatraz 2
27536,Trouble Juice
27537,Gachi Gang
27538,Fuktopia 2
27539,Hunt The Night
27540,Capitalism The Action Board Game For One Player
27541,Squareboy Vs Bullies: Arena Edition
27542,Tiranogg
27543,Bootlegger'S Mafia Racing Story
27544,Sokobos
27545,Racing Tanks!
27546,Audio Drive 2 Vr
27547,Retsnom
27548,Medieval Blacksmith
27549,Slipstream: Rogue Space
27550,Micron
27551,Vanilla Bagel: The Roguelike
27552,Polandball: Can Into Space!
27553,Shychess
27554,Spirited Thief
27555,荆轲新传（重制版）
27556,Snake Vs Snake
27557,Milo'S Dream
27558,Room To Grow
27559,Ragdoll Funhouse
27560,Flappy Bat 2
27561,Pinball Deluxe: Reloaded
27562,Postcollapse
27563,Professor Of Magical Studies
27564,Sky Link
27565,王者战车
27566,Insane Cold: Back To The Ice Age
27567,Dusk Diver 2
27568,Mermaid Mission: Titanic
27569,Ludu
27570,Dom Rusalok
27571,Tcstrikers3
27572,Expanse
27573,My Pet Hotel 2
27574,Metropolis: Lux Obscura
27575,Poached : Hunt The Hunter
27576,Fenimore Fillmore: 3 Skulls Of The Toltecs
27577,The Door Of Redemption
27578,Tomb Typing
27579,Higurashi When They Cry Hou - Ch.7 Minagoroshi
27580,Lunar Axe
27581,Victory Road
27582,Room 817: Director'S Cut
27583,Shoot Trip Die
27584,魔女黏糊笔记
27585,Game Store Simulator
27586,Bodyrecords
27587,Gachi Bird
27588,Beat Me!
27589,Glow
27590,Steel Seed
27591,Ironclads: Schleswig War 1864
27592,Cultivation Fantasy
27593,Super Comboman: Smash Edition
27594,Cyberfield
27595,Tornado!
27596,Misery Mansion
27597,Aesthetic Arena
27598,Hyperblade
27599,Zazmo Arcade Pack
27600,Phoenix Springs
27601,Right And Down
27602,Leta Adventure
27603,Shirime: The Curse Of Butt-Eye
27604,Proyecto Infernal
27605,Expedition Zero
27606,残雪凝辉录-Truth In Turbulent
27607,Don'T Shoot Rabbit / 不要射中兔子
27608,Shinobi'S Way - A Jigsaw Chess Tale
27609,Golden Lap
27610,Plastiland
27611,Urbance Clans Card Battle!
27612,Winter Night
27613,Chickenoidz Super Party
27614,Idle Poker
27615,It Belongs In A Museum
27616,Horrorbox
27617,Gem Setter
27618,Automata Break
27619,Tiani
27620,Eyes Of The Night
27621,The Dreadful Space
27622,Girls And Tests
27623,Recyclomania
27624,Dungeon Kitty
27625,Midnight Special
27626,Disco Time 80S Vr
27627,Flip Flop Xl
27628,三国真龙传
27629,Bunny'S Maze
27630,Haunted Service
27631,Doors Quest Demo
27632,Repose
27633,Soul Wizards & Roguelite
27634,Weapon And Armor: Mahjong
27635,Oversight
27636,The Art Theft By Jay Doherty
27637,Hentai Neighbors
27638,Red Lightning
27639,Strategic Command Wwii: War In The Pacific
27640,Xuan-Yuan Sword: The Clouds Faraway
27641,Rogue Fable Iv
27642,Unearthu
27643,Frostbite
27644,Welcome Back Daddy
27645,A Tale Of Caos: Overture
27646,Legend Of Moros
27647,Colory Engine
27648,Eyedash
27649,God Test
27650,Yoomurjak'S Ring
27651,Drone Vr
27652,Tear Of Time: Lost Memory
27653,Space Ball
27654,Cross Impact
27655,Halluci-Sabbat Of Koishi
27656,Gurgamoth
27657,Spook A Pooh!
27658,Star Hammer: The Vanguard Prophecy
27659,Deep Space Waifu: Nekomimi
27660,Boundel: The Second Era
27661,Ai Roguelite 2D
27662,Twenty One
27663,3D Text Adventure
27664,Beatblasters Iii
27665,300K - The Game
27666,Moth Lake: A Horror Story
27667,Operation Desert Road
27668,Heroes From The Past: Joan Of Arc
27669,Negative World
27670,Tintin Reporter - Cigars Of The Pharaoh
27671,Ashina: The Red Witch
27672,The Lost Legends Of Redwall: The Scout Act 2
27673,The Crimson Diamond
27674,Chess And Checkers Vr
27675,Miniturn
27676,Drifting Cloud
27677,Whisper Of The Curse
27678,Sugar Mess - Let'S Play Jolly Battle
27679,Cursed Fables: White As Snow Collector'S Edition
27680,Lazy Galaxy 2
27681,Lost Sea
27682,Boyhood'S End
27683,Holy Potatoes! A Spy Story?!
27684,Whispers Of The Ancients
27685,Godspell Defender
27686,Trucker 2
27687,Slickpoo The Clown
27688,Talshard
27689,The Legend Of The Black Wizard
27690,New Super Lucky'S Tale
27691,Death Horizon: Cyberfusion
27692,Trash Quest
27693,When Our Journey Ends - A Visual Novel
27694,Dance Dash
27695,Fitz The Fox
27696,Death Roads: Tournament
27697,Ruzar - The Life Stone
27698,Gems And Knight
27699,So Many Me
27700,Teabat!
27701,New York Bus Simulator
27702,Days In Hill
27703,War Brokers
27704,Lawnmower Game: Next Generation
27705,Sand To Surf
27706,Bombmaze
27707,Stop And Breathe
27708,Desktop Tourney World
27709,Ancients Of Ooga
27710,Marble Race
27711,United 1944
27712,Jacob Jones And The Bigfoot Mystery : Episode 2
27713,Clostrophobia: Vol 1
27714,Frontline: Assault Corps Ww2
27715,United Assault - World War 2
27716,En Tactico
27717,Sanctuary Vr (Also Contains Non-Vr Version)
27718,Timothy Vs The Aliens
27719,Lit Up
27720,House Of Ghosts
27721,Fight'N'Jokes
27722,// Overdrive
27723,Plastic Soldiers
27724,Wicked Times
27725,Chronoclock
27726,Aztec Venture
27727,Hope Is In 23
27728,Bonaparte - A Mechanized Revolution
27729,Wonder Cave
27730,For Evelyn
27731,"Furry Shakespeare: Two Incredibly Ripped, Absolutely Shredded Noble Kinsmen"
27732,The Sword That Kills Christmas
27733,Crowalt: Traces Of The Lost Colony
27734,Nightclub Simulator
27735,Last Days Of Lazarus
27736,Within Vr - Cinematic Virtual Reality
27737,Try To Win 2
27738,Thermo Sudoku
27739,Vojna
27740,Fizik
27741,Trap Of Musk:Europe Night
27742,Cyberpunk Sfx
27743,Wave Of Time
27744,Nekoba Rocknroll
27745,Finish Report
27746,Metal Ape
27747,Dyadic
27748,Al Emmo And The Lost Dutchman'S Mine
27749,Sun Down Survivors
27750,Heroes Of Delum
27751,Cloud Cutter
27752,El Panadero -The Baker-
27753,Fight School Simulator
27754,Little-Known Galaxy
27755,All Quiet In The Trenches
27756,Blood Knot
27757,Total Anarchy: Pavilion City
27758,Xmusicvisualizer
27759,Edge Of Sanity
27760,The Losers Team
27761,Brain Freeze
27762,Captain The Runner
27763,Franchise Hockey Manager 4
27764,Save Billy
27765,3D Chess
27766,Asmr Journey - Animated Jigsaw Puzzle
27767,Leadwerks Game Engine 5
27768,Kromaticube
27769,The Fallen Kingdom
27770,A Mage Reborn
27771,Cyanotype Daydream -The Girl Who Dreamed The World-
27772,Cat President 2: Purrlitical Revolution
27773,"Go, Go Cowboy"
27774,Space Station Sprint
27775,Tennis In The Face
27776,Dresden Files Cooperative Card Game
27777,Projectteo
27778,Himegimi Detective
27779,The Last Order: Dungeons
27780,Caveman Stories
27781,Dark Siren
27782,Dog'S Donuts
27783,[Tda00] Muv-Luv Unlimited: The Day After - Episode 00 Remastered
27784,Doctor Flow
27785,Ludwig
27786,Wojdan - وجدان
27787,Spud!
27788,Syn-Chorus 01: The New Life
27789,Stray Souls
27790,Bolsomito
27791,Mysterious Space
27792,Tuhou Remilia - Begin Of Scarlet Family
27793,Shwip
27794,Secrets Of Deep Earth Shrine
27795,The Manga Works
27796,Heroes Project
27797,Midnight At The Celestial Palace: Part I
27798,Mary Skelter 2
27799,莫比乌斯之环-不属于任何人的交响悲歌-Mobius & Elegy Belongs To Nobody
27800,World'S End Club
27801,Wars Of The Roses
27802,Max Manos
27803,Reagan Gorbachev
27804,Furry Shakespeare: Oops! All Dragons!
27805,Hungry Tea Party
27806,1001 Jigsaw. Interior Design
27807,Auto Sale Life
27808,Planet Of The Apes: Last Frontier
27809,Mental
27810,Earl Vs. The Mutants
27811,I Wanna Be The Cat
27812,Heart World
27813,Quest: Escape Room 2
27814,Range Ball
27815,Reality Break
27816,Kingdom Of Explorers
27817,Zombie Serial Killer Incident
27818,Meowhiss The Snake
27819,Sacred Siren
27820,Mystic Diary - Hidden Object
27821,Dango!
27822,Vr Girlfriend
27823,Pincol
27824,Output Pasture
27825,Deep Race: Battle
27826,Arcadia
27827,Wordding
27828,Tale Of Dark Lands
27829,突然＊恋人
27830,Sususususuusu
27831,Pupu'S Adventure Park
27832,Dungeon Of Doom Puzzle
27833,Adventures Of Megara: Antigone And The Living Toys
27834,Patched World
27835,Find Someone Else
27836,Blue Oak Bridge
27837,Path
27838,Herald: An Interactive Period Drama - Book I & Ii
27839,Blood Harvest 3
27840,Motor Assailant
27841,War Room: Blitz
27842,Norman'S Great Illusion
27843,Haters
27844,On Board
27845,Desolate Roads
27846,Typical
27847,Passage: A Job Interview Simulator!
27848,Destroy The Dummies
27849,Lonza The Bounty Hunter
27850,Elder Chaos
27851,Stop And Move
27852,Puzzlepet - Feed Your Cat
27853,Under Iron Water
27854,Abandoned Drive-In | 廃ドライブイン
27855,Brutalistick Vr
27856,Silent Earth
27857,Retne
27858,Astral Tracks
27859,Outside The Window
27860,Sempiternal The Backrooms
27861,Submarine Titans
27862,Space Detective: The Case Of The Rebel Robot
27863,Clarent Saga: Tactics
27864,Psychopath Massacre
27865,Sea Of Fatness: Save Humanity Together
27866,Project Reset
27867,Grab The Goblins!
27868,Shape
27869,Telemorpher
27870,Musicwave
27871,Magic Tavern
27872,Real Drift
27873,Demon Pit
27874,Project Utgardr
27875,真空战姬
27876,Blade Bros Impact!
27877,Nevultra
27878,Misfire
27879,Calluna
27880,Backrooms Descent: Multiplayer Horror
27881,System Invaders
27882,Touhou Block Fall ~ Yukari
27883,Conquest
27884,Dea
27885,Lost In The Void : Chapter One
27886,Evan Quest 2
27887,Iron Reckoning
27888,Dark Old Sun
27889,Escape Together: Secrets Of The Professor
27890,Sweet Candy Mahjong
27891,Puzzle Club
27892,The Hike
27893,Zombie Marauders
27894,Aentity
27895,Kori'S Fable Visual Novel
27896,Deadly Joy
27897,Blow & Fly
27898,Legend Of Gbc Tycoon Gbc土豪金传说
27899,Boba Simulator : Idle Shop Management
27900,爱人 Lover
27901,Blackwind
27902,Hell To Raze
27903,Escapethisbigmaze!
27904,Gohome
27905,Let'S Split Up (A Visual Novel)
27906,Attack Zone
27907,Have A Bloody Goal
27908,[Misc] Timelines
27909,Off Trail
27910,Aimersoft Imusic
27911,Shadow Of Fear
27912,Eureka
27913,Varius
27914,Astrotour Vr
27915,勇者的十日人生
27916,人工智能 阿尔法猫-Ai Alpha Cat
27917,Drod Rpg: Tendry'S Tale
27918,Korwin The Game
27919,Mars Survivors
27920,Ideal Nightmare
27921,Beyond Sunset
27922,Seafarers
27923,Totally Defenceless
27924,Equalizer
27925,God Busters : Who Watches The Watchers?
27926,Space
27927,Photochemistry
27928,Tombs Of Myra
27929,Defense Task Force - Sci Fi Tower Defense
27930,Wicked Dolls
27931,Play With Kizami
27932,Eyeb
27933,C.H.A.S.E.D.
27934,Impact
27935,In The Building: Hamsters
27936,Shards Of Chaos
27937,Project : Genesis
27938,Sea Birds: End Of An Age
27939,Case Zero
27940,Stix: Combat Devolved
27941,Space Maze
27942,Pro Strategy Football 2020
27943,Human Origin
27944,Hypership Out Of Control
27945,Transparent Black
27946,Mystical Mayhem
27947,Soul Shifter
27948,Sky Is Arrows
27949,Jolly Good: Cakes And Ale
27950,蛋蛋掌门日志
27951,Abnormal1999:Su - Unlocking The 4Th Dimension
27952,Claws & Feathers 2
27953,Grandpa And The Zombies
27954,Hexterio
27955,Splittown
27956,Whitehaven
27957,Defend Earth: Xenos Survivors
27958,咕啾！文鸟恋爱物语 Love Story Of Sparrow
27959,Survivalz
27960,Droid Guier
27961,Stars Era: Abyss Frontier
27962,Fission Superstar X
27963,Neko Journey
27964,Shokuo Shoujo
27965,Ancient Worlds: Jaguar'S Fate
27966,Kosmickop
27967,平面星舰：银河前线 Plane Starship:Galactic Frontline
27968,Fantasy Mosaics 14: Fourth Color
27969,Quadle
27970,Creator Of Another World
27971,The Morrigan
27972,One Way
27973,Go All Out
27974,Neko-Nin Exheart +Plus Nachi
27975,"The Maiden, The Butler, And The Witch"
27976,Last Bastion
27977,A Slit Of Joy
27978,Bombslinger
27979,Oik Memory 2
27980,Saw Hell
27981,Promise With My Sister
27982,Heritage
27983,Airport Fire Department - The Simulation
27984,Thnt : Target Hunt 'N Terminate
27985,Alien Death Mob
27986,Not Tonight 2
27987,Shadows: Price For Our Sins
27988,Akuatica
27989,Xombee
27990,Jitsu Squad
27991,Rogue Shooter: The Fps Roguelike
27992,Unterholz
27993,The Hilarious Three Kingdoms
27994,Doodler
27995,Hairdresser Simulator
27996,Speedy Golf
27997,Myth Of Future Dimension
27998,Anmynor Puzzles
27999,Archaica: The Path Of Light
28000,Ashi Wash
28001,Tanks Vs Aliens
28002,Stonedeep
28003,Hot Girls Delivery Club
28004,Retrocausality
28005,Yoyomonkeyadventure
28006,Vicky Saves The Big Dumb World
28007,记忆碎片Fragment
28008,The Byte
28009,Fart Simulator 2018
28010,Tick'S Tales
28011,Wolf And Pigs
28012,The Art Of Fight | 4Vs4 Fast-Paced Fps
28013,"Inescapable: No Rules, No Rescue"
28014,Epic Little War Game
28015,Taora : Survival
28016,Doomsday Scavenger | 末日清道夫
28017,Splitter Critters
28018,Cascading Failure
28019,Silent World
28020,North Stars
28021,Space Fury - The Phantom Menace
28022,How To Build A Magnificent Kingdom
28023,Retro Wave
28024,Tower Defense Sudden Attack
28025,Smile Game Builder
28026,Bean Stalker
28027,The Bits That Saved The Galaxy
28028,勇者联盟星耀传说
28029,Hide And Go Boom
28030,Yumahorome ~Toki O Tometa Yakata De Asu O Sagasu Maigo-Tachi~
28031,Knee Deep
28032,The Fate Of Baldr
28033,Miniwarfare
28034,Magic Mouse
28035,Leap From Hell
28036,Drakkhen
28037,Airanblade
28038,We Walked In Darkness
28039,Numantia
28040,Inkidoki And Phoenix
28041,Nightfall: Escape
28042,Zero Division
28043,Vr Shooter Guns
28044,"So, Uh... A Spaceship Crashed In My Yard."
28045,Couplinked
28046,Nelo
28047,Great Houses Of Calderia
28048,Polycube
28049,Unit 4
28050,Magic Forms
28051,French Fries Pusher Friends
28052,Memories Of Fireflies
28053,Slidemagi
28054,Spy Robot: Gateways To Humanity
28055,Chromasquares
28056,Adam - Lost Memories
28057,The Darkness Below
28058,Grapple Tournament
28059,The Sword Of Rhivenia
28060,Starstruck
28061,Grim Tales: The Legacy Collector'S Edition
28062,Yakimochi Stream
28063,Laser Sounds
28064,Bullet Sorrow Vr
28065,Astronave
28066,Maintenance Crew
28067,苍白花树繁茂之时Blood Flowers
28068,Perfect Crime
28069,Tales Of Sintra: The Dark Vortex
28070,Madness Chambers
28071,Skip
28072,In The Beginning
28073,Ski Doom Vr
28074,Atelier Lydie & Suelle: The Alchemists And The Mysterious Paintings Dx
28075,Wantless : Solace At World’S End
28076,Pagan Peak Vr
28077,Spikair Volleyball
28078,East Tower - Akio (East Tower Series Vol. 1)
28079,The Endless Summer - Search For Surf
28080,Amaze Untouchable
28081,Towards The Pantheon
28082,Plox Neon
28083,Zombie Dinos From Planet Zeltoid
28084,Pindrop: Escape The Room
28085,Galaxy Combat Wargames
28086,創業王 Ceo
28087,Medical Verdict
28088,Whispers Of Fear
28089,It'S Raining Fists And Metal
28090,Gi Racing 2.0
28091,Frameland: A Binary Tale
28092,Final Factory
28093,Cubiques
28094,Paper Dolls Vr
28095,Destiny Star Girlfriend 3
28096,Infinity Project: Patterns
28097,Pop And Chicks
28098,The Chicken'S Fall
28099,Journey To Alien Worlds
28100,Trader Life Simulator 2
28101,The Immolate
28102,Survival Camp
28103,Hypnocult
28104,Grave Realms
28105,Vertical Slice: A Game Dev Story
28106,Dungeons & Dragons: Ravenloft Series
28107,Graviteam Tactics: Tunisia 1943
28108,Mortui: Outbreak Secrets
28109,The Multiverse Cleaner
28110,Knight Without Sword
28111,Out Zone
28112,Lone Mclonegan : A Western Adventure
28113,Zooma Vr
28114,Appointment With Fear (Standalone)
28115,Golf On Mars
28116,World Of Leaders
28117,Compacto - Idle Game
28118,The Kingdom Of Gardenia
28119,Dreadful Night At School
28120,The Soul'S Choice
28121,Murder On The Marine Express
28122,System Critical 2
28123,Jumperbird
28124,Astral Masters
28125,Impetum
28126,Monster Energy Supercross - The Official Videogame 6
28127,Sanguine Sanctum
28128,String Theory
28129,Code Lab（代码实验室）
28130,Huenison
28131,Girl Amazon Survival
28132,Magnetic By Nature
28133,Domum
28134,Defense Of The Earth
28135,Mouse People
28136,Kingmini
28137,10 Seconds To Win!
28138,Sgs Heia Safari
28139,Travellers
28140,Puzzle Expedition
28141,Residual Christmas
28142,Hags Castle
28143,Devil'S Kiss
28144,Healing Spree
28145,Ice Cream Surfer
28146,Gear Path
28147,Vampire: The Masquerade — Sins Of The Sires
28148,The Apocalypse Sacrifice
28149,Snowboarding
28150,The Dungeon-Dungeon Awaits
28151,Premium Pool Arena
28152,Awakening: Moonfell Wood
28153,Potatoe
28154,Mr. Manacle Octo Games
28155,Wounded - The Beginning
28156,The Rising Of The Rose Ocelot
28157,Thunderbolt 2
28158,Thrust Legend
28159,Planktos
28160,Morph Girl
28161,Knight'S Try
28162,Isotiles 2
28163,Rise - The Vieneo Province
28164,Toy Tinker Simulator
28165,Gimmick In The Chaos Dimension
28166,-A-
28167,Deep Space Banana
28168,Reverse Fantasy Legend
28169,Grapple Hoops
28170,Horizon To Crinoa: Have Faith In Radiance -Prototype-
28171,Awkward
28172,Blackfoot Burrows
28173,Chemical
28174,Johnsgame
28175,Volchaos
28176,Mega Maze
28177,Ministry Of Broadcast
28178,Command Hq
28179,Deadly Traps
28180,인하로 77번길 : Muscle Dog Simulation
28181,Remnant Records
28182,Princess Evangile All Ages Version
28183,Access Denied: Escape
28184,Winged Sakura: Mindy'S Arc
28185,Cold Winter Morning
28186,Atlantic Quest 2 - New Adventure -
28187,Hang In ! Monkey Bars Robot
28188,Somewhere On Zibylon
28189,Gun King
28190,Underhero
28191,Zen Chess: Mate In One
28192,Vairon'S Wrath
28193,Dominari Empires
28194,Story In The Dream World -Volcano And Possession-
28195,Kill Fun Yeah
28196,Nick Logic For Kids
28197,Blixten Quest
28198,The Logomancer
28199,Go-Kart Racing
28200,The Great Fear
28201,Missile Command: Recharged
28202,Inductvr (Beta)
28203,You Deserve
28204,Einsteins Riddle
28205,Earth Analog
28206,Kimmy
28207,Vexius
28208,Tank Tyranny
28209,Pixel Puzzle Makeout League
28210,Man Standing
28211,Tiny-Tasy Town
28212,The Chaser'S Voyage
28213,A.R.M.: Absolutely Reliable Machine
28214,Crazy Mafioso
28215,Tomb Of Pharaohs
28216,Heaven & Hell
28217,Dokapon! Sword Of Fury
28218,Elisa Dragon Hunter
28219,Dc'S Justice League: Cosmic Chaos
28220,Blasting Courier
28221,Antishatter
28222,Adeptus Titanicus: Dominus
28223,Adventure Portal
28224,灵魂筹码:契约
28225,Sonny Legacy Collection
28226,Great Battles Of Carolus Xii
28227,Bubble Gun 3D
28228,Helicopter Simulator Vr 2021 - Rescue Missions
28229,Tidal Tribe
28230,Drusilla Dreams
28231,Battleheights
28232,Battlelore: Command
28233,Gecata By Movavi 5 - Game Recording Software
28234,Crazy Foods
28235,Experimentation
28236,Trouble Witches Origin - Episode1 Daughters Of Amalgam -
28237,Omega Mouse Zero
28238,Mahjong Magic Islands
28239,Out Of Line
28240,Hocwar
28241,Foosball: World Tour
28242,Swapperoo
28243,Convict Team Tactics
28244,Inside My Mind
28245,Fairy Godmother Stories: Miraculous Dream Collector'S Edition
28246,Atlantis 2: Beyond Atlantis
28247,Falnarion Tactics Ii
28248,Roles & Dice
28249,Basics In Intermediate Filmmaking
28250,Something Took Her
28251,Music Man 3: Last Dance
28252,Scp: Keter
28253,Putrid Beasts
28254,The Legend Of Heroes: Sen No Kiseki Iv -The End Of Saga-
28255,Zly.Ii: The Hacked Station
28256,Trailer Shop Simulator
28257,Afl 23
28258,Ballistic Craft
28259,Ninja Cats Vs Samurai Dogs
28260,Frayed Knights: The Skull Of S'Makh-Daon
28261,Sakura Stars
28262,Numberline 2
28263,Dark Tower
28264,Self-Knowledge Vr
28265,Noclipped
28266,Flight Runner
28267,Midnight Scenes: From The Woods
28268,Turnament
28269,Dungeon Artifact
28270,Ashes
28271,Trick & Treat Remake
28272,Succubus Prison
28273,Zombie Commando 3D
28274,Highborn
28275,Hacked
28276,Handball Action Total
28277,War_War_War: Smiles Vs Ghosts
28278,Black Island
28279,Nitrorage
28280,Tiny Bird Garden Deluxe
28281,Keep It Running
28282,Grave Mania: Pandemic Pandemonium
28283,Grottesco Absurdus
28284,Hells Bend On Wounded Knee
28285,Heaven Vs Hell
28286,A Fishy Rpg
28287,Raptor Boyfriend: A High School Romance
28288,Red Dust
28289,Gelatinous: Humanity Lost
28290,The Bird
28291,Spaß Taxi
28292,Sharon And The Last Garden
28293,Putin Orcs Defender
28294,Invasion Vill
28295,Loop Knight
28296,Keep Me Posted
28297,Sudoku Quest
28298,Girl Fantasy
28299,恶魔迷宫 2 |Evil Maze 2 | 惡魔迷宮 2
28300,Arc Wizards 2
28301,Cyber Blades
28302,Winter'S Ankh
28303,Occultus - Mediterranean Cabal
28304,Interplanetary Gardener
28305,Rifter
28306,Lemwars
28307,Bridge Engineer
28308,Strata Instudio Vr
28309,Sole Survivor: Stages Of Death
28310,Ufho2
28311,封神纪传奇
28312,Undead City
28313,Mushroom Men: Truffle Trouble
28314,Zodiark Reform: Bandage Rewind
28315,My Horse: Bonded Spirits - Prologue
28316,Golden Rails: Small Town Story
28317,It'Sroachtime!
28318,Baldo: The Guardian Owls
28319,Tank Battle Heroes: Esports War
28320,Durak!
28321,Golem Creation Kit
28322,Alpha Command
28323,Tower Fortress
28324,Hyperjustice
28325,Mars 2120
28326,Steel Alcimus
28327,Dreadeye Vr
28328,Non Fingo Vr
28329,Can'T Revert
28330,Cube Gothic
28331,Miraculo Island
28332,Arpsic
28333,1812: The Invasion Of Canada
28334,Jelly Blocks
28335,Empty Skull
28336,Cat Colony Crisis
28337,Grim Tales: The Wishes Collector'S Edition
28338,Shipwreck Escape
28339,Quickflash - A Fabula Story
28340,Starlite: Astronaut Rescue - Developed In Collaboration With Nasa
28341,Dream Tale
28342,"Love, Sam"
28343,Cargo Cult: Shoot'N'Loot Vr
28344,Commute
28345,Turbo Tunnel
28346,Quijote: Quest For Glory
28347,World War 2 Craft (二战演义)
28348,Pahelika: Secret Legends
28349,Zombierun
28350,Biggest Stream Hover Racing
28351,I Want To Be Human
28352,Bunny Roulette
28353,Fairy Maids
28354,Little Walker
28355,Silence Channel
28356,Mines Of Mars
28357,Dark Mystery
28358,Wacky Wheels Hd
28359,The Thing From Nowhere
28360,Rantcpu Litebyte
28361,Clockwork
28362,Age Of Gladiators Reforged
28363,I'M Counting To 6...
28364,All Haze Eve
28365,The Confession
28366,World Tree
28367,Book Of Eos
28368,Hoplegs
28369,Gnomes Garden Lost King
28370,Hentai No Hero
28371,Staden Under Gamlestaden
28372,The Music Trivia Challenge
28373,Notes Of The Young Lady: In Turbulent Times
28374,Plush Madness
28375,Gwenblade
28376,Platina :: Lab
28377,Echo Of Extinction
28378,The Thing: Tower Defense
28379,Halloween Trouble 2
28380,Design Girl Team
28381,匿名信：失心者 / Stayer
28382,Galactic Battles
28383,Era Of Survival
28384,Checkmate!
28385,Glitchhikers: The Spaces Between
28386,Fancy Trangram Vr
28387,Kujlevka
28388,Blood Alloy: Reborn
28389,Out Of Memories
28390,청춘향전 Cheongchunhyang Jeon
28391,Boomshine Plus
28392,Wild Romance
28393,Mystic Pillars X Kantara
28394,Paws And Claws: Pampered Pets
28395,We Know The Devil
28396,Dadlympics
28397,この学園からスタート(Start From School)
28398,Firefighters - The Simulation
28399,Grim Wanderings
28400,The Vampire
28401,Watch Over Christmas
28402,Firefight!
28403,Missing Features: 2D
28404,Commissar Catlov
28405,Trigger Witch
28406,Freediving Hunter Spearfishing The World
28407,Don'T Kill The Cow
28408,Circuit Runner
28409,Phoblack
28410,In The Shadow Of The Truth
28411,The Darkest Woods
28412,Battles Of Norghan
28413,Eye Of Nollyn
28414,Grind Stormer
28415,Hidden Cats In Paris
28416,Motorbike Traffic Splash
28417,Firebird - La Peri
28418,Azy
28419,Paquerette Down The Bunburrows
28420,The Talos Principle: Reawakened
28421,Edge Of The End
28422,1001 Jigsaw. Home Sweet Home 3
28423,Sweet Surrender Vr
28424,Royal Frontier
28425,Save Koch
28426,Wrapped With A Kiss
28427,The Floor Is Really Cheap Lava
28428,Soul Delivery Chapter 1+2
28429,Mr.Vegan
28430,Battle Tracks
28431,Terra Alia: The Language Discovery Rpg
28432,Liblade
28433,Sunset Shapes
28434,Tether Brawl
28435,Aster Symphona
28436,Demonic Blade
28437,Immanence
28438,Rts Commander: Smash The Rebels
28439,Faircroft'S Antiques: The Mountaineer'S Legacy
28440,Ninnindays
28441,阿津
28442,X-17
28443,Screamboat Willie
28444,The Happies - Amber Falcon
28445,The Troop
28446,My Little Riding Champion
28447,Unforgettable Voyage
28448,This Picture
28449,Obliteracers
28450,Brumm
28451,Pixel-Warfare: Pro
28452,Zombie Derby 2
28453,Desktop Audio Visualizer
28454,Christmas Sort Puzzle
28455,Advent
28456,There'S Something In The Ice
28457,Hot And Lovely 2
28458,Platfinity
28459,Prison Tycoon: Under New Management
28460,Neon Blight
28461,Hack And Slime
28462,Fantasy Survivors
28463,Higurashi When They Cry Hou - Ch.8 Matsuribayashi
28464,Beastrun
28465,入替人-Replacer-
28466,Xp Girls
28467,Sickness
28468,Eternal Escape: Castle Of Shadows
28469,Summoner Vr : The Ruined Village
28470,Vivat Slovakia
28471,哪吒三太子
28472,Nightwatch: Nightmare Creatures
28473,Dimensions: Dreadnought Architect
28474,Vulture For Nethack
28475,Add Astra
28476,The Superfluous
28477,Cubixx Hd
28478,Birth Patrol
28479,Suzukuri Dungeon: Karin In The Mountain
28480,Madcap Mosaic
28481,Crazy Shark
28482,Blades Of The Righteous
28483,Drunk Soccer Is The Best Soccer
28484,Broken Spell 2
28485,William'S Love Prelude
28486,Pax Augusta
28487,Extinction
28488,The Wave Story
28489,Vitatio
28490,Fly Of Butterfly
28491,A Night Filled With The Sound Of Rain
28492,追杀
28493,Sockventure: Prologue
28494,Escape Knox Manor
28495,The Battle Of Sacred Heart
28496,Love Accident
28497,Death Fungeon
28498,Macbat 64
28499,A Snake In A Maze
28500,Pretty Girls Tile Match
28501,异世界无厘头生活2
28502,The Backrooms Regret
28503,"Warhammer 40,000: Armageddon - Da Orks"
28504,Renoir
28505,Blacken Slash
28506,Werewolf Voice - Ultimate Werewolf Party
28507,Magia X
28508,"Trance, Trauma"
28509,Friendship Club
28510,Cuccchi
28511,Nodiatis
28512,Trizon
28513,Winged Sakura: Demon Civil War
28514,Arboria
28515,我们的国
28516,Exorcist 2: Crow Magic
28517,Christmas Adventures: A Winter Night'S Dream
28518,Just Read The Instructions
28519,Gorn 2
28520,Usual
28521,精神病大王花 Flowering Abyss
28522,Lily'S Night Off
28523,D.W. The Picky Eater
28524,Lumberjacked
28525,"Judge, Jury, And Keyboard"
28526,Dreams Of The Elements
28527,We'Re All Going To Die
28528,Gore Screaming Show
28529,Harvest Hunt
28530,Knight Crawlers
28531,Killer Sudoku
28532,Darfall
28533,Food Mahjong
28534,Prepare For Warp: Unlimited Edition: Beyond Insanji
28535,Loopomotive
28536,Hunt N Cloak
28537,Wing Breakers
28538,The Life Of Arthur
28539,Find The Cubs
28540,Insects Awaken
28541,Lost City Of Vampires
28542,Nocturama
28543,Double Trouble
28544,Wings Of Ww2
28545,Globalism
28546,Katie
28547,Big Adventure: Trip To Europe 5 - Collector'S Edition
28548,Sissa'S Path
28549,Concordia: Digital Edition
28550,Nine Heavens
28551,9 Hallways: The Anomaly Agent
28552,Clown For Speed
28553,Unknown Number: A First Person Talker
28554,Valley Of The Dead: Malnazidos
28555,Convenient
28556,Final Space - The Rescue
28557,Trivia Clash: Adult Film Star Edition
28558,Journey To The Centre Of The Cell
28559,Guilded
28560,Crypto Girl The Visual Novel
28561,Carpathian Night Starring Bela Lugosi
28562,Zahhak
28563,Pirates! Showdown: Enhanced Edition
28564,Paradox Vector
28565,Cowbots And Aliens
28566,Reality
28567,Uos Prototype
28568,Gael'S Quest
28569,A Night In Prison
28570,景安区奇案-Jing 'An District Copstories
28571,Phantasy Star Ii
28572,Captures Ii
28573,My Lovely Pets 2 Collector'S Edition
28574,Scape Run
28575,Dungeon Full Dive: Game Master Edition
28576,Lost In The Tomb
28577,Cute Dogs
28578,Elite Commander
28579,The Paracelsian Project
28580,Grisaia Phantom Trigger Vol.5
28581,1001 Jigsaw. Home Sweet Home 2
28582,Jgsw
28583,R.O.O.T.S
28584,Trianglewingxxxx
28585,Playing Pride & Prejudice 1: An Austen Armoire
28586,Lone Hero Path
28587,Titan Nebula
28588,Mon Amour
28589,Oben
28590,Lycah
28591,Escape Room: Reality
28592,Hell Runner
28593,瀚辰书院
28594,Russian World
28595,E-River Cabin Journal
28596,Echo Tokyo: An Intro
28597,Lord Clicker
28598,Infinitrap Classic: Ohio Jack And The Cup Of Eternity
28599,The Sheriff'S Town
28600,Corcovado'S Night Guard
28601,Terafall: Survival
28602,Battle For The Sun
28603,Bvrger Van
28604,Valthirian Arc: Hero School Story 2
28605,The Book Of Hiro
28606,Backrooms Doors
28607,Until Last Breath
28608,The Far Kingdoms: Elements
28609,The Backrooms Deeper
28610,2 Times Circles
28611,Mimi And Lisa - Adventure For Children
28612,"Hard, Fast, & Flashy"
28613,Linear Chicken
28614,Asteroids Millennium
28615,Pow!
28616,Infernum
28617,Jigsaw Pieces 2 - Shades Of Mood
28618,Moto Rkd Dash Sp
28619,Hero Academy 2
28620,Hidden Facade
28621,Embrace Of The Downpour
28622,Jack And Sara: Educational Game
28623,Zniw Adventure
28624,The Luffeltera Renovator
28625,Joey And Penguin'S 2 Player Adventure
28626,Analytical World
28627,Violent Witches: The Vindicator
28628,像素男友 语音完整版
28629,Always The Same Nightmare
28630,Multiplayer Cowboys
28631,Time Jumper
28632,Command Adventures: Starship
28633,Adventures Of The Old Testament - The Bible Video Game
28634,Jewel Match Atlantis Solitaire - Collector'S Edition
28635,Eldervale
28636,Manastorm: Champions Of G'Nar
28637,Pipeline Of Emperor Yu
28638,Boba Bar: Bubble Tea Tycoon
28639,Landonia
28640,Rolling Toolman 2 Deathly Traps
28641,镜世界
28642,Seeking Dawn: Free To Play Edition
28643,Monster Rpg 3
28644,Autopanic Zero
28645,Rift Loopers
28646,The Magic World
28647,Defending Camelot
28648,自由人生模拟 Free Life Simulation
28649,Boomerang Battles
28650,Rooms
28651,Age Of Enigma: The Secret Of The Sixth Ghost
28652,Goken
28653,Underground Escape 地底逃生
28654,Lego Horizon Adventures
28655,Space Cycle
28656,Seabed
28657,Voxel Interceptor
28658,Zhuzi Subdues Demons
28659,A Factory Job
28660,Crafting Dead
28661,Siege The Day
28662,Lost Lands: Ice Spell Collector'S Edition
28663,Sector One
28664,Cyber Runner
28665,To Aerthen
28666,3 Scary Games
28667,Dreadfall
28668,Memory
28669,Special Warfare - 特战之王
28670,Self-Delusion
28671,Knights Of Messiah
28672,游戏策划面试模拟器
28673,Causal Nexus
28674,Zombie Vikings: Stab-A-Thon
28675,Red Laser Z
28676,Event Horizon - Frontier
28677,Omnify Hotspot - The Best Wi-Fi Hotspot & Repeater
28678,Wojak Rush
28679,Aetheria Online
28680,Runbean Galactic
28681,Tower Of Arcana
28682,2100
28683,Lunacy: Saint Rhodes
28684,Mecha Snake
28685,World Boxing Manager
28686,Stifled - Echolocation Horror Mystery
28687,Model Human
28688,Deedlee Doo! Carkour!
28689,Aeon'S End
28690,Bugtopia
28691,Teke Teke - テケテケ
28692,Heimwald
28693,Twin Horizons
28694,Cosmos
28695,Nova Genetics
28696,Driveloop: Survivors
28697,Life Of A Space Force Captain
28698,Fraudster
28699,Merge Beasts - Defense Game
28700,Connected Hearts: Hour Of The Witch Collector'S Edition
28701,Magic Or Machinations?
28702,Adva-Lines
28703,Valkie 64
28704,Swords Of Gurrah
28705,Aeon Must Die!
28706,Zheros
28707,Route 13
28708,Senpa.Io
28709,Puzzle Monarch: Forests
28710,Soran
28711,Unforetold: Witchstone
28712,Yes Mr. President
28713,Sudoku3D
28714,Gummy Jump
28715,Icharko
28716,Formula Car Racing Simulator
28717,The Last Werewolf
28718,Hammerheart
28719,Rhino Puzzle
28720,Car Delivery Man
28721,Fantasy Hero Manager
