id_publisher,publisher
1,Valve
2,Electronic Arts
3,"Krafton, Inc."
4,Pocketpair
5,Activision
6,Amazon Games
7,Game Science
8,Rockstar Games
9,Smartly Dressed Games
10,Gaijin Network Ltd
11,"Capcom Co., Ltd."
12,Playstation Publishing Llc
13,Digital Extremes
14,"Fromsoftware, Inc., Bandai Namco Entertainment"
15,Re-Logic
16,Grinding Gear Games
17,Wallpaper Engine Team
18,Larian Studios
19,Ubisoft
20,Bungie
21,Facepunch Studios
22,Wargaming Group Limited
23,"Studio Wildcard, Snail Games Usa"
24,Concernedape
25,Endnight Games Ltd
26,My.Games
27,Starbreeze Entertainment
28,"Eleventh Hour Games, Krafton, Inc"
29,Cd Projekt Red
30,Behaviour Interactive Inc.
31,Warner Bros. Games
32,Vrchat Inc.
33,Innersloth
34,Ravenscourt
35,"2K, Aspyr (Mac), Aspyr (Linux)"
36,Scs Software
37,Coffee Stain Publishing
38,Kinetic Games
39,Hi-Rez Studios
40,Netease Games Global
41,Tlm Partners
42,Psyonix Llc
43,The Indie Stone
44,Zeekerss
45,Xbox Game Studios
46,Axolot Games
47,Tvgs
48,Tch Scarlet Limited
49,Valofe
50,Klei Entertainment
51,Techland
52,Curve Games
53,The Fun Pimps Entertainment Llc
54,Konami
55,Crazy Rocks Studios
56,Daybreak Game Company
57,Crytek
58,"Activision (Excluding Japan And Asia), Fromsoftware, Inc. (Japan), 方块游戏 (Asia)"
59,Megame Llc
60,Bohemia Interactive
61,Newnight
62,Crate Entertainment
63,Paradox Interactive
64,Taleworlds Entertainment
65,Gamigo Us Inc.
66,Bethesda Softworks
67,"Square Enix, Feral Interactive (Mac), Feral Interactive (Linux)"
68,Owlcat Games
69,Semiwork
70,2K
71,"Gearbox Publishing, 2K"
72,The Behemoth
73,Robtop Games
74,Lever Games
75,"Crystal Dynamics, Feral Interactive (Mac)"
76,Hello Games
77,Team Cherry
78,Freejam
79,World Makers
80,Beamng
81,Unknown Worlds Entertainment
82,Raw Fury
83,"Drinkbox Studios, Kepler Ghost"
84,Evil Landfall?
85,"Activision, Aspyr (Mac)"
86,Warchest Ltd.
87,"Nicalis, Inc."
88,Northwood Studios
89,Pearl Abyss
90,New Blood Interactive
91,Focus Entertainment
92,Torn Banner Studios
93,505 Games
94,"2K, Feral Interactive (Mac), Feral Interactive (Linux)"
95,Poncle
96,Playsaurus
97,"Expansive Worlds, Avalanche Studios"
98,Dani
99,Kog
100,Blender Foundation
101,Supergiant Games
102,Sgtokidoki
103,Wube Software Ltd.
104,"Relic Entertainment, Feral Interactive (Mac), Feral Interactive (Linux)"
105,"Sega, Feral Interactive (Mac), Feral Interactive (Linux)"
106,Tobyfox
107,Mega Crit
108,Motion Twin
109,Studio Mdhr Entertainment Inc.
110,Studio Minus
111,"Nimble Neuron, Sapstar Games"
112,Team Psykskallar
113,Gamepires
114,1047 Games
115,Scopely
116,Arc Games
117,8Floor
118,Team Salvato
119,Sega
120,Stunlock Studios
121,Fishsoft Llc
122,Ludeon Studios
123,Nexon
124,Yager
125,Io Interactive A/S
126,Op Productions Llc
127,Bandai Namco Entertainment
128,Avalanche Studios
129,Running With Scissors
130,"Warner Bros. Interactive Entertainment, Warner Bros. Games"
131,Hyper Hippo Games
132,Funcom
133,Mintrocket
134,Edge Of Reality
135,Void Interactive
136,Little Orbit
137,Annapurna Interactive
138,Deep Silver
139,Fishing Planet Llc
140,Square Enix
141,Tortuga Team
142,Eagle Dynamics Sa
143,Mob Entertainment
144,Ninja Kiwi
145,Red Hook Studios
146,Sandbox Interactive Gmbh
147,Tinybuild
148,Chucklefish
149,"Lucasfilm, Lucasarts, Disney"
150,Landfall
151,"Microids Indie, Microids"
152,Tripwire Interactive
153,11 Bit Studios
154,Frictional Games
155,Jesse Makkonen
156,"Cd Projekt Red, 1C-Softclub"
157,Subset Games
158,Berserk Games
159,Devolver Digital
160,Vostok Games
161,Centerpoint Gaming
162,"Frozen District, Playway S.A."
163,Playdead
164,"Popcap Games, Inc., Electronic Arts"
165,Source Technology
166,Daybreak Game Company Llc
167,Beat Games
168,Quantic Dream
169,Scott Cawthon
170,Wb Games
171,"Warner Bros. Games, Warner Bros. Interactive Entertainment"
172,Ccp
173,Sharkmob Ab
174,Keen Games Gmbh
175,"Io Interactive A/S, Feral Interactive (Linux), Feral Interactive (Mac)"
176,Nijico
177,Playstack
178,Xd
179,Kepler Interactive
180,Keen Software House
181,Gamirror Games
182,Deaddevstellnolies
183,"2K, Aspyr (Linux)"
184,Private Division
185,"Sega, Feral Interactive"
186,Fistful Of Frags Team
187,"Kw Studios, Raceroom Entertainment Ag"
188,Free Reign Entertainment
189,Fatshark
190,Frontier Developments
191,Autumn Games
192,Skybound Games
193,Boneloaf
194,Playwing Ltd
195,"2K, Feral Interactive (Linux)"
196,System Era Softworks
197,Muse Games
198,Atelier 801
199,Grey Havens
200,Vanripper
201,Colibri Games
202,Frozenbyte
203,Rebuilt Games
204,Team17
205,"2K, Feral Interactive (Mac)"
206,"Warhorse Studios, Deep Silver"
207,Hooded Horse
208,Pixelmouse
209,"Madfinger Games, A.S."
210,Raptor Byte
211,Toadman Interactive
212,Noble Empire Corp.
213,Trion Worlds
214,Curve Animation
215,"Bandai Namco Entertainment, Fromsoftware, Inc."
216,Lo-Fi Games
217,Bennett Foddy
218,Bloober Team Sa
219,Conchship Games
220,Red Barrels
221,Secret Mode
222,Crowbar Collective
223,Gun Media
224,"Arc Games, Thq Nordic"
225,Io-Interactive A/S
226,Poros Interactive
227,Blobfish
228,"Cygames, Inc."
229,Chromatic Games
230,Stardock Entertainment
231,"Crystal Dynamics, Feral Interactive (Mac), Feral Interactive (Linux)"
232,"Imcgames Co.,Ltd."
233,3909
234,Triternion
235,Capcom
236,Hitchcock Games
237,Rec Room
238,Mytona Fntastic
239,Hinterland Studio Inc.
240,Thq Nordic
241,Leppsoft
242,Playtika Ltd.
243,Gameforge 4D Gmbh
244,Evil Tortilla Games
245,Straight Back Games
246,"鬼谷工作室, Lightning Games"
247,Wizards Of The Coast Llc
248,Tuxedo Labs
249,Nolla Games
250,"Galactic Cafe, Klei Publishing"
251,Rebellion
252,Masangsoft
253,Numantian Games
254,New World Interactive
255,Robot Entertainment
256,U.S. Army
257,Nokta Games
258,"Codemasters, Feral Interactive (Linux)"
259,Giants Software
260,Shiro Games
261,Warner Bros. Interactive Entertainment
262,Space Budgie
263,Duoyi Games
264,Vikingfabian
265,"Carx Technologies, Llc"
266,"Ninja Theory, Xbox Game Studios"
267,Remedy Entertainment
268,（Hong Kong）Gkd
269,Paradise Project
270,Studio Wildcard
271,Hasuhasu
272,Topware Interactive
273,"Fromsoftware, Inc., Bandai Namco Entertainment Inc."
274,Wishlist Games
275,1939 Games
276,Frvr
277,"Codemasters, Feral Interactive (Linux), Feral Interactive (Mac), Electronic Arts"
278,Creepy Jar
279,Bedtime Digital Games
280,Ubisoft Entertainment
281,Novalink
282,Shining Rock Software Llc
283,"Panic, Campo Santo"
284,"Proletariat, Inc."
285,Za/Um
286,Offworld
287,Desconocido
288,Sa Industry
289,"Wiplegames Inc.,"
290,"2K, Missing Link Games"
291,Arenanet®
292,"Koei Tecmo Games Co., Ltd."
293,Thunder Lotus
294,"Double Fine Productions, Xbox Game Studios"
295,Critical Reflex
296,"Frontier Developments, Aspyr (Mac)"
297,Imgn.Pro
298,Maddy Makes Games Inc.
299,Ironward
300,Smg Studio
301,"Gsc Game World (Worldwide), Sega (Japan), 4Divinity (China And South East Asia)"
302,Techland Publishing
303,Aeria Games
304,Chubby Pixel
305,"Meta Publishing, Owlcat Games"
306,Knights Peak
307,"Eidos Interactive Corp., Feral Interactive (Linux/Mac)"
308,Monomi Park
309,Eidos Interactive Corp.
310,"Square Enix, Feral Interactive (Mac)"
311,Playway S.A.
312,Freakinware Studios
313,"Funbox Media Ltd, Zoom Platform Media"
314,Kitfox Games
315,"Relic Entertainment, Feral Interactive (Mac/Linux)"
316,Moon Studios Gmbh
317,Ths
318,Daedalic Entertainment
319,Piranha Games Inc.
320,Tripwire Presents
321,Relic Entertainment
322,Corptron Games Corp.
323,Jagex Ltd
324,Netease Games
325,Creaky Corpse Ltd
326,Atari
327,Blackspot Entertainment
328,"Team17, Veewo Games"
329,Frontier Foundry
330,"Freebird Games, Serenity Forge"
331,Naivus Luo
332,Snoutup
333,Nexon Korea Corp. &Amp; Nexon America Inc.
334,Fellow Traveller
335,Balor Games
336,Opneon Games
337,"7Th Beat Games, Indienova"
338,Onyx Lute
339,Nttgame
340,Amplitude Studios
341,10 Chambers
342,Spearhead Games
343,"Cygames, Inc., Cygames Korea Inc."
344,"Lucasarts, Aspyr (Mac), Disney, Lucasfilm"
345,Techworld Communication
346,Duhndal
347,Openttd
348,Clever Endeavour Games
349,Spiderling Studios
350,"Op Productions Llc, Free Reign East Llc"
351,Carbon Games
352,Kalypso Media Digital
353,Ammobox Studios
354,Ddnet Team
355,Futurlab
356,Another Axiom Inc.
357,Lavaflame2
358,Ndemic Creations
359,Kiss Ltd
360,Steel Crate Games
361,Superhot Team
362,Greenheart Games
363,Cyberlight Game Studio
364,"Sega, Feral Interactive (Linux), Feral Interactive (Mac)"
365,Kalypso Media
366,Codename Entertainment Inc.
367,"Lion Shield, Llc"
368,Digipen Institute Of Technology
369,Blackmill Games
370,"Eidos Interactive Corp., Feral Interactive (Mac)"
371,Steelraven7
372,Beamdog
373,Kayanimate
374,Warpfrog
375,Panic Art Studios Ltd
376,Skullcap Studios
377,The Irregular Corporation
378,"Dovetail Games - Trains, Dovetail Games"
379,Perfect World Entertainment
380,Kyle Seeley
381,Total Mayhem Games
382,Ziggurat
383,Blazing Griffin
384,Lamedeveloper
385,Move On Usa Co.
386,Firefly Studios
387,"Lucasarts, Lucasfilm, Disney"
388,Pillow Castle
389,Omeda Studios
390,"Indieark, Shochiku (Japan)"
391,Akupara Games
392,"Sega, Feral Interactive (Mac)"
393,Sad Panda Studios
394,Playful Corp.
395,Bethesda
396,"Codemasters, Electronic Arts"
397,Wolcen Studio
398,Bandai Namco Entertainment Inc.
399,Arc System Works
400,Neverland Entertainment
401,"Brace Yourself Games, Klei Entertainment"
402,Doctor Entertainment Ab
403,Playa Games Gmbh
404,"Bat Country Games, Llc"
405,"Infogrames, Atari"
406,Acureus
407,Redaster Studio
408,"Unknown Worlds Entertainment, Krafton, Inc."
409,Snowbird Games
410,Boss Key Productions
411,Eugen Systems
412,Gsc Game World
413,Panic
414,"Grapeshot Games, Snail Games Usa"
415,Neowiz
416,Microsoft Studios
417,Fish Factory Games
418,Edmund Mcmillen
419,"Fireshine Games, Bilibili"
420,New Reality Games
421,"Next Studios, 505 Games"
422,Back To Basics Gaming
423,Intiny
424,"Blizzard Entertainment, Inc."
425,Nexon America Inc.
426,Neocoregames
427,Siege Camp
428,Bilibili
429,Ankama Games
430,"Jumpstart Games, Inc."
431,Osumia Games
432,"38 Studios, Electronic Arts"
433,Codebrush Games
434,"Sega, Feral Interactive (Mac/Linux)"
435,Trapdoor
436,"Fyqd-Studio, Playism"
437,Frost Giant Studios
438,Hyperreuts
439,Digital Bandidos
440,Versus Evil
441,Ovalis Investments Limited
442,Usm
443,South East Games
444,Frogwares
445,Tour De Pizza
446,Fluppisoft Gmbh
447,Egosoft
448,Reperio Studios
449,Ironmonger Games
450,Miju Games
451,Perfect World Games
452,Flashbulb
453,"Mrfatcat, Dropsiick"
454,Unreal Software
455,Hfm Games
456,Consumer Softproducts
457,Łukasz Jakowski Games
458,Clock Wizard Games
459,Good Shepherd Entertainment
460,Rubberbandgames
461,D3Publisher
462,"Lucasarts, Lucasfilm, Aspyr (Mac, Linux)"
463,"Yogscast Games, Gamersky Games"
464,Alawar
465,"Devolver Digital, Croteam"
466,Pixile
467,"Versus Evil, Obsidian Entertainment, Xbox Game Studios"
468,Projectmoon
469,Ci Games
470,Supergg.Com
471,Jagex Limited
472,Saber Interactive Inc
473,Team17 Digital Ltd
474,Toplitz Productions
475,Gravity Interactive
476,Milkstone Studios
477,Scottgames
478,Mossmouth
479,"2K, Aspyr (Mac)"
480,Those Awesome Guys
481,Stress Level Zero
482,"Prime Matter, Deep Silver"
483,"Green Tile Digital, Thq Nordic"
484,Runestorm
485,Genesz
486,Number None
487,Rusty Lake
488,Neon Doctrine
489,Igara Studio
490,"Exor Studios, Surefire.Games"
491,"Focus Entertainment, 4Divinity"
492,"Omocat, Llc"
493,Lunarch Studios
494,Bitbeast Games
495,Gameloft
496,800 North And Digital Ranch
497,"Hooded Horse, Acid Wizard Studio"
498,Infini-Brain Inc.
499,Game Grumps
500,Hypetrain Digital
501,Tecopark
502,Gigantgame-A
503,Qing Feng Beijing Technology
504,Dankie
505,S2 Games
506,Klab Inc.
507,Zapray Games
508,Beam Team Publishing
509,Pine Studio
510,Mechanistry
511,Konami Digital Entertainment
512,Sharex Team
513,Winged Cloud
514,Geometa
515,Gsc World Publishing
516,Other Ocean Group
517,Fair Games Aps
518,Amistech Games
519,"Thekla, Inc."
520,Gamious
521,Cruderocks
522,Bishop Armstrong
523,"Spike Chunsoft Co., Ltd."
524,The Game Bakers
525,Movie Games S.A.
526,Lag Studios
527,"Epic Games, Inc."
528,Computer Lunch
529,Soldak Entertainment
530,艺龙游戏
531,Microprose Software
532,Failbetter Games
533,Sometimes You
534,2P Games
535,Aether Studios
536,Sam Barlow
537,Telltale
538,Finji
539,Digitalmindsoft
540,墨鱼玩游戏
541,Giant Army
542,Piboso
543,Rust Ltd.
544,Redcandlegames
545,Kakao Games Europe B.V.
546,Madbyte Games
547,Glyph Worlds
548,Kchamp Games
549,Amanita Design
550,Ul Solutions
551,"Wss Playground, Alliance Arts"
552,League Of Geeks
553,Astragon Entertainment
554,Grease Monkey Games
555,Hl-Galgame
556,Xaviant Games
557,Desertkun
558,"Codemasters, Slightly Mad Studios, Electronic Arts"
559,"Gungho Online Entertainment America, Inc."
560,Bulkhead
561,Robot Gentleman
562,Lilmemes Production
563,Game For People
564,Fruitbat Factory
565,Eleon Game Studios
566,Nasa
567,Nival
568,Zeboyd Digital Entertainment Llc
569,Digital Leisure Inc.
570,Blackbird Interactive
571,Detach Entertainment
572,Slitherine Ltd.
573,Tactical Adventures
574,Portable Moose
575,Toukana Interactive
576,Poolians.Com
577,Laminar Research
578,Sixense
579,Cellar Door Games
580,Glowstick Entertainment
581,Kixeye
582,Earthwork Games
583,Ska Studios
584,Flanne
585,Weirdbeard
586,"Funcom, Shiro Games"
587,Maxim Karpenko
588,"Donkey Crew, Snail Games Usa"
589,Denchisoft
590,Crystal Dynamics
591,Madruga Works
592,"Monochrome, Inc"
593,Libretro
594,Foulball Hangover
595,Define Human Studios
596,"Warner Bros. Interactive Entertainment, Feral Interactive (Mac)"
597,Excalibur Games
598,Ironhide Game Studio
599,"Koei Tecmo Games Co., Ltd., Ce-Asia(Asia)"
600,Thermite Games
601,Fulqrum Publishing
602,Easyanticheat Ltd
603,Scavengers Studio
604,Digital Confectioners
605,Akaba Studio
606,Ghost Ship Publishing
607,5 Lives Studios
608,Rockfish Games
609,Phoenix Game
610,Octoshark Studios
611,"Kabam Games, Inc."
612,Kongregate
613,Easy Day Studios Pty Ltd
614,Big Blue Bubble
615,Ivy Sly
616,北京网元圣唐娱乐科技有限公司
617,养蛋人 Egg Hatcher
618,Berzerk Studio
619,"V Publishing, Surefire.Games"
620,Autoattack Games
621,Teeworlds Team
622,Zachtronics
623,2D Boy
624,"Goblinz Publishing, Indieark"
625,Perfuse Entertainment
626,Infernum Games Gmbh
627,Komodo
628,"Data Realms, Llc"
629,"Eek! Games, Llc"
630,Doborog Games
631,Terry Cavanagh
632,Mirage Creative Lab
633,"Playnet, Inc."
634,Alphasoft Llc
635,Gigantic Duck Games
636,Dl Softworks
637,Killhouse Games
638,Telltale Games
639,Double Action Factory
640,Mimicryteam
641,Humble North
642,Huniepot
643,Valiant
644,Chalcedony Network
645,Kacper Stasiełuk
646,Demruth
647,Destructive Creations
648,Barrel Roll Games
649,Cybercoconut
650,Dreamhaven
651,Snk Corporation
652,"Sa Industry, Batystore Ltd"
653,"Gearbox Publishing, Aspyr (Mac), 2K"
654,Ncsoft
655,Mckay
656,G・O・P
657,Spotted Kiwi Interactive
658,Valko Game Studios
659,Vankrupt Games
660,"Cold Iron Studios, Focus Entertainment"
661,Godot Engine
662,Whispergames
663,"Hooded Horse, Overhype Studios"
664,Binary Haze Interactive
665,Grunge Games Ltd
666,Kagura Games
667,Aerosoft Gmbh
668,Vulcron
669,"Paradox Interactive, Paradox Arc"
670,Kog Games
671,Subworld
672,Michael Zahniser
673,Hempuli Oy
674,"Private Division, Xbox Game Studios"
675,"Grabthegames, Upgradepoint"
676,Pac0Master
677,Young Horses
678,Sven Co-Op Team
679,Crows Crows Crows
680,Interactive Moolt
681,"Worldwalker Games Llc, Whispergames"
682,Lince Works
683,"Hypetrain Digital, Redruins Softworks"
684,Kasedo Games
685,Ember Lab
686,Unusualsoft
687,Ycjy Games
688,Killmonday Games Ab
689,Otter-Co
690,Forthright Entertainment
691,Heart Machine
692,Anukendev
693,Esea
694,"零创游戏(Zerocreationgame), 2P Games"
695,"Rocketeer Games Studio, Llc"
696,Nomad Games
697,Vantan Game Academy
698,Inxile Entertainment
699,Dragonrise Games
700,"Forward Global Group, Ltd."
701,Microids
702,Playside
703,Paliverse
704,Strategy First
705,"Userjoy Technology Co.,Ltd., Phoenix Game"
706,Nacon
707,"Contingent99, Balor Games"
708,Softstar Entertainment
709,"Gsq Games, Gamirror Games"
710,"方块游戏(Cubegame), 软星科技(Softstarlight)"
711,Volens Nolens Games
712,"Pathea Games, Focus Entertainment, Pm Studios, Inc., Dmm Games"
713,Dry Cactus
714,Super Evil Megacorp
715,"Sloclap, Kepler Interactive"
716,Betadwarf
717,Polymorph Games
718,Ravenhood Games
719,Playism
720,Dnvr Prod
721,Planetary Annihilation Inc
722,Farsight Studios
723,Renderise
724,Rocketwerkz
725,Ovras Team
726,Torpor Games
727,"Grey Box, Six Foot"
728,Feel Free Games
729,"Dear Villagers, E-Home Entertainment"
730,Home Net Games
731,Afterthought Llc
732,Panomix Studio
733,Anarchy Games
734,Flippfly Llc
735,Dotemu
736,Vlambeer
737,"Gibbing Tree, Llc"
738,Ultimate Games S.A.
739,Pixel Sprout Studios
740,"Softstar, Yooreka Studio"
741,Serenity Forge
742,Stephenallen
743,505 Go Inc
744,Dragonsnow
745,"Cyanide Studio, Nacon"
746,Supra Games
747,Innova Co Sarl
748,Legend Studio
749,"Nacon, The Arcade Crew, Gamera Games, Dangen Entertainment"
750,Creability
751,Triiodide Studios
752,Freie Programme Hohenstein
753,Dinosaur Polo Club
754,Reiza Studios
755,Enhance
756,"Black Tabby Games, Serenity Forge"
757,Iobit
758,"Topware Interactive, Ace"
759,Attritom7 Productions
760,"Sector D2, Balor Games"
761,Housemarque
762,Shopalover
763,Shanghai Silvermoon Network Technology Co.Ltd
764,"Frontier, Aspyr (Mac)"
765,Vertigo Games
766,Indie Game Group
767,Suspicious Developments
768,"Allm Co., Ltd."
769,Okomotive
770,Silver Dollar Games
771,Sokpop Collective
772,Level Infinite
773,Apog Labs
774,Wildfire Game（无锡野火数字科技有限公司）
775,Sbug Games
776,Soviet Games
777,Snail Games Usa
778,"Ghostpie Studio, Gamera Games"
779,Reissad Studio
780,Changyou.Com Limited
781,Last Level
782,Circle Five Publishing
783,"Nimble Neuron, Boltrend Global Pte.Ltd"
784,Red Thread Games
785,4G
786,Holotech Studios
787,"Pretty Soon, Indieark"
788,Lightmare Studios
789,Thunderful Publishing
790,Eforb
791,Playstation Pc Llc
792,Snekflat
793,Farbridge
794,Pixel Games Uk
795,Google
796,Cosmic Cow Llc
797,Yc Games
798,"Rokaplay Select, Drillhounds"
799,"President Studio, Playway S.A."
800,Indiegala
801,Pragmatix Ltd
802,Schwiezer System Gmbh
803,"二色幽紫蝶, Re零同人社"
804,Fifth Dimension Company
805,Bankroll Studios
806,Almost Human Games
807,Mad Otter Games
808,Naddic Games
809,Sekai Project
810,Stoic Studio
811,Velan Studios
812,Wolfire Games
813,Pounce Light
814,"Ion Lands, Maple Whispering Limited"
815,"Xelu, Those Awesome Guys"
816,陈 世杰
817,Zombie Panic! Team
818,D-Pad Studio
819,Armor Games Studios
820,Atlant Games Ltd
821,Evga
822,Big Cheese Studio
823,Holyday Studios
824,Cosmic Adventure Squad
825,"Bad Pixel, Tinybuild"
826,Shiver Games
827,Fayju
828,Smorb Software
829,"Gearbox Publishing,  Xbox Game Studios"
830,Amaterasu Software
831,Lasengle Inc.
832,Dekovir Ltd
833,"Isolated Games, Indieark"
834,Mythwright
835,Randumb Studios
836,Emmanuel Perrillon
837,F2Games
838,Vertigo Gaming Inc.
839,1C Online Games
840,Smashgames
841,Airship Syndicate
842,Limited
843,Tt Games
844,"Codemasters, Feral Interactive (Mac), Feral Interactive (Linux), Electronic Arts"
845,Abbey Games
846,Nexile
847,Anvil Game Studios
848,"Papaya Play, Vertigo Games America"
849,Boxelware
850,Dire Wolf
851,Awesome Games Studio
852,Thing Trunk
853,L2 Games
854,Bytro Labs Gmbh
855,Brutal Software
856,"Inxile Entertainment, Xbox Game Studios"
857,Nova Dimension
858,Joey Drew Studios
859,Agafonoff
860,Elijah Newman-Gomez
861,"Boundless Dynamics, Llc"
862,Yacht Club Games
863,Image & Form Games
864,Yeswecamp
865,ケイエル
866,Kiddy
867,Voxelloop Software Limited
868,"Bigscreen, Inc."
869,（Hong Kong）Gkd Game Studio
870,"Versus Evil, Tinybuild"
871,Laush Studio
872,Twin Sails Interactive
873,Bloober Team Na
874,"Goblinz Publishing, Maple Whispering Limited"
875,The Farm 51
876,"Maschinen-Mensch, Saftladen Berlin"
877,Skydance Interactive
878,Beawesome Games
879,Dark Curry S.L.
880,"Drago Entertainment, Shochiku"
881,Devika
882,Game Smithing Limited
883,Nobodyshot
884,"Bureau 81, Indienova"
885,Blue Wizard Digital
886,Sanctum Games
887,"Code Horizon, Playway S.A."
888,Blueline Games
889,Self Published
890,Uplay Online
891,"Smola Game Studio, Agafonoff"
892,Defiant Development
893,"Flow Fire Games, Whispergames"
894,Lightning Man Media
895,Capybara Games
896,Deli Interactive Llc
897,"Deck13, Whispergames, Dangen Entertainment, Mayflower Entertainment"
898,Empires
899,香港商河洛互動娛樂股份有限公司
900,Zen Studios
901,Chasing Carrots
902,"Paras Games, Obb Studio Inc."
903,Star Vault Ab
904,Daniel Mullins Games
905,Smart Game Booster
906,"Haemimont Games, Eurovideo Medien"
907,Jforce Games
908,Midjiwan Ab
909,Playtonic Friends
910,Maiden Gaming Inc.
911,Fireproof Games
912,Kit9 Studio
913,Virtual Basement Llc
914,Campfire Games
915,Sabotage Studio
916,Notovia
917,Spicyhorse Games
918,Picroma
919,Nvidia
920,Titulum Enterprises Limited
921,Giant Enemy Crab
922,Bandai Namco Entertainment Europe
923,Id Software
924,"Jundroo, Llc"
925,"Codemasters, Feral Interactive (Mac), Feral Interactive (Linux)"
926,Noisestorm
927,Cold Beam Games
928,"Bandai Namco Entertainment, 株式会社バンダイナムコエンターテインメント"
929,Lafrontier
930,Npc Studio
931,Leafy Games
932,Nightdive Studios
933,Goldhawk Interactive
934,Die Of Death Games
935,No More Robots
936,Sparpweed
937,Casioqu
938,Introversion Software
939,Igg Singapore Pte. Ltd.
940,"Ysbryd Games, Playism"
941,Bluebutton Games
942,Forever Entertainment S. A.
943,Meta Interaction
944,Undaunted Games
945,Proletariat Inc.
946,Indiesolodev
947,Stegersaurus Software Inc.
948,Transhuman Design
949,Deca Live Operations Gmbh
950,Marxnet
951,Games Operators
952,Greens S.R.O.
953,Modern Wolf
954,Milestone S.R.L.
955,Reef Entertainment
956,Crafting Legends
957,Indieark
958,Bare Mettle Entertainment
959,Little Green Men Games
960,Neko Works
961,Strange Loop Games
962,Flow Fire Games
963,Alt Lab
964,Messhof
965,Blue Bottle Games
966,Facepalm Games
967,"Kingsisle Entertainment, Gamigo Group"
968,Trese Brothers
969,Fun & Simple
970,"Okyo Games, Dear Villagers"
971,Big Robot Ltd
972,Kwalee
973,Brilliant Game Studios
974,Turning Wheel Llc
975,Weather Factory
976,Bezbro Games
977,Team17 Digital
978,Planet Jem
979,Insayn
980,Bithell Games
981,Greylock Studio
982,"Nis America, Inc."
983,Hidden Path Entertainment
984,Pixel Puzzles
985,"Subvert Games, Polygon Moon"
986,Small Fish Big Dreams
987,Coatsink
988,The Knights Of Unity
989,"Cloudcade, Inc."
990,Freebird Games
991,Black Cardioid Games
992,3F Interactive
993,Cm Immersive
994,Digitaldna Games
995,Asymmetric
996,"Warner Bros. Interactive, Feral Interactive (Mac)"
997,Untold Tales
998,Atomteam
999,Gamestorming
1000,Oddworld Inhabitants
1001,Gamemill Entertainment
1002,1-Reality
1003,Mobitech Llc
1004,Rogueware
1005,"World Golf Tour, Llc"
1006,Gears For Breakfast
1007,Idea Factory International
1008,"Mythwright, Brightrock Games"
1009,Redhill Games
1010,Megastorm Games
1011,Rubydev
1012,Hovgaard Games
1013,Krillbite Studio
1014,Realm Archive
1015,Ryseup Studios
1016,Senpai Industrial Studios
1017,"Grabthegames, Thegamesfortress"
1018,Other Tales Interactive
1019,Zero-K Team
1020,"Fishing Cactus, Pid Games, Dear Villagers"
1021,"91Act, Astrolabe Games"
1022,Choice Provisions
1023,Shift Now
1024,Fun Dog Studios
1025,Mode 7
1026,Unepic Games
1027,Wayone Games
1028,Anima Locus
1029,Eyedentity Games Inc.
1030,Giant Games
1031,Texel Raptor
1032,"Softstar Technology(Beijing), Softstar Entertainment"
1033,"Assemble Entertainment, Whispergames"
1034,Ghosthunter
1035,Lugus Studios
1036,"Atari Inc., Cubed Productions Llc"
1037,Neople
1038,Playsurroundead
1039,Space Bullet Dynamics Corporation
1040,"Neon Doctrine, Raw Fury"
1041,Might And Delight
1042,Indie.Io
1043,"Days Of Wonder, Twin Sails Interactive"
1044,"Hikari Field, Nekonyan Ltd."
1045,Rain Games
1046,"Larian Studios, Focus Home Interactive"
1047,"Next Studios, Meta Publishing"
1048,Two Star Games
1049,Invincibles Studio Ltd
1050,Astrolabe Games
1051,Team Samoyed
1052,Bandai Namco Entertainment America
1053,Altfuture
1054,"Double Damage Games, Sneg"
1055,Saikono
1056,Newrealitygames
1057,"Jsl Entertainment, Phoenix Game"
1058,Toastielabs
1059,Luden.Io
1060,Codemasters
1061,Tribe Studios
1062,"Jagex Ltd, H2 Interactive Co., Ltd., Graph"
1063,"Everything Unlimited Ltd., Klei Publishing"
1064,Fiveamp
1065,Cosmographic Software
1066,Mydockfinder
1067,Sigma Team Inc.
1068,2K Games
1069,Ramen Vr
1070,"摸鱼游戏, Aluba Van+"
1071,Dovetail Games - Tsw
1072,Nvlmaker
1073,"Assemble Entertainment, Whispergames, Mayflower Entertainment"
1074,Suba Games
1075,"Hayden , Rothman"
1076,Pixeltail Games
1077,"Plaion, Deep Silver"
1078,Draw Me A Pixel
1079,Wargaming Labs
1080,Valera Entertainment
1081,"Deep Field Games, New Blood Interactive"
1082,"Eternal Dream, 迷糊的安安"
1083,Khb-Soft
1084,Lighthouse Games Studio
1085,"Pupuya Games, Simoncreative, Justdan"
1086,Streum On Studio
1087,"Xseed Games, Marvelous Usa, Inc."
1088,Tomorrow Corporation
1089,Phat Phrog Studios
1090,Rdt.32
1091,Savysoda
1092,The Astronauts
1093,Spiral Up Games
1094,Nukgames
1095,Downpour Interactive
1096,Camshaft Software Ltd
1097,A List Games
1098,"Teneke Kafalar, Kwalee"
1099,Newprojekt
1100,Kubold
1101,Lion'S Shade
1102,"Wildworks, Inc."
1103,Endgameloop Games
1104,Miniclip
1105,一个小目标工作室
1106,David Oreilly
1107,Two And A Half Studios
1108,Wesnoth Inc.
1109,Crespirit
1110,"Hooded Horse, Slug Disco"
1111,Grizzlygames
1112,"Fullbright, Serenity Forge"
1113,Brad Barber
1114,Kk Game Studio
1115,Walternate Realities
1116,Redbana Corporation
1117,Dear Villagers
1118,Secret Exit Ltd.
1119,Ifreezeno
1120,Debeau Studios
1121,Pixiv Inc.
1122,"Headup, Beep Japan Inc."
1123,(None)
1124,"Virtual Desktop, Inc."
1125,"Cyberstep, Inc."
1126,Noble Master Llc
1127,Dimension 32 Entertainment
1128,"3D Realms, Knights Peak, Saber Interactive"
1129,"United Nations, Putin The Best, Ukrainian Bears"
1130,"Gamedev.Ist, Gamersky Games, Lucid11 Interactive"
1131,Black Pants Studio
1132,Yoogame
1133,"Abama Entertainment, Gosdev Production"
1134,Aspyr
1135,Vector3 Studio
1136,Night School Studio
1137,Assemble Entertainment
1138,Level Up Labs
1139,"Atari, Nightdive Studios"
1140,Digital Cybercherries
1141,"Neosonyx Co., Ltd."
1142,4 I Lab
1143,Minmax Games Ltd.
1144,Diminished Studios
1145,Mastfire Studios Pty Ltd
1146,Born Ready Games
1147,Everguild Ltd.
1148,Hidechara
1149,Dreambyte Games
1150,Earthshine
1151,Iceberg Interactive
1152,Cherry Pop Games
1153,Sunny Side Up
1154,Elyland  Investment Company Ltd
1155,Big Fat Alien
1156,Sdenternet
1157,Movingblocks
1158,Camex Games
1159,Aip
1160,34Bigthings Srl
1161,Carpe Fulgur Llc
1162,Tabletopia
1163,Abyss Lights Studio Llp
1164,Awe Interactive
1165,Adamvision Studios
1166,Line Games Corporation
1167,For-Games Cr Ltd
1168,Nikita Igorevich Studio
1169,Azimuth Team
1170,Eggcode
1171,Team Reptile
1172,Inflexion Games
1173,Jogara Ltd
1174,Polyarc
1175,Corvostudio Di Amadei Marco
1176,"Capcom Co., Ltd"
1177,Tate Multimedia
1178,Holotech Studios Inc.
1179,Wanadevstudio
1180,Solirax
1181,Kodansha
1182,"Masthead Studios Ltd, Thegamewallstudios, Gamigo Ag"
1183,"Idea Factory International, Inc., Idea Factory Co., Ltd."
1184,"Disney, Lucasfilm, Lucasarts"
1185,"Bigbox Vr, Inc."
1186,Chongming Studio
1187,Doctor Shinobi
1188,Rittzler
1189,"Blue Brain Games, Zadbox Entertainment"
1190,Blameless Games
1191,Toxic Games
1192,Final Form Games
1193,Playflock
1194,Agc
1195,Fireshine Games
1196,Desktop Daydreams Studios
1197,"Bloober Team Sa, Na Publishing Inc."
1198,"Playway S.A., Rejected Games"
1199,Madout Games
1200,"Capcom U.S.A., Inc."
1201,"Red Nexus Games Inc., Indieark"
1202,"Chucklefish, Xd"
1203,Hunted Cow Games
1204,Huya Games
1205,Kovaak Games
1206,Code Club Ab
1207,Simbin
1208,"Jackbox Games, Inc."
1209,Best Kirin Global Limited
1210,Laumania Aps
1211,Coldgames
1212,Fenix Fire Entertainment
1213,"Npc Entertainment, Blackrobe"
1214,Catobyte Ltd
1215,Digital Fusion Inc.
1216,Pablo Leban
1217,3D Realms
1218,Ac Games
1219,Mercury Steam Entertainment S.L.
1220,"Flazm, Meta Publishing"
1221,"Iracing.Com Motorsport Simulations, Iracing"
1222,Shayride Studios
1223,Manic Mice
1224,"Basically Games, Llc"
1225,Funyoo Games
1226,Code}{Atch
1227,Riot Forge
1228,Boom Team
1229,Double Fine Productions
1230,"Squanch Games, Inc."
1231,Eq Studios
1232,Thorium
1233,Dan  Walters
1234,The Elephant Crew
1235,Comongames
1236,Infernum Productions Ag
1237,"Hong Kong Spark Software Technology Co., Limited"
1238,10Tons Ltd
1239,"Team17, Clever Plays"
1240,E-Line Media
1241,"Electronic Arts, Aspyr (Mac)"
1242,"Team17, Next Studios"
1243,Pixelatto
1244,Samurai Punk
1245,"Gamirror Games, 奇门互娱"
1246,"Grabthegames, Whispergames, Thegamesfortress"
1247,Terrible Toybox
1248,Dead Turtle
1249,Reverb Publishing
1250,Pixeye Games
1251,Pqube
1252,Angela He
1253,Nikita Kryukov
1254,"Bitmonster, Inc."
1255,Nanoo
1256,Conglomerate 5
1257,Bad Vices Games
1258,Imperium Interactive Entertainment
1259,Illusion Ray
1260,Sos Sosowski
1261,Ice Water Games
1262,Puny Human
1263,"Placeholder Gameworks, Hawthorn Games"
1264,Brown Studios
1265,"34Bigthings Srl, Digital Tribe"
1266,Dancing Dragon Games
1267,Black Lantern Collective
1268,Soccer Manager Ltd
1269,Nomad Assembly
1270,Misc Games
1271,Zero Point Software
1272,"Funbox Media Ltd, Gs2 Games Inc"
1273,Eternity Studios
1274,Simon Blasen
1275,Svavelstickan
1276,Step 1 Games Llc
1277,Studio 397
1278,Battlegoat Studios
1279,Bingobell
1280,Onskull Games
1281,"苦柚Games, Bu Yi Ltd."
1282,Ztek Studio
1283,Kloonigames
1284,Eduard Kozadaev
1285,"Zloy Krot Studio, Firstgamedev"
1286,Treeform
1287,Tribute Games Inc.
1288,Electrovore
1289,Funbox Media Ltd
1290,Inferna Ug (Haftungsbeschränkt)
1291,Keyue Game Studio
1292,Darkbasicsoftwarelimited
1293,Gb Patch Games
1294,滑稽工作室
1295,"Nightdive Studios, Atari"
1296,Sc Jogos
1297,Alda Games
1298,Z4
1299,"Wfs, Inc."
1300,Crystal Shard
1301,Rake In Grass
1302,"Creoteam, Toplitz Productions"
1303,"Breaker Games, Kepler Ghost"
1304,Monkeys Lab.
1305,Illfonic Publishing
1306,Sixtygig Games
1307,"Slightly Mad Studios, Bandai Namco Entertainment"
1308,Hunter Studio
1309,Smile Tech
1310,"Fivefor Co., Ltd."
1311,Hippo Games
1312,Next Path Media
1313,Guru Games
1314,"Neat Corporation, Creature Label"
1315,Mister Morris Games
1316,Gun Interactive
1317,Systemic Reaction™
1318,Infomediji D.O.O.
1319,Headup
1320,托更的修罗
1321,"Tobspr Games, Doyoyo Games"
1322,Aleksandr Golovkin
1323,Lwna
1324,Trampolinetales
1325,Positech Games
1326,Носков Сергей
1327,Stellar Jockeys
1328,Parallel Space Inc
1329,Level5 Inc.
1330,Superboss Games
1331,Paul Schneider
1332,Pis Games
1333,"Foreign Gnomes, Surefire.Games"
1334,"Gaslamp Games, Inc."
1335,"Paradox Interactive, Bandai Namco"
1336,Gdt Limited
1337,Somnium Space Ltd.
1338,Genemesicx
1339,Vitali Kirpu
1340,Riverside Sports
1341,Abstractart
1342,Cheesecake Dev
1343,United Label
1344,Kerberos Productions
1345,Untitled Studio
1346,Skywall Studios Llc
1347,My Little Planet Ltd
1348,Fox Dawn
1349,Powerhoof
1350,Pt.Farm Inc.
1351,"Bone Nail, Shochiku (Japan)"
1352,Exor Studios
1353,Revolution Software Ltd
1354,Oxymoron Games
1355,Chris Hecker
1356,Bugbyte Ltd.
1357,"2Pt Interactive, Team17"
1358,Team Horay
1359,No Stuck Game Studio
1360,Lillebror
1361,Alientrap
1362,Kissoft
1363,Entrada Interactive Llc
1364,Envision Entertainment
1365,Bloober Team
1366,Dandylion
1367,"Oddworld Inhabitants, Inc."
1368,Varagtp
1369,"Walkabout, L.Inc"
1370,Anpa.Us
1371,Qooland Games
1372,Eduweb
1373,"Dear Villagers, Doyoyo Games"
1374,Konfa Games
1375,Snapshot Games Inc.
1376,Freezenova
1377,Brilliant Skies Ltd.
1378,Euphoric Brothers
1379,"香港商河洛互動娛樂股份有限公司, 方块游戏"
1380,Red Axe Games
1381,Youzu (Singapore) Pte. Ltd.
1382,Arcen Games
1383,Two Tribes Publishing
1384,Infinite Dreams
1385,Exo Games
1386,"Slormite Studios, Abiding Bridge"
1387,Rocketcat Games
1388,Beautiful Glitch
1389,Ginormocorp Incorporated
1390,Black Eye Games
1391,"Tobspr Games, Gamirror Games"
1392,Bigmode
1393,Lvgamedev Llc
1394,"Aether Studios, Offbrand Games"
1395,Orius Games
1396,Dsgame
1397,Hidden Folks
1398,Tilting Point
1399,Catnip Games
1400,Cloudhead Games Ltd.
1401,Mana Potion Studios
1402,"New Blood Interactive, Hyperstrange"
1403,Scriptgames
1404,Displacement Studios
1405,Gameforge 4D Gmbh‬
1406,Jackto Studios
1407,"Ir Studio, Firstgamedev"
1408,Sunseeker Games
1409,Fire Sword Studios
1410,Blue Manchu
1411,Tasharen Entertainment Inc.
1412,Purple Jam Ltd
1413,The Whale Husband
1414,Blue Isle Publishing
1415,Apogee Entertainment
1416,Pixel Ferrets
1417,The Quantum Astrophysicists Guild
1418,Frozen District
1419,Javelin Oü
1420,Gotcha Gotcha Games
1421,"Stray Fawn Publishing, Whispergames"
1422,Noxfall Studios
1423,Thinkingstars
1424,Pyramid Games S.A.
1425,Circle 5 Publishing
1426,Lan - Games Ltd
1427,Limsod Games
1428,The Archotek Project Team
1429,Kranx Productions
1430,Night Signal Entertainment
1431,Orqa
1432,Sorath
1433,Gradient Studios
1434,Basaltic Studio
1435,Asteristic Game Studio
1436,2 Left Thumbs
1437,Original Fire Games
1438,Beetlewing
1439,Door 407
1440,Blue Brain Games
1441,Shugasu Gmbh
1442,Moonlit Works
1443,"Phew Phew Games, Gamedev.Ist"
1444,Nimble Giant Entertainment
1445,Corroding Games
1446,"Sneaky Yak Studio, Whispergames"
1447,Panic Art Studios
1448,Dried Lemons
1449,"Rocketpunch Games, Lightning Games"
1450,Pun Intended
1451,Nezon Production
1452,Prime Matter
1453,Mehsoft
1454,Terror Dog Studio
1455,Rucsgames
1456,Elecorn
1457,Remimory
1458,Dorado Games
1459,"Duality Games, Playway S.A., Heartbeat Games"
1460,Piece Of Voxel
1461,Cardboard Computer
1462,Jolly Roger Game
1463,Cats Who Play
1464,Estsoft Inc.
1465,The Stars Group Inc.
1466,"Pqube, Vewo Interactive Inc."
1467,"Capcom U.S.A, Inc."
1468,Bitcomposer Games
1469,Disstream
1470,Dreadxp
1471,"Laser Guided Games, Llc"
1472,Blazing Griffin Ltd.
1473,Xfairx
1474,Cakeeatergames
1475,Fun Games For Free
1476,Silver Lining Interactive
1477,重楼工作室
1478,"Crazydiamond Co., Ltd."
1479,Eden Industries
1480,"Nanos Gbr, Square Enix"
1481,My Way Games
1482,Frogmind
1483,Double Coconut
1484,Hanako Games
1485,Ilmxlab
1486,Xiexe
1487,Punkcake Delicieux
1488,Tinogames Inc.
1489,Aniplex.Exe
1490,R-Age
1491,William Chyr Studio
1492,"海南西山居互动娱乐科技有限公司, Gamirror Games"
1493,Minovate Hong Kong Limited
1494,Sbn3
1495,Volcanoid
1496,Yetu Game
1497,Rocket Bear Games
1498,Yogscast Games
1499,Spasman Games
1500,Eat Create Sleep
1501,Supervillain Studios
1502,"Balor Games, Maple Whispering Limited"
1503,Studiogoupil
1504,"Ocean Drive Studio, Inc."
1505,Bisbog Sa
1506,Tpp Studio
1507,Alpha Blend Interactive
1508,Batterystaple Games
1509,Shiny Shoe
1510,Wandering Wizard
1511,Blazing Bit Games
1512,"Pqube, Sonnori Corp"
1513,Lightning Games
1514,Cuddle Code
1515,Llc Rikor Imt
1516,Burst2Flame Entertainment
1517,Kfc
1518,Duion
1519,小团团工作室
1520,Dylan Fitterer
1521,1336 Studios
1522,Kpl
1523,Sunset Sugar Studios
1524,"Team17, Gleamer Studio"
1525,Galaxy Shark Studios
1526,Freakinware Limited
1527,"Baked Games, Playway S.A."
1528,Real Dynamics
1529,Xdevs Ltd
1530,Andrew Willman
1531,Motorsport Games
1532,Panoramik Inc
1533,Seithcg
1534,Desert Owl Games Llc
1535,Ripstone
1536,Thomas Bowker
1537,Undead Battery
1538,Diggergames
1539,Dead Thread Games
1540,Ustwo Games
1541,Space Slug Studios
1542,"Xseed Games, Marvelous Usa, Inc., Marvelous"
1543,Wankil Studio
1544,"Pathea Games, Pm Studios, Inc."
1545,Kazakov Oleg
1546,Alt Shift
1547,The Sleeping Machine
1548,Idea Fruition
1549,Albert Espín
1550,Synthetic Domain
1551,Crass Infotech
1552,Pugscape
1553,Ace Team
1554,Erik Asmussen
1555,Horn Of The Sea
1556,Blind Sky Studios
1557,Antanas Marcelionis
1558,Bermuda Computer Club
1559,Metanet Software Inc.
1560,"Red Duck, Inc."
1561,Konsordo
1562,Slid Studio
1563,Light Up Games
1564,Drift Physics Crew
1565,Necrophone Games
1566,Fire Source Studio
1567,Quiet River
1568,"Blendo Games, Klei Publishing"
1569,Really Skinny Nerd
1570,Avocavo
1571,Aleksei Abramenko
1572,Minor Key Games
1573,Mainframe Industries
1574,Don'T Nod
1575,Interdimensional Games Inc
1576,Osarion
1577,Andrew Rowe
1578,Sauropod Studio
1579,The Brotherhood
1580,Cateia Games
1581,Striped Panda Studios
1582,Nostalgames
1583,Pipliz
1584,"Idea Factory, Idea Factory International"
1585,"Grabthegames, Gamirror Games, Upgradepoint"
1586,Funbang
1587,Gamersky Games
1588,Snaggletooth Studios
1589,Bolt Blaster Games
1590,Edgestudios
1591,Radian Simulations Llc
1592,Gamigo Ag
1593,Mafi Games
1594,Walnut Llc
1595,"Dejobaan Games, Llc"
1596,Gratesca
1597,"Dreampunks, Wolffware"
1598,Hemisphere Games
1599,Spacelight Studio
1600,Digerati
1601,Micah Boursier
1602,"Badfly Interactive, A.S."
1603,Nuke Nine
1604,"Glassescatgames, Indienova"
1605,Animu Game
1606,Toge Productions
1607,Dungeon Master
1608,Deep Type Games
1609,Trickjump Games Ltd
1610,Hinyari9
1611,"Nanjing Qiangjun Network Co., Ltd."
1612,Awaken Realms
1613,"Bioware, Electronic Arts"
1614,02Games
1615,"Flanne, Erabit"
1616,Pixel Federation
1617,Joycity
1618,Gamexp.Com
1619,Wales Interactive
1620,Sirhaian
1621,"Retrovibe, Gaming Company"
1622,Stitch Heads Entertainment
1623,Axyos Games
1624,Walter Machado
1625,Gamatron Ab
1626,"Hooded Horse, Sidekick Publishing"
1627,Pumpkim
1628,Big Finish Games
1629,Ltg
1630,Astro Hound
1631,Sfb Games
1632,Du&I
1633,Digital Happiness
1634,"Hooded Horse, Mimimi Games"
1635,Vercidium
1636,Subagames
1637,Caiysware
1638,Dominique Grieshofer
1639,Interplay
1640,Hike Inc.
1641,Dream.Machine
1642,Forwardxp
1643,Perun Creative
1644,By Aliens L.L.C-Fz
1645,Unigine Corp.
1646,Verona Interactive
1647,Bearbonestudio
1648,Cassel Games
1649,"Team9, Indienova"
1650,Mojang
1651,Rewindapp
1652,Skunkape Games
1653,Drinkbox Studios
1654,Do Games Limited
1655,Cat Play Studio
1656,Broken Rules
1657,Auroch Digital
1658,David Stark
1659,Duoduodog
1660,Wizards Of The Coast
1661,Unfold Games
1662,Frinky
1663,元气工作室
1664,Ripple Studio
1665,"Playdek, Inc."
1666,"Aurumdust, Whispergames"
1667,Psychronic Games
1668,Strange Matter Studios
1669,Nanningsgames
1670,Usc Games
1671,Kishmish Games
1672,Double Eleven
1673,Overgroup
1674,冷笑黑妖
1675,Egames.Com
1676,101Xp
1677,(Myco)
1678,Santa Goat
1679,Levelhead
1680,Pixel By Pixel Studios Inc.
1681,Midnight Gaming Studio
1682,Bg Productions
1683,"Motion Twin, Kepler Ghost"
1684,Bkom Studios
1685,L. Stotch
1686,Baggy Cat Ltd.
1687,Eyebrow Interactive
1688,"Gravity Interactive, Inc."
1689,Stygian Software
1690,2 Zombie Games
1691,"Mind Control Software, Monkey Jump Games"
1692,Taks
1693,Star Drifters
1694,Shifty Chair Games
1695,Schell Games
1696,Bitbox Ltd.
1697,Wired Productions
1698,Forthright Indie Games Division
1699,Asteroid Base
1700,Klabater
1701,Takk
1702,Dream Within
1703,Blackpowder Games
1704,"Omegames Studio, Npc Entertainment"
1705,Application Systems Heidelberg
1706,Over The Top Games
1707,Making Port
1708,Hamish Dunn
1709,Wastebasket Games
1710,Misfits Attic
1711,P3 Games
1712,"Pinix, Indieark"
1713,"Handygames, Black Forest Games"
1714,白玉京工作室
1715,Last Bastion Studios Llc
1716,Coyote Time Publishing
1717,"Gfx47, Whispergames"
1718,Darxdev
1719,Southpeak Games
1720,Spytihněv
1721,Black Lime Studio
1722,Mannequin Games Llc
1723,"Broken Bunny Studios, Inc"
1724,Lamina Studios
1725,Flying Robot Studios
1726,Gamesboosters
1727,"Sons Of Welder, Fm Simple Games Studio"
1728,Tb Games
1729,Acke Hallgren
1730,Roope Tamminen
1731,Winch Gate Property Limited
1732,Night Node
1733,Crytivo
1734,Dark Energy Digital Ltd.
1735,Jiw-Games
1736,Survios
1737,"Codeusa, Viorae"
1738,Exosyphen Studios
1739,Mi'Pu'Mi Games Gmbh
1740,Joy Way
1741,Marvelous
1742,Shadow Games
1743,"Genki Co., Ltd."
1744,Game-Labs
1745,Laura Shigihara
1746,Pocketwatch Games
1747,Crunchy Leaf Games
1748,Maximum Entertainment
1749,Handygames
1750,Last Boss 88
1751,Hitcents
1752,Matt Roszak
1753,Artifice Studio
1754,Grabthegames
1755,Xreal Games
1756,Stoic
1757,22Cans Ltd.
1758,The Fool'S Studio
1759,"Dumativa, Criticalleap"
1760,Ce-Asia
1761,Papaya Play
1762,Sad Doge
1763,Aslan Game Studio
1764,Sirlin Games
1765,Immanitas Entertainment Gmbh
1766,No Moon
1767,Ben Reber
1768,Tann
1769,Heartbeat Plus
1770,Troyholman
1771,Victura
1772,Somi
1773,The Fox Knocks
1774,Tfl Games
1775,Stray Fawn Publishing
1776,Diatomic Studios
1777,Rex Pex Games
1778,"Xseed Games, Marvelous Usa, Inc., Marvelous Europe"
1779,Mino_Dev
1780,Maxestla
1781,Mighty Games
1782,Deng Wenqing
1783,Terrible Posture Games
1784,Sadsquare Studio
1785,Polybit_Game
1786,Red Six Publishing
1787,Double Dagger Studio
1788,"Turbolento Publishing, Team17"
1789,"Wildtangent, Gamigo Group"
1790,"Anteater Games, Bindlebot"
1791,"Hibernian Workshop, Mp2 Games"
1792,Stuck In Attic
1793,Atlus Usa
1794,"Vblank Entertainment, Inc."
1795,9Heads Game Studios
1796,Burak Dabak
1797,"Trilum Studios, Rspca"
1798,Combat Waffle Studios
1799,Pathea Games
1800,Excalibur Publishing
1801,Game Mechanics Llc
1802,"Giant Form Entertainment, Llc"
1803,Akella
1804,Neko Climax Studios
1805,"Screeps, Llc"
1806,David Szymanski
1807,Progames Studio
1808,Spacefarer R&D Ltd.
1809,瓦尔基里游戏
1810,Shaikonina Games
1811,Wave Game
1812,Hopoo Games
1813,Twerk Games®
1814,Lightspeed Studios™
1815,Marmalade Game Studio Ltd
1816,Unique Games
1817,Glass Heart Games
1818,R-Age Llc
1819,Bytebin
1820,Saibot Studios
1821,White Star Studio
1822,蒸汽满满工作室
1823,Jordy Lakiere
1824,Ninth Exodus
1825,Imagine Games
1826,United Independent Entertainment
1827,Epic Games
1828,"Mammorize, Flawless Gaming, Erabit"
1829,Tenstack
1830,Jarbit
1831,Vae Victis Games
1832,Elias Steurer (Kelteseth) Tachiom
1833,Snakebite Studios
1834,Mad Head Games
1835,Nikigames
1836,"Artix Entertainment, Llc"
1837,Utopian World Of Sandwiches
1838,Dark Day Interactive
1839,"Ce-Asia, 505 Games"
1840,Kodots Games
1841,"Cyan, Inc."
1842,"Indie.Io, Maple Whispering Limited"
1843,Bbstudio Inc.
1844,Viking Game Studio
1845,A Game From Low Polystan
1846,Crazy Viking Studios
1847,Puppygames
1848,Schine Gmbh
1849,Knuckle Cracker
1850,Fiftyeight Studios
1851,Mihai Morosanu
1852,Indie Voyage
1853,"Talesshop Co., Ltd., Smilegate"
1854,Corradi Games
1855,Ravenage Games
1856,David Schneider
1857,Cornfox & Brothers Ltd.
1858,Mash Games
1859,Turnvex
1860,Urnique Studio
1861,Luminite
1862,Jackal_Dev_Test
1863,Farsky Interactive
1864,Like Charlie
1865,Poly Games
1866,Kobsoft Kitti
1867,Madmind Studio
1868,Maciej Targoni
1869,Housemade Inc.
1870,"Gamersky Games, 2P Games"
1871,"Studio Klondike, Orange Juice Dog"
1872,The Secret Experiment
1873,3D Pixel Art Studio
1874,Wul Game Studio
1875,Erik Svedäng Ab
1876,Industry Games
1877,[2.21]
1878,Zov Game Studio
1879,Blowfish Studios
1880,Bumpkinbrothers
1881,"Hooded Horse, Ndemic Creations"
1882,"Six Foot, Grey Box"
1883,"Activision Value Publishing Inc., Imagecode"
1884,Indovers Studio
1885,Proton Studio
1886,Aexlab
1887,Spry Fox Llc
1888,Goonswarm Games
1889,Size Five Games
1890,Vagabond Dog
1891,Magic Pixel Kft.
1892,Sixteen Tons Entertainment
1893,Torcado
1894,Dip Online
1895,Stegalosaurus Game Development
1896,Vive Studios
1897,Haydee Interactive
1898,Samar Studio
1899,烟水寒工作室
1900,Iosoccer Team
1901,Samuka Gomes
1902,Caveman Studio
1903,"Little Flag Software, Llc"
1904,"Troy_En, Veil"
1905,Tigerish Games
1906,Eigomanga
1907,Sigono Inc.
1908,A.Y.Std
1909,"Outpost Games, Inc."
1910,Bros Before Giraffes
1911,Rarebyte
1912,Abyte Entertainment
1913,S.C. 16 Bit Nights S.R.L.
1914,Snail Games
1915,Rising Star Games
1916,Plug In Digital
1917,Novarama
1918,Superku
1919,Ionized Games
1920,Bernt Andreas Eide
1921,Seen Games
1922,Swan
1923,Khukhrovr
1924,"Grabthegames, Gamera Games, Upgradepoint"
1925,Hex Code Coven
1926,Vgstudio
1927,Second Maze
1928,Digx Studios
1929,Gamesharp
1930,Gamepulse 游戏脉冲
1931,The Quinnspiracy
1932,Cooky Cookie Production
1933,Jason Rohrer
1934,Charyb Games
1935,Merixgames
1936,Ed Del Castillo
1937,Good Vibration Games
1938,"Fulqrum Publishing, Prime Matter, 方块游戏 (China)"
1939,Doodad Games
1940,Xseed Games
1941,"Mi-Clos Studio, Whispergames, Fractale"
1942,Maulidan Games
1943,17-Bit
1944,Tiger Style
1945,Gaijin Entertainment Corporation
1946,Brave Little Studios
1947,Volga Studios
1948,"Whitethorn Games, Gamious"
1949,Triband
1950,"Garage Heathen, Indieark"
1951,1Mb
1952,Rabbiton
1953,Frogdice
1954,北京目标在线科技有限公司
1955,Aldorlea Games
1956,Aggro Crab
1957,Jgallant
1958,Aisten Lab
1959,Neognosis
1960,Hosted Games
1961,"Wise Wizard Games, Llc"
1962,Five-Bn Games
1963,"Athena Works, Sakuragame"
1964,Ballistic Interactive
1965,Wabbaboy
1966,Owlchemy Labs
1967,噪点游戏 Serica Games
1968,Engin Koyuncu
1969,Kuko
1970,Pikpok
1971,"Kaigan Games Oü, Soft Source"
1972,Piglion Games
1973,"Henteko Doujin, Sanuk Inc."
1974,Alice &Amp; Smith
1975,"Back To Basics Gaming, Alister Software"
1976,无人之境
1977,Temple Gates Games
1978,Joyspark Games
1979,Porcelain Fortress
1980,Coconut Island Games
1981,Stalkeralex.
1982,"Softstar Entertainment, Gamera Games"
1983,Victory Lap Games
1984,K Bros Games
1985,-
1986,Trapped Nerve Games
1987,Ant.Karlov Games
1988,Wallace Lovecraft
1989,Lostoneteam
1990,Dicesuki
1991,Endlessfluff Games
1992,Ipsilon Developments
1993,Vawraek Technology Inc.
1994,Valkyrie Initiative
1995,"拾英工作室,  Gamirror Games"
1996,"Frame Break, Coffee Stain Publishing"
1997,Bazooka Tango
1998,Angry Mob Games
1999,Toffee Cafe
2000,Gambrinous
2001,Pixeljam
2002,Scp: Escape Together Development Team
2003,Goblobin
2004,Con Artist Games
2005,Percepied
2006,The Battle Grounds Game Development Team
2007,Going Loud Studios
2008,Shumkov Dmitriy
2009,Low Magic Studios
2010,Claymatic Games
2011,"3D Aim Trainer, Steelseries"
2012,Robot Squid
2013,Iblackpen
2014,Threaks
2015,Im•Pro•Vision  Studio
2016,Microtaur
2017,Sluggerfly
2018,Nomnomnami
2019,Semaphore
2020,Business Goose Studios
2021,"Pentadimensional Games, Sl"
2022,Comfy Company
2023,"Wave Games, 木焱工作室, Cc_Games"
2024,Blinkworks Media
2025,"Bossa Studios, Infogrames"
2026,Hello There Games
2027,Stone Blade Entertainment
2028,Deep Root Interactive
2029,Superflat Games
2030,Binogure Studio
2031,Missing Link Games
2032,Alon Zubina
2033,Creature Cauldron
2034,Just Fishing Llc
2035,Gdnomad
2036,"Mana Potion Studios, Pingle Studio Ltd"
2037,Ateam Entertainment Inc.
2038,Permadeath
2039,Damian Kubiak
2040,Sneg
2041,Game Star
2042,Crunchy Games
2043,Rootpew
2044,"Scrap Yard Productions, Llc"
2045,"Ravenage Games, Sidekick Publishing"
2046,"Gaijin Games, Choice Provisions"
2047,Randomspin
2048,Halcyon Winds
2049,Refract
2050,Esdigital Games
2051,Three Flip Studios
2052,Adamgryu
2053,Wargaming.Net
2054,"Softstar Technology (Shanghai) Co., Ltd"
2055,Evil Bite
2056,Gdt
2057,Sebagamesdev
2058,Reactive Drop Team
2059,Dusenberry Martin Racing
2060,Indietopia Games
2061,Dyingcat
2062,Thankgame.Com
2063,Messy Desk Interactive
2064,Thetis Games And Simulators
2065,Dvloper
2066,Bananadev.
2067,Studio Amateur
2068,Giiku Games
2069,"Untold Tales, Hyperstrange, Gamersky Games"
2070,Mixtape Games Uk
2071,Uber Entertainment
2072,"Epopeia Games, Hammer95"
2073,Handmade Games
2074,Petroglyph
2075,Chowbie
2076,Zepetto Usa
2077,"Beijing Litchi Culture Media Co., Ltd."
2078,Pixowl Inc.
2079,Disney
2080,Oddonegames
2081,"Future Friends Games, Exbleative"
2082,Cylinder Studios
2083,Crematorium Of Time
2084,3Blackdot
2085,"Inti Creates Co., Ltd."
2086,Jandusoft
2087,Considera Core Llc
2088,Yuzhen
2089,Shangshi Studio
2090,Londer Software
2091,The Strangers
2092,Uncannykiwi Limited
2093,"Kira Llc, Critical Reflex"
2094,"Mad Dog Games, Llc"
2095,星辰重工Stellagames
2096,Haiku Games Co
2097,Sample Text Studio
2098,Holy Wow Studios Llc
2099,Flazm
2100,Lightbulb Crew
2101,"Thankcreate Studio, Whispergames"
2102,橙光游戏
2103,Tomas Novak
2104,Triangle Studios
2105,Bevmaxgames
2106,Brandtner
2107,Klei Publishing
2108,洪荒西行录项目组
2109,Mediator Software
2110,Rough Kuts
2111,Viv'S Final Day Off Ltd
2112,Junkfish Limited
2113,"Michael Pelletier, Ross Joseph Gardner"
2114,K.Kaiser'S Game Studio
2115,Buckethead Entertainment
2116,Myacg Studio
2117,High Horse Entertainment
2118,Muha Games
2119,Finish Line Games
2120,Faton
2121,Fivevolt Games
2122,"Live Motion Games, Playway S.A."
2123,"Hardsuit Labs, Inc."
2124,Flying Cafe For Semianimals
2125,Twisted Tree
2126,Gaddy Games
2127,Windybeard
2128,Cookiebyte Entertainment
2129,"Codemasters, Feral Interactive (Mac), Electronic Arts"
2130,乐子人
2131,Michaela Laws
2132,Pixelgreeds
2133,Rat Monthly
2134,Xinyuan Studio
2135,"Dead Smuta, Jeffreybez Trillion Dollar Records, Rusalka Unreal Labs"
2136,Sunlight Games
2137,Musa Candir
2138,"3D Realms, Fulqrum Publishing"
2139,Patates Games
2140,Wanin Games
2141,Yak & Co
2142,Mobilebits
2143,Screen 7
2144,Overhead Games
2145,"United Label, Ci Games"
2146,Stevenharmongames
2147,Zulubo Productions
2148,Koga Tech Limited
2149,Hoochoo Game Studios
2150,"Space Wedgie, Llc"
2151,Studio Gpbeta
2152,Senpai Studios
2153,Far From Home
2154,Asicxart
2155,Spider Nest Games
2156,Wss Playground
2157,Skookum Arts
2158,Aquiris
2159,The Wall Productions Inc.
2160,Ice-Pick Lodge
2161,North Beach Games
2162,Retrovibe
2163,Dohi Sweden Ab
2164,"S2 Games, Llc"
2165,East Side Games
2166,中三之家
2167,Joshua Krauchi
2168,Qcf Design
2169,Mooncube Games
2170,National Westminster Bank Plc
2171,Element Studios
2172,Room710Games
2173,Retro Yeti Games
2174,Uglycat Studios
2175,Awesomeblade
2176,Thylacine Studios Llc
2177,Vdimension
2178,Next Studios
2179,Ambiera E.U.
2180,Wallflower Games
2181,Rising Dragon Studio
2182,Azur Games
2183,Herocraft Pc
2184,Over The Moon
2185,"Ravenage Games, 2P Games"
2186,Poorly Drawn Squid
2187,Illwinter Game Design
2188,Jan Zelený
2189,"Topware Interactive Ace, Ace"
2190,Minimol Games
2191,Tayanna Studios
2192,Half Asleep
2193,Indiepub
2194,"Mixed Realms Pte Ltd, Spiral Up Games"
2195,Clickteam
2196,Kelesoft Avoin Yhtiö
2197,Kindred Games
2198,Notdead
2199,Zackbellgames
2200,Yooreka Studio
2201,Mor Museum Inc.
2202,"Formirai Co., Ltd."
2203,Drool
2204,Flagship Interactive
2205,Super Spin Digital
2206,Juvty Worlds
2207,Icetesy
2208,Chequered Ink Ltd.
2209,Mythologic Interactive
2210,"Ocelot Society, Tohu Bohu Games"
2211,Crouch Jump Interactive
2212,Wadjet Eye Games
2213,Uppercut Games Pty Ltd
2214,Smudged Cat Games Ltd
2215,Indiecn
2216,Thomas Happ Games Llc
2217,"Toge Productions, Cube Game"
2218,Trendy Entertainment
2219,"Fireplace Games, Kepler Ghost"
2220,Teamnova
2221,Blind Mind Studios
2222,Bad Button Studio
2223,Andy Law
2224,Gloac
2225,Grindstone
2226,Everglow Interactive Inc.
2227,Experiment One
2228,Periscope Game
2229,Noth
2230,Geoff Keighley
2231,Campfire Studio
2232,Nikola Todorovic
2233,Bad Pixel
2234,Mogdogblog Productions
2235,Axc Games
2236,"Doot Tiny Games, Wholesome Games Presents"
2237,万象皆春
2238,Reverb Triple Xp
2239,Scary Bee Llc
2240,Io Games
2241,"Neonovice Co., Ltd."
2242,Smilegate West
2243,"Running With Scissors, Hyperstrange"
2244,Yevhen8
2245,Gaugepunk Games
2246,Subete
2247,Fantasy Flight Games
2248,Tomkorp Computer Solutions Inc.
2249,"Hypetrain Digital, Stunforge"
2250,Meta Publishing
2251,Lego® Games
2252,Fate Dragon Studio
2253,Desert Interactive
2254,Nick Kestle
2255,R2Games
2256,Vortex Games
2257,Event Horizon
2258,Loiste Interactive
2259,Jenny Bee Presents
2260,"Lucasarts, Lucasfim, Disney"
2261,Team Forbidden
2262,Brace Yourself Games
2263,Witch Beam
2264,Ludochip
2265,Cwpgames
2266,Saygames
2267,U&Amp;I
2268,Twice Circled
2269,Team Sneed
2270,Coconut Shavers
2271,"Evilcharm Games, Aleksandr Golovkin"
2272,Unknown Softwares Lab
2273,Mismatch Studio
2274,可布和常常诶
2275,"Deck13, Whispergames"
2276,Kira
2277,Ironzog
2278,Rocket Panda Games
2279,Bouncyrock Entertainment
2280,0Cube
2281,Astrum Lab
2282,Flying Helmet Games
2283,Durven Studios
2284,亿米米游戏Yimi Game
2285,Spry Fox
2286,Patrick Simeon
2287,Jigsaw Unravel
2288,"Penny Arcade, Inc."
2289,Dymchick1
2290,Blueflower
2291,Rivernotch Game Studio
2292,Perfect Day Studio
2293,Save All Studio
2294,Nimble Neuron
2295,Bossa Studios
2296,Nikk F.
2297,Rayll Studios
2298,"Happy Volcano, Xd"
2299,Sierra
2300,Old Games
2301,"Mlmedia, Radical Theory, Shine Group"
2302,Embers
2303,Skystone Games
2304,"Games Incubator, Playway S.A."
2305,"Beijing Litchi Culture Media Co., Ltd., Gamera Game"
2306,Cge Digital
2307,"K-Critical, Infinite Monkeys Entertainment Ltd."
2308,Baba Yaga Games
2309,"Jast, Kagura Games (Chinese Localization)"
2310,Sparkypants Studios Llc
2311,"Goblinz Publishing, Gamirror Games"
2312,N2Jg
2313,Shattered Pixel
2314,Heybox Games
2315,Dig Games
2316,"Metaroot, Timon Herzog"
2317,Rogue Snail
2318,David Wehle
2319,J4D3D Llc
2320,Menic Games
2321,Prophecy Games
2322,Copybugpaste
2323,Spookulele Games
2324,Phoenix Online Publishing
2325,Light Bringer Games Inc.
2326,Magix Software Gmbh
2327,"Hublots, Mirai Works"
2328,"What Pumpkin Games, Inc."
2329,State Of Play
2330,Matthew Brown
2331,"Far Few Giants, 10Mg"
2332,Naiadgames
2333,Mad Studio
2334,Whitethorn Games
2335,Digitalez
2336,Suncrash
2337,Cerberus Nz
2338,Droqen
2339,Joystick Ventures
2340,Samurai Games
2341,Open Mid Interactive
2342,Yfc Games
2343,Anotherindie
2344,Oddshot Games
2345,Pavo Studio
2346,"Cyan Worlds, Inc."
2347,Squareanon
2348,Rojekti
2349,Liuguowang
2350,Catnip
2351,"Sastrei Studios, Llc"
2352,Invader Studios
2353,Studio Monolith
2354,David Addis
2355,Pingfang Games
2356,Chillyroom
2357,Encircle Games
2358,Playrise Digital Ltd.
2359,Pontypants
2360,Joybits Ltd.
2361,Cleverweek
2362,Hex Entertainment
2363,Endless Loop Studios
2364,Gcores Publishing
2365,Ckolmos Narrative.
2366,Xyak-Xyak
2367,Top Meadow
2368,Visai Games
2369,Weed Games
2370,Just Purkey Games
2371,"Free Wing, Npc Entertainment"
2372,Shoot Girl
2373,Betagames Group
2374,Ragequit Corporation
2375,Ellinia Games
2376,Terletski Games
2377,Lighton Game
2378,"Deck13, Smilegate, Gamersky Games"
2379,Topware Interactive Ace
2380,Liv Inc
2381,Game Developer X
2382,Vanguard Entertainment Group
2383,Obsessionsoft
2384,Ipacs
2385,Atomic Kraken
2386,Sugarcane Games
2387,Shorebound Studios
2388,"Live Motion Games, Frozen Way, Playway S.A., Frozen District"
2389,"Gaming Factory, Ultimate Games S.A."
2390,Wayforward
2391,Team Sorcerobe
2392,Graffiti Games
2393,Adult Swim Games
2394,Lucky Pikinini
2395,"Future Friends Games, Studioinkyfox"
2396,Gallocus
2397,Ysbryd Games
2398,No Ceiling Games
2399,Omniconnection
2400,Sp Games
2401,Rhinotales
2402,Sad Socket
2403,"Playway S.A., Sim Farm S.A."
2404,Diezelpower
2405,Shadowwolf Games
2406,The Wandering Band Llc
2407,Spooky House Studios Ug Haftungsbeschraenkt
2408,Geekspree
2409,狮子
2410,V Publishing
2411,1001 Studio
2412,Wise Games
2413,Dream Operator
2414,"Akupara Games, Akatsuki Taiwan Inc."
2415,Xdesktopsoft
2416,Malser Llc
2417,"Soulgame Studio, Indieark"
2418,"Altspacevr, Inc."
2419,Chorus Worldwide Games
2420,"Lovely Games Hentai Club, Lovely Games"
2421,Green Door Labs
2422,Aixlab
2423,Increpare Games
2424,Q-Games Ltd.
2425,Net Games Distribution Ltd
2426,Lucas Cavataio
2427,Sharkbird
2428,Siactro
2429,零创游戏(Zerocreationgame)
2430,"Secret 6, Llc"
2431,"Different Tales, Pretty Soon"
2432,Inverse Game
2433,"Bifrost Entertainment, Dangen Entertainment, Gamirror Games, Intragames Co., Ltd."
2434,Crisis Cleaver
2435,Andy Makes
2436,"Emre Erensoy, Bonbonstudio"
2437,致意
2438,Red Dwarf Games
2439,"Goblinz Publishing, H2 Interactive Co., Ltd."
2440,Tony Chan
2441,Kl Games
2442,"Atari, Rcto Productions"
2443,Demolidor Studio
2444,Big Fan Games
2445,Yin Games
2446,Whatboy Games
2447,"Midnight City, Majesco Entertainment"
2448,Black Tabby Games
2449,Fyre Games
2450,Biart Company Llc
2451,Kyle Pulver
2452,Iron Tower Studio
2453,Sandstorm Studios Inc.
2454,Nextninja
2455,Flamebait Games
2456,"Honor Code, Inc."
2457,Pie On A Plate Productions
2458,Stratecade Llc
2459,Mason Lindroth
2460,"Perfect.Golf, Inc."
2461,"Untold Tales, Couchplay Interactive"
2462,Mirillis
2463,Nezos Games
2464,Games In Flames
2465,Mind Body Aware Games Llc
2466,Popcannibal
2467,Mangagamer
2468,"Alberto Herrera, Ziel Graywords, Stw Projects"
2469,"Wevr, Inc."
2470,天津芸芸科技有限公司
2471,Gupa Games
2472,Cipher Prime Studios
2473,Prideful Sloth
2474,Campus Adn
2475,Improx Games
2476,"Stray Fawn Publishing, Sidekick Publishing"
2477,Ostrich Banditos
2478,Rayark International Limited
2479,Bravewolf
2480,Gaijin Games
2481,Holo Indie
2482,Cimugames
2483,"Atari, Aspyr (Mac)"
2484,"Bytesize, Kinda Brave"
2485,Suzuki Suzuzou
2486,Unlimited Fries
2487,Demibug
2488,Ioa Games
2489,Netflix
2490,Simple Blue
2491,Mighty Rocket Studio
2492,Digital Tribe
2493,B4T Games
2494,Etter Studio
2495,Notorious Studios
2496,Flashfire Media
2497,Inkle Ltd
2498,Pelican Party Studios
2499,Wolf Game
2500,Upjers
2501,Restory Studio
2502,"Something We Made, Popagenda"
2503,Mega Cat Studios
2504,"Hotchpotch K.K., 346Lab Localization"
2505,Gearbox Publishing
2506,Interaction Studios
2507,Crocodile And Cactus
2508,"Dotemu, Gamirror Games"
2509,N3V Games
2510,Y.Kageyama
2511,Vidas Salavejus
2512,Carlsen Games
2513,Ayacat Games
2514,"Alvios, Inc., Bad Habit Productions"
2515,Robot
2516,Roastery Games
2517,Smu Guildhall
2518,Andrew Simon Thomas Llc
2519,Super Rare Originals
2520,Pixelsplit
2521,Mobigrow
2522,O.L. Software
2523,Black Flag Studios
2524,Dan Walters
2525,Clauzen Entertainment
2526,Centillion Games
2527,Stormbound B.V.
2528,"Hook Games, Grabthegames"
2529,New80Sgamestudio
2530,Cr3 Studio
2531,Clarus Victoria
2532,Ediogames
2533,Peanut Button
2534,Kafi
2535,Silentfuture
2536,Adobe
2537,Drago Entertainment
2538,Andrewdrumov
2539,Cobra Mobile
2540,Signal Studios
2541,Zero Gravity
2542,Aniplex Inc.
2543,Lightsoutgames
2544,Chainwave Games
2545,Jorgen Games Ltd
2546,Cogware Games
2547,Teotl Studios
2548,Active Fungus Studios
2549,"Monumental, Llc"
2550,Team Curiosity ✦
2551,Archor Games
2552,Robert Yang
2553,Flipline Studios
2554,Ludosity
2555,"Bloober Team Sa, Na Publishing"
2556,Excellent Rectangle
2557,Urban Wolf Games Inc.
2558,Кико
2559,Blender Games
2560,I-Illusions
2561,刨冰团工作室
2562,Rogueside
2563,Saman Bemel-Benrud
2564,Mastiff
2565,Twisted Corridor
2566,Foampunch
2567,Chronic Logic
2568,Humanature Studios
2569,Terapoly
2570,榭季生
2571,Qmx Interactive
2572,Cinemax Games
2573,James Sager
2574,Karat Studios
2575,Lei
2576,Battlecruiser Games
2577,R2 Gamestudio
2578,"Null State Protocol, Gamersky Games"
2579,Alawar Casual
2580,Dut Studio
2581,Underdone Gaming
2582,Madison Karrh
2583,Dotbunny
2584,Capcom Co. Ltd
2585,Evil Twin Artworks
2586,Sbsoftlab
2587,Girlgames
2588,Neko Game
2589,The Men Who Wear Many Hats
2590,Indie Game Foundry
2591,Wenkly Studio Sp. Z O.O.
2592,Indomitus Games
2593,Lonely Troops
2594,Longyou Tech Ltd
2595,Jetdogs Studios
2596,Astronomic Games
2597,Bad Viking
2598,So Far So Good
2599,Softcowgames
2600,Hellscape Games
2601,Ganz
2602,Cloak And Dagger Games
2603,Dreamsite Games
2604,Feperd Games
2605,Quadfix Games
2606,Modern Visual Arts Laboratory
2607,Taranasus
2608,Denis Galanin (Mif2000)
2609,Unexpected
2610,Angel And Demons
2611,Climax Group
2612,"Bit Blot, Llc"
2613,Nicholas Rizzo
2614,Pinaattikeitto
2615,"Ouadi Huard, Gamersky Games"
2616,Sinned Games
2617,Handelabra Games Inc.
2618,Jason Swisher
2619,Cbgames
2620,Project Tranquil
2621,"Massive Damage, Inc."
2622,Parta Games Oy
2623,"熊窝Dodox, Ruixiao"
2624,David Amador
2625,The Broken Horn
2626,心火游戏
2627,Meridian4
2628,"Bit Kid, Inc."
2629,Headhunters Games
2630,Lonedev
2631,Dylan White
2632,Political Games Llc
2633,"Kpl, Osprey Publishing"
2634,Anatoliy Loginovskikh
2635,Kurenaibook
2636,Shape Shop
2637,Nimbly Games
2638,T-Bull
2639,"Fat Bomb Studios, Llc"
2640,The Very Big Fish Games
2641,Soda Den
2642,Mgg Studio
2643,Acute Games
2644,Interactive Fate
2645,Sigonheart Games Llc
2646,Range10 Interactive
2647,5D6 Games
2648,Moolion
2649,Sir Bedlam Productions
2650,"Games Operators, Playway S.A."
2651,Mehan Games
2652,Dreamteam Mobile
2653,Sinclair Strange
2654,Kleskby
2655,Reverse Impact
2656,Flavourworks
2657,Francois Roussel
2658,Infininigon Games
2659,Eraytek
2660,Pineapple Works
2661,Hb Studios
2662,Omni Systems
2663,Laundry Bear Games
2664,Asteroid Game Studio
2665,"Wmy Studio, Playism"
2666,Dipl. Ing. Rolf-Dieter Klein
2667,Supersg.Software.Us
2668,"Hotloop, Surefire.Games"
2669,Longplay Studios
2670,Hyperstrange
2671,Romantic Room
2672,"Sbn3, Wrath Club"
2673,Snapbreak
2674,Limasse Five
2675,Crunching Koalas
2676,Twowizards
2677,5 Bits Games
2678,Counter_Agents_Team
2679,Next Dimension Game Adventures Ltd.
2680,Ppc
2681,Eightyeightgames
2682,Megagon Industries
2683,"Illfonic, Psyop Games"
2684,Xefier Games
2685,Magics
2686,Majaja
2687,For Fun Labs
2688,Curfluffle
2689,Chibig
2690,Technomancy Studios
2691,G2Crew
2692,Ascalon Games
2693,Luminy Studios
2694,Tuborg Entertainment
2695,Tygames
2696,Nerdook Productions
2697,Balloon Moose Games
2698,Matt Newell
2699,"Ragged Games, Playway S.A."
2700,Simon Fredholm
2701,Zombie Studios
2702,"Hassey Enterprises, Inc."
2703,Lil Hentai Games
2704,Delayed Victory
2705,Decaying Logic
2706,Old School Vibes
2707,Nstuff Entertainment
2708,Greg Lobanov
2709,Zaxis Games
2710,Smola Game Studio
2711,Unbound Creations
2712,David Long
2713,Wolvesville Gmbh & Co. Kg
2714,Spooky Squid Games Inc.
2715,Bitrich.Info
2716,Gridpop
2717,Al Fine
2718,Nik
2719,Satosha Nakamoti
2720,The Quadsphere
2721,"Somi, Zero Rock Entertainment"
2722,Vidiludi Games And Entertainment
2723,Jacob Janerka
2724,Nuked Cockroach
2725,Ocean Media Llc
2726,Merge Publishing
2727,"Leyo Games, 2P Games"
2728,Trevor Sorensen
2729,Catos Game
2730,"Vile Monarch, Spiral Up Games"
2731,Dovetail Games
2732,Goricina Entertainment
2733,Guiliamgames
2734,Iubisoft System Srl
2735,鸽屋咕游戏
2736,Finn Schuuring
2737,Corinthine
2738,Seafront Games
2739,Not A Sailor Studios
2740,Krita Team
2741,Game In A Bottle
2742,Sayan
2743,Gaijin Entertainment
2744,Cavemanon
2745,Fx Games Media
2746,"Wayforward , Arc System Works"
2747,Focusd Io
2748,Shroudy Software
2749,Warfare Studios
2750,"Sierra, Activision, Aspyr (Linux)"
2751,格林达姆136工程团
2752,Hitech Creations Inc.
2753,Bitlock Studio
2754,Groupees Interactive
2755,Trickjump Games
2756,Npk Games
2757,Blood Music
2758,Quasar
2759,Soft Source
2760,Eugene Zubko
2761,Alexander Cirac Antio
2762,Overseer Games
2763,Wessel Stoop
2764,"Pm Studios, Inc., Ce-Asia"
2765,Checkmaty
2766,Derrick Davison
2767,Nitro Games
2768,Monstrum
2769,Reloaded Studios
2770,"Parabole, Ravenscourt"
2771,Rmal
2772,"Indie.Io, Smilegate, Gamepoch"
2773,Bliss Brain
2774,Demolish Games S.A.
2775,Sewer Cat
2776,Watashi Games
2777,Dztfix
2778,Bancyco
2779,Mighty Coconut
2780,Beautifun Games
2781,Wtfomgames
2782,Gamecan
2783,Ghostlight Ltd
2784,Blacc Ski Weekend Industries
2785,Somethingextra
2786,Goldfire Studios
2787,Psychoflux Entertainment
2788,L3O Interactive
2789,2&30 Software
2790,M506 Tec
2791,Future Friends Games
2792,Trebuchet
2793,"Coilworks, Rising Star Games"
2794,Clever Plays
2795,Kovalev Gaming
2796,Sketchy Realms
2797,Astra Logical
2798,Ankaar Productions
2799,Night Node Software
2800,Red Team Games
2801,Swing Swing Submarine
2802,"Ustwo Games, Pid Games, Dear Villagers"
2803,Radial Games Corp
2804,Storm_Sharks
2805,Holy Warp
2806,Zilong Game Limited
2807,"Otl Game, Waku Waku Games"
2808,Dz
2809,Firedanger Studio
2810,"Daniel Linssen, Sokpop Collective"
2811,Graphite Lab
2812,Cow Game
2813,Hikari Field
2814,3D Realms (Apogee Software)
2815,"Asmodee Digital, Z-Man Games"
2816,Three Eyed Games
2817,Fitxr
2818,"Sansar, Inc"
2819,"Iwplay World Interactive Entertainment Technology Co., Ltd."
2820,"David Oreilly, Playism (Japan)"
2821,"Mediascape Co., Ltd."
2822,Itbt  Studio
2823,Bold Spirit Game Studio
2824,Radatomic Studios
2825,Neuronhaze
2826,Hidden Crawlspace Studios
2827,Archetype Studios
2828,"Chimera Entertainment, H2 Interactive (Korea And Japan)"
2829,Kitsune Games
2830,Parallel Portal
2831,Hook Games
2832,"Aliasblack, Squeaky Wheel"
2833,"Asobism.Co.,Ltd"
2834,Giraffe Lab Llc
2835,"Creativeforge Games, G-Devs.Com"
2836,Weston Mitchell
2837,Lumbernauts
2838,Quantized Bit
2839,Loren Lemcke
2840,Chi Entertainment Corp.
2841,Niffler Ltd.
2842,Strange Scaffold
2843,Digital Eel
2844,Cyanide Studios
2845,Artplant
2846,Cleversan Software
2847,喜人一个
2848,Dreamescape
2849,Rival Games Ltd
2850,Cbe Software
2851,"Twinbeard, Inc."
2852,Wonderbelly Games
2853,Blackrobe
2854,Dharker Studios
2855,Flnstudios
2856,Playfusion
2857,Wildwood Game Studios
2858,Washbear Studio
2859,Baked Games
2860,Crablacksmith Studios
2861,Isolated Games
2862,Barnes
2863,Infinitap Games
2864,Hanbitsoft Inc.
2865,Sungjunjo
2866,Marion Surgical Inc.
2867,Elven Workshop
2868,Adog
2869,Seikei Production
2870,Wax Publishing
2871,Cyberisle
2872,"Tacty Studio, Santor Games"
2873,Team Dots
2874,"Wildlands Interactive, Ultimate Publishing"
2875,Santa Ragione
2876,Robert Borghese
2877,Sutariya Studios
2878,Valsar
2879,Redboon
2880,10F
2881,Kluge Interactive
2882,Npckc
2883,Magic Fountain Studio
2884,Vandermaesen Games
2885,Omega Gaming Llc
2886,Little Bear Studios
2887,The_Kiddy
2888,Pro Playa Dev
2889,Maqna Interactive Ltda
2890,"Worm Club, Superhot Presents"
2891,Rubycone
2892,Metalstar Studio
2893,Sakuragame
2894,Gdstudio
2895,Trinket Studios
2896,Bit Fox Den
2897,"Yggdrazil Group Co.,Ltd"
2898,Empty Clip Studios
2899,Royal Rudius Entertainment
2900,Fuero Games
2901,Jni Games
2902,Anima Publishing
2903,Sobaka Studio
2904,Toasty Leaf Ab
2905,Qarasands
2906,Alice In Dissonance
2907,Bulbware
2908,Yi Dai
2909,"Boltray Games (China), Pikpok (Worldwide)"
2910,Dusk Wave Arts Llc
2911,"Destinybit, Amplifier Studios"
2912,Amata Games
2913,Real Co.Ltd
2914,Monkeys Tales Studio
2915,Triple Eye Games
2916,"Pixel Gangsta Studio, Flying Interactive"
2917,Untame
2918,Fallen Snow Studios
2919,Seedwall
2920,Amonga99
2921,Teneke Kafalar
2922,Conatus Creative Inc.
2923,"Edmund Mcmillen, James Id"
2924,Norrman Brothers
2925,Edym Pixels
2926,Newgen
2927,Pixmain
2928,Edvar Studio
2929,Deceptive Games
2930,Wingjoy Games
2931,Unbegames
2932,Helmet Games
2933,Pinblend Studios
2934,North Of Earth
2935,Mandragora
2936,Omega
2937,Shota Kasai
2938,Kozhakov
2939,All Seeing Eye Games
2940,"Pid Games, Dear Villagers"
2941,Volok Games
2942,"Blowfish Studios, Gamera Games"
2943,Disco Entertainment
2944,The Ito Project
2945,Mantaliss
2946,Dream Reactor
2947,Proximity Games
2948,Technotal
2949,Reum Entertainment
2950,Lion Sized Studios
2951,Redfox Games
2952,Pawel Zajac (Artbarian Games)
2953,505 Pulse
2954,Anvate Games
2955,Pinnical Studio
2956,The Drone Racing League
2957,Muifwego
2958,Bitbox S.L.
2959,Flynn'S Arcade
2960,Games Foundry
2961,Dangen Entertainment
2962,Altered Orbit Studios
2963,Chilled Mouse
2964,One Bit Studio
2965,"Lightning Games, Wave Games"
2966,Kiwiwalks
2967,Icy Donut
2968,Itsthetalia
2969,"Pqube, Gamirror Games"
2970,Doublethink Studio
2971,Refugium Games
2972,"Intrepid Studios, Inc."
2973,Games Of Tomorrow Gmbh
2974,Northway Games
2975,Frecle
2976,"Peach Pie Productions, Plug In Digital"
2977,"Sunfish Co., Ltd."
2978,Halfbrick Studios Pty Ltd
2979,Treasure
2980,Dinamic Software
2981,Ludic Studios
2982,Deck13
2983,"Edmund Mcmillen, Tyler Glaiel"
2984,El Tech
2985,Akim Games
2986,Blind Recluse
2987,Pujia8 Studio
2988,"Kairosoft Co.,Ltd"
2989,Thunder Devs.
2990,Nina Demirjian
2991,"Playway S.A., Ultimate Games S.A."
2992,Vysoko Anime Production
2993,Shield Break Studios
2994,Huebotics
2995,Team Little Sparrow
2996,Kitungo Studios
2997,Dale Turner
2998,"Shenzhen Huanjing Technology Co.,Ltd"
2999,"Skystone Games, Vanimals"
3000,"Alcedo Games, Gamersky Games"
3001,Back Of Nowhere Studios
3002,Soda Game Studio
3003,4Divinity
3004,Breda University Of Applied Sciences
3005,"Idle System, Inc."
3006,Strangelight Games
3007,Bulldog Interactive
3008,Thinmatrix
3009,Human Head Studios
3010,Doublebear Productions
3011,Hammerfire Interactive
3012,"Gamera Games, Gamirror Games"
3013,Fiassink Games
3014,"Digital Eclipse, Atari"
3015,Focus Home Interactive
3016,Llama Software
3017,Landauer Games
3018,Soundandfurygames
3019,Kovalim
3020,Anomaly Games
3021,Robert Alvarez
3022,Walkabout
3023,Fishermangamedev
3024,Naga Entertainment
3025,Arrowiz
3026,昆布科技
3027,Weird And Wry
3028,Iron Galaxy Studios
3029,Tapblaze
3030,Triskell Interactive
3031,Creepy Brothers
3032,Yeo
3033,Fleon Games
3034,"Crespirit, Neverland Entertainment"
3035,Lappi Soft
3036,Latent Malice
3037,Gamelooper
3038,Team Halfbeard
3039,Ishtar Games
3040,Albino Moose Games
3041,"Daedalic Entertainment, Daylight Studios"
3042,Pgn Inc
3043,Four Leaf Studios
3044,Free Reign Entertainment Llc
3045,Illusion
3046,Antizero Company
3047,European Games Group Ag
3048,Autotelic Games Llc
3049,"Zimad, Inc."
3050,"The Arcade Crew, Gamera Game (China)"
3051,Corebeast Interactive
3052,Innogames
3053,Darkmatter Games
3054,"Nekonyan Ltd., Hikari Field"
3055,Juan Gabriel Gomila
3056,Traipseware
3057,Big Ant Studios
3058,Invertmouse
3059,Flipswitch Games
3060,Justin Wade
3061,"Gryphline, Fireshine Games"
3062,"Marvelous Europe, Xseed Games"
3063,Lesser Evil
3064,Dragonis Games
3065,Gambit Digital
3066,Chaos Minds
3067,Artifex Mundi
3068,Cosmic Logic
3069,Happy Broccoli Games
3070,Bling Bling Games Gmbh
3071,"Kodera Software, Kurki.Games"
3072,Pixel Trickery
3073,Focka Games
3074,The Animation Workshop
3075,Rockgame S.A.
3076,Cubic Pie
3077,Milpitians
3078,Colepowered Games
3079,"Nupixo Games, Whispergames"
3080,Enki
3081,"Piece Of Cake Studios, Kepler Ghost"
3082,Historyaccuratedevelopers
3083,"Joeveno, Noquarter"
3084,Kinto Games Llc
3085,Bolingogames
3086,Aehmttw (Matei Budiu)
3087,Zerone Games
3088,Super Bit Machine
3089,Otaku Plan
3090,Netmarble
3091,"Digixart, Thq Nordic"
3092,Singta Inc.
3093,Aden Interactive
3094,Shueisha Games
3095,Catness Game Studios Sl
3096,Ultra Ultra
3097,Sentinel Studios
3098,Tin Man Games
3099,Deadsteel Studio
3100,Sunblink
3101,Ilogin Studio
3102,"Lucasfilm, Disney"
3103,"Fancy Fish Games, Whitethorn Games"
3104,Storytaco
3105,Alliance Arts
3106,Cranky Watermelon
3107,Tomyhorst
3108,Afterthought Studios
3109,Magnolia Art
3110,Foam Entertainment
3111,Xuzhou Getai Trading Co. Ltd
3112,Kikiwik Games
3113,Rafael Burgos
3114,Carrot Studios
3115,Sean Adair Entertainment
3116,"Talesshop Co., Ltd."
3117,Orangesgame Technology Limited
3118,"Rogue Games, Inc."
3119,Axolittle Software
3120,赤瞳大白猫
3121,Propixel Games
3122,Ranger Game
3123,Petriheart
3124,Laboratstudio
3125,Slimesmile
3126,4Tabern
3127,Soedesco
3128,Dynamicnext
3129,Analgesic Productions
3130,Hothead Games
3131,B-Alive Gmbh
3132,Myth Entertainment
3133,2Oo2
3134,"Drecom Co., Ltd., Nightdive Studios, Atari"
3135,Mr. Podunkian
3136,"Hypetrain Digital, Sidekick Publishing"
3137,River Crow Studio
3138,Pyromancers.Com
3139,Reflect Studios
3140,Null Reference Games
3141,Absolutist Ltd.
3142,Ignatus Zuk And Gonzalo Villagomez
3143,"Indienova, Studio Amateur"
3144,T.D
3145,No Matter Studios
3146,Tiny Roar
3147,Nachosama Games
3148,Struckd Ag
3149,Hype Games
3150,西安曼云网络科技有限公司
3151,Aiaz Marx
3152,Tegridy Made Games
3153,Doomster Entertainment
3154,Glootschke Games
3155,The Simutrans Team
3156,Ritual Reality
3157,Wayward Prophet
3158,Sketchy Logic
3159,Bantu
3160,Neoclassic Games
3161,Kokua Games
3162,"嘉兴黑曜石(Jiaxing Obsidian), Owl Digital Entertainment"
3163,Cavalier Game Studios
3164,Lowbirth Games
3165,Vivid Games S.A.
3166,"Boffo Intergalactic Games, Zoom Platform Media"
3167,Mixamo
3168,Vijuda
3169,Nyamyam
3170,Miyagi Games
3171,Throughline Games
3172,Diego Fernandes Malinowsky
3173,Néotl Empire
3174,Viking Tao
3175,Mixed Realms Pte Ltd
3176,Bucketplay Inc.
3177,Alastair John Jack
3178,Redeev
3179,The Scholastics
3180,Mackinn7
3181,Alid Games
3182,Chewa
3183,Triomatica Games
3184,Isto Inc.
3185,Thomas Förg Media
3186,Panda Indie Studio
3187,"Komodo, Kadokawa Corporation, Taito Corp."
3188,Lupus Studios Limited
3189,"Marauder Interactive, Llc"
3190,Awoker Games
3191,Tupã Games
3192,Sundae Month
3193,Bruner House
3194,"Coconut Island Games, Application Systems Heidelberg"
3195,Dragon Fire Games Inc
3196,Invisible Walls
3197,2Chance Projects
3198,Pokerstars Mobile Limited
3199,Revolutionary Games Studio
3200,Create Something Interesting
3201,Crater Studios
3202,Totallynotreptillian
3203,Zeiva Inc
3204,Heimo Game Studio
3205,Csr-Studios
3206,Nordcurrent Labs
3207,Gigantum Games
3208,Peaksel
3209,Hongyuan Game
3210,Nauris Amatnieks
3211,Roosterlandia
3212,Myth Studio
3213,"Dexp, Mylifegame.Ru"
3214,Lemonsucker Games
3215,"Batcholi, Flodksm"
3216,Jinxi
3217,Moonshot Interactive Games
3218,Bigbug Studio
3219,Lucasarts
3220,Sc Games
3221,Fire Fighter Games
3222,Nupu Neko Dev
3223,Bar Yaari
3224,Ragesquid
3225,Vd Games
3226,"Live Motion Games, Frozen Way, Frozen District"
3227,Serious Brew
3228,Fireroot Studios
3229,Ayakashi Games
3230,Boogygames Studios
3231,Age Of Fear
3232,Kazakovstudios
3233,Lore Nine
3234,Shockfront Studios
3235,Robot Riot Ug (Haftungsbeschränkt)
3236,Narrator
3237,Mythical City Games
3238,Proton Studio Inc
3239,Lights Are Off Llc
3240,Marevo Collective
3241,Pandaupstudio
3242,Kemco
3243,Broken Arms Games
3244,Boltrend Games
3245,Standable
3246,Byu Center For Animation
3247,Noglyph Games
3248,Anuman Interactive / Microids
3249,Loading Home
3250,Tudor Sandru
3251,Andre David Dev
3252,Motion Games Studio
3253,Pixel Life
3254,Vizek
3255,"Riposte Games &Amp; Co, Inc"
3256,Smilegate Entertainment
3257,Ejrgames
3258,Suits &Amp; Sandals
3259,Halfbus
3260,Dan Trimble
3261,Virtys
3262,Tsukuyomic
3263,Three Fields Entertainment
3264,Herrero Games
3265,Max Loh
3266,Infectious Ape
3267,Alessandro Guzzo
3268,Ilmir Nasertdinov
3269,Rebel Rabbit
3270,"Flow Studio, Fireshine Games"
3271,Momostorm Entertainment
3272,Loms Studio
3273,8Bitskull
3274,Question
3275,Phantom Compass
3276,Super Walrus Games
3277,Coredumping
3278,Fraoula
3279,None
3280,Eternal Dream
3281,Green Man Gaming Publishing
3282,Gamerealmmadness
3283,Bloodious Games
3284,Beatnik Games
3285,Blind Bird
3286,Christophercgaming Llc
3287,Therefore Games
3288,Kristopher Werlinder
3289,上海奇速网络科技有限公司
3290,Dreamlit Inc.
3291,"Flawless Gaming, Erabit, Starlight Gaming"
3292,Vector Bundle
3293,Heartomics
3294,Neonchimp Games
3295,"方块游戏(Cubegame), Softstar Entertainment"
3296,"Wavedash Games, Vortex Games"
3297,Koto Games
3298,Pirate Software
3299,Cp Decision
3300,Murudai
3301,Blam! Games Llc
3302,Warp Turtle
3303,Orc Chop Games
3304,Privateer Press Interactive
3305,Subatomic Studios Llc
3306,Orthogonal Games
3307,Ion Lands
3308,Love Conquers All Games
3309,"Thq, Disney"
3310,Dusk Dog Studio
3311,Redbeak Games
3312,"Monster Couch, Stonemaier Games, Indienova"
3313,Dddimann
3314,Instinct Software Ltd.
3315,Uuvana Studios
3316,Sam751021
3317,St Studios
3318,"Komodo, Taito Corp."
3319,Psychic Software
3320,Bear & Cat Studio
3321,Afterburn
3322,Smp
3323,Linked Squad
3324,Brute Force
3325,Krome Studios
3326,Ragnarökr Project
3327,U-Secret Studio
3328,Torrunt
3329,Dmitry Zheltobriukhov
3330,"Tensori, Unikat Label"
3331,Avenax
3332,Burnout Game Ventures
3333,Shadow Masters
3334,"L. Stotch, Vladimir Soldatov"
3335,Rava Games
3336,Bslteam
3337,Red Unit Studios
3338,Capriccio
3339,Eneida Games
3340,Studio Evil
3341,Creative Pudding Hungary Llc.
3342,All Yes Good
3343,Team Tetrapod
3344,Panda Studio
3345,Shattered Journal Games
3346,"Callback, Ln404"
3347,Moonlight Mouse
3348,Oreol
3349,Inbetweengames
3350,Triverske
3351,Crema
3352,Ethan Harris-Austin
3353,"Origame Digital, Playism"
3354,Hambug Games
3355,Team Dyo
3356,"Catoptric Games, Indieark"
3357,Refic Games
3358,Bogosoft
3359,Early Morning Studio
3360,Disquire
3361,Andrew Morrish
3362,Grinning Games
3363,34Bigthings
3364,Out Of The Park Developments
3365,Patrick Traynor
3366,Bitmap Bureau
3367,1Bit
3368,Twilight Sonata Studio
3369,God Roll Games
3370,Zero Mana Studio
3371,H5Dev Games
3372,Gravity Garden
3373,Half-Face Games
3374,Alex Zhang
3375,游艺春秋
3376,Single A Games
3377,Fdg Entertainment
3378,Advanced Games B
3379,Voiceattack.Com
3380,"Frontwire Studios, Llc"
3381,Pds Games
3382,New Star Games
3383,Pixel Peanuts
3384,Light Echo
3385,Commandospro
3386,Mi-Clos Studio
3387,Puppet Combo
3388,Budget Friendly Entertainment
3389,Jumpship
3390,Krystian Majewski
3391,Draknek & Friends
3392,Bn Games
3393,Andrei Ivashentsev
3394,Achpile
3395,Simogo
3396,Madrock
3397,Digital Art Team
3398,Ydkr
3399,Pixelcount Studios
3400,Roest
3401,"Rock Wall Games, Llc"
3402,Zeleniuk
3403,Wild Arts Llc
3404,Maze Theory
3405,2X2 Games
3406,"Tendogames Co., Ltd., Cube Game"
3407,Lohsoft
3408,Homewreckers Studio
3409,Octavi Navarro
3410,Games Farm
3411,"Jandusoft, Anotherindie"
3412,Novaquark
3413,Ivan Zanotti'S Mymadnessworks
3414,"Merlino Games, Hyperstrange"
3415,Knight Owl Games
3416,Hamster On Coke Games
3417,Lost Pilgrims Studios
3418,Chaos
3419,Hade Games
3420,Atahan Öztürk
3421,3 Sprockets
3422,"Twin Sails Interactive, Ce-Asia"
3423,Old World Studios™
3424,幻想小白工作室
3425,"Pujia8 Studio, Gamera Game"
3426,Leakage Games
3427,Capucine Mahieux
3428,Tiny Shiny Things
3429,Ironequal
3430,Gamechanger Studio
3431,Nmc Studios
3432,Doublev
3433,Gessler Games
3434,Black Smoke Studios
3435,"Qooc Software, Xd"
3436,1C-Softclub
3437,Maxeymus Games
3438,"Jolifess Inc., Fulinkazan Co."
3439,Toilet Games
3440,Valhalla Cats
3441,Alien Pixel Studios
3442,Wholetone Games
3443,Emika_Games
3444,Lsp Game
3445,Wave Ecstacy
3446,"Urvogel Games, Llc"
3447,704 Games Company
3448,"Indoor Astronaut, Kepler Ghost"
3449,Merhaba Yazılım
3450,Kava Game Studio
3451,Dya Games
3452,Quinton Reeves
3453,Funselektor Labs Inc.
3454,Nonnobis Games
3455,"Buck Games, Hawthorn Games"
3456,"H.P.Y.S,Llc"
3457,"H2 Interactive Co., Ltd."
3458,Project 99 Games
3459,Anvio
3460,Corvuscorax_Studio
3461,Rodeo Games
3462,Serge Kornew
3463,"H2 Interactive Co., Ltd., Superday"
3464,Leonardo Interactive
3465,Firering Studio
3466,Stray Bombay
3467,Dexp
3468,Anate Studio
3469,505 Games Official
3470,Ohm Force
3471,Desktoppaints Llc
3472,"Frima Studio, Microids Indie"
3473,Thegamingvan
3474,Viva Media Inc
3475,Retroware
3476,Union Onion
3477,Insertdisc5
3478,Majorariatto
3479,"Wired Productions, Whispergames"
3480,Pipeworks Studios
3481,Soleil Ltd.
3482,上海班图网络科技有限公司
3483,Vladimir Maslov
3484,Zakos Games
3485,F2House
3486,"Creative Storm Entertainment, Vincennes Group"
3487,Leo Waters
3488,"Piko Interactive Llc, Bleem!"
3489,Mesopotamia
3490,Action Square
3491,Finally Games
3492,Uab Detis
3493,Hawthorn Games
3494,Lonely Oni Interactive
3495,Stas Shostak
3496,Far Few Giants
3497,Retora Games
3498,Unique Media
3499,Mydreamforever
3500,Mdickie
3501,"Sidekick Publishing, Gamersky Games"
3502,Bisquitplay
3503,Oubliette
3504,"Sesisoft, Jc Planet"
3505,Light Vision Interactive
3506,Treefortress Games
3507,Caret Games
3508,Nussygame
3509,Recall Software Inc.
3510,Blendo Games
3511,Two Tribes
3512,Beans Rolls
3513,Pixelfade
3514,Whirllaxy Limited
3515,4Ugui
3516,Steppe Hare Studio
3517,Badland Studio
3518,Easygames
3519,Thunderlime
3520,Crescent Moon Games
3521,Ready To Play
3522,"Heaven Brotherhood, Grabthegames"
3523,Galaxytrail
3524,Pursuit Games
3525,Team101
3526,Nino Games
3527,Agharta Studio
3528,Vektro Digital
3529,Late Night Games
3530,Stonebrick Studios
3531,Atom Republic
3532,Mutantleg
3533,God As A Cucumber
3534,Violet Angel Interactive
3535,M2H
3536,Marcelo Barbosa
3537,Mystik'Art
3538,"Brilliance Games, Brilliance"
3539,Coal Supper
3540,Zha7
3541,Evolvedlabs
3542,4 Dimension Games
3543,Yodum Games I/S
3544,Gb09
3545,Laputa Labs
3546,Forceight
3547,D&A Studios
3548,"Plug In Digital, Milestone S.R.L."
3549,Buho Game
3550,"Manager Games S.A., Red Dev Studio S.A."
3551,Owlet
3552,"Scrambler, Peow Studio"
3553,Insomnia
3554,Neuronality
3555,Chondrite Games
3556,Wrath Club
3557,Ian Campbell
3558,Nightstuff Games
3559,Michele Pirovano
3560,Rama Studio
3561,Echo Entertainment
3562,Juggernaut Games
3563,"Wx3 Labs, Llc"
3564,Canfish
3565,Greenguy
3566,Random Seed Games
3567,Hong Kong Netease Interactive Entertainment Limited
3568,General Mills
3569,Carmine T. Guida
3570,Jonworks Interactive
3571,Alan Edwardes
3572,方块游戏(Cubegame)
3573,Fantasize Games
3574,Sakari Games
3575,Gaming Goose Entertainment
3576,"Acceleroto, Inc."
3577,Pixel Forest Games
3578,Bigbread
3579,"Cyan Worlds, Inc., Ubisoft"
3580,Drygin Studios
3581,想象颗粒
3582,Oath Games
3583,Matrix Games
3584,Adei Devind
3585,侠客工作室
3586,Game*Spark Publishing
3587,Neomateria Games Gmbh
3588,Rondomedia Gmbh
3589,Kurokumasoft
3590,System Erasure
3591,Bbc Media Applications Technologies Limited
3592,"Asraworks, Team17"
3593,Snails Arcade
3594,Igor Rashkuev
3595,President Studio
3596,"Her Interactive, Inc."
3597,"Future Friends Games, Auntygames"
3598,M For Mother
3599,"Duality Games, Playway S.A."
3600,William At Oxford
3601,Elev8 Games
3602,Bohdan Taraba
3603,Pavel Kudinov
3604,Aterdux Entertainment
3605,Tw Gamedev
3606,Dmytry Lavrov
3607,"Biglight.Games, Npc Entertainment"
3608,Doghadhouse
3609,"Z Studio, Paras Games"
3610,System 3
3611,"Humongous Entertainment, Nightdive Studios"
3612,"Dreadlocks Ltd., Techland, Whispergames"
3613,Effectmatrix
3614,Spell Helix
3615,Monothetic Llc
3616,Jason Godbey
3617,App Business Ventures Llc
3618,Anarkis Gaming
3619,Moonbit
3620,Mvr
3621,Great Potion Games
3622,Lyra Creative
3623,Elkibe Games
3624,Top Right Corner
3625,John Paul The Great Catholic University
3626,Brhp
3627,Digital Theory Ltd.
3628,Gameplay Group International
3629,No Ewe Productions
3630,Emad
3631,Ghost Cat Games
3632,Josplays
3633,Stormind Games
3634,Tactic Studios Inc.
3635,Reentry Games
3636,Hedge Knight Games
3637,Nowhere Studios
3638,Little Cloud Games
3639,App Holdings
3640,"Neon Doctrine , Yangyang Mobile, Raw Fury"
3641,"Good Shepherd Entertainment, Devolver Digital"
3642,"Forklift Interactive, Gamersky Games"
3643,Hype Mint
3644,Looch Labs
3645,First Break Labs
3646,Turmoil Games
3647,Moon
3648,Grynsoft
3649,"Full Control, Thq Nordic"
3650,Underdog Games
3651,Red Cabin Games
3652,Adventurepro Games Llc
3653,Snowed In Studios
3654,Freedomize Studio
3655,"Mangagamer, Sunflower Ocean"
3656,Andy Sztark
3657,Nemo Studios
3658,Integer Games
3659,0Up Games
3660,Dreamer'S Anvil
3661,Happinet
3662,The-Mark Entertainment
3663,Kalvarez A. Party
3664,Skygoblin
3665,Duality Games
3666,Bowlcut Studios
3667,Tap Water Games
3668,Cosmo D Studios
3669,Paleno Games
3670,"Green Willow Games, Llc"
3671,Vaka Game Magazine
3672,Corrosive Studios Llc
3673,Electric Succubi
3674,"Dear Villagers, Gamirror Games"
3675,Enitvare
3676,Stephen Crabb
3677,Rayka Studio
3678,Funbox Games
3679,Axis Game Factory Llc
3680,Multicastgames
3681,68 Studio
3682,Tim Rachor
3683,Pera Games
3684,Futuregamestudio
3685,The Digital Lounge
3686,"5Minlab Corp., Krafton, Inc."
3687,Sean Marty
3688,Silent Dreams
3689,"Wildmonkey, Gamirror Games"
3690,"Rayka Studio, Npc Entertainment, Craftmos Games"
3691,Frozenshard Games
3692,Dionous Games
3693,Dionic Software
3694,Lizardfactory
3695,"Fireshine Games, Shochiku"
3696,Xeip Games
3697,"Nightdive Studios, Throwback Entertainment, Atari"
3698,"Daedalic Entertainment, Nacon"
3699,Perfect Random
3700,Clockstone
3701,Vac Foundation
3702,Dosowisko.Net
3703,Egor Olegovich Yakovlev
3704,Scraping Bottom Games
3705,Noetic
3706,Qutosogame
3707,Prisma Games L.L.C.
3708,Earthbound Games Ltd.
3709,Rubika Supinfogame
3710,Ultimo Games
3711,Gizmoplay Ltd
3712,莓夜工作室
3713,"Tomorrow Corporation, Flyhigh Works"
3714,Dai Lin Tao
3715,Trophy Games
3716,Sunpeak Games
3717,Team Eleven
3718,Nasty Cat
3719,"Hook Games, Grabthegames, Whispergames"
3720,Xgen Studios
3721,Snowy Ash Games
3722,Imperia Online Jsc
3723,Half Mermaid
3724,"Studio Élan, Studio Elan"
3725,Ferritelabs
3726,Novice Entertainment Limited
3727,"Gamera Interactive, Ancient Scroll"
3728,幻想博物馆（Utopia Museum）
3729,Black Potion
3730,Midnight Games
3731,John Wizard
3732,Chest Box
3733,Oni Gaming
3734,Enormous Elk
3735,Phenomenon Games
3736,"Play:D, Nhtv Breda University Of Applied Sciences"
3737,Fire Hose Games
3738,Shazysoft
3739,"Nway, Inc"
3740,Tiny Forge Gaming
3741,Leenzee Games
3742,Aiolos Studios
3743,Path
3744,Time2Play Gaming Studios
3745,Bazitov Mikhail
3746,Jean Onche
3747,"Merlion Games, Etime Studio"
3748,Triple.B.Titles
3749,Pinkerton Road Studio
3750,Neko Entertainment
3751,Yoyo Games Ltd.
3752,"Gamedev.Ist, Gamersky Games"
3753,Spiderweb Software
3754,Kukouri Mobile Entertainment
3755,肉鸡工作室
3756,N4Ba
3757,Desert Fox
3758,Mobile Co Studios
3759,Source Byte Sp. Z O.O.
3760,Indie
3761,Petr Šimůnek
3762,"Team Bitclub , Sunken Treasure Games"
3763,Street Lamp Games
3764,First Games Interactive
3765,Acuze Interactives
3766,Gmv Studios
3767,Ronin Softwork
3768,William Cheek
3769,Noble Games Studio
3770,98 Redd Games
3771,Fractal Projects
3772,"Philipp Baumgart, Whispergames"
3773,98Demake
3774,Viktor
3775,"Koiware, Llc"
3776,Psychotic Psoftware
3777,Oryzhon Studios
3778,"Summitsphere, Joystick Ventures, Beep Japan Inc."
3779,Kindermann Corp.
3780,Dreambig
3781,Okjoy
3782,"Stratera Games, Rogue Duck Interactive, Gamersky Games"
3783,Tamasenco
3784,Devilishgames
3785,Mass Creation
3786,Zeno Rogue
3787,North Lab
3788,"▲ Pyramid Games, Playway S.A."
3789,Brandon Brizzi
3790,Huw Millward
3791,Smartmelon Games
3792,Exbyte Studios
3793,Yankuland Games
3794,"Playway S.A., Freemind S.A."
3795,"Ginga Software Co.,Ltd,"
3796,Andreas Hager Gaming
3797,Kot In Action Creative Artel
3798,"Rogue Duck Interactive, Gamersky Games"
3799,"The Arcade Crew, Dotemu"
3800,正人君子杨某人
3801,Gniller
3802,Pyrofrogstudos
3803,Sig Publishing
3804,Phaser Lock Interactive
3805,Aplovestudio
3806,Area 1
3807,Slugshot Games
3808,Mojiken
3809,Dmitry Medvedev
3810,Qzq Studio
3811,"Glowfish Interactive, Rangatang"
3812,Royal Troupe
3813,Spy On The Wall
3814,Camouflaj
3815,North Modding Company Ab
3816,Jast
3817,Dead Drop Studios Llc
3818,Ohnoo Studio
3819,Spooky House
3820,Swell Games Llc
3821,14 Hours Productions
3822,Narfox Llc
3823,Rayll
3824,Dx Gameworks Llc
3825,Maverick Games
3826,Planet Renox
3827,Horrortheory
3828,Glass Bottom Games
3829,Silicon Sundial
3830,Sateda
3831,Viva Media
3832,Borealys Games
3833,Abracadabra Arts
3834,"Dark Point Games, Galaktus"
3835,Praxis Games
3836,Picaresque Games
3837,Emberstone Interactive
3838,Baby Robot Games
3839,Righteous Hammer Games
3840,Ggame Studio
3841,Clock In Dream
3842,Gorilla Sip
3843,Visionary Realms
3844,Srs Games
3845,Arpsel
3846,Teal Fire
3847,Endless Suffering
3848,Outright Games Ltd.
3849,Maris Ozols
3850,Rad Codex
3851,"绝汪, Mecrew Games"
3852,Spirit Games
3853,M9 Games
3854,"Balor Games, Xd"
3855,Screenwave Media
3856,Karnage Gaming
3857,Crian Soft
3858,Crosse Studios
3859,Llc Elpy Games
3860,Blazing Planet Studio
3861,Polearm Studios
3862,Hometopia Inc.
3863,"Green Man Gaming Publishing, Feel Good Games"
3864,Hello John
3865,Julio Oliveira
3866,Perfectly Generic Team
3867,Byolivierb
3868,Triangle Factory
3869,Another Slime Studio
3870,Isotx
3871,Diman Production
3872,The Cat Hive Developers
3873,Changyou.Com Hk Limited
3874,Global Games
3875,Tjern
3876,Zaxiquej
3877,Roenko Games
3878,Panic Ensues Software
3879,Shen Jiawei
3880,Ionfx Studios
3881,Anfworks
3882,Brainchild
3883,Cozy Bee Games
3884,Stunt
3885,Immersive Vr Limited
3886,Red Redemption
3887,Every Single Soldier
3888,Balcony Softworks
3889,"Leonardo Interactive, Whispergames"
3890,"Disney Platform Distribution, Inc."
3891,Robot Loves Kitty
3892,Game2Gather
3893,Propulsion Studios
3894,Patryk Taranek
3895,Ratloop Games Canada
3896,Digital Tentacle
3897,"Sinkhole Studio, 2P Games"
3898,Yur Inc
3899,Buffalo Vision
3900,Rpgvideo
3901,Yawee
3902,"Maximum Entertainment, 3Goo"
3903,Tuning Mania
3904,Team9
3905,Chris Mcfarland
3906,Bhungry
3907,Steam Street
3908,Chilla'S Art
3909,Alper Gonen
3910,Gem Rose Accent
3911,Geoff 'Zag' Keene
3912,"Ternox, Gamersky Games"
3913,Bonsai Games
3914,Desperate Measures
3915,Neverest Games
3916,Dualitybeyond Studios
3917,贪婪龙
3918,Studio Nanafushi
3919,Dtp Entertainment
3920,Grizzly Wolf Games Llc
3921,Eo Interactive Ltd.
3922,Jakub Sedmík
3923,Watercolor Games
3924,"Blackmark Studio, Valkyrie Initiative"
3925,Bonus Stage Publishing
3926,Dark Blue Games
3927,Full Trek Media
3928,Fov
3929,Auren Snyder
3930,Matthew Glen
3931,Svantech Studios
3932,Zingfront
3933,"The Arcade Crew, Gamirror Games"
3934,Hermit
3935,Lostwood
3936,Cyberith Gmbh
3937,Netdragon Websoft Inc
3938,Ivan Kulibin
3939,"Neverland Entertainment, Criticalleap, Spoonful Of Wonder"
3940,Sawyheartgames
3941,血色双眸
3942,Elvissteinjr
3943,Makopaz
3944,Elushis Music & Gaming
3945,Eternal Stardust Studios
3946,深圳市创源互娱科技有限公司
3947,Alex Olinkiewicz
3948,Kan.Kikuchi
3949,Forgotten
3950,Icetorch Interactive
3951,Softplanet
3952,游戏养家工作室
3953,"Smallbü, Pillow Fight"
3954,Robit Games
3955,Wonderful Days
3956,Batovi Games
3957,Pierced Games
3958,"塔克工作室, 毛玮欣Mao Weixin, Dark Studio"
3959,Indiegamemama
3960,Pirozhok Studio
3961,Nornware Ab
3962,Big Play Games
3963,Concluse_Dev
3964,Best Way Soft
3965,Association K-D Lab
3966,Thibaud Michaud
3967,Playstige Interactive
3968,Fnd Game
3969,Dd-Consulting
3970,Amendment One Games
3971,Lasse Zacho Malver
3972,"Smiteworks Usa, Llc"
3973,Virtuaport
3974,Vewo Interactive Inc.
3975,Uncommon Utd
3976,Macrocosmic Software
3977,"地霊研究院, Zrign"
3978,Above And Beyond Technologies
3979,"Xbox Game Studios, Rare Ltd"
3980,Tamationgames
3981,Moonbyte
3982,Inspire Game Studios
3983,李鸡蛋
3984,"Good Shepherd Entertainment, Surefire.Games"
3985,Ansdor
3986,Kombits Game Studio
3987,Talking About Media
3988,Leiting Interactive
3989,Digitaldna Games Llc
3990,Cumulet Collective
3991,Electric Hat Games Llc.
3992,Crew Lab
3993,Briganti
3994,Cozy Cabin Studios
3995,Snipefish Entertainment
3996,"Maui Interactive, Llc"
3997,Alawar Premium
3998,Flat Cat Games
3999,Captain Games
4000,"Goblinz Publishing, Whispergames"
4001,Super Pickle Games
4002,Mindful Mammoth
4003,Micro Factory Games
4004,Garage Monkeys
4005,Securemix Llc
4006,Pg_Bassist
4007,Dreadbit
4008,Sdt Core
4009,Samharia Studios
4010,Lazy Monday Ltd
4011,Sacada
4012,Brickcream
4013,Minicactus Games
4014,Trident Game Studio
4015,Manic Game Studios
4016,Defold Foundation
4017,Novalogic
4018,"Olive Panda Studio, Neverland Entertainment"
4019,Boxhead Bros.
4020,Chaosmonger Studio
4021,Noio
4022,Mutiny Software
4023,Devgru-P
4024,"Cfk Co., Ltd."
4025,Nodding Heads Games
4026,"Eneida Games, Untold Tales"
4027,Delusionart Studio
4028,"Lookatmygame, Plug In Digital"
4029,Krealit
4030,Rockhopper Labs Ltd
4031,Fractal Phase
4032,Pirate-Rob
4033,Star-Star Studio
4034,The Secret Pie
4035,Cordless Games Studio
4036,"Saber Interactive, Boss Team Games, Llc"
4037,Disparity Games
4038,Jelle Booij
4039,Moongame
4040,Hyperstar Group
4041,Playtogether Studio
4042,Oak The Wise
4043,Strange_Indie_Team
4044,Everland Mmo
4045,Raw Fury Ab
4046,Microwave Studios
4047,Plushcatboy
4048,Selewi
4049,Myou
4050,Cortez Productions
4051,Eyefront
4052,Ensenasoft
4053,Brain Seal Ltd
4054,Aurora Games
4055,Jacksong Studio
4056,Rooftop Panda
4057,Live3D
4058,The Incubator
4059,Vellocet
4060,Ivanovich Games
4061,Brainseed Factory
4062,Frogsong Studios
4063,Gurj
4064,日食网络
4065,Alex Ryan
4066,"Astrolabe Games, Meridiem Games"
4067,Oxygenstudio
4068,Archangel Studios
4069,Aprox
4070,Akpublish Pty Ltd
4071,Interplay Entertainment Corp.
4072,Crenetic
4073,Azamatika
4074,"Twisted Ii Studio, Feardemic"
4075,Shaggy Doge
4076,Feverdream Softworks
4077,Rose City Games
4078,Sky Ship Studios
4079,Iteration 11
4080,Batuhan Güner
4081,栖鸾工作室
4082,Serious Bros.
4083,Puppet Master Games
4084,He Saw
4085,Flo-Server
4086,"Jonas Tyroller, Fondgame"
4087,Vanyuha
4088,Mino Games
4089,Pichon Games
4090,"Raptor Claw Games, Millendream"
4091,赤月抉择
4092,Lewis Bergin
4093,An Open Ben
4094,"Wevr, Inc., Reality One"
4095,Lovely Games
4096,Heats Inc
4097,Xnzone
4098,"Horizon Hobby, Llc"
4099,Runserver
4100,Team Terrible
4101,Bottlecube Inc.
4102,Nocturnal Works
4103,Thegamepublisher.Com
4104,Beyond Khan
4105,Darkdes Labs
4106,"Em Games, Grabthegames"
4107,"Ultimate Games S.A., Playway S.A."
4108,Whybe Online
4109,Mitzi Games
4110,Inspector Studios
4111,Creativeforge Games
4112,Crazy Games
4113,Mykhail Konokh
4114,"Player Of Music Technology Co.,Ltd"
4115,Afog
4116,Rutony Studio
4117,Orpheus'S Dream Team
4118,Cuppakill
4119,Ps Games
4120,Endorphin Studios
4121,Pathfinder8
4122,Jublelemonseed
4123,Stardock
4124,Milky Tea Studios
4125,Risingpunch Studio
4126,Fresh Wind Software
4127,Armitage Games
4128,Cold Hours
4129,Liangxiegame
4130,Dog Hoggler
4131,Tin Can Studio
4132,"Aurumdust, Game Seer Publishing"
4133,"Team Fray, Mcleodgaming"
4134,Mg Publishing
4135,Mirowin
4136,Rubicon Development
4137,Something Dark Studios
4138,"Frontwing Usa, Bushiroad Inc."
4139,"Divergent Realities, Llc"
4140,Whalenought Studios
4141,Eleven Puzzles
4142,"Andrés Calva, Luis Calva"
4143,Apl Publishing Ltd.
4144,A2Z Interactive
4145,Puhu
4146,Hikare 个人汉化
4147,Redblack Spade
4148,Travis Miller
4149,Team Eonian
4150,Longmire Studio
4151,Atorcoppe Games
4152,Dreamirl
4153,Pg5-Studio
4154,Sct
4155,Atc Games
4156,Candymakers
4157,Metagaming B.V.
4158,Capricia Productions
4159,Awesome Enterprises
4160,我妻寒十
4161,Luis Evaristo Rodriguez Campos
4162,Ice Charge Productions
4163,Sable Studio
4164,Libredia
4165,A Sweet Studio
4166,Wolfgangis
4167,Nwo Wars Team
4168,Tabinomichi
4169,"Peter Brinson And Kurosh Valanejad, Usc Games"
4170,Michael Crowther
4171,Aeternum Game Studios S.L
4172,Kazakov Studios
4173,Predposledniyrubikon
4174,Etherane
4175,Mmuk Games
4176,Fowers Games
4177,Sillysausage
4178,"Visualistic Studios, Llc."
4179,"Revolution Software Ltd, Rokky"
4180,Rocksoft Ltd
4181,I Need Play
4182,Playground Productions
4183,Beijing Happy Entertainment Technology
4184,Game Maker'S Toolkit
4185,"Applied Research Associates, Inc."
4186,D'Avekki Studios Ltd
4187,Edco Games
4188,Lovestoryproject
4189,Dimitri Lozovoy
4190,Brawsome
4191,Konnichiwa Games
4192,Yoba Games
4193,Killian M
4194,Danstarr13
4195,Ominous Entertainment
4196,Fc Maker
4197,Nuomigame游戏开发工作室
4198,Soma Games
4199,Attu Games
4200,"Games Operators, Modus Games"
4201,Junestrings
4202,Team Disaster
4203,岛叶游戏
4204,Kyoto Speak Llc
4205,Apex Studio
4206,Qwiboo Ltd
4207,"Howlingrain, 台灣響雨互娛, 響雨@Osaka"
4208,Regimental Chess Inc.
4209,Vintage Digital Revival
4210,"Chance6 Studios, Llc"
4211,Animyst Games
4212,Valkyrieinitiative
4213,Rym Games
4214,"Strange Scaffold, Frosty Pop"
4215,"Yakir Israel, Adventure4Life Studios"
4216,Og Games
4217,Springloaded
4218,"Chengdu Jiayihuyu Technology Co.,Lt"
4219,High Brazil Studio
4220,"Pixelsplit Simulations, Pixelsplit"
4221,Nonline Studios
4222,Hkgamesstudio
4223,Mc Games
4224,Raptor Lab
4225,Snow Girl
4226,Futuremark
4227,Fjrd Interactive
4228,Lorenzo Entertainment
4229,Submersivo Game Studio
4230,Taueon
4231,Two Brain Games
4232,Nikita Kaf Jam Publishing
4233,Tequibo
4234,"Pigdoggames,Llc"
4235,Shifeifan
4236,Zero-G-Racer
4237,The Working Parts
4238,Artless Games
4239,Digital Furnace Games
4240,Les Kalifas
4241,Microsoft Corporation
4242,Zeroworldwide
4243,Cotton Game
4244,Tricktale
4245,Salo
4246,Never Knows Best
4247,Jh12World
4248,Valorware
4249,Nonadecimal Creative
4250,Nutaku Publishing
4251,Li Yu Hong
4252,Portal Fantasy
4253,Bark Bark Games
4254,Leaning Tower Studio
4255,Rabotiagi Games
4256,99Games Online Pvt. Ltd.
4257,Stolen Couch Games
4258,Pixel Error
4259,Helemon
4260,Turbulon Interactive
4261,Out Of Time Interactive
4262,"Pm Studios, Inc., Logoi Games"
4263,Fatih Karaatli
4264,滑稽猫
4265,"Twin Sails Interactive, Days Of Wonder"
4266,Noxworld
4267,Prismatika
4268,Celeris
4269,Kiz Studios
4270,"Kivano, Kurki.Games"
4271,"Wired Productions, Gamirror Games"
4272,Hmmm Games
4273,Neon Green Pin Games
4274,Trispix Studio
4275,Boroborogame
4276,Frostkeep Studios
4277,Ranela Games
4278,Grasshopper Manufacture Inc.
4279,"Ultimate Games S.A., Art Games Studio S.A."
4280,Cottage Street Interactive
4281,Kultura Ex Machina
4282,Cresent
4283,Ao2Game
4284,Studio Wasp
4285,Stuffed Wombat
4286,Scolaro Games
4287,Exabsentia
4288,Renovate Software Ltd
4289,Viva Games
4290,Optizonion
4291,Tale Of Tales
4292,Batuhan Guner
4293,Colorgrave
4294,"Hainan Legendkey Network Technology Co., Ltd."
4295,Voxel Tycoon
4296,Socially Awkward Studio Ltd.
4297,St.Games同人游戏社团
4298,Paradox Arc
4299,Dingo Games
4300,Stoic Ent.
4301,Real Invented Studio
4302,"Devolver Digital, Big Fan Games"
4303,Space Onigiri Game Llc
4304,Yezhi
4305,Thenilusss
4306,Ccmc Corp.
4307,Cakewalk
4308,"Npc Entertainment, Cat Shine"
4309,A. Strazhev
4310,"The Arcade Crew, Maple Whispering Limited"
4311,Milo Games
4312,Laina Interactive
4313,Flying Interactive
4314,Alloystove
4315,Critical Depth
4316,Orbital Views
4317,"Bandai Namco Entertainment, United Independent Entertainment"
4318,Group Pug
4319,Poison The Inkwell
4320,Aurion Games
4321,Almighty Games
4322,White Paper Games
4323,Novak Studios
4324,Ternox
4325,W.R.K.S Games
4326,Whirligig
4327,Brandon Moore
4328,Coldwild Games
4329,Rainbow Games
4330,Papagaye
4331,"Terc, Inc."
4332,"Swearl, Llc"
4333,Ragnarok Aesthetic
4334,Hfh Crew
4335,"Nanjing Baiku Network Technology Co., Ltd"
4336,Eastshade Studios
4337,Speedtutor
4338,Brudingo Broductions
4339,"Mythwright, 4Divinity & Cube Game"
4340,Icesitruuna
4341,Star Garden Games
4342,City Connection
4343,"Studio Hatch Co., Ltd."
4344,"Baba Nura, Feodosiy"
4345,Fifth Column Games
4346,Frood Designs
4347,"Views Co., Ltd"
4348,Ace Maddox
4349,Aquiris Game Studio
4350,Neopopcorn Corp
4351,Mojotouch
4352,Stork Game
4353,"That Fish, That Other Fish"
4354,"072 Project, 072 News"
4355,Samobee Games
4356,Aftabi Games
4357,White Giant Rpg Studios
4358,"Prismatika, Indienova"
4359,Binary Fortress Software
4360,Broken Clock
4361,Guard Crush
4362,Pan Gangowski
4363,Cococucumber
4364,Appvator Interactive
4365,Phosphor Games Studio
4366,Usanik Std
4367,Phoenixfire Games
4368,Morning Person Games
4369,Sparks Games
4370,Benedikt Glemnitz
4371,Radicalsite Inc.
4372,Firesquid
4373,Kaleb Wassa
4374,Notgames
4375,A Crowd Of Monsters
4376,"Dreamwraith Arts, Brandon Mcquay"
4377,Gestalt Development Studio
4378,Evil Trout Inc.
4379,Longbow Games
4380,Andy Church
4381,Digital Life 数字生命
4382,Cadence Games
4383,Fobti Interactive
4384,Alexander Boiko
4385,Shovsoft
4386,Pixel Prototype
4387,Ice Code Games
4388,Phoenix Labs
4389,Aksawshin
4390,Frozenpepper S.R.L.
4391,四块二茶会
4392,Studio Maka
4393,Scarlet String Studios
4394,St Sinovar
4395,"Userjoy Technology Co.,Ltd."
4396,Tvr Games
4397,Ivr
4398,Tianmu Games
4399,Sassybot
4400,Angels And Demons
4401,Dreamgate
4402,Aa Mini Games Studio
4403,César Baudry
4404,Touz
4405,Gentleman Squid Studio
4406,Unbalance Corporation
4407,Studio Pond
4408,Smiiggyb
4409,Extrokold Games
4410,Creamcatgame
4411,Silver Eye Studios
4412,Erebus
4413,"二色幽紫蝶, 东游鉴"
4414,Cloaz Studio
4415,Bulba-Games
4416,Cybergrotex
4417,Newwestgames
4418,"Handygames, Thq Nordic"
4419,Charlie Brej
4420,Andrew Quist
4421,Yaw Studios
4422,Thugzilladev
4423,Unknown Studio
4424,Surefire.Games
4425,哐哐Team
4426,Techsmith Corporation
4427,Mt Worlds
4428,Awfully Nice Studios
4429,90S Studio
4430,Falling Saints
4431,Lr Studio
4432,New Dev
4433,Mino Entertainment Inc
4434,"Wavevr, Inc."
4435,Blagovest Penev
4436,"Manavoid Entertainment, Indie Asylum"
4437,16Air
4438,Upturn Games
4439,Marbenx
4440,Gameliner
4441,Readgraves
4442,"Stovetop, Llc"
4443,Flyhigh Works
4444,Entalto Publishing
4445,"General Interactive Co., Whispergames"
4446,Soul Assembly Ltd
4447,Reconnect Software
4448,Keinart Lobre
4449,Tutto Passa
4450,Ilzard
4451,Junkhive
4452,Econg
4453,Emberfish Games
4454,"Kajak Games, Kajaksi Game Collective"
4455,Last Day Of Work
4456,Umbra Evolution
4457,Triple Topping
4458,Morteshka
4459,Lightninggames
4460,Bhaptics Inc.
4461,The Munky
4462,John Szymanski
4463,"Gameparic, Games Incubator, Playway S.A."
4464,Ak Studio
4465,Mpr Art Hallucinations
4466,Yorkshirerifles
4467,Lucas Molina
4468,Innovation Dream
4469,Killerfish Games
4470,Okugi Sudio
4471,Freehold Games
4472,Kindly Beast
4473,Onebiggame
4474,Nimble Tools
4475,Artery Games
4476,Hitcle.Com
4477,Wbstudios Games
4478,Gp Games
4479,"Adventure Productions, Daring Touch"
4480,Henteko Doujin
4481,Rockodile
4482,Instead Community
4483,Isy
4484,Gua
4485,Alex Browne
4486,Sad Horse Studio
4487,Mendoka
4488,Felgc.Gamesdevelopment
4489,Sapphire Dragon Productions
4490,Moenovel
4491,Michaelarts
4492,New Star Games Ltd
4493,Steelehouse Vr Studios
4494,Game Troopers
4495,Ko_Op
4496,Ms Games Sp. Z O.O.
4497,Casen
4498,Zweites Deutsches Fernsehen – Anstalt Öffentlichen Rechts
4499,Com2Us Holdings
4500,Sheepchat Team
4501,Winterpixel Games
4502,Ratalaika Games S.L.
4503,Netdreams - Regob Eirl
4504,Ngelgames
4505,Small Town Studios
4506,Lucky Pause
4507,Kevin Zhang
4508,Sunsoft
4509,Julian Edison
4510,Feelthere
4511,Bucikpro
4512,Panzer Gaming Studios
4513,Art Games Studio S.A.
4514,Candyrocketstudio
4515,Mantisco
4516,Three Donkeys Llc
4517,"Hangzhou Xinlan Network Technology Co.,Ltd."
4518,白雨工作室
4519,Date Nighto
4520,Clouded Leopard Entertainment
4521,Gameclaw Studio
4522,Kerim Kumbasar
4523,Zoo Corporation
4524,Suiyi Player
4525,哈视奇科技
4526,On5
4527,Miyu.Works
4528,"Maximum Entertainment, Breakfirst Games"
4529,Studio Z 3D
4530,Captain Cool
4531,黑白牛游戏
4532,Raxasoft Games
4533,Velocious Technologies
4534,Y8.Com
4535,Cinic Games
4536,Monkey-With-A-Bomb
4537,Addictive 247 Games
4538,Roger Barton
4539,Studio Joh
4540,Inworld Ai
4541,Outer Heaven
4542,Regal Pigeon
4543,Manliestdev
4544,Peoleo Entertainment
4545,"Dangen Entertainment, Gamirror Games, Intragames"
4546,Vectorstorm Pty Ltd
4547,Kube Games
4548,Trickster Arts
4549,The Stranger
4550,24 Caret Games
4551,Gooncorp Inc.
4552,Seep
4553,Gexagonvr
4554,Altaire
4555,Phime Studio Llc
4556,Boom Games
4557,Berabor Limited
4558,Arachnid Games
4559,Igor Rykhlevskyi
4560,Korggent
4561,Graviteam
4562,Atomictorch Studio
4563,Primary Games
4564,Filip Zemljak
4565,Bootur Games
4566,September Games
4567,Joymasher
4568,G-Blood
4569,Digitaldream
4570,"L＆K Co., Ltd."
4571,Posa
4572,神族宝
4573,Wolfs Moon Studios
4574,Thomas Moon Kang
4575,Sonderland
4576,Oddfellows Software
4577,Fallenleaves
4578,Glumberland
4579,Scott Host
4580,"Happygames, Tora Creatives"
4581,"Bar Holographic Otaku, 东游鉴"
4582,Youzu Singapore Pte Ltd
4583,Angry Demon Studio
4584,Je Software
4585,Wyvern Werks
4586,Smilegate
4587,Astravelari Llc
4588,Yasric
4589,Dns Development
4590,Eldin Turulja
4591,Trumbus
4592,"Conor Petersen, Thunkspace, Llc"
4593,Affordable Cat
4594,Studeii.Us
4595,Mad Ram Software
4596,Onionmilk
4597,"Shape Shop, Outersloth"
4598,Toplitz
4599,"Neko Works, Fakku"
4600,Craneballs
4601,Strangely Interactive Ltd
4602,World 2 Studio
4603,Yamada
4604,Ag Soft
4605,Quantum Phoenix Studio
4606,"Sparky Studios, Sejong Univ. Pandoracube"
4607,Tower Games
4608,Jan Malitschek
4609,Manager Games S.A.
4610,Devcats
4611,Mad Mushroom
4612,Kinsei Games
4613,Aestronauts
4614,Zhang Yuan
4615,Pinal Agency
4616,Numinous Games
4617,Mythicowl
4618,Kuzmin Nikolay
4619,The Dairymen
4620,Ellie'S Lunchbox
4621,7Road
4622,Medungeon Ltd.
4623,Red Fox
4624,Dimitri Kipper
4625,Crazyprince
4626,Steganographia Games
4627,Eroge Japan
4628,Perilous Orbit
4629,Game Odyssey Limited
4630,Veelhoek Studios
4631,Cult Software
4632,Atooi
4633,Razzart Visual
4634,Realities.Io
4635,100 Stones Interactive
4636,Mr. Sam Atlas
4637,Emilios Manolidis
4638,Snowcastle Games
4639,Lemon Squeezy
4640,J6 Games
4641,Roman Uhlig
4642,Ekofi Gaming
4643,Darkling Room
4644,"Disney, Lucasarts"
4645,Darktree Game Studio
4646,Sillysoft Games
4647,Team Fortune
4648,Wkm-Studio
4649,Cameron Chester
4650,Taito Corp.
4651,Lunar Giant Studios
4652,Graceless Games
4653,Likevr
4654,Savage5609 Games
4655,Studio Biest
4656,Oates
4657,Legacy Games
4658,Superlumen
4659,Screaming Villains
4660,Geamgames
4661,Talpel Games
4662,Blackmoon Design
4663,Mobster
4664,"Cicada Games, Gamirror Games"
4665,Falling Ash Games
4666,"Laboratory Systems, Gamirror Games"
4667,Doble Punch Games
4668,Force Of Habit
4669,Veslo Games
4670,"Greenlight Games, Black Smoke Studios"
4671,Pd Design Studio
4672,Metalladlerstudio
4673,Lynx Studios
4674,Vextro
4675,Ipei_Retland
4676,Spicy Horse Games
4677,Stephane Bottin
4678,Rocket Game
4679,I Commissioned Some Series
4680,Arakuma Studio
4681,Charles Games
4682,Krupinskiart
4683,Daisu Games
4684,Outpost Games Inc.
4685,Tab Games
4686,Michael Rfdshir
4687,Bit Paradigm
4688,Penny Ghost Studios Llc
4689,Herolabs
4690,"2P Games, Orca Layout"
4691,Imaiina
4692,"Primate Games Co., Ltd."
4693,Ufo Interactive Games
4694,Daniel George
4695,U24 Solutions
4696,"Prometheus Vision Technology Co., Ltd."
4697,Ravesta Games
4698,G. A. Williams
4699,Game Ol Gmbh
4700,Plazsoft
4701,Yai Gameworks
4702,The Station Game Ltd
4703,Erm...
4704,Phung Games
4705,Mutant Realm Entertainment
4706,Destined Team
4707,"The Arcade Crew, Ce-Asia"
4708,Starknow
4709,Cuveet Story
4710,Gino Di Pierro
4711,Eclipse Games
4712,Game Museum
4713,Dk Game Dev Ltda
4714,Retro Affect
4715,Asset Flip Studio
4716,Anarchy Enterprises
4717,Flo Knödl
4718,Shuffle Up Games
4719,Bluefirearts_Dev
4720,"Revival Productions, Llc"
4721,Indiegiant
4722,Gato Studio
4723,Mature Games
4724,Polydigital
4725,Skyreacher Entertainment
4726,Wang Wenxi
4727,Adam Delease
4728,Mmmmmoko
4729,青衣工作室
4730,"Sektahouse, Bright Gambit"
4731,Cool Turtle Games
4732,Ammonite Design Studios Ltd
4733,Joy Everafter Stories
4734,Rock And Roll Gas Station Games
4735,Jumping Ram
4736,Shoho Games
4737,"Somber Pixel, Indienova"
4738,"Room6, Yokaze"
4739,Aldorlea
4740,Knight Division Games
4741,"Ken Henson, Tom Motz"
4742,Benzoft
4743,Faith Studio
4744,Ink Stories
4745,Xdenny
4746,Jaja City
4747,Damian Sommer
4748,Monster Bath Studios Inc.
4749,Yume Creations
4750,Vincent Lade
4751,"Assemble Entertainment, Sidekick Publishing"
4752,Quantum Lion Labs
4753,Refreshertowel Games
4754,Dovetail Games - Trains
4755,Psy Labs
4756,Nlb Project
4757,Buddy Productions Gmbh
4758,"Lka, Wired Productions"
4759,Dexter Team Games
4760,Maxint Llc
4761,11Sheep
4762,Skmaestro
4763,Incognito Interactive
4764,Gabsee
4765,"Leonard Menchiari, Tfl Studios"
4766,Negafish
4767,Trafala Games®
4768,Fifth One
4769,Lp Game
4770,Inventive Dingo
4771,Team Indev
4772,James K. Isaac
4773,Frozen Dungeon
4774,羲和工作室
4775,Netgame
4776,Bug Inventors
4777,Steven Colling
4778,Skymarch Entertainment
4779,Ju Cai
4780,红门游戏工作室(Reddoorstudio)
4781,Snow Day Software
4782,Jbostudios
4783,Zeros
4784,David Williamson
4785,Dangerousbob Studio Llc
4786,Daminggede
4787,Whale Rock Games
4788,Weappy Studio
4789,The Body Vr Llc
4790,Teamcoil
4791,Netcore Games
4792,Quantum Phoenix Bucharest
4793,David Kaleta
4794,Night Stroll Studio
4795,Gamepadable
4796,Marafigo Games
4797,"Popcap Games, Inc."
4798,Realitybeholder
4799,B2Expand
4800,Vecfour Digital
4801,"Clapperheads, Storymode"
4802,Garage Studios
4803,Izhard
4804,Fossettgaming
4805,Chii The Cat
4806,Funplus International Ag
4807,Kevthedev
4808,Kruger & Flint Productions
4809,Jace Masula
4810,Clickgames
4811,Metaware
4812,Siege Games
4813,Digital Mosaic Games
4814,"Iv Productions, Trinity Team Srl"
4815,Giraffe Cat
4816,Silk Softworks
4817,Turtle Juice
4818,Sigyaad Team
4819,Nabil Mansour
4820,Starinfidel
4821,Basti Games
4822,Basilisk Games
4823,Gamedust
4824,Saber Interactive
4825,"Big Cube Interactive, Llc"
4826,Feenicks
4827,Strelitziagames
4828,Ptl
4829,"Fm Simple Games Studio, Sons Of Welder"
4830,4 Buddies
4831,"Lw.C, Fawngame"
4832,莞爾の草
4833,Immersive Vr Education Ltd.
4834,Hexage
4835,Sólfar Studios
4836,Airstrafe Interactive
4837,Rockgames
4838,Paper Dog
4839,Dopplerfrog
4840,Zojoi
4841,Double Fine Presents
4842,Veratrum
4843,"Bigmoon Entertainment, Ravenscourt"
4844,Soloq
4845,Theory Georgiou
4846,Steelpan Interactive
4847,Jasozz Games
4848,Red Limb Studio
4849,Avalon Studios
4850,Nikita Markin
4851,Delirium Tremens Games
4852,High Tower Entertainment
4853,Plush Productions Llc
4854,Frosted Fears Game Studios
4855,Gushi Games
4856,"无忧传媒, 指间宇宙"
4857,Movavi Software
4858,Bootsnake Games
4859,Hamsters Gaming
4860,Wolfdog Interactive
4861,Winterspring Games
4862,Start Warp
4863,Red Beat
4864,"Sticks &Amp; Stones, Breda University Of Applied Sciences"
4865,摸鱼游戏
4866,Karpopper
4867,Freemind S.A.
4868,Midnight City
4869,Maxybom
4870,Electrical Eagle Studio Ltd
4871,Stately Snail
4872,Soothsayer Games
4873,Kenney
4874,Aydy
4875,Wulum Ltd
4876,"Playway S.A., Play2Chill S.A."
4877,Glass Kettle Games
4878,Minidevs
4879,Www.Spellbook.Com
4880,"Seaborgium Entertainment, Khukhrovr"
4881,Trophy Games Aps
4882,Peatfire Games
4883,Liu Lidan
4884,Oracle And Bone
4885,Netgame Inc
4886,Pixellore Inc
4887,Phantom Projekts
4888,Switchblade Monkeys Entertainment
4889,"Gray Unit, Juggernaut Entertainment"
4890,Grid Sage Games
4891,Gray Boss
4892,宁德动游网络科技有限公司
4893,Frostpetal Studio
4894,Demonsomnia Team
4895,Subspace Continuum
4896,Rooted Concepts
4897,Prothos
4898,Matthew Vandevander
4899,Azgames
4900,Zeroscale
4901,Cosmi/Valusoft
4902,Adlai Glass
4903,Virtual Arts Studio
4904,Choice Of Games
4905,Gamesforgames
4906,Kwing Works
4907,Samuvt2
4908,Time To Kill
4909,Plasticity Games
4910,Galaxyverse
4911,Kibou
4912,"X-Legend Entertainment Co., Ltd."
4913,Frozenlab
4914,Daniel Benmergui
4915,Gtgd
4916,"Alzan Studios, Llc"
4917,Xu Ting
4918,Mrdoth
4919,346Lab Localization
4920,Bandai Namco Entertainment America Inc.
4921,Shark Punch
4922,Mystic Box
4923,501 Industries
4924,Zhongce Games
4925,Rpn Indie Developer
4926,Massive Corporation Game Studios
4927,Bit Toys
4928,Poking Water Games
4929,Wild Ox Studios
4930,"Digital Crafter, Light Of Creators"
4931,Deep State Games
4932,Playsys
4933,Mizrab
4934,"Yulia Games, Flashlight Games"
4935,No One Studios
4936,Psmint7
4937,"Fm Simple Games Studio, Sons Of Welde"
4938,Cantaloupe Kids
4939,Shortbreak Studios S.C.
4940,Yeaboing
4941,Refinery Games
4942,Interactive Stone
4943,Tacs Games Ltd.
4944,Dungeonman Studios
4945,Treplacon Studio
4946,Achenar Studios
4947,Butterscotch Shenanigans
4948,Avvanextgen
4949,011 Games
4950,Dmm Games
4951,Russpuppy
4952,Imperium Interactive Entertainment Limited
4953,Variable State
4954,Badland Publishing
4955,Jonathan Brassaud
4956,Damian Schloter
4957,"Liica, Inc."
4958,"Wanba Studio, Wave Games"
4959,Sailingstudio
4960,Flying Mollusk
4961,Jyamma Games
4962,Five Studios Interactive
4963,"Destructive Creations, Dmm Games - Asia"
4964,"Klockworks, Clairstyler"
4965,Anchor Inc.
4966,Axel Sonic
4967,Poison Dart Frog
4968,Agiriko
4969,Split Light Studio
4970,"Idea Factory International, Inc."
4971,Kelarly
4972,Perchang
4973,"Ifaction Studio, Bobo Games"
4974,Borzon Studios
4975,Reborn Entertainment
4976,Fading Club
4977,"Unexpected, Fondgame"
4978,Almost Done Games
4979,Jonas Dall
4980,Actura Studios
4981,Sophisticated Keppana Enjoyers
4982,Tamashii
4983,Utopia Game
4984,Vibedy
4985,Bomb Shelter Games
4986,"Rocket Smash Games, Editions Rsg"
4987,Parallel 45 Games
4988,Goosix Games
4989,Happy213
4990,Adrien Dittrick
4991,Screenhit Studios
4992,Explosive Squat Games
4993,Lavaboots Studios
4994,Ludomotion
4995,Dustfade
4996,A3D Studio (Solo Developer)
4997,Paul Miell
4998,Mad Virtual Reality Studio
4999,Michal Kruba
5000,Goodline Games
5001,"Disney, Nighthawk Interactive"
5002,Alexey 'Cptnsigh'
5003,Finn Sinclair
5004,Olderbytes
5005,Greathergames
5006,Bagodev Llc
5007,Hataikeda
5008,Dna Army Gaming
5009,"Fawngame , Milk Bottle Studio"
5010,"Garage 5, Kurki.Games"
5011,White Ink
5012,"Well Played Studio, Inc"
5013,Hero Games
5014,"Twisted Pixel Games, Xbox Game Studios"
5015,Thegrandestine
5016,Space Boat Studios
5017,Carebot Games
5018,Haruneko Entertainment
5019,Mountain Sheep
5020,Creative Liberties
5021,Blackridge Entertainment
5022,"Luke Dodds, Midnight Forge Ltd"
5023,"Blueside, Incredi Soft"
5024,Hirabbitgame
5025,Scarecrow Arts
5026,Interintellectus Nfp
5027,Nibb Games
5028,Youzu(Singapore)Pte.Ltd.
5029,Zugalu Entertainment
5030,Saikey Studios
5031,Niel Widy
5032,"Hamster On Coke Games, Maciej Targoni"
5033,Kisareth Studios
5034,Metthink Universe
5035,Overflow
5036,Isaac Andrews
5037,Noto Muteki
5038,"Sunscorched Studios, Dark Product"
5039,"Untold Tales, Qubicgames"
5040,Crazyant
5041,杭州分浪网络科技有限公司
5042,Retro Game Crunch
5043,Format Lib: /S
5044,Lawliet
5045,Brenntkopf Studio Publishing
5046,Coolrabbit Games
5047,"G-G-Games, G. Gambrel"
5048,Time Ajar
5049,Void Ink
5050,Brain&Brain
5051,Rebellious Software
5052,Zanardi And Liza
5053,Moczan
5054,Cartoon Network Games
5055,Fraser K
5056,Mirari&Co.
5057,Flick Comp Gmbh
5058,Cat In A Jar Games
5059,Lory Games
5060,Microchelik5000
5061,Marvelsushi
5062,Stealth.Gg
5063,Clockwork Bird
5064,Squeaky Wheel Studio Inc
5065,Doped Games
5066,2Xdal
5067,Bad Seed
5068,Vadim Slyusarev
5069,Beshbarmak Games
5070,Falcon Development
5071,Misoge Inc.
5072,Cascha Games
5073,"Madnetic Games, Playway S.A."
5074,Jollypunch Games
5075,Lineindevs
5076,Pewter Games Studios
5077,
5078,Mana Games
5079,枝江幻想社
5080,Arcsteel Games
5081,"Goblinz Publishing, Fractale"
5082,Jinvira
5083,Kaser Studio
5084,Bludgeonsoft
5085,Indicava Interactive
5086,Ebi-Hime
5087,Skull Splitter Studios
5088,Element Studio
5089,Bionic Ape
5090,Little Chair
5091,Prineside
5092,Binary Brew Studios
5093,David Mulder
5094,Ttk
5095,Idea Cabin
5096,Yunus Emre Aydar
5097,Samcolserra
5098,"Fatbot Games, S. R. O."
5099,Kigyodev
5100,Knife Edge Software
5101,Phanom Games
5102,Jam J
5103,Pony
5104,Insgames Limited
5105,Zeruk Studios
5106,Johann Stoltz
5107,Spacefarer Games Ltd
5108,Double Eggs
5109,Hesketh Studios Ltd
5110,Kioop
5111,Work Shift Play Inc.
5112,Godmode Interactive
5113,Weird Johnny Studio
5114,Zix Solutions
5115,Bydandans
5116,Lyaaaaa Games
5117,Sylvain Harlaut
5118,Colestia
5119,Panguojun
5120,"Ragnarok Game, Llc"
5121,Icehelm
5122,Kiyummi Games
5123,Play Spirit Limited
5124,Truegames
5125,Horrific Incorporation
5126,"Ultimate Publishing, Wildlands Interactive"
5127,Portal Entertainment
5128,Minus2
5129,"Hamumu Games, Inc."
5130,Pelikan13
5131,"Kamitsubaki Studio, Studio Lalala"
5132,Lionmoon Ug
5133,Silverlode Interactive
5134,Caio Flavio
5135,Two Kings 22
5136,Fortell Games
5137,Dragon Vein Studios
5138,Final Boss Entertainment
5139,No Gravity Games
5140,Gallinagames
5141,Brian Cronin
5142,Ln404
5143,Kormishenkov Anton
5144,Easy Joy Ltd.
5145,Zhang Fan
5146,Bushiroad Inc.
5147,Byting Games
5148,False Prophet
5149,Dululu工作室
5150,Headup Publishing
5151,Jessie Carter
5152,Games And Company
5153,852話
5154,Namnorm
5155,Superstatic
5156,"Ultimate Games S.A., Gaming Factory"
5157,Vrkiwi
5158,Meer'S
5159,Charles Cochrane
5160,Tender Claws
5161,"Dune Clockidy, Tiger Studios"
5162,"Snood, Llc"
5163,Shiravune
5164,Kaigan Games Oü
5165,Big Head Games Ltd
5166,心流工作室（Heart Stream Studio）
5167,Alejandro Hernández Ferrero
5168,Lost Astronaut Studios
5169,Pauloondra
5170,Rock Crow
5171,Hammer Labs
5172,Orlyapps
5173,Holospark
5174,Star Seeker Ltd
5175,Vencious Games
5176,Amrita
5177,Apus Software
5178,Gamesfromtheotherside
5179,Little Big Mmo
5180,Snowdon Games
5181,Ccs
5182,Shadow Gengis
5183,Dbs Dev
5184,Surreal Games
5185,Wanech
5186,Netker Inc.
5187,Mikethetech
5188,2Play
5189,Ares Dragonis
5190,Vlad Cristian
5191,Stanley Lam
5192,Military Operations
5193,"Somi, Indienova"
5194,Tian Da Hai
5195,上海润梦网络科技有限公司
5196,Randombeats Music
5197,Red Nettle Studio
5198,Daniel Gelber
5199,Yiming
5200,Xperimentalz Games
5201,Nick Helweg
5202,Iurii Coseacov
5203,Camlann Games
5204,Games For Humans
5205,Wzogi
5206,"Top Hat Studios, Inc."
5207,3000Ad
5208,Höganäs Spel
5209,4Co
5210,Capitanos
5211,Starbreeze Publishing Ab
5212,Catland
5213,Sienture
5214,Cmdr Publishing
5215,Sln
5216,Patagoniart
5217,Clecota Games
5218,Capky Games
5219,Mercator
5220,Turbo Pixel Studios
5221,Vidygames
5222,"Lofty Sky Entertainment Inc., Esdigital Games"
5223,Gestalt-§
5224,Terad Games
5225,Hyperparadise
5226,Thunder Clap
5227,Chimplabs
5228,Iv Productions
5229,Pid Games
5230,Terunon'S Lab
5231,"火花工作室, 钢爪工作室"
5232,Breakfall
5233,Rotorist Workshop
5234,Ducats Games Studio
5235,New Idea Games
5236,Orata Studio
5237,Perfect Garbage
5238,Pixeltales.Ru
5239,Alexander Voidoc
5240,Lioncode Games
5241,Level 99 Games
5242,2Nddimensionghost
5243,"Sad Horse Studio, Pleasant Rain Ltd"
5244,Phun Peeticharoenthum
5245,"Kasedo Games, Maple Whispering Limited"
5246,Curious Panda Games
5247,June
5248,Oppressive Games
5249,Martin Games
5250,Maximum Games
5251,Daon Games
5252,Nhtv Breda University Of Applied Sciences
5253,Cobra Byte Digital
5254,Jungle Game Lab
5255,"Serenity Forge, Gratesca"
5256,Brettpenzer123
5257,Kelint
5258,Fish Eagle
5259,"Grabthegames, Whispergames"
5260,Studio Hamlin
5261,Cadenza Interactive
5262,Axing
5263,David Price
5264,Erabit
5265,Toast Interactive
5266,Lost Sock Studio
5267,Madbox Entertainment
5268,Sungazer Software Llc
5269,Alpha Strike Games Limited
5270,Kovalevviktor
5271,Lafterburn Studios
5272,Zandel Media
5273,"Fishing Cactus, Pid Games, 2Pgames"
5274,Sheer Studios
5275,Fullmetal Developer
5276,Heart Core
5277,Gametrust Games
5278,Sourcein Games
5279,Quikgames
5280,Luciano Irrthum
5281,"Mika Mobile, Inc."
5282,Combat Cat Studio
5283,Metal Dragon Studio
5284,Majic Jungle
5285,Crew Studio Krüger Ug
5286,Melpya
5287,Chaos Group Games
5288,Goatdragonstudio
5289,Ethel Chamomile
5290,Asus Global Pte. Ltd
5291,Álvaro García (Binarynonsense)
5292,Sierra Lee
5293,Keystone Knight
5294,"Act 3 Games, Llc"
5295,东方幕华祭制作组
5296,Bandai Namco Europe S.A.S.
5297,Steel Arts
5298,"Wayforward, Arc System Works"
5299,Kumilgames
5300,Spicytails
5301,Active Sun Games
5302,Nucleosys
5303,Sosad
5304,Emre Bulut
5305,Miscellaneum Studios
5306,Handle Chaos
5307,A Guilda
5308,Eric Baskin
5309,Intrepid Marmot
5310,赣州怡玩文化传媒有限公司
5311,Mewton Games
5312,Axis Games
5313,"Thunderful Publishing, Mixtvision"
5314,Parallel Circles
5315,Shellpeach
5316,Neighborhood Games
5317,Studio Christmas
5318,Christopher Chang
5319,Royal Plus Games &Amp; Entertainment
5320,Mountain Bird
5321,Aero Games
5322,Inpatience
5323,Enlight Software Limited
5324,Träumendes Mädchen
5325,Dream Of Omnimaga
5326,Ninja Theory
5327,Kiary Games
5328,Iphigames
5329,Raum Studio
5330,Onbi
5331,"Retroism, Enlight Software Limited"
5332,Raw Lion Workshop
5333,Shadowbrain Games
5334,Flat 47 Productions
5335,咕咕制作组
5336,Morningstar Game Studio
5337,Flix Interactive
5338,Abylight Studios
5339,Three Jacks
5340,Reallybadoldgamessorry
5341,Pan Shen
5342,"Skydance Games, Paramount Games"
5343,Agoge Studios
5344,Sergey Domashenkin
5345,"Flyway Games, Inc., Krafton, Inc."
5346,Old Skool Games
5347,Supernice
5348,Wildlife Studios
5349,Ransol Studio
5350,Tâm Nguyên
5351,"Cinemax, S.R.O."
5352,Cartoon Game
5353,Kiepska Spółka
5354,"Thq Nordic, Eurovideo Medien"
5355,Malicious Tree Games
5356,Timothy Geddes
5357,Mastery Vr
5358,Cupana Games
5359,Holo Games
5360,Heather Flowers
5361,Entwicklerx
5362,Loren
5363,Utopia Dream Entertainment Alliance (Pty) Ltd - South Africa
5364,Nine Dots Publishing
5365,梵天游戏
5366,Vasyl Zadorozhnyi
5367,Eric Laflamme
5368,Hypersect
5369,Scumhead
5370,Alterverse Inc.
5371,Fasaria World
5372,Rainbow Goats Studio
5373,Alliance
5374,Tumsi Creative
5375,Lukas Navratil
5376,Crothers Games
5377,Mosquito Cocktail Ltd
5378,迷糊的安安
5379,Egor Rezenov
5380,"Happytall Game, Mecrew Games"
5381,"Epicdream Games, 优酷视频"
5382,Codebase Uab
5383,Gamework Studios
5384,"D3Publisher Of America, Inc."
5385,Znt Productions
5386,Storyforge Games
5387,Bbq Games
5388,Defroids
5389,Surprising Studio
5390,Pixel Vs Pixel
5391,Soft Knight Studios
5392,Jery
5393,"Xyak-Xyak, Ducat"
5394,Ludocraft Ltd.
5395,Blaze Worlds
5396,Quad-Games
5397,拾光创梦
5398,Russian Implant Games
5399,"Playway S.A., Polyslash"
5400,Essence Ltd.
5401,Justin Gourley
5402,Okonnaya Rama
5403,Light Games
5404,Shentzu Games
5405,"Enemby Games, Fractured Mind"
5406,Dadako
5407,Ida Games
5408,"Joshua Linscott, 1122 Industries"
5409,Dimensionless Games
5410,Cassandra Wang
5411,Gamenet
5412,Good Mood Games
5413,Loopymood
5414,Vikintor Interactive
5415,Mongo Game Studio
5416,Singleton Foundation For Financial Literacy And Entrepreneurship
5417,Punkcake Délicieux
5418,One Hamsa
5419,Vector Interactive Pty Ltd
5420,Dtda Games
5421,Twintertainment
5422,Lucas Inojosa
5423,Vutune
5424,Kimidori Soft
5425,Joymoe Interactive Entertainment Limited
5426,"Indie.Io, Gamersky Games"
5427,星火工造
5428,Hidden People Club
5429,Ltdr
5430,Famous Dogg Studios
5431,"Pillow Fight, Exothermic"
5432,Andylaw
5433,"Studio Sai, Kepler Ghost"
5434,Mommy'S Best Games
5435,Codrin Bradea
5436,Falcon Games
5437,Subsoap
5438,"+Mpact Games, Llc."
5439,Giant Grey
5440,Grundislav Games
5441,Her Interactive
5442,"Golden Dog Interactive, Sas"
5443,Igrodelsky
5444,Klapanom Games
5445,Medusasgame
5446,Unknown Origin Games Inc
5447,Sunken Eyes Games
5448,Shawn Beck
5449,Xiaocai_Test
5450,The Vanished Moths
5451,Shiinayashiro
5452,Acgdt
5453,...
5454,Woolly Walrus Games
5455,Damulchi
5456,Razar S.R.O.
5457,"Team D-13, Bigmode"
5458,Biggety Boss Games
5459,"Drone Champions League, Thq Nordic"
5460,Cowleyfornia Studios
5461,Manuel Schenk Games
5462,Alkonost Team
5463,Qj
5464,Paddle Creek Games
5465,Liminal Logic
5466,Knarl Studio
5467,Bucketplay.Inc
5468,Kiemura Ltd
5469,"Ziggurat, 612 Games"
5470,Arzola'S
5471,Rubeki Games
5472,Squiggly Games
5473,Wicked Studios
5474,Klace
5475,Katapult
5476,Aaron Steed
5477,Monkey Wizard Entertainment
5478,Aventurine
5479,Aneagames
5480,Mobx Gmbh
5481,Paper Games
5482,Gravity
5483,Wano
5484,Acegamer Network
5485,Kiki Games
5486,Bawu Team
5487,No More Sleep
5488,M0R Studio
5489,Npms(Number Personal Model Studio)
5490,Meyer Games
5491,Sedoc Llc
5492,Hyperion Studio Limited
5493,"Litmus Co., Ltd."
5494,Helium9 Games
5495,Vectorpark
5496,Hellbent Games
5497,"Jampacked Games, Gamersky Games"
5498,Olipa Games
5499,Real Welders
5500,Mousechief
5501,Twisted Universe
5502,"Pqube, Acquire Corp."
5503,Yellowduckworks
5504,"Historysoft, Llc"
5505,Gfi
5506,Blankhans
5507,Studio Drydock Pty Ltd
5508,Snow Cannon Games
5509,Np_Conpany
5510,Kgs
5511,Sylvestrina
5512,Phosfiend Systems
5513,Eric Thullen
5514,Orange Lutheran High School Game Development Club
5515,えいえいっ! 怒った?
5516,Accelerate Games
5517,Namatakahashi
5518,Starship Studio
5519,Zakroutil
5520,Riftbreak Software
5521,Adi Zhavo
5522,Lemma Arts
5523,Ithiro Sumi
5524,Mermaid Vr Inc.
5525,Girlsoul
5526,Fdd Studio
5527,Matt Sowards Games
5528,Realpeach
5529,Pixel Perfect Dude
5530,Robert Weaver
5531,Aerilon Studios
5532,Akpublish
5533,Bruno Freitas
5534,Kexboy
5535,Full Hearts Games
5536,Trial By Fire Games
5537,Goblinz Publishing
5538,Energy Milk
5539,Merxon22
5540,Iam8Bit Presents
5541,Stephen Scott Day
5542,Kotori Studios Ltd
5543,Synetic
5544,"Dreadlocks Mobile, Silicon Jelly"
5545,"Aydream Co., Ltd."
5546,11Planning
5547,都要恰饭的
5548,Louys Inc
5549,Ali Kaan Başhan
5550,Vogelfänger
5551,Spicy Horse
5552,Tiny Crow Games
5553,Second Pass Studios
5554,Noface工作室
5555,Exbots
5556,Carbontea
5557,Amaranth Games
5558,"Bandage And Go Studio, Fawngame"
5559,Nemesys Games
5560,Wobbl3 Entertainment Llc
5561,N.Indies
5562,Green Sauce Games
5563,Dragonfire Studios
5564,Lost Decade Games
5565,Petums
5566,A327Ex
5567,Jjs Games
5568,"Saturn Vr , Nipsapp Gaming Software"
5569,Marjupi Games
5570,"Star Drifters, Surefire.Games"
5571,Vertical Skull Games
5572,"Double Door Games, Breda University Of Applied Sciences"
5573,Funny Games
5574,Loria
5575,Wilkin Games
5576,Chillax Games Studio
5577,Ste'S Project
5578,Artur Smiarowski
5579,Xitilon
5580,Tolga Ay
5581,Alexander Gromyko
5582,"Triverske, Excalibur Publishing"
5583,Rmking
5584,Furtive Games
5585,Alice & Smith
5586,"Dear Villagers, Gamersky Games"
5587,Yo_Serjio
5588,Sharf Co.
5589,Hangover Cat Purrroduction
5590,Ff Digital
5591,Pixanna
5592,Gentlemen In Tuxedos
5593,"Gaming Factory, 4Divinity, Beep Japan Inc."
5594,夜喵
5595,Bitlife
5596,Neon Tales
5597,Ipbuilders
5598,Emsroy
5599,Kabloom Interactive
5600,Kurowarellc
5601,Roppy Chop Studios
5602,Otakumaker.Com
5603,Rocket Cola Studio
5604,Hqgames
5605,Fusen Studio
5606,Pgwave
5607,Rational Social Projects Limited
5608,The Hidden Levels
5609,Flight Project
5610,Sebasa Games
5611,Digipotato
5612,Heartbit Interactive
5613,Rafael Ben-Ari
5614,Terminal Press
5615,Snoddasmannen
5616,The Binary Mill
5617,Failoutgames
5618,Giant Fox Studios
5619,Portcullis Enterprises
5620,Casual Labs
5621,Nekonyan Ltd.
5622,Marcos S Junqueira
5623,Writegg
5624,Ancient War Studios
5625,Couchfox Games
5626,Trc Dmi
5627,Dreamz Studio
5628,Instytut Pamięci Narodowej
5629,4P0 Informatica
5630,Delta Video Games
5631,Team B.R.O.S.
5632,Angry Rabbit Studios
5633,Funghisoft
5634,Elvio Lujan
5635,Anneka Tran
5636,Chumbosoft Llc
5637,"Lucid Sight, Inc."
5638,Oleg Shestoperov
5639,"Black Chicken Studios, Inc."
5640,Playito.Com
5641,Heartbeast
5642,Mindthunk
5643,Materik Ab
5644,Nyu Media
5645,Rainysoft
5646,"Ysbryd Games, Whispergames"
5647,3Dm_Live_Wallpapers
5648,Pixel Purrfect
5649,Bitten Toast Games Inc.
5650,Atypical Games
5651,Dismal Studios
5652,Golden Game Barn
5653,One More Level
5654,Pencil
5655,Jakal Studios
5656,Codapill
5657,Kyle'S Garage
5658,Smunty Studios
5659,Sweet Dog Studios
5660,Endice Software
5661,Live Wire
5662,At-At Games
5663,J. A. Davies
5664,Bi Kun
5665,Metaverse
5666,Hypersloth
5667,Kaio Meris
5668,Spaces Of Play Ug
5669,Orphic Software
5670,S-Court
5671,Il Pleut
5672,Tragico Media
5673,Playing With Color
5674,Upjers Gmbh
5675,Klykbelki
5676,Mischief & Mayhem Studios
5677,Azuma Soft
5678,"Yuliy Oneshko, S-Grade"
5679,Digital Fossil
5680,The Voices Games
5681,Punx Studios
5682,Projectquestnotes
5683,Fred Wood
5684,Antifreeze Games
5685,可能变不可能
5686,Mindquota.Com
5687,Tribus Games Indie
5688,Nippos Studios
5689,Great Publisher
5690,Badwolf Games
5691,Magic Design Studios
5692,Filip Eriksson
5693,Ikigai
5694,"Wxp Games, Llc"
5695,"方块游戏(Cubegame), Gamirror Games"
5696,Homebearstudio
5697,Fast Turtle Games
5698,Foolish Mortals Games
5699,"Dirty Bird Games, Llc"
5700,Cobley Games
5701,Helios Studio
5702,Foolsroom
5703,Starwind Games
5704,Immersive Vr Education
5705,Jamesgamesnz
5706,Lucid Publishing Ltd
5707,Uruca Game Studio
5708,Viabo Games
5709,Kassanity
5710,Directdoggo
5711,Master Indie
5712,Vinci Games
5713,Onetale Gamez
5714,Insane Dreamers
5715,Digital Geckos
5716,Alessandro Roberti
5717,Team Meat
5718,Coaguco Industries
5719,Splint Games
5720,Heekdevelopment
5721,Chadder Studios
5722,Phony Game Studios
5723,Lost Tower Games
5724,Playbrains
5725,Magicbane
5726,Not Doppler
5727,Crow Bar
5728,Kaishan
5729,Timushev Vladimir
5730,Kuyou Games
5731,L Twigger
5732,Creative Vr3D
5733,Laurasia Chronicle
5734,Afiq Suradi
5735,Nobody Gg
5736,Unicore Games Studios
5737,Ghost_Rus Games
5738,Sixsense Studios
5739,The Bratans
5740,Rdein
5741,Vrt
5742,Triple Rush Games
5743,Dad Hat Games
5744,Dire Quoll
5745,Viperante
5746,景秀游戏
5747,Sketchbook Games
5748,"Btrain Studio, Electronic Sheep Games, Velcrest Games"
5749,Vittgen Inc.
5750,Selenion Games
5751,"Playway S.A., Gameparic"
5752,Jack G
5753,Alioth
5754,Synthesis Universe
5755,"Ug Virtual Reality Technology Co.,Ltd."
5756,Polytale Games
5757,Fight The Landlord Studio
5758,Estúdio Vaca Roxa
5759,Bret Swearengen
5760,Brave Bunny
5761,Magicbenchvn
5762,White Rabbit Games
5763,Darya Noghani
5764,Hailiyou
5765,314 Arts
5766,Lance Games
5767,"Gocore, Npc Entertainment"
5768,Gamesforfarm
5769,Sideby Interactive
5770,Priority Interrupt
5771,章鱼罐头制作组
5772,Manic Hyena
5773,Volutian Design
5774,"2P Games, Phosepo"
5775,Headware Games
5776,Mediatonic
5777,Skip Stone Studios
5778,Cblck
5779,Falltrand L.W.
5780,Dry Licorice
5781,Marco Tancredi
5782,African Boy Keita Studio
5783,R J L Jones
5784,Gamenesis
5785,Pantaloon
5786,"Nicalis, Inc., Hound Picked Games"
5787,Dennis Gallant
5788,风魔工作室
5789,Evan Lowery
5790,Qubyte Interactive
5791,Id Card
5792,Project Polish Productions
5793,Balloonsgame
5794,Neil Gilbert Gallardo
5795,Zqz
5796,Mitchware Games
5797,小闲
5798,Digi Mask Games
5799,Mad Jackal Games
5800,"Quicksilver Software, Inc."
5801,Woo Foo Games
5802,Sherman3D
5803,Monticube
5804,Joongwon Games
5805,Rz Entertainment
5806,Fossil
5807,"Flat Lab, Gamersky Games"
5808,Citeremis Inc.
5809,Crazypotato Studio
5810,Josh Hill
5811,Boomzap Inc
5812,Raresloth
5813,"Xendra, Erabit"
5814,Wgi Gaming
5815,Anemoessa
5816,Kitsune Estudios Ltda
5817,Soulwarmers Games
5818,Gambridzy
5819,Rotten Apple Games
5820,Toheroes Game Studios Llc
5821,Fireblade Software
5822,Xu
5823,East2West Games
5824,Mas
5825,Spleen
5826,"Game Logic Studio, Paras Games"
5827,Medis Media
5828,Everlasting Games
5829,Big Trouble
5830,Sunfleck Software
5831,Nordic Empire Games
5832,Mastertronic
5833,青思游戏
5834,Onigiristudio
5835,"Plug In Digital, Dear Villagers"
5836,Bpp
5837,Daniel Snow
5838,"Culture Select, Mangagamer"
5839,Aksys Games
5840,Ambiera
5841,Degica
5842,Ungame Productor
5843,Nacks Soft
5844,Agustin Vuelta
5845,Manie Solutions Ug
5846,Tenebris Studio
5847,Niels Bauer Games
5848,3Dvisual
5849,Keybol
5850,Starwraith 3D Games Llc
5851,Fluke Games
5852,Ondrej Homola
5853,Dystopia Game Studio
5854,Spyridon Thalassinos
5855,无
5856,Bartek Karczmarczyk
5857,Devil Beetle Games
5858,Drageus Games S.A.
5859,So Ro
5860,Hypnos Games
5861,Brave At Night
5862,Aad Games
5863,Pixelity Inc.
5864,New Bridge Games
5865,"Warrior General Games, Llc"
5866,Retrostyle Games
5867,Foreign Gnomes
5868,"Suzhou Dayu Network Technology Co., Ltd., 蘇州大禹網絡科技有限公司, 苏州大禹网络科技有限公司"
5869,322 Games
5870,Emptyfridge
5871,Tactical Penguin
5872,Kavkaz Sila Games
5873,Hardy Games
5874,Patrones & Escondites
5875,"Creativeforge Games, Vincennes Group"
5876,Airem
5877,Euro Games Studio (Esp)
5878,Gaco Games
5879,Matheus Reis
5880,Subsim
5881,Blank Dream Studios
5882,Insomnia Bear
5883,Rpg Adventures
5884,Peatyturf
5885,Deep Sea Cat
5886,Le Studio Des Ténèbres
5887,Neojac Entertainment Inc.
5888,Light Of Creators
5889,Winter Wolves
5890,Siren Heart Studios
5891,"Aako Inc, Otter Club"
5892,"Jan Place Jakobsen, Kristoffer Juel Friis, Jonas Skjønnemann, Ignacy Grabowski"
5893,Nightmare Studios
5894,Three Guys Game Studio
5895,Game Factory Interactive
5896,Lisa Voronova
5897,Jachun Digital
5898,"Kiwiforge, Timothy Vincent"
5899,Igindisgames
5900,Svajūnas Žemaitis
5901,Playables
5902,Dreamloop Games
5903,Self
5904,Hexgamestudio
5905,Semidome Inc.
5906,751 Games
5907,Paper Crown Studio
5908,"Caligari Games, Whispergames"
5909,"Bill'S Game, Guangxi Xin Shang Mdt Infotech"
5910,Gnarled Scar Manipulations
5911,White Rabbit Interactive
5912,Occupational Hazard
5913,Huge Robot
5914,"Dragon Foundry, Hashbang Games"
5915,Raster_Entertainment
5916,D.D.Dog
5917,Oslo Albet
5918,吃了就睡工作室
5919,Cryptomnesic
5920,Free Range Games
5921,City Interactive S.A.
5922,Lucky Frame
5923,Narriflux
5924,Hyper Games
5925,Kinmoku
5926,Nekki Gmbh
5927,Just Sauce Studio
5928,Rainydollgames
5929,"Encurio, Rok Entertainment"
5930,炉火绘题本
5931,Joshua Curtis
5932,Noham Games
5933,Daisy Games
5934,Trinitybj
5935,Shadowblade Games
5936,Ilya Shepelev
5937,New Worlds Games
5938,3Dclouds
5939,多年以后的卡米拉
5940,Lee Davidson
5941,Avrillionarts
5942,Nivnan
5943,Valkyria Games
5944,Uncasual Games
5945,Pelikan
5946,Smolevn
5947,Mooneye Studios
5948,Schmidt Workshops
5949,Nacho Games
5950,Burgee Media
5951,Dashing Cape
5952,Graphphysical
5953,盛澜互娱
5954,Gocci Studio
5955,Artarproduction
5956,Gameplanet
5957,"Maximum Entertainment, Joystick"
5958,Sp-Time
5959,"Poorly Timed Games, Llc"
5960,"Image Power S.A., Playway S.A."
5961,Gamesinflames
5962,Sordar Studios
5963,Toni Domínguez
5964,Lululu Entertainment
5965,Intense
5966,Harsh Agarwal
5967,Merlino Games
5968,Citizen Z
5969,Abandoned House Studios
5970,"Big Bad Wolf, Inc."
5971,Emmygames
5972,Yun Seven
5973,Skonec Entertainment
5974,Ayyo Games
5975,T_T Games
5976,Psydra Games Llc
5977,Synnergy Circle Games
5978,Allaf Games
5979,Anshar Publishing
5980,Gpac
5981,"東方幕華祭制作组, Starship Studio"
5982,Andrade Games
5983,Kombinat
5984,Garage Heathen
5985,Sc
5986,Avidly Wild Games
5987,Timberwell 本幺
5988,"Dmm Games, Shiravune"
5989,Encryptique
5990,Mpower Games Studio
5991,Cbaz Games
5992,Ninjainatux
5993,"S399Team, Liquid Meow"
5994,7Cats-Team
5995,Live2D Inc.
5996,Afbik Studio
5997,Gavra Games
5998,"Harmonix Music Systems, Inc"
5999,Simplevr.Pro
6000,Doridori Studio
6001,Dreamlike
6002,Whitelakestudio
6003,"Xobermon, Llc"
6004,9Garden
6005,Eroducate
6006,Vampire Squid
6007,Bov
6008,Coolnames
6009,Titangamedev
6010,"Orochi2K, Rmasia"
6011,Culture Attack Studio
6012,Otakumaker Sarl
6013,Bekkerdev Studio
6014,Lumiere Studios
6015,Ambai
6016,Fromlefcourt
6017,Apehardware
6018,Aatlantis Code
6019,Onteca Ltd
6020,Fit Talent Games
6021,Tomlab Games
6022,Vi Game Forge
6023,Goloso Games
6024,Lente
6025,Iron Moose Development
6026,"Ningbo Inception Media Co., Ltd."
6027,Forbidden Oak Games Limited
6028,Bone Nail
6029,Romain Salha
6030,Unlok
6031,Immersed Games
6032,Spacefarer Games
6033,Fun Creators
6034,Ludu Arts
6035,Erosa Games
6036,Visualarts
6037,Vincent Ltd
6038,Dlv Games
6039,Blessing Company
6040,Galactic Workshop
6041,Fluffy Bisons
6042,Noland Studios
6043,Rocket Boy Games
6044,Deilroxentertainment
6045,"Старый Билд, Ducat"
6046,Last Spring
6047,Erbe Software
6048,Andonis Gaja
6049,Line A Cross
6050,Nuchallenger
6051,Miria Studios
6052,N-Game Studios
6053,Tranquility Games
6054,Ogre Head Studio
6055,Kings And Catapults
6056,Notional Games
6057,Sof Studios Ltd
6058,Rhino Games
6059,Senscape
6060,Lekooliatris Games
6061,Crasleen Games
6062,"Major Games, Burnout Game Ventures"
6063,50 Rats Games
6064,Super Awesome Hyper Dimensional Mega Team
6065,Ultimatedesktop
6066,Dotomchi Games Inc.
6067,Quantum Entanglement Games
6068,The Rooster'S Chess
6069,Alivegamestudio
6070,Spotlight By Quantic Dream
6071,Follow The Fun
6072,"Abylight Studios, Gamersky Games"
6073,Jim Offerman
6074,"Joystick Ventures, Beep Japan Inc."
6075,Phalanx
6076,Flox Studios
6077,Vrobot
6078,Farbs
6079,Lemondo Games
6080,Dan & Gary Games
6081,Skyline Studio
6082,Fivemid Studio
6083,Oz
6084,Cowcat
6085,Lkmad
6086,Woodya
6087,Cjbny
6088,Ugly Duckling Games
6089,"Catland, Adjective Animal"
6090,"Dragami Games, Ltd."
6091,Pugware
6092,Seasonbean Team
6093,Kekdot
6094,Objectif 3D
6095,Gamma Ray Chamber
6096,Rumr Design
6097,White Box
6098,Diditopia Games
6099,Fleb
6100,Région Occitanie -  Direction De La Culture Et Du Patrimoine Et Direction Des Systèmes D’Information Et Des Usages Numériques
6101,Finndustries
6102,黒子ラボ
6103,"方块游戏(Cubegame), Pleasant Rain Ltd"
6104,Jt Interactive Entertainment
6105,Cytec Bg Ltd.
6106,Ureasoft
6107,Mudpike
6108,3000Studio
6109,Kunpo Games
6110,Jib Games
6111,Loneminded
6112,Slizer88
6113,Ben Marks Game Studios
6114,Fergus Art
6115,Puzzler
6116,Pixel Chest
6117,Brayang
6118,Rtve
6119,Nuclear Dog Team
6120,Yugkon Union
6121,Torture Star Video
6122,Rumbora Party Games
6123,Hkon
6124,"Derpy Nerd Studios, Zygobot Studios"
6125,Alex
6126,Izanabit
6127,"Orangepixel, Handygames"
6128,Viexi Games
6129,喵鼎工作室
6130,"Kyle Thompson, Top Hat Studios, Inc., H2 Interactive Co., Ltd."
6131,"Kohachi Studio Co., Ltd."
6132,Supine
6133,Flatcoon
6134,Robotronic Games
6135,"Street'S Game, Anarchy Games"
6136,Warshark Games
6137,Manifestors Games Studio
6138,深圳市爱玩游戏科技有限公司
6139,Alekseyn
6140,Shaggy Dwarf
6141,Sun-Studios
6142,"Alvios, Inc."
6143,"Piko Interactive Llc, Bleem.Net"
6144,Hammerhead Vr
6145,Huy Phan
6146,Luois Games
6147,Warptear Entertainment
6148,Future Lighthouse
6149,"Strange Scaffold, Outersloth"
6150,[Untitleddev]
6151,Sigmareels
6152,Bovinosoftware
6153,"あみそ組, Bird`Seye, Paras Games"
6154,It'S A Sidegame
6155,Serkan Çınar
6156,"Liquid Bit, Llc"
6157,Unreal Life Project
6158,Indienova
6159,Smartvr Studio
6160,Walaber Entertainment Llc
6161,Flying Islands Team
6162,Fábio Fontes
6163,"Atom Switch, Inc."
6164,Isaac Lee
6165,Corax_Studios
6166,上海极网工作室
6167,Limitcore.Studio
6168,Broccoli Games
6169,It Student
6170,Crankshaft Games
6171,Esolutions Nordic Ab
6172,Good Games
6173,Magnesium Ninja
6174,Millenium Project Enterprises
6175,Absorbed Studios
6176,Yooper Game Studios Llc
6177,Factus Games
6178,Marplegames
6179,Bytehop Studios
6180,Sam Cohle
6181,Firstborn Games
6182,Goatape
6183,16Bitarena.Com
6184,Gustav
6185,Dark Sky Empire
6186,Taiwan Public Television Service Foundation
6187,Redshift Games
6188,Benjamin Rommel Games
6189,Green Lava Studios
6190,Keplerians
6191,Heat Reborn Dev Team
6192,Science Interactive
6193,Arcade Oven
6194,Rehoga Interactive
6195,Kos Studios
6196,Music Wars
6197,Ocelot
6198,Wrought Interactive
6199,Pwned Studio
6200,Shada Games
6201,Psytec Games Ltd
6202,Kanapagames
6203,Asephy
6204,Starstrike Studios
6205,Msi
6206,3Dinvis Games
6207,Kortegames
6208,Oricia Games
6209,Jia-Ho Jian
6210,Vladimir Cholokyan
6211,Fridiculous
6212,Armchair Interactive
6213,No Wand Studios
6214,Toasty
6215,Google Inc.
6216,Big Huge Games Inc
6217,Natsume Inc.
6218,Holon Studios
6219,Monster Tooth Studios
6220,Grigs
6221,Butik Game Studios
6222,Myceliumgames
6223,Specter Game Studios
6224,Naev Team
6225,Orazgylyjov Davut
6226,Stratagem Blue
6227,Gwydion Llyr Meredydd
6228,Orlando Santos De Oliveira
6229,Kungfolio
6230,Gamecosm
6231,Electrify
6232,Nightbox
6233,Artur Games
6234,Halara Studios
6235,Voyager Softworks
6236,Nr Studio
6237,Farfromsleep
6238,Bd Studio Games
6239,Peanut Games
6240,Frontwing Usa
6241,Aleksandar Kuzmanovic Games Inc.
6242,Owl Cave
6243,Emperium Team
6244,Phosphor Games
6245,Hello Bard As
6246,"Skermunkel, Skobbejak Games"
6247,"Enlight Software Limited, Retroism"
6248,Studio Poco
6249,Izanagigames
6250,Noumenon Games
6251,Digital Dreams Entertainment Llc
6252,Day Dreamer Games
6253,Kasulo Game Studio
6254,Iazgame
6255,Lodos Games
6256,Dawn Studio
6257,Horoarch
6258,Sizrit
6259,Odd Games
6260,For All To Play
6261,Wolvik Studios
6262,Avisgames
6263,"Talecore Studios, Valiant Game Studio"
6264,"Beijing New Era Network Technology Co., Ltd."
6265,Global Genom Corporate
6266,Kool2Play
6267,Fth Games
6268,Rooster Teeth
6269,Hitori De Productions
6270,Galart
6271,Adipson Studio
6272,4Thnode
6273,3D Generation
6274,George Alexandros
6275,The Arcade Crew
6276,Monotone
6277,Squiddershins
6278,Matthew Milne
6279,Fubenalvo
6280,Selfgame
6281,已下架
6282,Wired Dreams Studio
6283,Balnaur Horror Studio
6284,Proto1Studios
6285,Nah Yeah Games
6286,Dead Joker
6287,Lokin
6288,Headarrow
6289,G1 Playground
6290,Quite Different Mechanics
6291,Stamina-Games
6292,Deep Voodoo Games
6293,Frozenpixel (Fpx)
6294,Veryok
6295,Danil Kalyupa
6296,Drillimation Systems
6297,Seaweaver
6298,泉州市兰梦网络科技中心（有限合伙）
6299,Ozani Games
6300,M. Wenzel
6301,"Dwango Co., Ltd."
6302,"Sounding Stone / 老奉毊, Rmasia"
6303,Elina Faritovna Balakina
6304,"Blackthorn Media, Llc"
6305,Snkl Studio
6306,M.Indie
6307,Fula Fisken
6308,P2 Games
6309,Doesn'T Matter Games
6310,Signo & Arte
6311,Wainstop James
6312,Infosuccess3D
6313,Rapid Iterations
6314,Crystallpunk
6315,Geirdev
6316,Reanimate Games
6317,Corgi
6318,Softon Entertainment
6319,Fngames
6320,Lilith Games
6321,Archdawn
6322,Black Curtain Studio
6323,Cypronia
6324,Zsj工作室
6325,Retroactive Fort
6326,Spiele-Palast Gmbh
6327,Marcin Priachin
6328,Leyo Games
6329,Wrgenesis
6330,Spaceboy Games
6331,Gg Studio
6332,Wanderlux Games
6333,Mockingbird Softworks
6334,Roencia Game Creators
6335,"T-Time Technology Co., Ltd."
6336,Logitech Inc.
6337,Stereo7 Games
6338,Jipang2Games
6339,Createam
6340,Balazs Hrabacsik
6341,"Ysh Games, The Bueno Interactive"
6342,Team Jungle
6343,"Ilja Soutchilin, Tom Berger"
6344,Five Aces Publishing Ltd.
6345,Campfire Technology Llc
6346,Glinkie Games Inc.
6347,"Moonana, Serenity Forge"
6348,Infinite Bridge
6349,Anton Riot
6350,Pyxeralia
6351,Starworkgc
6352,89Am Studio
6353,Merge Games
6354,正方形劳伦斯
6355,Reason Generator Inc.
6356,Alexander Belik
6357,Espirart Games
6358,Alien Jellyfish
6359,Simulators Live
6360,"Modularity, Whispergames"
6361,Black Sheep Games
6362,Tygame
6363,Tad &Amp; Ice Productions
6364,Gamers For Good
6365,Lovelygames
6366,Kochetkov Nikita
6367,Different Gravity Games
6368,Double Dice Games
6369,Phr00T'S Software
6370,深圳墨麟科技股份有限公司
6371,Cyb3R_Technologies
6372,Zaratustra Productions
6373,Busy Bear
6374,"Ocean Drive Studio, Inc., Kakao Games"
6375,Spiderwork Games
6376,Pancakegames
6377,Digital Dragon
6378,Spinvr.Ca
6379,Rabbit Studios
6380,Dark End Studios
6381,Enoops
6382,Zc Games
6383,Bad Logic Studios
6384,Zts Studio
6385,Far Road Games
6386,Game Development Alexander Lamers
6387,Moregames
6388,弃用的商店页面
6389,Ence Gaming Llc
6390,刺沙
6391,Puzzleroo
6392,Topcog
6393,Lovigame
6394,"Niceboat, 狼烟游戏Studio"
6395,Katoa Games
6396,Adrovgames
6397,Paulo Henrique Franqueira
6398,Laggyluk
6399,Diamond Fox
6400,Xxx_Skipper_Xxx
6401,Vector Unit
6402,Avanquest Software Publishing Ltd
6403,Ильямазо
6404,Schnauzer Schtudios Llc
6405,"Dennis Krüger, Marlon Krüger"
6406,The Puzzle Bros
6407,Clockwork Wolf
6408,G-Mode
6409,Polynetix Studio
6410,Oblion Studio
6411,Casper Croes
6412,"Polarbyte Games, Skymap Games"
6413,Nw Games
6414,Targem Games
6415,Jogo Joia
6416,北京星磐科技
6417,Colorfiction
6418,Staron Animation
6419,Digital2 Games
6420,Wolf & Wood Interactive Ltd
6421,Shadowshifters
6422,Team Lantern Llc
6423,Softwaves Dist.
6424,Star Dragon
6425,Mirror Soft
6426,Pixel Machine
6427,"Devolver Digital, Croteam Publishing"
6428,Albertnez
6429,Oksoft
6430,Studio Koprol
6431,The Dream Network
6432,"Viva Media, Gamemill"
6433,"The Lo-Fi Apocalypse, Inc."
6434,Art-Pulsar
6435,Teletower Studios
6436,Rat King Entertainment
6437,Spikysnail
6438,Npc Entertainment
6439,Dot Precision Llc
6440,Parttimeindie
6441,Habibidev
6442,Cubeetle
6443,Sad Spaghetti Entertainment
6444,Old Eagle
6445,Okaeridev
6446,Flying Squirrel Entertainment
6447,Arctic Hazard Game Studio A/S
6448,Single Geared Games
6449,Digerati Distribution
6450,Modus Games
6451,Cloud5 Studios
6452,Zabbo Games
6453,Gamera Interactive
6454,Kickedmesh
6455,Manipulation Machine
6456,Vona Soft
6457,Xeno Bits
6458,"Oriol Cosp Games, Hawthorn Games"
6459,4Fufelz
6460,Poctuk Corporation
6461,恭迎皇子驾到工作室
6462,Andi Liddell
6463,Xorcerox
6464,Supercube
6465,World War Company
6466,Jleger91
6467,Juicy Beast
6468,Pixelated Milk
6469,Hollowings
6470,Individual Software
6471,Gaming Factory
6472,Ichimakes
6473,Ink To Pixels
6474,Rolling Glory Jam
6475,Mighty Eyes
6476,Camel 101
6477,Skydome Entertainment
6478,Simware Simulations
6479,Fangsoft
6480,独立游戏Sun_Official
6481,Soteroapps
6482,Eric Juvi
6483,云瑞同志
6484,"Platstudio, Afbik Studio"
6485,Wither Games
6486,"Sgttb_Studios, Phanom Games"
6487,Banzaiproject
6488,Ns
6489,Butterfly Corporation
6490,Ice Lava Games
6491,"Crespirit, No Stuck Game Studio"
6492,Whirlybird Games
6493,Extreme Studios
6494,Mr Bambam
6495,"Dangen Entertainment, Gamirror Games"
6496,Frogstorm
6497,Dreamlesshero
6498,Clay Dragon Games
6499,Loren Logic
6500,Oddrok
6501,Dnovel
6502,Shuffle Studio
6503,Aoe Plus
6504,Zelenyuk
6505,"18Light Game Ltd., Ce-Asia, 樂磚 Joy Brick, Mayflower Entertainment"
6506,Royal Deal Games
6507,"Guin Entertainment, Llc"
6508,Night Eyes Interactive
6509,Playrix Entertainment
6510,"Lunatic Works, Kikai Digital"
6511,Object Normal
6512,Giii Holdings Llc
6513,Cherry Co. Studios
6514,Looksten Inc.
6515,Sub Orbital Software
6516,Ryan Laley Games
6517,Protoria Studios
6518,Blue Vertex
6519,"Ilyumi Co., Ltd."
6520,Code Spectrum
6521,"Fortuna Imperatore Axelfox, Katabasi Studio"
6522,"B站@畑黑子Hata, Bug反馈请B站私信, Qq群: 735498667"
6523,Pixel Maniacs
6524,Tero Lunkka
6525,Rafale Software
6526,Dawnsbury Studios
6527,Pluto
6528,Carben Games
6529,Ygamestudios
6530,Montee Games
6531,Shilohgames
6532,"Bonus Stage Publishing, Korgi Digital (China)"
6533,Garamonds Studios
6534,Hi-Bit Studios
6535,Exodiac Studios
6536,"Toplitz Productions, Sundust"
6537,By Mike Robins
6538,Jf Nova Studio
6539,Sombr Studio
6540,Rakame 7
6541,22Cans
6542,Libredia Entertainment
6543,"Pinix, Light Of Creators"
6544,Mudvark
6545,Rocketsnail
6546,17Studio
6547,Spacewalkers
6548,Angel
6549,Aitsys
6550,"Manuel Pazos, Daniel Celemín"
6551,Brandon Hesslau
6552,Kuroki Yume
6553,The Moon Pirates
6554,Eversim
6555,Groschevaux
6556,"Bondo Games, Winning Streak Entertainment"
6557,Aaagames
6558,Screwfly Studios
6559,"Urban Weaponry, Will Lingard"
6560,Holcomb Entertainment Llc
6561,Intr Studio Pty Ltd
6562,Thelaumix Productions
6563,Continental Games
6564,"Hanaji Games, Gamera Game"
6565,Jmc Games
6566,Lwmedia
6567,Ysy Softworks
6568,Game Dynasty
6569,Alternative Software Ltd
6570,Snowbaby Games
6571,Positech
6572,A2 Game Studio
6573,Red Wasp Design Ltd
6574,Heck
6575,"Ziggurat, Beep Japan Inc."
6576,Yunus Ayyildiz
6577,Dolphinbarn
6578,Anemona Games
6579,Nico Tuason
6580,Mayhemcreations
6581,From Soy Sauce Llc
6582,"Qubicgames, Gamersky Games"
6583,Sgs Team
6584,Gugames
6585,Denis Esie
6586,Logan Thatcher
6587,"Game Dev Garage, Hawthorn Games"
6588,Carbon Studio
6589,Grey Alien Games
6590,Bamboléo Games
6591,Blackhousestudio
6592,Thomas Evenson
6593,Devs On A Boat
6594,"New Blood Interactive, David Szymanski"
6595,"3X3.Zero, Treecircle Media"
6596,Pedro Gilabert
6597,Lenovo Ukraine
6598,Nazar Studios
6599,Flying Star Games
6600,Gimmebreak
6601,Ege Sayın
6602,"Minakata Dynamics, Gamirror Games"
6603,Stonext Games
6604,Atomichorde
6605,Radon Labs
6606,Optical Override
6607,Xp Liu
6608,Kurtsoft
6609,Paulstephendavis
6610,"Camel 101, Whispergames"
6611,Firez Studios
6612,Bfg Entertainment
6613,Lingon Studios
6614,Odd Meter
6615,Wyse Games
6616,Aquastyle
6617,Silver Lemur Games
6618,Ubisoft - San Francisco
6619,"Salvador Dali Museum, Inc"
6620,Big Kitty Games
6621,"Friend & Foe Games, Gamera Game"
6622,St Platform
6623,The Queen
6624,힉학헉
6625,Hitbear Studio
6626,Mint &Amp; Dough
6627,"Plug In Digital, Argonauts Interactive"
6628,Exkee
6629,"Liam Hughes, Ryan Cooper"
6630,Icecreammakerstudio
6631,Ryart
6632,53.097.894 Tarso Luiz Lopes Coelho
6633,Lumineye Limited
6634,Inertia Game Studios
6635,Brain Station 23 Ltd.
6636,Batensan
6637,Cream
6638,Jerome Craig
6639,Ape Egg
6640,Nava Dev
6641,Quint Studio
6642,Ageofgames
6643,Draco Guard
6644,Ad Gaming
6645,"Byvop , Prizyik Bognan"
6646,"Extend Studio, Origo Games"
6647,Soxcz
6648,Squid In A Box Ltd
6649,Storysphere
6650,Cowboy Toad Games
6651,Sugar Rush Studios
6652,1999Uem
6653,Cgcfss
6654,Team Teal
6655,Ponett
6656,"Goblinz Publishing, Maple Whispering Limited, Unexpected"
6657,Mokomugame
6658,Fractal Block Team Llc
6659,Tri-Ace
6660,Gilles Villeneuve Pictures
6661,Pepolab
6662,Aniya Games Studio
6663,"Breda University Of Applied Sciences, Möbler Development Team"
6664,Better Than Life
6665,Midnight Status
6666,"Stray Fawn Studio, Whispergames"
6667,Cloudthewolf Games
6668,Non Grata Studio
6669,202-N Studios
6670,Invenmatic
6671,Bandostudios
6672,Monkey Stories
6673,"Untold Tales, Doyoyo Games"
6674,Blob Games Studio
6675,Pixelsaurus Games
6676,Grey Reality Studios
6677,Crashable Studios
6678,Brixton Dynamics Ltd
6679,Tag 44/24
6680,Nidal Nijm Games
6681,Gobbo Games
6682,Khanatic Network Gaming
6683,A Lone Rat
6684,Shanaz Game Studios
6685,Seastoriesstudio
6686,Tatrix
6687,Wichtv Ltd
6688,Mito Studio
6689,"Credit 1 Studios, Haphazard Studios"
6690,Lucas Le Slo
6691,Haven Studios
6692,Gamagora Icom
6693,Dreamlab Xr
6694,Summit Entertainment Llc
6695,Aleksandr Mironov
6696,Hexwar Games
6697,Oats Studios
6698,Moonfire Entertainment
6699,Mini Goliath
6700,Other Kind Games
6701,Studio Trike
6702,Kt.Software
6703,"琉璃花糖制作组, Garakowa Marshmallow"
6704,Jflyer Games
6705,Vacuumdev
6706,Groove Science Studios
6707,Ogseries
6708,Nvision Creative
6709,Joel Carter
6710,Vanguard Games
6711,"Tilted Mill Entertainment, Inc."
6712,"Novalogic, Thq Nordic"
6713,Under Three
6714,Toy Soldier Studios
6715,Slime Games
6716,Elf Games
6717,"Polar Bunny Ltd, Adjective Animal"
6718,旅人计划
6719,Bt Studios
6720,Minority Media
6721,Matt Games
6722,Yann Geffrotin
6723,Games For Girls Oü
6724,Blazes Games
6725,Robert Maners
6726,Indie Games Publisher
6727,Nile River Software Llc
6728,Appnormals Team
6729,Getrdygames
6730,Luvi Games
6731,Inin
6732,Quince Studios
6733,Brenntkopf Publishing
6734,Wargirl Games
6735,Penrose Studios
6736,Cleanwatersoft
6737,Bkmz Games
6738,明枭网络
6739,Aperture Grille
6740,Leonardo The Vinchy
6741,Ducat
6742,Glitch
6743,Thunderoak Interactive
6744,Cg Cowboy Studios
6745,Doekuramori
6746,Ballistic Machine
6747,Machine Studios
6748,Macho Wolf Studio
6749,David Mohr Gould
6750,021Workshop
6751,Kowai Sugoi Studios
6752,Take Aim Games
6753,Diana Nilsson
6754,Esat
6755,Edible Entertainment
6756,Novasoft Interactive Ltd.
6757,Thalamus Digital
6758,Foundvr
6759,"Semisoft, Raw Fury"
6760,Dreaming Door Studios
6761,Bitmen Studios
6762,Elliptic Games
6763,Jayflgames
6764,Studio08 Development
6765,Sam Ghalili
6766,Hit'N'Run Digital Studio
6767,Exalted Guy Interactive
6768,Middle Man Games
6769,Guiding Hand Software
6770,Ironrib
6771,Iron 27
6772,Punk Labs Llc
6773,Congo Jungle Games
6774,Kubikfoto Gmbh
6775,Curious Chicken Games
6776,掌烛文化
6777,Rogue Earth Llc
6778,No.25
6779,Gamegarden
6780,Attack Studio
6781,Travellin Cats
6782,Manualgames
6783,Cosmic Crow Creations
6784,Secret Labo
6785,Swyg
6786,兔子放映
6787,"Enlight Software Limited , Retroism"
6788,Case
6789,Happy Hobgoblin
6790,Pictologi
6791,Yukiusagi Games
6792,Polyturnedgame
6793,Culture Select
6794,Mobdog Studios
6795,Nekoneko Soft
6796,M36 Games
6797,Nihohe Soft
6798,Nova'S Army
6799,Tikipod
6800,Shiro Unlimited
6801,"古德模型, Goodmoxing"
6802,Micatrix
6803,Michael Hall
6804,Ethan Goldreyer
6805,Dimmdrive Inc.
6806,Mike Bushell
6807,Silence Game
6808,Plan8
6809,Pipocation Games
6810,Nemeton Singularity Simulations
6811,"Anarteam, Plug In Digital"
6812,Xso
6813,Baileyhausdorff Systems
6814,Daniel Davies
6815,Outerminds Inc.
6816,"Shen Jiawei, Mammorize"
6817,Volcanic Giraffe
6818,Blaze Epic
6819,Zwiebelspiele
6820,"Yusuf Emre Baysal, Ahmet Yusuf Yatkın"
6821,Oppaiman 2D
6822,Dunwich Studio
6823,Power Parametrics Llc
6824,Iolacorp Studio
6825,"Wanba Studio, 2P Games"
6826,Game Masterminds
6827,De Martini Games
6828,Imperial Interactive
6829,Ratz 'N' Godz
6830,W.T.B.
6831,Troy Miller
6832,Hardcare Games
6833,Fists Of Destiny Games
6834,布衣个人工作室
6835,One Man Behind
6836,Squidgy Soft
6837,"Tinkr, Inc."
6838,Nayuta Studio
6839,Flat Earth Games
6840,Valyutechnik
6841,Chromosphere Games
6842,Studio Grandis
6843,崩溃猛犸
6844,Quavelty Games
6845,杨君朝
6846,Pheenix93
6847,"Barking Dogs, Electronic Sheep Games"
6848,Moonmana
6849,Rockin' Android
6850,Freethrow
6851,Go Play Games Ltd
6852,"Future Friends Games, Fire Totem Games"
6853,Hoi 4 Ed
6854,Get(Color) Games
6855,The Office Simulation Dev Team
6856,Anamik Majumdar
6857,Prajna Concepts
6858,Pnumia Entertainment
6859,"Tozai Games, Inc."
6860,橘音
6861,Ignition Entertainment
6862,"Amazevr, Inc"
6863,Bloody Pixel Games
6864,Hangzhou Nezhagames
6865,Jam
6866,Atomic Elbow
6867,Sleepy Siren Studios Llc
6868,Smartplaygames
6869,Space Fractal
6870,Buff Studio
6871,Reddeer.Games
6872,Jon Sudbury Games
6873,Soedesco Publishing
6874,"Wild Wits, Hawthorn Games"
6875,"Monkey Barrel Games, Inc"
6876,Mort-Art
6877,Sarajs
6878,Alice Langley
6879,Denzone Games
6880,Cast N Play
6881,Ares Inc.
6882,Little Bittle
6883,Webble Games
6884,Dynamight Studios
6885,Grey Dev
6886,Goldmakesgames
6887,Ifcats
6888,Shellsnore Games
6889,Ikea Communications Ab
6890,Battenberg Software
6891,The Young Socratics
6892,Strike Games
6893,Chlsea
6894,The Fully Arcade
6895,Goonswarm
6896,Nedostudio
6897,Brendon Pywell
6898,"Emerson Design, Inc."
6899,Aggrobirdgk
6900,Admax Game
6901,Garmory
6902,Caffeineboostergames
6903,Tewtiy
6904,"Promo Trade Toys Llc, Argus Games"
6905,"Bit Planet Games, Llc"
6906,Teatime Research Ltd.
6907,New Gravity Laws
6908,Sonoshee
6909,"Stray Fawn Publishing, The Wandering Band Llc"
6910,Crocodile Entertainment
6911,Sinn Studio Inc.
6912,Slothladdev
6913,W. T. B.
6914,"Games By Robert, Llc"
6915,Stirfire Studios
6916,Mydearest Inc.
6917,Greg Wildasin
6918,Crayz
6919,Darker Gaming
6920,Goex Games
6921,Mario Scarfone
6922,Lemix Game
6923,Simofun
6924,Urihimura
6925,Stikcy Games
6926,Red Katana
6927,Dave Gumble
6928,Bloody Vulpine
6929,Pixel Lion Studios
6930,Cosmi Valusoft
6931,Interplay Inc.
6932,Windyverse
6933,Flynnfour Games
6934,Mikael Bihl
6935,Ddemon Llc
6936,Andrei Zanoaga
6937,Cubecube Sports Ltd.
6938,Connor Gresko
6939,Indie Wizards
6940,Normal Wholesome Games
6941,Nurgo Software
6942,Malumgames
6943,"Piece Of Voxel, 5K Gamers"
6944,Alon Cohen
6945,Stratera Games
6946,Evagames
6947,Crankage Games
6948,Blackartstudios
6949,Diax Arts
6950,Hunny Bunny Studio
6951,Skunkape Interactive
6952,Socah
6953,Kamina Dimension
6954,Soaring Pixels Games
6955,"Sandbox Network, Inc."
6956,Wingware
6957,Consala Games
6958,Keenan Kessler
6959,Peartree Games
6960,Fastgame
6961,Arte France
6962,Andreas Otten
6963,Vexan Studio
6964,Rising Moon Games
6965,Abyssal Studios
6966,"Caleb Dunahee, Meriah Bracken"
6967,Roko0 (Roman Konyukhov)
6968,Siege And Summons
6969,Slouching Beast Llc
6970,Deadlycrow Games
6971,"方块游戏(Cubegame), Mapledorm Games"
6972,Medicalholodeck.Com
6973,Inception Soft
6974,Rb Wolf Games
6975,Dgma
6976,Skandivania Games
6977,Elvio Luján
6978,Leedonglee
6979,Utw Team
6980,梗植工作室
6981,Goodcrafter
6982,Redzyrro
6983,"Northend Games, Gamersky Games"
6984,Cleardot Games
6985,Midnight Games Eirl
6986,Glob Games Studio
6987,Jincycle
6988,Nima
6989,9527 Studio
6990,Alexander Goodwin
6991,Siczech Arts
6992,Encrypt Games
6993,Super Suite Studios
6994,Mango Protocol
6995,Serkan Bakar
6996,Moonlight Productions
6997,Dudindie
6998,Lunheim Studios
6999,Sapir Alon
7000,Curse Box Studios
7001,Tinymindz
7002,Total
7003,Rashidi Interactive
7004,Alfagame
7005,Half Moon Game Development
7006,Zach Holbrook
7007,Skeleton Studios
7008,"Scalable Graphics Usa, Inc"
7009,Sleeper Games
7010,Lightning Mark
7011,Moonseer Vr
7012,"All In! Games, Untold Tales"
7013,Air Balloon
7014,Goadstool
7015,Outsiderkids
7016,Daydream Software
7017,Screambox Studio
7018,Electrokaplosion Llc
7019,Peltast Software
7020,Mumcu Games
7021,Winteryear Studios Los Angeles
7022,Matt Eshleman
7023,Joazco
7024,Louie Inc
7025,Ohsat Games
7026,Vitaminsizdev
7027,Hikari Pulse
7028,Dodi Game Studios
7029,Damnskulls
7030,Cheritz
7031,Tribal-Storm
7032,Virzoom
7033,Ambitious Games
7034,Baffled Crab
7035,Vulkano Forge
7036,"Antaria, Llc"
7037,Palmsoft
7038,"木枯組, 木枯リオ"
7039,Webcess
7040,Alex Blintsov
7041,Pomeshkin Valentin Igorevich
7042,5Pm Studio
7043,Mardonpol Inc.
7044,Friends Games Corp.
7045,Cristian Gonzalez
7046,Kirley Games
7047,Itdl Games
7048,Good Measure Games
7049,Oblivionburn Productions
7050,Cairn4
7051,Friendmaster2000
7052,Brokkli Labs Llc
7053,Lejunesart
7054,Zachary Sullivan
7055,Fire Biscuit Games
7056,Sacred Grab Games
7057,Idev Games
7058,Starni Games
7059,Kairoscope
7060,Hh-Games
7061,Esteban Jauregui
7062,Uroborus
7063,"Master Entertainment , Lgd Gaming"
7064,Braingoodgames
7065,Aurora Way Studios
7066,"We Dig Games, Na Publishing Inc., Whispergames"
7067,Diamondhenge Entertainment
7068,Cosmo'S Tuxedo
7069,Tasty Stewdios Llc
7070,Pixel Forge Games
7071,"Bbew Bbew, Llc"
7072,Suqing
7073,Madcat Games
7074,"Untold Tales, Gamersky Games"
7075,Dumaru Inc.
7076,Nextgen Reality Pty Ltd.
7077,Grabba Guild Games Llc
7078,Simprose Studios
7079,Stoneworks Games
7080,Neverworks Games
7081,Gamingtaylor
7082,Haemimont Games
7083,Ledan'S Gift
7084,Barnstorm Games
7085,Myshkin Entertainment
7086,Andrettin
7087,"Shenzhen Simeng Technology Co., Ltd."
7088,Velveteen
7089,Astral Clocktower Studios
7090,Adam Spragg
7091,Rainbow Dye Games
7092,Four Pixels Games
7093,Oxeye Game Studio
7094,Devaddict
7095,Black Beach Studio
7096,Insert No Coins
7097,上海闪速软件发展有限公司
7098,Puzzle Box Games
7099,Ayrtech
7100,Ephiam
7101,Immersive Vr Education Plc
7102,T.F.A.N.C.S.
7103,Dipsi
7104,G-Type
7105,Never Don'T Play
7106,Verlumino Studios Llc
7107,Ehnenu
7108,"Minechan, Neko Machine"
7109,Binary Jellyfish
7110,Dazzling Divine
7111,Darkphobia Games
7112,2Drp
7113,Districtware Inc.
7114,Super Punk Games
7115,Morenori Soft
7116,Not So Boring Games
7117,Irondoor Games
7118,Asylum Entertainment Inc.
7119,Zenz Vr
7120,"Skybound Games, Other Ocean Group"
7121,Woziwodsky Tomas
7122,"Andreev Worlds, Gamesforgames"
7123,Fireplay Studio
7124,Picsonix.Studios
7125,Ionut Lucian Achiricioaei
7126,Blindflug Studios Ag
7127,Elektri Inc.
7128,Andrei Fomin
7129,Teawork Dev
7130,Virtexuniverse
7131,Dark Games Dgg
7132,Runaroundgames
7133,Berzah Games
7134,Rocwise Entertainment
7135,"Arcade Theory, Angels And Demons"
7136,Nicholas Lives
7137,Trevaz
7138,Karl Wenzel
7139,Yazar Media Group Llc
7140,Great Cogs
7141,Akentgames
7142,Merlin Beer
7143,Rapscallion
7144,Wonderstruck
7145,Edisonlee55
7146,Dragonflare Studios
7147,Artvostok
7148,Dynken
7149,Sean Arnold
7150,Zero Rock Entertainment
7151,3Dpet
7152,Watermelon
7153,Decent Software Llc
7154,"Mango Protocol, Whispergames"
7155,Never Bored
7156,"Sinkhole Studio, Paleo, Xd"
7157,"Chengdu Touch Times Technology Co., Ltd"
7158,Realm Of Alters Limited
7159,Caustic Reality
7160,In4Vic
7161,"Q Switched Productions, Llc"
7162,Secret Plan
7163,Dmitri Lowell
7164,Rising Sun Interactive
7165,Inev Creative
7166,Antti Juotasniemi
7167,Hof Studios
7168,Online Ocigrup Sl
7169,Tigerqiuqiu
7170,Hapgames
7171,Varlamov5264
7172,Cover Corp.
7173,Earthbound Books
7174,The Kongs
7175,Daveyyy
7176,Ctrl Alt Ninja Ltd.
7177,Mad Goblin Games
7178,Museumsyndicate.Com
7179,Elijah Anadon
7180,Maratus
7181,Brewsterland Studios
7182,Gagonfe
7183,Potatobrain Games
7184,Ackk Studios
7185,"N4Ba, Notex, A1Esska"
7186,Supermedium
7187,Impulse Control
7188,Château De Versailles
7189,Leisure Police
7190,Jeminie Interactive
7191,Trillium Studio Ltd.
7192,The Cyber Prophet
7193,Southedge Studios
7194,Fiea
7195,Oryon Entertainment
7196,2Ndboss
7197,Daid Games
7198,Not Awful Studio
7199,Session Seven Team
7200,Wegenbartho Games
7201,Hazy Mist Studio
7202,Apocoplay Llc
7203,Blametech
7204,Pineapple Software Management
7205,Centi Games
7206,Visumeca Games
7207,"Short Sleeve Studio, Llc"
7208,Tfgame
7209,Giant Margarita
7210,Jkfy
7211,Eggion
7212,Qunee
7213,Petraguardsoftware.Com
7214,Unhinged Llc
7215,Sigtrap
7216,Mad Sprouts
7217,Light Station Developer
7218,Yanohi Studio
7219,Syrin Studios
7220,Kyle Obranovic
7221,Mithronix Games
7222,Starpixel Studios
7223,Sine Coda
7224,Pgames
7225,Ev
7226,Moddedmarionette
7227,Proxy Studios
7228,Onemac
7229,Azafoxysoftware
7230,Gürkan Gür
7231,Gamerzdan
7232,Chun Y.
7233,Blue Technology Sp. Z O.O.
7234,Terrestrial Games Llc
7235,Fantasia Studio
7236,Ebb &Amp; Flow Games
7237,"Beep Games, Inc."
7238,Darksciencelab
7239,"Cm, Vinicius"
7240,Magnumizer Game Studio
7241,Lockedon
7242,Doragon Entertainment
7243,Deimos Games
7244,The Revills Games
7245,Dynamic Dungeons
7246,Codebrew Games Inc.
7247,Shotgun Surgeons
7248,Seenchan Game
7249,Garoa Studios
7250,Mercimek Games
7251,Ripknot Systems
7252,Surprise Attack
7253,Gamehouse
7254,"Virtua Worlds, Llc"
7255,Keron Veal
7256,Xform
7257,Dischan Media
7258,Citizen Of Life Games
7259,"こおりみず, からふるぱーてぃ"
7260,Studio Kit
7261,White Cat
7262,Studio Centurion
7263,Impromptu Games
7264,Lightimpact
7265,Dinoscape
7266,Skies Technologies
7267,It'S Anecdotal
7268,Chronovision
7269,Klp Company
7270,Tri.G
7271,Allocate
7272,Secret Cow Level
7273,Zanrai Interactive
7274,Madeofdinosaurs
7275,Vrnovo
7276,Mystive Studios
7277,Sodec Games
7278,Nysko Games Ltd.
7279,Komodobit Games
7280,Ultimate Games
7281,Red Meat Games
7282,Patrice Meneguzzi
7283,Stellar Circle
7284,Gooodmon
7285,Gocore
7286,2020 Venture
7287,Gus Jewell
7288,Divine Vision Llc
7289,妖妖灵制作组
7290,Chaosoft Games
7291,Super Mega Games
7292,Current Games
7293,Fighty Boys Games
7294,Renka
7295,"Masterbrain Bytes, Toplitz Productions"
7296,Mega Dwarf
7297,"Playway S.A., Ritual Interactive"
7298,Reptoid Games
7299,Zarfhome Software
7300,Nolan Games
7301,Simon Eftestol
7302,No Goblin
7303,Signature
7304,Snail-Ninja Studio
7305,"迷糊的安安, Eternal Dream"
7306,Ryan Jensen
7307,Brandon Js Lea
7308,Evlanic Entertainment
7309,Promvi Games
7310,小狗肠
7311,Banamurai Media
7312,Liquid Donkey Games
7313,Lara The Pitbull
7314,Magic Shot Games
7315,Demir Yapım
7316,Ascendancy Games
7317,Vorh Games
7318,Squishy Games
7319,Darklight Studio
7320,Aqualuft Games
7321,Sudt Games
7322,Pablo Perez
7323,"Rare Reversee (Global), Licogame (China Publishing)"
7324,Blue Ink Games
7325,Pixelante Game Studios
7326,Deranged Octopus Athletics
7327,"Gametomo Co., Ltd."
7328,Rock Wale
7329,Armnomads
7330,Themastergames
7331,Brightside Games
7332,Solitaire Forever
7333,Vapor Music
7334,Stardust Collective
7335,Crackin Inc.
7336,Istom Games Kft.
7337,Digital Kingdom
7338,Deerfarm
7339,Btncafe
7340,"Future Friends Games, Quite Ok Games"
7341,Lamo Llc
7342,凤凰游戏
7343,John Caruso
7344,Jimbob Games
7345,Creaty
7346,Ud
7347,Gritstone Games
7348,萌约游戏制作组
7349,Elden Pixels
7350,Mahn-In Studios
7351,Ds-Sans
7352,Otherside Bay Studio
7353,Fround Interactive
7354,Calypsomini
7355,Havishamone Games
7356,Shenaniganz Studio
7357,Procedural Level
7358,Dark Duo Games
7359,Byyoni Entertainment
7360,Sscteam
7361,Taosx
7362,Himsl Games
7363,Engage Xr Ltd.
7364,Postmod Softworks
7365,Business Tycoon
7366,Transient Games
7367,"Boke Technology Co., Ltd"
7368,"Frogames, Goblinz Digital, Indienova"
7369,Andrew Ayala
7370,Peanut Bear Studio
7371,Somnium Games D.O.O.
7372,Behemutt
7373,Big Fat Simulations Inc.
7374,Hades Digital
7375,Clara Lehenaff
7376,Norb Software Development Llc
7377,Magicpro
7378,Midnight Hub
7379,Spooclemacboogle
7380,Enkian Games
7381,"Liens, Power Up To Maximum"
7382,"2 Left Thumbs, Gamersky Games"
7383,Gametrail Studio
7384,Ahui.Game
7385,Etirue
7386,Wisjoy
7387,Dali Games
7388,Top Hat Studios Inc
7389,Epixx.Org
7390,Kuno Hoshiko
7391,Gas Lantern Games
7392,Kingdom Games
7393,Polarityflow
7394,Biscuitplay
7395,Lal
7396,Cykodd Production
7397,Orangutanlemonk
7398,Weird Bunny
7399,Game Delivery
7400,Skyz Studio
7401,Sandbox Games
7402,Cubeinsquare
7403,Hd Publishing
7404,Sakana Studios
7405,Charlie Behan
7406,Naili Studio
7407,Kumakumamanga
7408,O L Y M P U S
7409,Corner Office Games
7410,Hede
7411,Thomas Mackinnon
7412,Retro Craftz Studio
7413,Xeobytegames
7414,Kyle Thompson
7415,Denda Games
7416,Paulo Vinicius
7417,Adrian Domagalski
7418,Dead Shark Triplepunch
7419,Sharkfishfish
7420,"The Mix Games, One Eyed Robot"
7421,Freezycat
7422,Octavia Blue
7423,Rexcellent Games
7424,Deimos Interactive
7425,React Games
7426,Flatbox Studios Llc
7427,Startale Games
7428,Maltakreuz
7429,Waku Waku Games
7430,"Maxwolf, Fox"
7431,Digimight
7432,Traxmaster Productions
7433,Underbite Games
7434,Ksym
7435,"Jonathan Dana, Sarah Russell"
7436,Pastel Magic
7437,Stepan Tsokur
7438,Tlön Industries
7439,Orbital Contingent
7440,Eyemobi Ltd.
7441,Mateusz Skutnik
7442,Deadgrass Games
7443,Fireapples
7444,Demon Max
7445,Aitchgames
7446,Aegon Games
7447,Nofio
7448,Revampedpro
7449,Nova-Box
7450,Cyber Rhino Studios
7451,Nemoto Keisuke
7452,Lizsoft
7453,Afil Games
7454,Unhexigon
7455,Glass Knuckle Games
7456,Grip Digital
7457,漫森游戏工作室
7458,Honglizi
7459,Schmidtgames
7460,Xyn Games
7461,Mollyavast
7462,Team2Bit
7463,Daniel Heilmeier
7464,Team Tyrant
7465,Game Cooks
7466,Se Development
7467,Adam Earlston
7468,Raptorsoft Games
7469,Sablestudio
7470,Cobratekku Games
7471,Notagamestudio
7472,Zheroisland
7473,Wacha.Ru
7474,Victor Sette Games
7475,Srcs
7476,Wavr
7477,Tatertlk
7478,Neuralsoft
7479,青竹工作室
7480,Habupain
7481,泽渔制作组
7482,"Strawberry Game Studios, Llc"
7483,Wotir
7484,Qd
7485,B&W
7486,Edandan Studio
7487,Kaneva Llc
7488,Double Robot
7489,Stanton Dj
7490,Lazy Bum Games
7491,Hyperbitgore
7492,Peter Lee
7493,Paper Promises Programming
7494,Electrolyte
7495,Quanty Bandit
7496,Murilobast
7497,Double Zero One Zero
7498,Roelosaurus
7499,"Casgame, Charileh"
7500,Linclo Games
7501,"Genunie Studio, Paras Games"
7502,Steckenpferd Enterprises
7503,N7T-Games
7504,Saint Paul Studios
7505,3Ddd Games
7506,Rosa Special Studio
7507,Skelebun Studios
7508,Never Say Never
7509,"Merge Games, Tagstar Games"
7510,Luuuluuul
7511,Doublehit Games
7512,Feral 3D
7513,Gaming Cats Studio
7514,Early Melon
7515,Cartboard Games
7516,Dead Crow
7517,Hq Games
7518,Team Ninja Thumbs
7519,Munchkin'S Lair
7520,7Dots
7521,Nimbus Games
7522,Anton Pauli
7523,Silk Games
7524,Dream Compass
7525,Shawn Mcgrath
7526,Vector Interactive
7527,Tymedust Games
7528,Bioluminagames
7529,"Star Drifters, 4Divinity"
7530,Lateral Games
7531,Seec Inc.
7532,"Pqube, Look At My Game"
7533,Hugecalf Studios
7534,Games For All
7535,Techcast
7536,Gattai Games
7537,Guinxu
7538,Cat &Amp; Fiddle Games Llc
7539,Erik Fast
7540,Packdev
7541,Bitheiro
7542,Heart Art Games
7543,Spinoff Games
7544,Dystopian Edge Publishing
7545,Ivan Pichugin
7546,3Mind Games
7547,"Red × Balloon, Hikare 个人汉化"
7548,Jrc
7549,Sure Why Not?
7550,Gwyn Games Llc
7551,Vm World Studio
7552,Funny Games Group
7553,Tissue Inu
7554,Tag Games
7555,Cole And Jordan Studios
7556,Youth Game
7557,Brazen Legions
7558,Falling Star Studio
7559,Huochairen Interactive Entertainment
7560,Daniil Tarasau
7561,Nickana Studio
7562,Themisian
7563,Good Free Games To Play
7564,Wristwork Ltd
7565,Lm Games Studio
7566,"Canada Media Fund, Ontario Creates, Government Of Canada"
7567,Kumkuat Games
7568,Action Squad Studios
7569,Kyle Rodgers
7570,Jonne Ojennus
7571,Omc Games
7572,Tbjbu2 Originals
7573,"Handygames, Pieces Interactive"
7574,Kingchimp
7575,Golden Games
7576,Michael Maresch
7577,Fallenmaster
7578,Meta Form
7579,Paperpixel Games
7580,Uqat - Création Et Nouveaux Médias
7581,Cdp
7582,Team Crucible
7583,Pigeondev
7584,Artyom Gudkov
7585,"Schoolfield Games, Llc"
7586,"The 3Do Company, Near Death Studios"
7587,From Scratch Studios
7588,Jmg
7589,Dreamsail Games
7590,Jordan
7591,Brutal Muse
7592,Super Hyper Mega
7593,Alpherior
7594,Charlie'S Games
7595,Jordan Magnuson
7596,Xingxian Net
7597,"Autumn Moon Entertainment, Zoom Platform Media"
7598,Tonguç Bodur
7599,Hernan Caro Vilaburges
7600,Phoenix_Co
7601,David Schmidthoffer
7602,"King Art, Thq Nordic"
7603,"Castle Pixel, Llc."
7604,"4H Studiolab, Grabthegames"
7605,Rainbirth Sl
7606,Madgeargames
7607,Cosdots
7608,Bomi Games
7609,Yakicl
7610,Rzgames
7611,Horrible Guild
7612,Replay Games
7613,Justblack
7614,Kebabos
7615,Laserboys3000
7616,Eyaura
7617,The House Of Fables
7618,Zeritum
7619,Shiv
7620,Ggtech Studios
7621,Kc6067
7622,Singingiant
7623,Chc
7624,Tianyu Cao
7625,Caps Collective
7626,Mad Dog Games Llc
7627,Bigboot Studios
7628,Celeritas Games
7629,Atapki
7630,Epicdream Games
7631,Kyy Games
7632,Crownbird
7633,Madswan
7634,Jurax Games
7635,Oleg Sereda
7636,Karosu-Maker
7637,陈世杰
7638,Mountain 81
7639,Imv Studio
7640,Marcial Gutierrez
7641,"Blackthorn Media, Inc."
7642,Dog Vr Game
7643,"Bubblebird Studio, Mooneye Studios"
7644,Mensa World
7645,Lyrical Games Llc
7646,"温小雨, 畅玩网络"
7647,Phoenix Limit Studios
7648,Pixelssoftworks
7649,Jolly Crouton Media Ltd.
7650,Studio Casserole
7651,Dk Studio
7652,Ifun4All S.A.
7653,Zy Studio
7654,Ollygames
7655,K148 Game Studio
7656,Prettysmart Games
7657,Rythane (Jrh)
7658,Sky Giant Studios
7659,Puddledock Games
7660,Keep Games
7661,Luke Matheson
7662,Polyscape Inc.
7663,R.Zero
7664,Edraflame
7665,302 Games Inc
7666,Black Jacket Studios
7667,Convoy Games
7668,Spheriangames
7669,Fast Travel Games
7670,Relka Studio
7671,Motvind Studios
7672,Grip Top Games
7673,"Justusgamelab, Gamirror Games"
7674,Practicing01
7675,Alioth Studio
7676,Miltocoal
7677,Magnussoft
7678,"Iterco, Indienova"
7679,Dimnhouse
7680,Bitcake Studio
7681,Quad Labs
7682,Arvore Immersive Games Inc.
7683,"Firepillar2, Indieark"
7684,Guido Out
7685,"Inc.Zofe, Syawase Works China"
7686,Double Stallion
7687,Gefestgames
7688,Caglar Tas
7689,Ederson Santos Da Silva
7690,Dead Mage
7691,Viwo Games
7692,Topskygames
7693,Little Bean Games
7694,Jan Radtke
7695,Justicepartner Narka
7696,"Beijing Xianfan Culture Co., Ltd."
7697,Viserionstudio
7698,Crazy Rocks
7699,Squareplay Games
7700,Studio Spektar
7701,Oldbut Gold
7702,Furyu Corporation
7703,Noforgetit
7704,"Gumbo Machine, Llc"
7705,Paperdog Games
7706,Ablootion Games
7707,Corpse King Games
7708,Moonpod
7709,R'Lyehdev
7710,Staplesvr
7711,"Pamela Gale, Workingman Productions (Tyler Workman)"
7712,Malzbie Games
7713,"Ｌｅｍｏｎ　Ｂａｌｍ, Rmasia"
7714,Sweepy Games
7715,Blazing Orb Llc
7716,Bad Days Game Studios
7717,The Voxel Agents
7718,Amc Games
7719,Distalsoft
7720,Ranger Studio
7721,Hellride Games
7722,Yuumi
7723,Windmill Games
7724,Evolved Games
7725,"Geeky Goblin Games, Llc"
7726,Studio Goya
7727,Tiny Flame Games
7728,"Final Screw, Indieark"
7729,Driven Arts
7730,Turbogun
7731,Ranmantaru Games
7732,Fractalis
7733,Cosmic_Dust
7734,Brouillard
7735,Roewre
7736,"Whispergames, Deck13"
7737,Confoundgreatjob
7738,Nerd Monkeys
7739,Hakan Martin
7740,Dosman Games
7741,Ambr
7742,"Olydri Studio, Microids"
7743,2Kek Games Bilisim Teknolojileri Anonim Sirketi
7744,Shadow Knights Studio
7745,Studio Oleomingus
7746,Majesco Entertainment
7747,Anima Games
7748,Bandanakid
7749,Open World Interactive
7750,Stout Games
7751,天津动漫堂艺术发展有限公司
7752,Iridium Studios
7753,Blank Interactive
7754,New Companion
7755,Codiwans
7756,Paper Koi Studios
7757,图纳密游戏
7758,Nightmarepugstudios
7759,"Trisoft, Trisoft Legacy"
7760,Crimp Games
7761,Toxic Dog
7762,"Jonas De Carvalho Felinto, Marcelo Eduardo Cabral"
7763,Fbgames
7764,Sector Z Games
7765,Studio Mori
7766,Soup Studios
7767,Unibear Studio
7768,Golden Coin Games
7769,Samer Khatib (Snowconesolid Productions)
7770,Propulsion Games
7771,Mountain And Sea Studio
7772,Incuvo
7773,Mylonky
7774,Susadebastet
7775,Jonas Kyratzes
7776,Vanadial
7777,Morning Glows
7778,Tusk And Paw Games
7779,Guara Logic
7780,End Of The Line Studios
7781,跃玩科技
7782,Qaq Studio
7783,Jakov Jakov
7784,Simnetic Game
7785,Ggaming
7786,Walk Thru Walls Studios
7787,Lamb Of Game
7788,Riftweaver Game Studio
7789,Erotes Studio
7790,Lobiangames
7791,"9Fingergames, Gamersky Games"
7792,"Grimm Bros, Llc"
7793,Insignis Games
7794,Oldblood
7795,Deserving Life
7796,Lu Qi
7797,Marquis Kurt
7798,Ice9 Games
7799,Marimori
7800,Somasim
7801,Empty Die Studio
7802,"Ozaak, Inc."
7803,Gravity Games
7804,Michal Piotrowski
7805,Gurashop
7806,Raidho Game Studio
7807,Angry Bunny
7808,Nodayshalleraseyou
7809,"N4Ba, Notex, A1Esska, Admia"
7810,Barzsigames
7811,Wathan
7812,Brandon Phillips
7813,Eteru Studio
7814,Studio Attic Salt
7815,Nkidu Games Inc.
7816,Fm Studio
7817,Filament Classic
7818,The Reef Production Co.
7819,Monster Couch
7820,Spectracoder
7821,Visual Entertainment And Technologies
7822,Machineboy
7823,Acmore Games
7824,Asocial Guarantee
7825,Seminaut Game Studios
7826,Multiverse
7827,One Up Plus Entertainment
7828,Ulisses Digital
7829,Lumenox Ehf
7830,Deceptive Games Ltd.
7831,心之初
7832,Wozitdev
7833,Dark Yellow
7834,Chimp
7835,Ben Flavell
7836,"Justdan International Co., Ltd."
7837,Viridino Studios
7838,Tekuani Games
7839,Teepee Studios
7840,Peta
7841,Grin Robot
7842,Sven Möhring
7843,"Flyhigh Works, Circle Entertainment"
7844,Somewhat Software
7845,Daniele Ferraro
7846,Katnappe Sp. Z O. O.
7847,Prestige Games
7848,Matt Sowards
7849,"Unlimited Fly Games, Gamirror Games"
7850,Egg Spat Studios
7851,Endless Void Studios
7852,Zxstudio
7853,Mathew Perry
7854,J. J. A
7855,Pathfinder Games
7856,Cubepotato Games
7857,Slippy Floor
7858,Titan Gamez
7859,Mca Games
7860,Candleman Games
7861,Bamboo Calculator
7862,Lame Dimension
7863,"Kiss Ltd, Maximum Games"
7864,Bodroid
7865,Courtney Dawson
7866,Blueprint Core
7867,Celikgames
7868,Truefx Games Inc.
7869,Mighty Rabbit Studios
7870,Pj Rivas
7871,Cruise Elroy
7872,Rogue Moon Studios
7873,Bigosaur
7874,North Star Studios
7875,Mischief
7876,Me&Myself Pub
7877,Two Desperados
7878,"Gamehunters, Playway S.A."
7879,Namion Games
7880,Lycian Studio
7881,El Jay Play
7882,"Rageborn Studio, Llc"
7883,S.O.T.A Games
7884,Indium Entertainment
7885,Gamily Studios
7886,内购人生Pabl
7887,楊 志庄
7888,"Gameparic, Games Incubator"
7889,Dtpixelwork
7890,Storm Sharks Production
7891,Spear Soft
7892,Spectral Doe
7893,Retreaux Games
7894,Zihansong
7895,Physiology With Dr Christian
7896,Rese
7897,Playeveryware
7898,Pavel Kopylov
7899,Codelife Studio
7900,Bryce Bucher
7901,Ghost Track Inc
7902,Ot Vinta
7903,Last Dimension
7904,國王互娛King Interactive
7905,Calvino Noir
7906,Rokay Games
7907,Endless Ritual Assembly
7908,Wontonic Games
7909,Yz
7910,Engin Mercan
7911,_Helix_
7912,Roseverte
7913,Tiny Mold
7914,Autumn'S Dawn
7915,J. C. Springbourne
7916,Cosmo D Studios Llc
7917,Mirage Game Studios
7918,Threax Software
7919,"Drago Entertainment, Heartbeat Games"
7920,Prof. Dr. Christoph Minnameier
7921,Objectonit
7922,"Jiv Jago, Independent Studio"
7923,Hangonit
7924,Leadwerks Software
7925,Nerdyyetis
7926,Orthrus Studios
7927,Li Yang
7928,Aesir Online Staff
7929,Cetve Llc
7930,Jab Team
7931,Cloodhee
7932,Sartorian
7933,Gamers4Gamers Team
7934,Koromosoft
7935,Midnight Games S.R.L
7936,Armarti
7937,Cwade Games
7938,Game Tsukuru Kun
7939,Taliyah Pottruff
7940,"Straka.Studio, Superhot Presents"
7941,Anotherindiegamedev
7942,The Geometry Boxers
7943,A. Cardinaux
7944,Beast Of World
7945,Orange Popcorn
7946,Bananadoggames
7947,Klick Ink L.P.
7948,Studio Paint
7949,Neworderfantasysimulations
7950,Wang Liwen
7951,Flagmanjeremy
7952,Beardy Ramblin Games
7953,Lowe Bros. Studios Llc
7954,Odders Lab
7955,Dungeon 3D
7956,Simmering Studios
7957,Parange Project
7958,Simagames
7959,White Door Games
7960,Betamaximus-128
7961,Quest Helper Studios
7962,"4Days Lab Co., Ltd."
7963,Mrboscheinen
7964,Blankgamesonline
7965,World Map Tycoon
7966,"Gamestarters Publisher, Gamestarter'S"
7967,"Funbox Media Ltd, Kiss Ltd"
7968,Visualnoveler
7969,Martin Thomas Flury
7970,Earn Alliance
7971,Aava Fertsman
7972,"Studio Whisky Tango Inc., Jsr-Productions"
7973,Nap Harmonia
7974,Hellconx™
7975,Magicaltimebean
7976,Ape Law
7977,4886 Studios
7978,Rekall Games
7979,Embrion
7980,T.H.L Games
7981,Forklift Interactive
7982,Yox-Project
7983,Maticolotto
7984,Cream Digital Inc.
7985,Koehl Studios
7986,Batuhan Ertan
7987,Virtualhere Pty. Ltd.
7988,Lost Marble
7989,库库尔坎游戏工作室
7990,Outsider Games
7991,Queen Birdface Productions
7992,Corey Hardman
7993,"Warcave, Plug In Digital"
7994,"Elder Game, Llc"
7995,Mangotronics
7996,Hotdogdog
7997,Polykid
7998,Owinka
7999,Anelagamesstudio
8000,Hondune Games
8001,Rawegg
8002,Why So Serious?
8003,"Boppy Games, Llc"
8004,Wompa Labs
8005,"Nupu Neko Dev, Critical Bliss, Flat Chest Dev"
8006,Freetimedev
8007,Bongwater Productions
8008,Cannibal Panda Studios
8009,Euphoria Games
8010,Didactricks
8011,Loco Road Team
8012,Bonemeal Productions
8013,Dream Potion Games
8014,Darkness Development
8015,Yellow Boot Games
8016,Shinobi Man
8017,Tuomo Laine
8018,Constant Rage Games
8019,Joshua Hughes
8020,Arrogant Pixel
8021,Develobster
8022,Open Maw Productions
8023,Emberforge
8024,Montauk Games
8025,Uki Uki Lab
8026,Immersive Division
8027,"Thiemo Bolder, Onemangames"
8028,Sublime
8029,Nooskewl
8030,World Games Development
8031,Redwhalegames
8032,Wwo Partners Ltd
8033,Heavy Pepper Inc.
8034,Jjthejetplane27
8035,Mcmagic Productions
8036,Nebula Nova Games
8037,Rebel Rebel Studio
8038,Nebocry
8039,"Pixel Reef, Pid Games, Dear Villagers"
8040,Actplus Studio
8041,"Space R Studio, Gamesforgames"
8042,Flyover Zone
8043,Iriysoft
8044,Monomyth Games
8045,Fkne
8046,We Dig Games
8047,Applimazing
8048,Hariharan S
8049,I.E.D Games
8050,Vg Team
8051,@Unepic_Fran
8052,Dogshitstudio
8053,Enderlost Studios
8054,Rainssong
8055,Winterworks Gmbh
8056,William Good
8057,Tic Toc Games
8058,Games Starter
8059,Henry Kucab
8060,Goldengod Games
8061,"Strength In Numbers Studios, Inc"
8062,Leveler Games
8063,Vrillar
8064,Kryakozyabrik Games
8065,Randy Becker
8066,Aim Theory
8067,Journey Bound Games
8068,Shrimasis Rout
8069,Anya Segarane
8070,Nyanco Channel
8071,Lunatic Works
8072,"Valkeala Software, Tero Lunkka"
8073,绝汪
8074,Butterflyware
8075,独资个人
8076,Symbiosis Games
8077,Team Kgd
8078,Dimleteam
8079,Octopus Tree
8080,Shadow Glass Studios Llc
8081,"Blukulélé, Okjoy"
8082,"Laniatus Games, Metaengine"
8083,Meteoric Games
8084,430Games
8085,Gameolic Development Studio
8086,Mokosh Games
8087,Dan
8088,Maxcheese3 Industries
8089,Arrogant Pixel Ltd
8090,Antiproto Studios
8091,Filip Bujdak
8092,灰烬天国
8093,Ametist Studio
8094,Makivision Games
8095,Eirteam
8096,Madar Games
8097,"Future Friends Games, Studio Inkyfox"
8098,Evil Indie Games
8099,Shen Jiacheng
8100,"Dogenzaka Lab, D3Publisher"
8101,"Emily Pitcher, Ray Hsiao, Alan Guan, Hayden Nuyens, Wei, Richard Cheng"
8102,一杯烟雨游戏工作室
8103,Worm Animation
8104,英雄互娱
8105,Mugzone
8106,Mygrandfather Games
8107,Snowhaven Studios
8108,Bindlebot
8109,Earthlingo
8110,Wilds Server Hosting
8111,Intersky Studios
8112,Ginger Tree Games
8113,Blyts
8114,Cledman Games
8115,Wos Dev Team
8116,Forestlight Games
8117,Breakover Interactive
8118,Netgames
8119,Dustinaux
8120,Garage Collective Llc
8121,Hörberg Productions
8122,Let'S Go To The Grindhouse
8123,Game Scorpion Inc.
8124,Heart'S Choice
8125,Argent Games
8126,Strikeworks
8127,Joakim Sandberg
8128,Dapper Dog Digital
8129,Ehmprah
8130,Mage Entertainment
8131,Kunpan Games
8132,Duke Studio
8133,"Celosya Games, Youyou972"
8134,Tramolly Game
8135,Hoffnung Haydn
8136,Insane Code
8137,Magiccraft
8138,Jake Huhman
8139,"Atomic Jelly, Movie Games S.A."
8140,Let It Roll Ab
8141,Costek Games
8142,Resolution Games
8143,Secret Base
8144,Cbacademy
8145,Epicscapes
8146,"桑尼游戏(Sunny Game), Lovestoryproject"
8147,"逼囉啵囉逼, Light Of Creators"
8148,Hailstorm Games
8149,Gumarov Productions
8150,Dark Artz Entertainment
8151,Interplay Corp
8152,Space Telescope Science Institute
8153,"Redlock Studio, Plug In Digital"
8154,Akamari Games
8155,Ntt Solmare
8156,微云
8157,Planetary Gears
8158,Lunarcore Games
8159,Xrrawva
8160,Something Classic Games Llc
8161,Vine
8162,Concrete Games
8163,Blqgms
8164,N-Body Solutions
8165,Alienmelon
8166,Zolden Games
8167,Wolfcoder Workshop Llc
8168,D6
8169,Ovid Works
8170,Robot Invader
8171,Strelitziaold
8172,Seldom Ludious
8173,Areo Gaming
8174,Enki Games
8175,Btd Enterprises Incorporated
8176,Plot Twist
8177,Yasho Salamander
8178,Domuro Soft
8179,Celery Emblem™
8180,Dark Terra Games
8181,Yggdrasil Studio
8182,Grzegorz Slazinski
8183,U.S.A. Games
8184,Devoke Studio
8185,Game Logic Studio
8186,Wild Pepper Games
8187,Pluto Vr
8188,Aged Immortals
8189,Numizmatic
8190,Nicepro
8191,Lemport
8192,Tobspr Games
8193,Wavebox Labs
8194,Iron Boar Labs Ltd.
8195,Defence Force
8196,Tomagamestudio
8197,Hush Fin Games
8198,Gf Game Studio
8199,Stefan Preuss
8200,Muggle
8201,"Whitemoon Dreams, Inc."
8202,Xsgames
8203,"Gameware Europe, Critter Consortium"
8204,Dawinstone
8205,Short N Sweet
8206,Purple Thunder Games
8207,Mahdi Bahrami
8208,Wintermute
8209,Loose Knot Games
8210,Julian Roeckl
8211,Carlburton Llc
8212,Featherofthornsgame
8213,Parter Dizayn
8214,Coughe
8215,Ihm Studio
8216,Infinity Requiem Studio
8217,Imaginite Ltd
8218,Coward_Watson
8219,Prime Games
8220,Games4Wonders
8221,Gamester
8222,Another Dimension Game Studio
8223,Necroactive
8224,Encore
8225,Stryde Games
8226,"24Frame,Inc."
8227,Urbgames
8228,Awesomegamezteam
8229,Ping Yi Lin
8230,Otherside Studio
8231,Chronicle Games Ltd
8232,Dreamy_Chat
8233,For7S
8234,Angelus
8235,吉祥如意工作室
8236,"38,9_Degrees"
8237,Xaso Software
8238,Icy North Games
8239,"Pax Breslaw, Sergee"
8240,At0M
8241,Fallen Planet Studios
8242,"Voxpop Games, Inc."
8243,Superita
8244,Sergey Marchenko
8245,Instant Million
8246,Black Cell Og
8247,Cetus Studios
8248,Pi-Dev Bulgaria
8249,Asong
8250,"Gametrust Games, Ready At Dawn"
8251,Potentknight
8252,Grable Team
8253,2Bad Games
8254,Doublemoose Games
8255,Next In Game
8256,Marcos Game Dev
8257,Phoenix Games
8258,Brahmaputra Games
8259,Polished Games
8260,Mustache Games
8261,Pixe-Late
8262,Xpagame
8263,Araplay
8264,Louis Morel
8265,Dracula'S Cave
8266,Crew Penguin
8267,Sarah Werum
8268,Heatwave Studios
8269,Normunds Petrovs
8270,Systemic Games
8271,Jonatas Duarte
8272,University Of Texas At Austin Saga Lab
8273,Offworld Industries
8274,Gnifrebel Games Ug
8275,Fredrik Kristian Jensen
8276,Zerobyter Games
8277,Ludeme Games
8278,Missing Digit
8279,Ville Mönkkönen
8280,Phantasmata Project
8281,小小游戏
8282,Fyn Games
8283,"Gearbox Software, Llc"
8284,"Forsaken Games, Zerouno Games"
8285,Tuomo'S Games
8286,"Impulse Game Studios, Llc."
8287,Super Duper Game Company
8288,Lfb Studios
8289,Playwrite Studios
8290,Sp Digital Arts Inc.
8291,Mydreamforever_Old
8292,Am Productions
8293,5Word Team
8294,Whiteboard Games
8295,Mr Crops
8296,Epitasis Games
8297,Wildgrip
8298,Playstark
8299,Binary Station Studio
8300,Creative Concepts
8301,From0
8302,"If The Clouds Are Full Of Rain, They Empty Themselves Upon The Earth, Llc"
8303,Weasel Games
8304,Csgood
8305,Ey-Studio
8306,No Pest Productions
8307,Genos Studios
8308,Tombasche
8309,"Goblinz Publishing, Maple Whispering Limited, Mugen Creations"
8310,Sean O'Connor
8311,Bulkypix
8312,Soraprayer
8313,Mmm
8314,Chainsawesome Games
8315,Bodacious Princesses
8316,"Versus Evil , Tinybuild"
8317,Tayfun Tuna
8318,Scaredy Cat Studios
8319,Firebeast
8320,ミラージュブリンガー
8321,Flova Interactive
8322,Adjective Animal
8323,季末月落
8324,Hunter Hamster
8325,Everythingherbs
8326,Diamosdev
8327,Flow Entertainment
8328,Fredrchopin
8329,"Dark Light Studio, Light Of Creators"
8330,2 Ton Studios
8331,Aquatic Moon Games
8332,Sleepy_Fox_Interactive
8333,Hindpaw Publishing
8334,Ulbe
8335,Ninja Robot Dinosaur
8336,"Paperash Studio, Ateliér Duchů"
8337,"Atlas V, Smergc"
8338,Tripolar Studio
8339,Koch Media
8340,Intergalactic Education Llc
8341,James Wilder
8342,Oneblock
8343,Onetake_Studio
8344,Vacantknight Studios
8345,White Guardian Studios Llc
8346,Clear River Games
8347,Ramify Games
8348,Dgelioncel
8349,Runnex Technology
8350,"Playway S.A., Simulam"
8351,John Scarpias
8352,Bzkg Games
8353,Gigatank 3000
8354,Kx Games
8355,Michael Kiang
8356,Callum Page
8357,Academic Quarter
8358,"Designing Digitally, Inc."
8359,Crystal Game Works
8360,Dragom
8361,Lauro Zanetti Cabral
8362,Imperiarte Games
8363,Crynosaurs
8364,Deertwig Studio
8365,"Grabthegames, Koex Studio"
8366,Cool Smithy Games
8367,Royce Charles Fernandes
8368,Madgobbler
8369,Glitch Games
8370,Winwill工作室
8371,Mumbojumbo
8372,Skyjaz Games
8373,Justin Proulx
8374,Tectonic Vr
8375,Sojourn Interactive
8376,Because Because Games
8377,"Plug In Digital, Nacon"
8378,Secret Level Srl
8379,Hoo-Roo Games
8380,Spellbind Studios
8381,Tree'S Game
8382,Dos Jamones
8383,Annulus
8384,Eric Peterson
8385,Loony Code
8386,Chaotic Heart Studios
8387,Icon Interactive
8388,"Ethereal Gem, Llc"
8389,Megabit Publishing
8390,时空游侠
8391,"Flyhigh Works, Indieark"
8392,Codelessman
8393,Sekaifrieden
8394,Profenix Studio Srls
8395,Sleepy Sheep
8396,Concrete Interactive顽石发行
8397,Reky Studios
8398,"Sedoc Llc, Grabthegames"
8399,Florian Van Strien
8400,Gaga Games Studio
8401,Games By Lum
8402,Because I Can
8403,Shanghai Yijun Network Info Technologies Inc.
8404,Exscape
8405,Nick Hsu Game
8406,Hronosgame
8407,Cédric Andreu
8408,Spaceboy
8409,Real Heroes Studio
8410,Farjay.Com
8411,Kerberos Productions Inc.
8412,Great Gretuski Studios Llc
8413,Chim Ruoi Games
8414,Mygames
8415,Michael Richard Lannon
8416,Edzenga Labs Llc
8417,Honor Games
8418,Substance Games
8419,Domyo
8420,Exploit Llc
8421,"Limitless Fun, Llc"
8422,Darkflux Games
8423,Artificial Worlds
8424,Ruskatuli
8425,Hublab
8426,Indie World Order
8427,Jankowski Adam
8428,Strange Shuttle Llc
8429,Salient Games
8430,Riovox
8431,Kyle Muntz
8432,Uemesh
8433,Forked Tail Studio
8434,A Thousand Myths
8435,Archiact
8436,Artur Rezende
8437,Talehammer
8438,Vm Games
8439,30/30
8440,Guardhouse
8441,Memes Games
8442,Kaan Bukusoglu
8443,Cindy Pondillo
8444,Golgrot
8445,Virtual Racing Industries Ltd.
8446,Snowblown Studios
8447,Bigfingers
8448,Thiefcat
8449,Yamauchi_Games
8450,Reburn
8451,坤舆科技
8452,Somniumsoft
8453,Joe Pinney
8454,Raiyon Studios Pte Ltd
8455,Retronic Games
8456,"Iconik, Plug In Digital"
8457,Clever Simulation Entertainment
8458,Squidlit Ink.
8459,重庆环游者网络科技
8460,Cartoon Network
8461,Alice Games
8462,"Toge Productions, Neon Doctrine, Raw Fury"
8463,Trichotomy
8464,Rusworld
8465,David Owens
8466,"Brisia Fabiola Aguirre Ponce De Leon, Javier León López, Ramón Alberto Campos Martir"
8467,Hizuki
8468,Unfinished Pixel
8469,Flashdim
8470,"Funktronic Labs, Creature Label"
8471,Smallmill
8472,Nightlightanimal
8473,D4
8474,Ghost Time Games
8475,Renegade Sector Games
8476,Iron Octopus Productions Inc.
8477,Bartosz Bojarowski
8478,Sinistergames
8479,Gnomic Studios
8480,"Big Ant Studios (Steam), Tru Blu Games"
8481,Waterfoul Studios
8482,Virtual Uppercut Studios
8483,Team Cursed Image
8484,Sparking Games
8485,Rabid Beaver Games
8486,Cyber Alice Limited
8487,Uniworlds Game Studios
8488,"Kunpo Games, 方块游戏(Cubegame)"
8489,Mugle Studio
8490,Dvir Rochman
8491,Mark Arenz
8492,Mark Healey
8493,"G-Devs.Com, Creativeforge Games"
8494,Nexcentric Games
8495,Tiny Titan Studios
8496,Techway
8497,Dozing Bison
8498,Xtonomous Llc
8499,"Sideline Amusements, Gonzo Games"
8500,Dawncraft
8501,Taptroise
8502,Creamative
8503,White Vortex Games
8504,Vixa Games
8505,Jackgame
8506,Hoki Wolf Studio
8507,Zouking
8508,Runebox Studios
8509,王容克
8510,Maciej Kuzianik
8511,Zima Software
8512,Newbuild-C
8513,Sc.Wu
8514,Morax Games
8515,Holmcom
8516,Fshark Games
8517,Lesser Evil Games
8518,Borgia Mango Art
8519,Underdog Interactive
8520,Microids Indie
8521,Gustav Olsson
8522,Ijunior
8523,Ductape Studio
8524,Rogue Sword: Strategy & Adventure Games
8525,Nookcrew
8526,"7Dots, Phoenix_Co"
8527,En Games
8528,Jonathan Wood
8529,Redcatpig Studio
8530,Davigo Studio
8531,Red Skald
8532,Gokuaku Games
8533,Shibo Games
8534,Parallaxian Pty Ltd
8535,<Eye>Game
8536,Extend Entertainment
8537,Diagrammet Ab
8538,Thomas Christof
8539,Sony Pictures Virtual Reality
8540,Jesse Carradine?
8541,Instant Games Studio
8542,Cnsmini
8543,Nitrome
8544,Anji
8545,Bookstore Simulator
8546,Realmint Ai
8547,Mama Makes Games
8548,Matt Cohen
8549,Sugar Games
8550,Penguin Void Productions
8551,Hardedge Games
8552,Studio Ebans
8553,Retrific
8554,Stroboskop
8555,"Indienova, Fhnbhj"
8556,Frymore
8557,欢乐不二
8558,Forward Instinct
8559,Gobit Games
8560,Long Road Games
8561,Nightshade
8562,Hinuraion Studios
8563,Left Flank Games
8564,Gabhel Studios
8565,Rocket Jump
8566,Aéronie
8567,Hobofeller
8568,Among Giants
8569,Monsterattack
8570,Fabled Game
8571,Lgv
8572,Carlos Coronado
8573,"Plusplus Co.,Ltd"
8574,Doublesix Games
8575,Dog Water Studios
8576,Lfr Games
8577,C'S Earth
8578,Gius Caminiti
8579,Tree Men Games
8580,Guxian
8581,Gutter Arcade
8582,Tiberius
8583,Open Realms Llc
8584,Quixel
8585,Oneocean Llc
8586,清之鸣
8587,Rocketship
8588,G-Devs.Com
8589,Iurii Batalkin
8590,Heinrich Venter
8591,Mc2Games
8592,A2 Softworks
8593,Memeshub
8594,"Vish, Indieark"
8595,Sawyerk Games
8596,Manujoaco
8597,Smokesomefrogs
8598,Lifetap Studios
8599,Echoboom S.L.
8600,Kiro Games
8601,Melonsoda Soft
8602,Innovision
8603,Keyreal
8604,"Astra Logical, Klei Publishing"
8605,Rekim
8606,Phantom Production Set
8607,"Amplifier Studios, Thq Nordic"
8608,Emprom Game
8609,Sucurema Gmbh
8610,Inarcade
8611,Deadsignal Studios
8612,Aigi Studios
8613,Actoon Studio
8614,"Litty Games, Solistic Studios"
8615,Polina Medyanik
8616,Brainstrainstudios
8617,祥
8618,Team Parafox
8619,Doot Tiny Games
8620,Gunther-Gerben Boxhammer
8621,Zac
8622,Tiedeveloper
8623,Big Way
8624,Moonblast
8625,"Refrigerator Game Lovers, Jam Cafe, Dream Gear"
8626,S.A. Digiworks
8627,Beyter Games Studio
8628,Render System
8629,Gamerotor
8630,Vanimals
8631,Clique Games
8632,Homiebear Studio
8633,Omnirift
8634,Bold Statement Games
8635,Bogdan Padjen
8636,Kether Studio
8637,Trick27 Studios Limited
8638,Pbmnluv
8639,Rapid Snail
8640,Sköll Studio
8641,Syawase Works China
8642,Waxweal
8643,Lingtan Studio
8644,Scorpiniti Bruno
8645,Acerola Software
8646,Cyril Megem
8647,Daniel J Roberts
8648,Zepetto Co.
8649,Yorick Postema
8650,Game Wave Studios
8651,Rokaplay
8652,"Medusasgame, 青岛三脚猫工作室"
8653,Solecismic Software
8654,Freedintale Studio
8655,Abstract Software Inc.
8656,Zenith Games
8657,Revulo Games
8658,"Ee Games, Tenth Art Studio"
8659,Ifthen Software Llc
8660,Mediacube Games
8661,Aqwatron
8662,J.S.Void
8663,Gameart Studio Gmbh
8664,Chronicle Games
8665,Rückert Broductions
8666,Pixel Cattle Games
8667,Garrett Fuselier
8668,Leonwaan Games
8669,Blue Pixel Games
8670,Recordmedia
8671,Team Miaozi
8672,Giant Box Games
8673,Loadupgames.Com
8674,Logic Artists
8675,Pandering Entertainment
8676,"Adventurer'S Tavern, Gamera Game"
8677,Juice Game
8678,Lunatinc
8679,"Rockin' Android, Rockin Android"
8680,Corpix Games
8681,Rune Skovbo Johansen
8682,Gamigo Publishing Gmbh
8683,Die Gute Fabrik
8684,Lupiesoft
8685,Chris Pow
8686,Populus
8687,Eastfog Studios
8688,Yanako Rpgs
8689,Bonusxp
8690,Hio Nakamura
8691,Ddraig House Game Studio Ltd.
8692,The Deep End Games
8693,3Bd Games Llc
8694,White Lotus Interactive
8695,Thorne Games
8696,South Blue Moon
8697,2Dgamemania
8698,Treexy
8699,Sunday'S Games
8700,"Loud King Studios, Llc"
8701,"Janus Vr, Inc."
8702,Arydk
8703,"Paris Stalker, All In"
8704,Bossypino
8705,Hide Head
8706,Elphie
8707,Blue Moon
8708,Create Game (Olegm)
8709,Super Powerup Games
8710,Alestore Inc.
8711,Jackson Clayton
8712,Dark Polygon Ltda.
8713,Glorified Studios
8714,Team Ramen
8715,Senabyza
8716,Unamedpixel
8717,Jacob Mccormick
8718,Fengshuyun
8719,Harry Gill
8720,Moonlightgames
8721,The Doomed Studio
8722,老乌贼工作室
8723,Chark Studio
8724,Hard Shark Games
8725,Befuddlebug
8726,Menace Claw Games Studio
8727,New Moon Studio
8728,Immanitas Entertainment
8729,Hardergaming
8730,Lone Axe Games
8731,Mustafa Caner Tonbul
8732,Fredbear Games Limited
8733,Truemotionstudio
8734,Wix Games
8735,Virtualvillain
8736,Crosshud
8737,Jounitus
8738,Bazookafriend
8739,My Dog Zorro
8740,Lee Fuller
8741,Acrossbeavers Studio／翻滾海貍工作室
8742,Zac Smith
8743,Magic Item Tech
8744,Allen Games
8745,Chaos Concept
8746,Satur Entertainment
8747,Sacred Star Team
8748,Sweeping Avalanche Creations
8749,Blackout Games
8750,Digital Sushi
8751,Werfest Software
8752,Pharazen Studios
8753,86岁按时吃饭
8754,Jordan Pefianco
8755,Krasnoshekova Mariya
8756,Hero Blocks Aps
8757,"Limbolane, Fellow Traveller"
8758,Clorithstudio
8759,Jiochees
8760,Hyperbolic Llc
8761,Diabolical Mind
8762,Team Bapy
8763,Mens Sana Interactive
8764,陌上科技
8765,Studiodisrupt
8766,Laineus
8767,Unseen Interactive
8768,Digital Vortex Entertainment
8769,Digital Dreams Entertainment
8770,Superwyh
8771,Heyjeff
8772,Lions Crayons Games
8773,Gtgame
8774,Dietzribi
8775,Illunsoft
8776,Studio Chien D'Or
8777,Gaming Insight
8778,Daniel Lochner
8779,Preferred Networks
8780,United Independent Entertainment Gmbh
8781,Intensive Exposure Team
8782,Jord&Eld
8783,Stormz Entertainement
8784,Atlantis Workshop
8785,Oct.Works
8786,Nul2 Studio
8787,Dexter Studios
8788,Virussea
8789,Sumerian Games
8790,Three Gates
8791,Travian Games Gmbh
8792,Videlectrix
8793,Machine 22
8794,Wiregames
8795,8888888 Labs
8796,Curiositystream
8797,Boaz Leshman
8798,"Mythicowl, Neverland Entertainment"
8799,Moonmuse Entertainment
8800,Shiny Dolphin Games Llc
8801,"Wise Games, Xiaoxiao Studio"
8802,Caffnight Software
8803,Pilotlumpa Gaming
8804,Obscurasoft
8805,Fun Infused Games
8806,Caravel Games
8807,Qureate
8808,Maurizio
8809,Frivolous Business
8810,Nekogameteacher
8811,Just A Game
8812,Fluffy Kitten Studios
8813,Tom Fegert Llc
8814,Lynkpin Game
8815,Doppler Interactive
8816,Nightwalker
8817,Praetor Games
8818,Black Market Games
8819,Noodlecake
8820,Drakeling Labs
8821,Michigan State University
8822,2D Heroes
8823,Purple Studios
8824,Massdigi
8825,Kaythepianist
8826,Monogon Games
8827,Yahaha Studios
8828,Duelboot
8829,Kimys Studio
8830,"Ratalaika Games S.L., Meridian4"
8831,Brucent Llc
8832,Magic Spell Studios
8833,"Light Up Games, Primal Seed"
8834,Suckerfree Games
8835,"Mindshaft Games, Llc"
8836,Colin Stoddart
8837,Okyo Games
8838,"Shavaughn Dacosta, Ozgur Kaderoglu"
8839,Jrago Studios
8840,Kumobius
8841,Brent Arnold
8842,Quanhome
8843,"Magicdweedoo, Nonsense Machine"
8844,Akiyam
8845,Jinthree Studio
8846,Unstoppable Pug Studio
8847,Bd Minigames
8848,"Diracripple, Reality Reconstruction Studio"
8849,Taylor Stapleton
8850,Carla51
8851,肥羊
8852,Opium Pulses Entertainment
8853,"Chengdu Hezonglianheng Digital Technology Co, Ltd."
8854,Trasnatech
8855,Stormnebulae
8856,Helloenjoy
8857,Clockwork Origins
8858,Axan Gray
8859,Dnc Games
8860,Starcade Arcade
8861,Stepan Vakhtin
8862,Freakzone Games
8863,Eyespyda Games
8864,Zojin
8865,Adam314
8866,Sebastian Scaini
8867,Onu Games
8868,Supreme Gauntlet Games
8869,World Away Games
8870,Micropsia Games Spa
8871,Livdg Limited
8872,Wnmstudio
8873,Ncard
8874,碧戥與艾絲卡菲的遊戲坊
8875,Westdeutscher Rundfunk Koeln
8876,Fortgs
8877,Bufoproject
8878,5 Pillar Wood
8879,The Southern Gaming Syndicate
8880,芒果互娱
8881,Crow'S Key Studios
8882,孤单工作室
8883,Notte Studio Games S.R.L.S
8884,"Overseer Games, Elda Entertainment"
8885,The Zoo
8886,Pleon Words
8887,Yu Ji Kwang
8888,Mayflower Entertainment
8889,Idc/Games
8890,Steeplesoft
8891,猫柚工作室
8892,Sokaikan Ltd
8893,Yao
8894,Artalasky
8895,Paper Board Studios
8896,Sungift Games
8897,Lunarpixel
8898,蛋炒饭
8899,"Soul Playing Games, Cybersports"
8900,Oleg Skutte
8901,Flyleap Studios
8902,Murafka Games
8903,Jacob Kendall
8904,独立创作
8905,Turbo Chimp
8906,Lostding
8907,Aquila Industrial
8908,Bristol Street Studios
8909,Handsome Games
8910,Coldmechanics
8911,Leadfollow Games
8912,Non Existent Studios 2
8913,Nuts And Volts Electronics
8914,Selugames
8915,Diego Alonso Martin
8916,Melonfish Studios
8917,Cozypuzzlegames
8918,Crossy
8919,Techazy
8920,Ben Thomas
8921,Retsu Teikoku
8922,Phantom Playworks
8923,Brainwashing Games
8924,Oyasumi Workshop
8925,Dowrick Games
8926,Joseph Macdonald
8927,Catsmeat Studios
8928,Agm Playism
8929,Deleted
8930,What'S All That Racket
8931,Advance Nine
8932,"Sergeschateau, Sergio Castillo"
8933,Amroy Entertainment
8934,Monu
8935,Rtan
8936,Hermurx
8937,Stp Works
8938,Sundew Studios
8939,Limited Run Games
8940,Realityarts Studio
8941,Immersion Plus
8942,Treadsoft
8943,Gameprodteam
8944,Noclip
8945,Imaginationoverflow
8946,Bkbl Bartosz Bialek
8947,Mesote Games
8948,Ibe Denaux
8949,Hcnone
8950,Myron Games
8951,"Tero Lunkka, Valkeala Software"
8952,东南瓜
8953,Toorai
8954,Waz Games
8955,Tallshrimp
8956,Damage Control
8957,"Orbus Online, Llc"
8958,Giant Global
8959,"Mbb Vrsolutions, Llc"
8960,Komefukuro
8961,Ghost Street Games Llc
8962,Mr. Moo Games
8963,上海游愉网络
8964,Lokator Studio
8965,Wis
8966,Moment Hk
8967,Joseph Warwick Victor Hewitt
8968,"Cydonian Games, Levsha"
8969,Sicilialust Studio
8970,Virtual World Interactive Llc
8971,Bucksoft91
8972,Hitpoint Inc.
8973,Natan Mafra Torres
8974,Quarlellle
8975,Four White Cats
8976,Emir Games
8977,Simon Au Yeung
8978,Romero Games Ltd.
8979,Deadly Red Cube
8980,Rubber Sword
8981,Hiddenvisions
8982,Grapefrukt Games
8983,"Meteorbyte Studios, G-Devs.Com"
8984,Sailors Moon
8985,Macamandi
8986,Tenami
8987,Manuel Pasamontes Romera
8988,Brain Fog Studios
8989,Moonray Studios
8990,Paul Windmill-Sear
8991,Rac7 Games
8992,Luk Kus Soft
8993,Keith Burgun Games
8994,Bebop Games
8995,Franco Hernandez
8996,The Upper Deck Company
8997,Vrilliant Studios
8998,Strategic Thinking Llc
8999,En Widunderlig Produktion
9000,Plain Concepts Corp
9001,Simbryo
9002,Hikergames
9003,Bolverk Games
9004,E Is For Everything Nice
9005,星飞游戏
9006,Cggames
9007,Jason Silver
9008,Ours Agile
9009,Clockworkwolf
9010,Kylix Studio
9011,Wolfey Studios
9012,Zoink Games
9013,Phosepo
9014,Matt Mcgreevy
9015,Ivo Lmt
9016,Simon Kattler
9017,Lizardking
9018,La’Cryma
9019,Duckbridge
9020,Bonittor Games
9021,Player Legacy
9022,Mkjump
9023,石家庄龙游科技有限公司
9024,Ordinary Pine Studio
9025,Drthebug
9026,Darkstone Digital
9027,Played With Fire
9028,Rad Team
9029,Maggese
9030,Mobiletvgames
9031,Crime Engine Games
9032,Star & Moon Romance
9033,Vivi
9034,Twme Studio
9035,Bandit Visual Games
9036,Fun Bits
9037,Clever Trickster Productions
9038,机械神狐教制作组
9039,Kido
9040,Mecha Weka
9041,Geexgames
9042,Bolder Games
9043,"Aplusgames, Pcindie Games"
9044,Nothing Box
9045,Olivier Monaret
9046,Redsroll
9047,Coffee Addict Studio
9048,Dr. Puzzler
9049,Nicholas Piscioneri
9050,Hibachi
9051,Devmaru Inc.
9052,Victor Game Studio
9053,Degenerals S.A.
9054,Realstone Studio
9055,Kill_Mind_Creator
9056,Sabrina Aridi
9057,"Max Gaming Technologies, Llc."
9058,Sth
9059,Rainstory.Games
9060,Unsin Studio
9061,Waqudoo
9062,Lk Avalon
9063,Mp Game Studios
9064,David Vinokurov
9065,Teatimeworkshop
9066,Gazzapper Games
9067,Jon
9068,Tgwgsd Studios
9069,Sd
9070,Million On Mars Inc.
9071,Attack Move
9072,Necropolis Studios
9073,False Games Llc
9074,"Kilanos Studio, Meltah, 3Li"
9075,Thelostsun Studios
9076,Lemoniedev
9077,Logical Progression Games
9078,Aubega
9079,Outer Planet Studios
9080,Spotted Zebra Software Llc
9081,Facundo Aviusso
9082,Slavic Balls
9083,Sweet Dreams Studio
9084,Redwood
9085,Gametornado
9086,Red Mouse Games
9087,Capsule Core
9088,Warm Kitten
9089,Gobbogoes
9090,Zentient Games Llc
9091,Shandong Qianbei Technology Co. Ltd
9092,Neckbeard Games
9093,"Kongregate, Inc."
9094,Voronoi Studios
9095,Catalina Zavaleta
9096,Mozg Labs
9097,Disrate Studios
9098,Subcult Joint Ltd
9099,Morojenoe'S Empire
9100,Mad Labyrinth Studios Llc
9101,"Forgotten Empires Llc, Xteam Software Solutions Srls"
9102,Studios Nooy
9103,Dmm.Com Llc
9104,"Overbuilt S.A., Freemind S.A."
9105,Easy~ Interactive Software
9106,Radiance Games
9107,V. N.
9108,Ndogames
9109,"Verkme, Illystray"
9110,创克游戏联盟
9111,S.Y. Games
9112,Ids Games
9113,全战天下
9114,Mars Ind
9115,Nezphere
9116,Molloy Studio
9117,"Tamamako Gaming, Sekai Project"
9118,"Unlimited_Deer_, Assm"
9119,Super Pixel Games
9120,Clock Drive Games
9121,Ashnell Games
9122,Studio Bean
9123,Hellshake Yano.
9124,Siris Pendrake
9125,Adrian Fox
9126,Playful Armadillo
9127,Magenta Factory
9128,Endeetree
9129,Matthew Nuss
9130,Team Black Hat Robot
9131,Bitwise Games
9132,Compact Square Studios
9133,Hero Concept
9134,Future Immersive
9135,Charm Games
9136,Third Impression
9137,Hidden
9138,Tru Blu Games
9139,"Mydream Interactive, Inc"
9140,Roxy Constantine
9141,Nanali Studios
9142,Nh-Productions
9143,"Constant_Art, Silver Bloom"
9144,Wildarts Games
9145,Studio [Notes.]
9146,Daniel Agerman
9147,拉貢拉斯找金粒
9148,Bobby Two Hands
9149,Rainbowgame
9150,Kreatin Studios
9151,Bryengx
9152,"Crunkz, Black Boat Games"
9153,Plectrum Software
9154,Hunchback Studio
9155,Mk-Ii
9156,Bit Dragon
9157,"Healthcare Vr Innovations, Inc."
9158,Yokcos
9159,Siberian Mouse
9160,Petrov Yuriy
9161,"Pixel Constructor, Llc"
9162,General Script
9163,Mind Grown Software
9164,Flight School Studio
9165,The Game Forger
9166,Fruit Basket Games
9167,Rivplay
9168,Videojuegos Fermín
9169,Circus Atos
9170,Jade Pixel Games
9171,Inside System
9172,Agglos
9173,"Gamecom Team, Indie.Io"
9174,Nemoria Entertainment
9175,"Lucas Parise, Mind Flayer Studios"
9176,Bearlex Games
9177,Snowflake Studio
9178,Wow Wow Games
9179,Desaccord Art
9180,Pixit Software
9181,Justtomcuk
9182,Cryolite Games Studio
9183,Vrwerx
9184,Blackmyers Studio
9185,Walk Without Rhythm Games
9186,Funktronic Labs
9187,Cellec Games
9188,Biggame Publishing
9189,Infinity Ink Games
9190,I Fight Bears
9191,The Stork Burnt Down
9192,Magic Sandbox
9193,Bazkreyol Games
9194,Polypusher Studios
9195,Toy Temp
9196,Zerouno Games
9197,"Route 59, Coconut Island Games, Playism"
9198,Sparse//Gamedev
9199,Frankly Dog
9200,Love Mood Studio Limited
9201,Global Delight Technologies Pvt. Ltd.
9202,"Untold Tales, Varsav Game Studios"
9203,Adam Travers
9204,Platonic Partnership
9205,Kasey Ozymy
9206,Rocketpunch Games
9207,Hopfrog
9208,Vdo Games
9209,"Not Yet, Maple Whispering Limited"
9210,Together  Game
9211,Aikun
9212,Mouse Hat Games
9213,Piece Of Cake Studios
9214,Five Head Games
9215,Outer Brain Studios
9216,"Goblinz Publishing, Whisper Games"
9217,Greenergames
9218,"5Am Games Gmbh, Pid Games"
9219,"Wizard Fu, Double Eleven"
9220,Roboto Games
9221,"Thirdverse, Co., Ltd."
9222,Ravn Studio
9223,Rogalik
9224,Neonight
9225,Glaive Games
9226,Rbl Labs
9227,Crisp App Studio
9228,Albatros Softworks
9229,Soulware
9230,Lithic Entertainment Inc.
9231,Bigmoon Studios
9232,Team Grybanser Fox
9233,Tall Story Games Ltd
9234,Guidigermano
9235,Hastily Assembled
9236,Xixo Games Studio
9237,Daniel Henriques
9238,Way Down Deep
9239,2Dragonsgames
9240,Red Kraken Studio
9241,Pixelsplit Simulations
9242,Crimson Sequence
9243,"Games Box, Sig Publishing"
9244,Ludokultur
9245,3:15 Software
9246,Kobra Studio
9247,Male Doll Stories
9248,Avant Games
9249,E.Com
9250,Unreal Engine
9251,Hang Time Studios
9252,Dust Storm Entertainment
9253,Eskentert Productions
9254,Albireo Games
9255,Pro Strategy Games
9256,Not A Serious Game Studio
9257,Daniel Riley
9258,Duncan Fenn
9259,Corvus Studio Yazilim Anonim Sirketi
9260,Individual
9261,Joseph Bramlett
9262,Fenix Studios
9263,Aridide Production
9264,Yexiong
9265,Friday Night
9266,Tails Games
9267,Giant Head
9268,Monkat Studio
9269,Astrea
9270,Sky Coder
9271,Patrick Davis
9272,Hannahannagames
9273,Amrun Verlag
9274,One Tap Games
9275,Ds | Voxaol
9276,Soul Forge
9277,Ifgworld
9278,Exlix
9279,Dancing Devils
9280,Fm 041
9281,Foga Games
9282,Games Foundation Gmbh
9283,不正经游戏
9284,My Label Game Studio
9285,"Prime Stuff Games, Datapulse"
9286,"Humble Sage Games, Arrow Face Games"
9287,Trent Garlipp
9288,Ndreams
9289,Mokkograd
9290,Nexxus Drako Multimedia
9291,Kraken Games
9292,Big Way Games
9293,Arsanesia
9294,Turisme De Catalonia
9295,First Contact Entertainment
9296,人型ですカオス
9297,"Oh, A Rock! Studios"
9298,"Pm Studios, Inc."
9299,Theclasoft
9300,Cherry Kiss Games
9301,Drixxel Soft
9302,Kuantuom00
9303,Naraven Games
9304,Me.Mento Xr Interactive Ag
9305,Dallaham
9306,Phlarfl
9307,Warriorsstudio
9308,007Berd
9309,Cryoshark
9310,Gravity Well Studios
9311,Quadflare Games
9312,Epixr Games Ug
9313,171Dev
9314,Colossal Wreck
9315,Lads Game Studio
9316,Team B Laboratory
9317,Aaron Gilbert
9318,Tiny Lions Inc.
9319,Playrock Studios
9320,Isocube Software
9321,José Antonio Durá Olmos
9322,The Dream Team Dmcc
9323,Terror Works
9324,Rolldbox Games
9325,The Werve Games
9326,Spiral Summit Games
9327,Burning Goat Studio
9328,Tian Chenglong
9329,Not A Prototype Games
9330,Toastybea
9331,Immersion Game
9332,Storm In A Teacup
9333,Funyours
9334,Dream Module Games
9335,Televisor
9336,Chagas Studios
9337,Shifting Dragon Creative Projects
9338,The Secret Games Company
9339,Schism
9340,Bolt Action Labs
9341,Garett A C Hunter
9342,Dhood Gaming
9343,Gerch Interactive
9344,Victor Frankenstein
9345,Finalspark Gamestudios
9346,Kinko Game Studio
9347,Eyepuppet Company
9348,Tvee Games
9349,Brytenwalda
9350,Linkflag
9351,Southern Accident
9352,Tbjbu2
9353,Shunying
9354,Senshi.Labs
9355,Black Dot Studio
9356,Belief Engine
9357,Chreseeba Games
9358,Okam Studio
9359,Oleh Baziv
9360,Winking International
9361,Trialis Studios
9362,2B_Games
9363,Absorb Reality
9364,Anonymous Penguin Studio
9365,Flarb Llc
9366,Unikogi
9367,Mado
9368,Kubilay Dekin
9369,Tecron Vr
9370,Nervequake Software Inc.
9371,Dobuki Studio
9372,2Kmagic Studio
9373,Thegamesfortress
9374,Virtual Sky Interactive
9375,Rtws
9376,"East Japan Railway Trading Co., Ltd."
9377,Team Rat Vibes
9378,Yle Sandbox
9379,Fuse Game
9380,4Waystudio
9381,Mindware
9382,零点世界工作室
9383,Rapt Interactive
9384,Imperium
9385,Frontalschaden_Games
9386,Zindeaxx Games
9387,Rebel Egg Games
9388,Seth Van Heijster
9389,Void5 Ltd
9390,Mm'S Gaming Community Llc
9391,Prime Studios
9392,Albatross Idea
9393,Videogame Collective
9394,Pipuproductions
9395,Soltanian Games
9396,Samu
9397,Fabula Game Studio
9398,Zombiebytegames
9399,Joynow
9400,Kendra
9401,Jumpdrive Studios
9402,Griffincraft
9403,Matter Games
9404,Trainspotting Studio
9405,"Gaterooze, Ink, Grabthegames"
9406,阿柒不爱日期
9407,Immortal Game Studio
9408,Faith G.
9409,Masterdavicous
9410,"Alexander Van Den Bulck, Harry Lane"
9411,Iosoftware
9412,Vovoid Media Technologies Ab
9413,Alter Games Brasil
9414,Br41Nch1Ld
9415,Princexi
9416,Deep Rock Labs Llc
9417,Whimsical
9418,Deltarts
9419,Trinity Project
9420,Fish Chain Games
9421,Fractured Rogue Studios Llc
9422,"Yeo, Indieark"
9423,Three Dots Games
9424,Ivories Studios
9425,Wild River Games
9426,Io Normal
9427,Melovity
9428,Top Games
9429,"Super Rare Originals, Gamersky Games"
9430,Cqgame
9431,Disafter Games
9432,Ling Games
9433,Alexis Royce
9434,Superstring
9435,Eastergoblingames
9436,"Kellenkyo, Instal Entretenimento"
9437,Notheothermatt
9438,Peigesang
9439,Lunar Chili
9440,Innolabs
9441,Aix2 Games
9442,Make Quadrobers Great Again
9443,Egemen Ertugrul
9444,Artstronggames
9445,Devils Advocate Gaming
9446,Dedication Games
9447,Pixel Drip Games
9448,Samuel Crevier
9449,Solid Patterns
9450,The Bane Of Asphodel Team
9451,Bean Boy Games
9452,Conradical Games
9453,"Erabit, Lockedon Games"
9454,"Lrdgames, Inc."
9455,Team Gizmoid
9456,Lucky Star Studio
9457,Loot Inside
9458,Erochin
9459,Jutek Pixel
9460,Tyci
9461,Hollow Games
9462,Amigos 500
9463,Shoe Stealin Studios Llc
9464,Catsprout
9465,Ben Lega
9466,64Tacos Llc
9467,Archetype Global
9468,Gaming Factory S.A.
9469,Extreme Developers
9470,Ludomancer Studio
9471,Gregory Adam Scott
9472,Cylight Studios
9473,Flydragon
9474,Ignis Officiana
9475,Z Sculpt Entertainment
9476,Zeinaru
9477,Castle Of Blackwater
9478,Targetpoint Interactive
9479,Ioneo
9480,Zq Sfx Llc
9481,Ampersand Game Studios
9482,Florian Voss
9483,Arkenstone Games
9484,Marshall Latimer
9485,Rialab
9486,"End Game Interactive, Inc"
9487,Nickelodeon
9488,Playvir Productions
9489,Busy Streets
9490,"Gemdrops, Inc."
9491,"Thq Nordic, All Elite Wrestling, Llc"
9492,Weaveractive
9493,Institute Of Noetic Sciences
9494,Outsmart
9495,Nathan Workman
9496,Webcore Games
9497,Lostvolbytes
9498,Busking Software
9499,"Enigma Games Ltd, Kpl"
9500,Fewjix
9501,Badgames
9502,Tim-Jannick Hopp
9503,0_Stamina
9504,Mayni Prod.
9505,Chad R. Banks
9506,Oliver Keppelmüller
9507,Mva_Resi
9508,Wrestling Gamers United
9509,"Wevr, Inc"
9510,Tundra
9511,Corrupted Media Productions
9512,Cheesecake
9513,Another Dev Company
9514,Deep Range Studio
9515,B52 Development Team
9516,"Gamesforgames, Andreev Worlds"
9517,Asmodee Digital
9518,Arkio Ehf.
9519,Oneonegames
9520,Yasin Küçük
9521,"Scorpio Game Co., Ltd."
9522,Luke Muscat
9523,Calthies
9524,199Centsstudio
9525,Windlimit Studios
9526,Luphi Interactive
9527,Geckopaw Games
9528,"High Fidelity, Inc"
9529,Twisted Games
9530,Mikołaj Spychał
9531,Topgame
9532,Feeel 3D
9533,Glove Games
9534,Magnús Andri
9535,阿基米德 尼古拉斯 夏
9536,Notgameyet
9537,Familyplay
9538,The Local Group
9539,Infinite State Games
9540,Hypermech
9541,Quixm Interactive
9542,Cannibal Interactive
9543,Julian Schlüntz
9544,Oli Taylor
9545,Webzen
9546,Nyberius
9547,Log Games Ltd
9548,Areta Watanabe
9549,Crimsonite Games
9550,Hololive Indonesia
9551,Dirigo Games
9552,Pixelabor
9553,Estudio Raed Wulf
9554,Gz.Inc
9555,"Ravenage Games, Indieark"
9556,Rusimitu
9557,Passion Republic Games
9558,Leaping Turtle
9559,Gg
9560,Happyking
9561,Goodgame Studios
9562,Arimac Lanka Private Limited
9563,Invictus Games Ltd.
9564,Niflheim
9565,Archive Games
9566,Benjamin Soulé
9567,Nukepop Games
9568,Windy Games
9569,Thedollargamestore
9570,Bearfoxbear
9571,Sakura River Interactive
9572,青春18金魚
9573,"Corefun Studios, Llc"
9574,"Movie Games S.A., Surefire.Games"
9575,"Wither Studios, Llc"
9576,Néo-Riki Games
9577,Talanta Net Games
9578,Kittehface Software
9579,Helvetica Scenario
9580,Yang Sun
9581,Notspark
9582,Pixiangames
9583,S.T-Brothers
9584,Ninja Worufu
9585,Star Losvice
9586,Mode24
9587,Very Very Little Studio
9588,Stegtech Llc
9589,凌晨大黑狗
9590,Shabi
9591,Polska Lemon Ltd.
9592,Shaun Hogan
9593,"Elixor, Limpchhgamedev"
9594,Kevin Hinker
9595,Sixstring Interactive
9596,The Game Bakery
9597,Doppler Creative
9598,Purple Dragon Games
9599,Xsolla Usa Inc
9600,Od Game
9601,"Vrideo, Inc."
9602,Ryan Up In Here
9603,Team Lucid Dream
9604,W0Nnafight
9605,"Silver Lining Interactive, Iv Productions"
9606,Thousand Games
9607,Lord Imperio
9608,呜噜噜游戏
9609,Il Ya
9610,Incandescent Games
9611,Verbal Chambers
9612,Jaredgames
9613,Bluehope Studios
9614,Thegamecreators
9615,Opala Project
9616,Joon Games
9617,Concrete Works
9618,Wildbus Studio
9619,Phoenix Reborn Games
9620,Not Fun Games
9621,Codya
9622,Decane / Tlbm
9623,Cogoo
9624,Pudding
9625,Land Patricio
9626,Colonthree Enterprises
9627,Tadeusz Lorkowski
9628,Catoptric Games
9629,"Game Artists, Llc"
9630,Basim Aziz
9631,Guilherme Gonçalves
9632,Marinosdev134
9633,Unitedindie
9634,0 Deer Soft
9635,Vaniloput Games
9636,Horror Shop
9637,Pine Games
9638,Steel Peak Games
9639,Lost Guardian Games
9640,New Hell Studios
9641,Crj Games
9642,Zydrone
9643,Shaman Game Studios
9644,Chromeleon Games
9645,Pickle Drugs
9646,Mografi
9647,Rendercode Games
9648,Up Multimedia
9649,Alone Fox Games
9650,Caos Creations
9651,"3T Labs, Ultimate Games S.A."
9652,Artax Games
9653,Scorpius Games
9654,Krysle Quinsen
9655,Spacefarer Games Ltd.
9656,D Games
9657,Apartment 18 Productions
9658,莉莉恩工作室
9659,Jesse Mccabe
9660,Harkee
9661,Liminal Games
9662,Grandpaw Games
9663,"X10 Games Studios, Inc., Max Gaming Studios, Llc."
9664,Tudou Games
9665,Mediatale
9666,Casper Forever Digital
9667,Onemanteam
9668,Indie'S Slice
9669,Noise Hunters
9670,Eclipse Interactive
9671,Casgames
9672,Jozgames
9673,Ziggy Makes Games
9674,Eksperimental Games
9675,Shortbread
9676,Tier 9 Game Studios
9677,Wulum Creative Technology Ltd.
9678,Dailydreams
9679,Kyrylo Kuzyk
9680,Yotka Games Llc
9681,Hh Games
9682,Federico Schliemann
9683,Alex Rose Games
9684,Asterion Games
9685,Iful Gs
9686,Solo Dev
9687,艾斯尼斯
9688,Panic Point Games
9689,Rhombus Studios
9690,Polylusion Games
9691,Team Syukino
9692,"Selenophobia, 2P Games"
9693,魔书科技
9694,Xigma Games
9695,Black Phoenix Studio
9696,Blink
9697,"Erabit, Infini Fun"
9698,Indie Asylum
9699,Emberwulf
9700,Re:Code
9701,Really Interactive
9702,Sengi Games
9703,Yo252Yo
9704,Too Much Tomato
9705,Moon Pub Games
9706,Midi Creations
9707,Stephen Walton
9708,Growing Seed Games
9709,Gamegrustudio
9710,Somdy Age
9711,Fast Fall Studios
9712,Moonrift Entertainment
9713,Guguh
9714,Ionized Studios
9715,Gd Studio Inc
9716,Showbit Entertainment
9717,Charisma Entertainment Limited
9718,Chris Charbonneau
9719,Gosdev Production
9720,"Fantasy Flight Publishing, Inc."
9721,Thunder Road Game Studios
9722,Crushpoint Games
9723,Ginger Labs Llc
9724,Richard
9725,Nouhidev
9726,Daniel Wright
9727,Yakuentei
9728,Utv Ignition Entertainment
9729,Bukra Games
9730,Hitheryon Games
9731,Asbo Interactive Ltd
9732,杭州身尚贝兼网络科技有限公司
9733,Henchman & Goon
9734,Uniocs
9735,Data Realms
9736,Edo Create
9737,Ralien Studios
9738,Loopgame
9739,Growl Interactive
9740,Lonelyocelot
9741,Superchop Games
9742,Woodhill Interactive
9743,Nolife Labs
9744,Iletcreativity
9745,Syn-Studio
9746,Cd Jones
9747,"Nd Games, Bitcomposer Games"
9748,Anatoly Konstantinov
9749,7 Keys Studios
9750,Necrocatic Games
9751,Chainsaw Syndicate
9752,Winterflood
9753,Oriseus Studios
9754,Level-Buster Studio
9755,Parables Games
9756,Kunst-Stoff Gmbh
9757,Eddie O'Hagan (Katianie)
9758,Moonworks
9759,Reality Magiq
9760,Merson
9761,Tiny Utopia
9762,Ivy Games
9763,Treasure Hunters Fanclub
9764,Waifugames
9765,班超工作室
9766,Pixel Ghost
9767,Departure Interactive
9768,Gearloose
9769,Infamous Quests
9770,Tyluk
9771,"Shen Jiawei, Zhang Fan"
9772,Timedrop Studios
9773,Xu Miping
9774,"Art Games Studio S.A., Gaming Factory"
9775,Cakegames
9776,Ninoo Studio
9777,Serzhantov Aleksandr
9778,Noeye-Soft
9779,Enfenyx Games
9780,"Bedtime Digital Games, 4Divinity"
9781,Happy Max
9782,Guanbees
9783,Spilt Milk Studios Ltd
9784,Vertices Software
9785,Augmented Irreality
9786,Gbd
9787,Alexander Semenov
9788,Best Place Apps
9789,Meta Sauce
9790,Nilson Carroll
9791,Me Vs Game
9792,Vergiu
9793,Hendo Games
9794,Party Moose Games
9795,Stacks:Engine
9796,Bbg
9797,Y-Nightmare Productions
9798,Downmeadowstreet
9799,"Virtualcast, Inc."
9800,Richmakegame
9801,Bad Coffee Games
9802,Fungamesvr
9803,Mystic Sword Gaming
9804,"Digital Tribe, Indee Solo"
9805,秃鹰组长
9806,Infinite Studio
9807,Dev4All
9808,Bitbasicdev
9809,Iamtagir
9810,Raikon Kitsune
9811,Aad Productions
9812,659 Records (Pty) Ltd
9813,Odbear Studios
9814,Goober Games
9815,Angel Star Studios
9816,Rockbee
9817,Team L.U.R.Id Glow
9818,Larkon Studio
9819,Paul Connor
9820,Atomic Wolf
9821,"Oedipe Games, Oedipe Games"
9822,Tesaks Entertainment S.R.O.
9823,Itamde
9824,Shadow Layer Games Llc
9825,Stusse Games
9826,Emergency Entrance Studios
9827,Megafauna Llc
9828,Tom'S Feral Cat Games
9829,Mydearest
9830,Phocore Inc.
9831,Retrowave Studios
9832,Must.Iolo
9833,小青蛙妙妙制作组
9834,13Am Games
9835,"Level Evil, Victory Road, Black Sun Game Publishing"
9836,Filios Christou
9837,Kinifigames Llc
9838,阅尘Atlas
9839,Cornutopia Software
9840,Tortuga Xel
9841,Salmon Snake Games
9842,Hidden Ocean Games
9843,Oops.K
9844,"Gemdrops, Inc., Clouded Leopard Entertainment Inc."
9845,夜与潜伏者
9846,Martin Kutlak
9847,Semag Games
9848,Molerat Digital Art Ltd.
9849,Pixel Island
9850,Horsegames
9851,Curious Planet
9852,Power Level Studios Inc.
9853,"Pqube, Circle Ent., Flyhigh Works"
9854,Roborar Digital Ltda.
9855,Coreygamedev
9856,Projectm
9857,Playclaritas
9858,Luna Apps
9859,伤官制作组 Team Uranian
9860,Blue Mountains
9861,Wombatbarn
9862,Phoenixxx Games
9863,Nfa
9864,Dream Pocket Studio
9865,Inoureyes
9866,Fhnbhj
9867,Flyover Zone Productions
9868,Red Mount Media
9869,Morfeodev
9870,Aleksandr Soldatov
9871,Lord Puggington Games
9872,Jellyfish Parade
9873,Visual Wordplay
9874,"Ayrton, Rafael And Vicente"
9875,"Alice Publication, Eternal Alice Media"
9876,Tmfx Studios
9877,Cocopo
9878,Secretsof
9879,Reverie Foundry
9880,"Telophase Studios, Llc"
9881,Papaonn
9882,Baobab Studios Inc.
9883,Koenigz
9884,Act Zero
9885,Finance Unlocked
9886,Skyline Games
9887,Refrigerant Reclaim Australia
9888,Everecord
9889,Thesis Games
9890,Spawn Point Studios
9891,Tea Monster Games
9892,"Parasgames, 2D_猫"
9893,Kelkosoft Llc
9894,Sky City
9895,Josyan
9896,Went2Play Llc
9897,"Haiku, Inc"
9898,Cherryco.Studios
9899,宇智波早苗
9900,Alarm Studio
9901,"Sylphsong, Inc."
9902,"Absolute Power Game Studio, Indie.Io"
9903,Sempiternal Rain
9904,Hashdev
9905,Rusmin Sofiz
9906,Please Know More
9907,Peter Knak
9908,Flatfish Games
9909,Little Bot Studio
9910,白露社
9911,Ndmx Game Studios
9912,Indieplay
9913,Craig Schwarz
9914,Otakesan
9915,Umbu Games
9916,Azimut Team
9917,Mz Times
9918,Amazevr
9919,Bible Games
9920,Twisted Math
9921,Phatrobit
9922,Shaman Games Studio
9923,Flannel Bear Games
9924,Toxicbytegames
9925,Mew Mew Media
9926,Bolt Estudios
9927,Beauties! They'Re All After Me
9928,Fatih Mert
9929,Dungeon Games
9930,Rewind Games
9931,Rude Ghost
9932,Oleksandr Stetsenko
9933,Sleepwalking Potatoes
9934,Quit
9935,Pogu Desu
9936,Egalitaria Studios
9937,Pixel
9938,Essence Worldcrafter
9939,Maru Project Develop Team
9940,Bright Flask Games
9941,Cosmic Void
9942,Tall Guy Productions
9943,Adam Mowery
9944,Swain Games
9945,Lev Gogol
9946,Cyberdoesstuff
9947,Wizard Games
9948,Joshua Missile
9949,Phoenixx Inc.
9950,Corestone Games
9951,Fuzzy Wuzzy Games Inc.
9952,糕薯科技
9953,Red Scale Studio
9954,Piratecat Games
9955,G5Game
9956,N5 Games
9957,Xinpo Game
9958,Dream4Team
9959,Toco Games
9960,Silver Rat Studios
9961,Vikintor
9962,Liugao
9963,Scream In To Void
9964,Dino Digital
9965,Kuma Games
9966,Emerick Gibson
9967,6 Toad Games
9968,Xeecee
9969,Glitchr Studio
9970,Akamurasaki Games
9971,Slikey Games
9972,Decemberborn Interactive
9973,Benoit L'Hoest
9974,Alisson Araujo
9975,Incineration Productions
9976,魔方云游戏工作室
9977,Lion Core
9978,Mindprobe Labs
9979,Dylan Blake
9980,Reflective Surfaces
9981,Brian Master (脑补大师)
9982,Morepork Games
9983,Throne Games
9984,Lan Jie
9985,Hugepixel
9986,R.A.M. Studios Llc
9987,Adc
9988,Tomris Games
9989,Gg Interactive
9990,Robogame Studios
9991,Gz Storm
9992,Hajime Doujin Circle
9993,Golden Dragon Studio
9994,Amigo Vr
9995,Room 8 Studio
9996,Game Last Studio
9997,Bobby I Guess
9998,Pixels Graphic Design
9999,Tonia Sanzo
10000,United Command International
10001,"Twisted Words, Llc"
10002,Sea Panda Creative
10003,Final Gambit Llc
10004,Quadape
10005,Redicion Studio
10006,Guipadgon
10007,Cbgamedev
10008,风暴之刃工作室
10009,Rocket Juice Games
10010,"Happy Belated Birthday Maxim!, Happy Belated Birthday Maxim!"
10011,Terpysauce
10012,Confer Studios
10013,Vnow Games
10014,Cris Litvin
10015,Schirwindt
10016,Eric Lipschutz
10017,Draugr
10018,Trickster Games
10019,Decabry
10020,Bahamun
10021,Supernature Studio
10022,Smokingbear Studio
10023,Junkyard Media
10024,Tibith
10025,Null Reference Ltd
10026,"Netplay, Inc."
10027,Kangaroounderlord
10028,Anchora Games
10029,Bastion Studio (Fr)
10030,Ribbongames
10031,Richard Cowgill
10032,Sloppy Joe Studios
10033,Cryptic Comet Games
10034,Ouatte
10035,Jeklin Games
10036,Personal
10037,Wit Studio
10038,"Beijing 1023 Technology Co., Ltd"
10039,Zor Dev
10040,Editmode
10041,One-Bit Punch
10042,"Tch International Group, Llc"
10043,Daniel Coady.
10044,Iconic Studios
10045,Feardemic
10046,Wicky Yu
10047,Whitepeach
10048,Aeonax Studios
10049,Goosegames
10050,Vs Entertaiment
10051,Entheogen Studios Llc
10052,Proficient City
10053,Khud0
10054,Funkyzeit Games
10055,Tea & Cake Games
10056,Scarlet Whale
10057,Kuark Games
10058,Team Flow
10059,Eluhims Studio
10060,Aldin Dynamics
10061,Factory Play
10062,Red Wolf Studios
10063,Steveclay
10064,"Stw Projects, Ziel Graywords"
10065,Travel And Play
10066,Morphcat Games Ug
10067,I273 Llc
10068,Dire Kitten Games
10069,Invisible Studio
10070,Woblyware
10071,Andrii Prots
10072,.Orphans
10073,Zodiac Interactive
10074,Alphatik Inc
10075,Pyrebug Studios
10076,James Mcgowan
10077,红锈雨
10078,Grand Engineer Corps
10079,Jumping Pound Games
10080,Game Juice Studios
10081,Ibrahim Sawfan
10082,Ash And Rust Studios
10083,Wanin International
10084,Segedi Inc.
10085,Frosty Pop
10086,Windam
10087,"14 Hours Productions, Astrolabe Games"
10088,Yellow Brick Games
10089,A.Filimonov
10090,Nevreal Studios
10091,Monkey Rave Production
10092,Random Developers
10093,Magic Pie
10094,Fatsheep Studio
10095,Ragtagradical Llc
10096,Kokutou Umeboshi
10097,阿达游戏
10098,Logoi Games
10099,Games-Up
10100,Refactored Games
10101,Gian Luca De Michelis
10102,阿煙
10103,Aegon Games Ltd
10104,Vhanjadestudios
10105,Lalworks
10106,A13
10107,"Klutzgames, Fleischfilm"
10108,Nexxen Gaming
10109,Reno Gt Young
10110,Frogames
10111,Ark Island Studio
10112,Genuine Studio
10113,Critical Forge
10114,Earthquake Game Studio
10115,成都搜发互娱网络科技有限公司
10116,Jn Games
10117,Pq Pixels
10118,Creepytoad
10119,Gamestudio
10120,Rd Studio
10121,Bad Fox Studios
10122,Louis Protano
10123,Hnstudios
10124,Pixelbark Games
10125,David Montesi Rivas
10126,Scarab Entertainment
10127,Stormbrewers
10128,Shark3D Studio
10129,Hyacinthheart Studio
10130,Gameplete
10131,Zentyre
10132,Cstg-小光
10133,Redhorse Studio
10134,Giovanni Marin
10135,Nyanko Games
10136,Steinbock Games
10137,Hala M. Dev
10138,Waleles
10139,Hammerfall Publishing
10140,Open Sky Studios
10141,Dreamlight Games
10142,The Hyper Carries!
10143,Chilidog Interactive
10144,"A Shrine Of Ludens, Sapstar Games"
10145,Goodoldman Studio
10146,One Legged Seagull
10147,S Xavier Uy
10148,Lizards Games
10149,Lee Geon Jae
10150,谭浩翔
10151,Fmtc
10152,Mohsin Rizvi
10153,Gamifier
10154,One Or Eight
10155,Mindfield Games
10156,Awn Games
10157,Snowforged Entertainment
10158,深圳市数湾科技有限公司
10159,Keyboardkrieger
10160,Time Traveling Badger
10161,Alleyinn
10162,Black Side
10163,Fruity Dragon Interactive
10164,Original Studios
10165,Beatrice
10166,Cool Beans Productions
10167,Mattia De Berardinis
10168,Pedica Games
10169,Photon Experience
10170,Fx Games
10171,Dubscr
10172,Cyberphobx
10173,Omnidream Creations
10174,Gentle Troll Entertainment
10175,Fried Octopus
10176,X1 Studio
10177,First Heuristic Games
10178,碎片纪元工作室
10179,Daniel Mcfarline
10180,Yimiao Game
10181,Tvm Studio
10182,Spalato Bros
10183,Trailblazer Games
10184,Rev21
10185,"Cloudgate Studio, Inc."
10186,Mobiusgames
10187,Eagleeye Games
10188,Appliks Apps Studios
10189,"Pixel Games Uk, Retro Room Games"
10190,Ortharion Project
10191,Lange Studios Llc
10192,硬石工作室
10193,Pd_Cgt
10194,Eray Dinc Interactive
10195,Jake Peng
10196,Zatun
10197,Hopsbrook Studios
10198,Star Shine Entertainment Pte Ltd
10199,Normal Distribution Llc
10200,"Legionvr, Llc, Fun Train"
10201,"Gamesforgames, Maks Volegov"
10202,Retrorevolution
10203,"Machineman1357, Phanom Games"
10204,Christopher Cinq-Mars Jarvis
10205,Fallen Tree Games Ltd
10206,Five River Solutions
10207,Kane Entertainment
10208,Ttcx Inc.
10209,Xuanjin Studio
10210,Big Fish Games
10211,Synaptic Response
10212,Vendor Trash Games
10213,Diego Rodrigues
10214,Kirun
10215,Shao Lei
10216,Sweet Games
10217,Xsspace
10218,Llamasoft Ltd
10219,Digital Monster Collective
10220,Derevotyan
10221,Dcgsoft
10222,"Spaceowl Games, Erabit"
10223,Alphanuts
10224,"Green Man Gaming Publishing, Good Catch Games"
10225,Team Clam
10226,Flightyfelon Games Inc.
10227,Black Apple
10228,Console Classics
10229,Abmkf Studio
10230,Mathias Kapelrud
10231,Fw2C.Com
10232,Choi Jaewook
10233,Haha Doodle
10234,大话江湖
10235,Woodenbulldozerstudio
10236,Naisu
10237,"Storkyproduct, Featherbyte"
10238,Indie_Games_Studio
10239,Sardos
10240,"Project Tranquil, Llc"
10241,Jeff Sproul
10242,Michael Gschwandtner
10243,Jkenterprises
10244,Pyrophysics
10245,Deveneleven
10246,Aquila Games
10247,Little Denis Games
10248,定期的な宝物
10249,Glowing Eye Games Ltd
10250,Lucid Dreams Studio
10251,Agelvik
10252,Turtle Cream
10253,Red Iron Labs
10254,"Tokyotoon, Fruitbat Factory"
10255,Pablo Barrón
10256,Waka Games
10257,Bluetale
10258,Christoph Schultz
10259,Xiotex Studios Ltd
10260,Glitch Pixel
10261,Highground Games
10262,Meng Games
10263,Ahlman Game Studio
10264,Maximilian Ritters
10265,Spooky Cat
10266,Yours Truly
10267,Argus Games
10268,Npc Games
10269,Solluco
10270,Fuse.Fun
10271,Arcupion Art
10272,T2Jn4
10273,Sensen Games
10274,Rémi Adriano
10275,The Natural Way Top
10276,Fairy Forest
10277,"Source Byte Sp. Z O.O., Blacer Studio"
10278,Comcode
10279,Mad Triangles
10280,Nnゲーム工房
10281,Sammio The Hammio
10282,Arcaludi
10283,Nvyve® Studios
10284,Kepithor Studios
10285,Mitorah Games
10286,Self Madev
10287,Mystael Studio
10288,Quill Yuri
10289,King Brick Games
10290,Crabby Team
10291,Phone Software Ltd
10292,Verto Studio Llc
10293,Pyramid Lab
10294,Sunny Blaze
10295,Antiquity Studio
10296,Tripaw Games
10297,Random Thoughts Enterainment
10298,"Cyborg Syndicate, Llc"
10299,Hcpgames
10300,Team 1
10301,Retroism
10302,Pat Scott
10303,Bee Paradise
10304,Limited Input
10305,Creetor
10306,Mind Inside Games
10307,Josh Koenig Games
10308,"Cor Entertainment, Llc"
10309,Cybreath
10310,Frima Originals
10311,4H Studiolab
10312,"Frima, Éditions Rsg"
10313,Chainsaw Development
10314,Heatpot Games
10315,"Kamiena, Katsumi Suenami"
10316,Nostalgia Addict Games
10317,"不謹慎Brothers, Rmasia"
10318,A Studios
10319,Gearfall Studios
10320,Music Inside
10321,Hgisoft
10322,Dream Games Studio
10323,Heliongames
10324,The Broken Clock
10325,Derik Moretti Da Silveira
10326,Got Bacon Games
10327,Cranio Creations
10328,Mediacity Games
10329,Mythicpenguin
10330,Fruits Of Yggdrasil Studio
10331,Firepillar2
10332,Pointfiveteam
10333,Burrito Studio
10334,Bbb Games
10335,Wlend
10336,The Sheep'S Meow
10337,Andrea Demetrio
10338,Kikai Digital
10339,Tyler Wrigley
10340,Meridiem Games
10341,Svgames
10342,Eliot
10343,Tryhards
10344,Playlearn
10345,Niche Games
10346,Phl Collective
10347,Christian Reuter
10348,Lotus Gamestr
10349,Worthing & Moncrieff
10350,Splendortek
10351,Tma Games
10352,Borealis
10353,Roman Chumak
10354,Manning Media
10355,Fedorov Ilya &Amp; Andrew Konovalov
10356,Applykat
10357,Thecrimsonbulb
10358,Wolfborg Games
10359,Jacob Singer
10360,Simden Studio
10361,Stray Fox Games
10362,"Trexus183, Llc"
10363,Ninjajd Productions
10364,James Horn
10365,Wulwartgames
10366,Dead Bug Gaming
10367,Disturbing Excitement
10368,Poisongames
10369,Grzegorz Korycki
10370,Vasileios Vrouliotis
10371,"Detalion Games S.A., Movie Games S.A."
10372,Rpg Adventures Team
10373,+Umbrella
10374,Hypotyposis
10375,Backpack Scavenger
10376,Pink Label Games
10377,Steam Blade Games
10378,Kurumi Works
10379,Big Hat Games
10380,Naarassusi Game
10381,Ultrapin Games
10382,Featurebug Entertainment
10383,艾露比工作室
10384,Cosmic Picnic
10385,Rossiya Segodnya
10386,Genova Softworks
10387,Tumbleweedgamedesign
10388,Ghost Machine
10389,Astrarium Publishing
10390,Guanpeng Chen
10391,"Hot Seat, Ltd"
10392,Nullio Games
10393,Symmetry Dimensions Inc.
10394,Rcmadiax
10395,Oramonkey
10396,Synthetic Vector Studios
10397,Tommy Gun Walrus
10398,Viveport
10399,Zoltán Kucsik
10400,Golden Cup Games
10401,Furylz
10402,Buyaoguan
10403,Axoma Games
10404,Vk
10405,Lasso Games
10406,Play-Em
10407,Perp Games
10408,Feel Good Games
10409,Daniel Linssen
10410,Enbask Studios
10411,"7A Games, Kurki.Games"
10412,Golocobiz Limited
10413,S0Trax994
10414,"Dragonetti, Ghbe Studios"
10415,Deskclub Games
10416,Carlos Julian Lopez Garcia
10417,Boomz Games
10418,Andreil Game
10419,Eldstorm Games
10420,Digital Universe
10421,Relevation Studios
10422,Tater Games
10423,Kmhgames
10424,Kda Games
10425,Islaoliva Games
10426,Madsushi Games
10427,Autotivity Entertainment
10428,Donato Molino
10429,Pixre
10430,游戏方程工作室
10431,Gamecask
10432,Orange Squeeb
10433,"Kenshin Game Studio, Kgs2019"
10434,"Zugalu Entertainment, Gamersky Games"
10435,Vorobushek
10436,Rgb Rush
10437,Rocketeer Games Studio Llc
10438,Will Bowerman
10439,Shanghai Lusion Computer Software Co. Ltd.
10440,Stonebrick Studios Ug
10441,Apgal
10442,"13-Lab, Azimuth Team"
10443,Pinq Games
10444,"Fireshine Games, Logoi Games"
10445,Licorice Ehf
10446,Yobob Games
10447,Old School Games
10448,Dreamware Games
10449,Toccgames
10450,King Deluxe
10451,Spectral Illusions
10452,Ludum Factorem
10453,Reine Works
10454,Merso Entertainment
10455,Woody'S Games
10456,Gvh Universe
10457,Retrobolt
10458,Change The Ref
10459,"Bark Games, Doyoyo Games"
10460,"Slothwerks, Indienova"
10461,Hoven Indies
10462,良友茶社
10463,Horrawr
10464,"Instituto De Astrofísica, Puc De Chile"
10465,Beni Games
10466,Mreliptik
10467,Georges Games
10468,Abyss Gameworks
10469,Self-Published
10470,Ongmaker熔核工作室
10471,Ben Lunato
10472,Fabiano Naspolini De Oliveira
10473,Qipaworld
10474,A Jolly Corpse
10475,Juncture Media
10476,Enhance3D
10477,Indiecode Games
10478,V645 Games
10479,上原諒祐
10480,Josiah Tull
10481,Barlow Studio
10482,Digidiced
10483,Wonsub Lee
10484,Warder Games
10485,Robotsgames
10486,清泉工作室
10487,Serenity Studios
10488,4 Hats
10489,Blockout22
10490,Raininglamppost
10491,3Division
10492,Cooljosh3K Games
10493,Witty Kitty
10494,Vault Interactive
10495,Cpw Games
10496,Alexandre Yoshinaga
10497,1987 Studios
10498,Sea Of Ghosts
10499,"Grabthegames, Mazen Games"
10500,Studio Chili
10501,Focal Point Game Studio
10502,Game Devs Studio
10503,Citor3
10504,Vulpoaică Games
10505,Sylen Studio
10506,Elhaitham Ashmawy
10507,Lozange Lab
10508,Niño Emprendedor Srl
10509,"10Mg, Gesinimo Games"
10510,This Was Once Revealed To Me In A Dream
10511,Bisquit Play
10512,Quasar Jogos
10513,Hapa Games
10514,Vignition Studios
10515,Squinkifer Productions
10516,Examlguy
10517,Relax Minimalism
10518,Gamecraft Studios
10519,2Tainment
10520,Space Cadet Interactive
10521,Contec Games
10522,Maestro Games
10523,Hoody Studio
10524,Morbid Software
10525,Trevor Jones
10526,Bytebomb Studios
10527,Fuzzy Code Studio Llc
10528,Atelier Atic
10529,Lorag Games
10530,Final Boss Editing'S Games
10531,Archotech
10532,Kid'S Revolt
10533,"Cultic Games, Maple Whispering Limited"
10534,猫台班子工作室 Cat Caboodle
10535,Kartikay Rathi
10536,Immunity Studios
10537,Fly Studio
10538,茅焱杰
10539,Nimblebeasts
10540,Timewarp Inc.
10541,Little_Amethyst
10542,"Komodo, Masaya Games"
10543,Caffeine
10544,Titanzzz
10545,"I-Novae Studios, Llc"
10546,7Quark
10547,Xpathfinder Games
10548,Fergatroid Studios
10549,Kreamland
10550,Harmonious Games
10551,Padendon
10552,Gameus Inc
10553,Falkenbrew
10554,Zhou Yang
10555,Parli Studios
10556,Dobest Studio
10557,Nether Lamp
10558,The Work Club
10559,Mete Ozguz
10560,"Team Machiavelli, Indieark"
10561,"Baron Du Juvénile, Wss Playground, Alliance Arts"
10562,"Braindead Broccoli, Qubyte Interactive"
10563,Napping Penguin
10564,Underdogz
10565,Tenkaigames
10566,Zetsubou
10567,Alchemy Media Publishing
10568,"Local Space Survey Corps, Llc"
10569,Slam Away Games
10570,Wylderzone
10571,Danser Games
10572,Chris Danelon
10573,Monkeytoons
10574,Imperian Online - Hradec
10575,Autarca
10576,"Ash Game Studio, Dreamstep"
10577,Binge Gaming Ou
10578,Mythic Gaming
10579,Black Red Studio
10580,Voxelblade Studio
10581,Imperial Dynamics
10582,3D-Aw
10583,Urban Giraffe Games Inc.
10584,Visual Interactive
10585,Carb
10586,Pajos Games
10587,Nivision
10588,Arcwillow
10589,Rovio Entertainment Ltd
10590,"双叶小组, Nvlmaker"
10591,Fair Weather Studios
10592,Itd Collective
10593,Muharukahana Studio
10594,Bassett Interactive
10595,Skyboy Games
10596,Steve Jarman
10597,Nadanyi Arts Ltd.
10598,Green Tree Games Llc
10599,Jared Blackburn
10600,Cszgames
10601,Latitude 42
10602,Reroll Gaming
10603,Fbrzd
10604,Ngin Limited
10605,Who We Are Games
10606,Koex Studio
10607,Tozukugames
10608,Solshade Games
10609,Kuma Gee
10610,Playwith Interactive Inc.
10611,Artnumeris
10612,"Tatamibeya 畳部屋, Pujia8 Studio"
10613,Megaseven
10614,Honest Chronicle
10615,Lost Fables
10616,Silhouette Valley Games
10617,Jpeg Of Pain
10618,呜噜噜
10619,少年工作室 Juvenile Studio
10620,Downtown Blast
10621,Number7
10622,Kyden
10623,Dmnt Interactive
10624,Sidelinesim Studios
10625,Moonana
10626,Yubui Studios
10627,Powersnake
10628,Zero One Sas
10629,Acidic Studios
10630,Eugene Tan Jianpeng
10631,Shambles Software
10632,Oribe Ware
10633,Moonskull Games
10634,Citadel Games
10635,Zokya Media
10636,Robot Assembly
10637,Lezy Bee
10638,Omnia Studios
10639,Pisho
10640,"Gte Entertainment, Nightdive Studios, Atari"
10641,黑心小作坊
10642,Funnylocks Corp
10643,Headless Wizard
10644,Pandomime Studio Llc
10645,Nape Games
10646,Insightful Games
10647,Panthera Titanium
10648,狼皮羊工作室
10649,Arachronia
10650,Paper House
10651,Red Twice Potato
10652,Charlie Oscar
10653,Trois7Ème
10654,Axis Technologies Llc
10655,3D Talo Finland Ltd.
10656,Ragent Sdn Bhd
10657,Lutegames
10658,Joshua Hotchin
10659,Danius
10660,Papermill Games
10661,Gilligames
10662,Menacing Aura Games
10663,Dsdev Games
10664,Raia Software Inc.
10665,Strange Horizons Ltd
10666,Chronicle Bench
10667,咲熠
10668,Freshwindsoftware
10669,Mofunzone Inc
10670,Seespace Labs
10671,Jürgen Hoffmann
10672,Unorthodox Studio
10673,Hdr
10674,Jonathan Mulcahy
10675,Blue Cat Studio
10676,Astrodition Development
10677,"Ar Glimpse, Llc"
10678,Flashrush Games
10679,Crystice Softworks
10680,Sliver.Tv
10681,Dudollar
10682,2Awesome Studio
10683,Omegacore
10684,Bauschan Gamez
10685,"Newmatic Co., Ltd."
10686,Extra Nice
10687,Please Be Patient
10688,Games By Stitch
10689,Pavel Zinchenko
10690,Joshua Keith
10691,Popera Studio
10692,Pg Entertainment
10693,Broke Studio
10694,Rolling Crown
10695,Honest Rogue Games
10696,"Gold Turtle Games, Zygobot"
10697,Musclebird
10698,Darktree Development
10699,Steedie
10700,"Tombas Tomáš Basovnik, Martin Hoferek"
10701,Aquatic Games
10702,烈火
10703,ナナナナ　ナナナ
10704,Haha Studio
10705,狐一
10706,New Zealand Police
10707,Asa Studio
10708,"Retrorave, Llc"
10709,Toy Box Lab
10710,Blaze The Star
10711,Moxie Game Studio
10712,James Dornan
10713,Gabbergames.Com
10714,"Trioskaz, Bober Bros"
10715,Revolto Software
10716,Camefrom.Space
10717,"Shanghai Thinkingbear Network Technology Co.,Ltd"
10718,Kreatoriet Ab
10719,Xocus
10720,Ember Wing Games
10721,Gmd13
10722,Gamera Game
10723,Free Initiative Games
10724,Coffee Studio
10725,Rocket Jump Technology
10726,Spawn Digital
10727,Cold North Games
10728,The Net Champs
10729,Jack Goddard
10730,Pretty Potato Games
10731,Berry Berry Niceu
10732,"Flyway Games, Inc."
10733,Blestworks
10734,Zever Games
10735,Skywalker Hk
10736,Asgleague Studios
10737,Independent
10738,Crynsystems
10739,Wild Wizard Studios
10740,Ne Games
10741,Ruve Game Studio
10742,Sibling Rivalry Games
10743,Inexplicable Games
10744,Evercats
10745,Lastgame
10746,"Saturn Vr , Nipsapp Game Studios"
10747,Gogo Games Interactive
10748,Time Galleon
10749,Itchy Games
10750,弦语蝶梦
10751,Output Enable Studio
10752,Unizza Studio
10753,"Btd Studio Co.,Ltd."
10754,Hybriona Technologies Llp
10755,Donkulosis Labs
10756,薪火傳媒
10757,Aurora Studio
10758,Rinober
10759,W&H Game Systems
10760,Braindistrict
10761,Carrion Wave Llc
10762,Gartal Games
10763,Chengcong
10764,Youth Feather Center
10765,Algoji
10766,Side Quest Publishing
10767,Aries
10768,Mack Art Productions Inc
10769,Super X Studios Llc
10770,Kiroo Corp
10771,Vc
10772,Jareed Dempsey
10773,Oddscure
10774,Super.Com
10775,"Breaking Walls, Game Seer Ventures"
10776,Astragon Sales & Services Gmbh
10777,Sponge
10778,Doggottengame
10779,Red Koi Box
10780,Tcs Production
10781,Creative Square Studio
10782,Dragons
10783,Nate Bit Games
10784,Dreamssoftgames
10785,Vladislav Khorev
10786,Casey Donnellan Games Llc
10787,Tangled Web Games
10788,Totem Entertainment
10789,Rvl Games
10790,Mbe Games
10791,Spikkeee
10792,"Farsight Studios, Inc."
10793,Smart Online Games
10794,Hujiol Games
10795,Remnants Of Mosaic
10796,Yuuuge Games
10797,随便做做游戏组
10798,James Moulang
10799,Supercap Games Llc
10800,Ziegler Gamedev Gbr
10801,Random
10802,+7 Software
10803,Luminark
10804,Tykocom
10805,Multiverse Games
10806,Axe Games
10807,Busy B Studios Llc
10808,Screen South
10809,Rockwell Studios
10810,Saboteur Game Co.Ltd.
10811,Second Wind Interactive
10812,"Automata Source, Potassium Frog"
10813,"Metalcat Interactive Co.,Ltd"
10814,Bomber Studio
10815,Bogemic Games
10816,The Lazy Summer
10817,7 Box Games
10818,Pantera Entertainment
10819,Sklorite Studios Llc
10820,High Performance Games
10821,Syrent Games
10822,夜行者
10823,Grove Street Games
10824,Right Mind
10825,Oldhc
10826,Stalkeralex...
10827,2Am_Project
10828,Westeford
10829,Gold Turtle Games
10830,Immortal Hand Studios
10831,Lionsword Studios
10832,Kaimaro
10833,Tesondo
10834,Coffeesnail
10835,Mrcowdisease
10836,Yayapipi Studio
10837,"Creativeforge Games, Hawthorn Games, Redkar Devs"
10838,"Brin, Freja"
10839,Screenzilla
10840,Shazard G Bansraj
10841,Angry Toad Oy
10842,Topstitch Games
10843,Narko Games
10844,Indiemaniadev
10845,Bastion
10846,Pablo Vidaurre Sanz
10847,Plimmerton Games
10848,Victorian Clambake
10849,Ifgames Studio
10850,"Bigtapir Games, Xd"
10851,1917 Studios
10852,Hazmatwithahat
10853,鸡毛社
10854,Justo Dias
10855,Lavamind
10856,Liu Daohuan
10857,Burrik
10858,Blind Monkey Games
10859,Roger123
10860,Sandra Moen
10861,Xxxx
10862,Delve Interactive
10863,Simple Gaming
10864,M.I.M
10865,Bryce Summer
10866,Baylor University Game Studios
10867,Happy Sphinx Studios
10868,Gubbi Games
10869,Team Spikkeee
10870,Fazedor De Jogos
10871,Woebegone Interactive Llc
10872,Loco Motion Devs
10873,Skylor Beck
10874,Gami Studio
10875,Curtis Ashford
10876,Home Groan Games
10877,Flapbox Studios
10878,Breno Alexsander
10879,基本操作Playclass
10880,Sakevisual
10881,Sisin Games
10882,Dr Bloc
10883,Cg-Imagine
10884,"Archor Games, A.I. Slop Publishing"
10885,Pom Pom Games
10886,Vi Combo
10887,All Day Breakfast Productions
10888,Birdydog Studio
10889,Öbb/Topgames
10890,1010 Games
10891,Lydo Studios
10892,Spielmannspiel
10893,"Plucre Co., Ltd."
10894,"Plug In Digital, Fun4Family"
10895,Drageus Games
10896,Team Lumba
10897,Elastic Games
10898,Madskillzgame
10899,Evoluta Studio
10900,Fin Deevy
10901,Electric Eggplant
10902,Atchio Games
10903,Hexadecimalstudios
10904,Causing Pleasure
10905,Divovision Games
10906,David Lewis
10907,Raynmakyr
10908,"Disney, Lucasfilm Games"
10909,Spiritelder
10910,うどんぱ
10911,Dmitry Azarov
10912,Next Game
10913,Steven Silverstein
10914,Piao Jingfu
10915,Triadne
10916,Ribeye Games
10917,Myself
10918,Snowrunner Games
10919,Keep Spinning
10920,Bartoš Studio
10921,Vox Mare
10922,Affliction Networks
10923,Yunkai
10924,"Lev Festival, Matadero Madrid"
10925,"Untold Tales, Gamersky Games, Irox Games"
10926,Lamaglama Games
10927,Sonejo Studios
10928,Movistar+
10929,Gamecom Team
10930,Play Nicely
10931,Umbrella Games Studio
10932,Mildly Professional
10933,Niebla Games
10934,Shining Team
10935,Rabbit Hole Games
10936,Haphazard Studios
10937,Sheriff Games
10938,Neebs Gaming Games
10939,Seven Sails Games
10940,Harvey Games
10941,"Createdelic, Llc"
10942,Rockfire Games
10943,Drink Cash
10944,Studio Elfriede
10945,Adam Stępiński
10946,Squareware
10947,Polyart Studio
10948,La Belle Games
10949,Endut Games
10950,616 Games
10951,Essential Power Games
10952,Sandspire Interactive
10953,Red Triangle Games
10954,"Chaosgalaxystudio, 2P Games"
10955,One Man In A Boat
10956,Pixcodream
10957,Celestial Gold Studios
10958,Freqtik
10959,Astralis Games
10960,Memori Studios
10961,Hu Zenan
10962,Cestmir Kocian
10963,Rajacorp
10964,"Foo Vr, Inc."
10965,Targon Studios
10966,Shark And Pelican Games
10967,Rumor Games
10968,An-5
10969,Hyultis
10970,Physx Studio
10971,Blokifg
10972,Lunafrost Studio
10973,Catze
10974,"Alawar Entertainment, Esdigital Games"
10975,Red Ego Games
10976,"Dejobaan Games, Smg Studio"
10977,Lock 'N Load Publishing
10978,Pain Pepper
10979,Specialbit Studio
10980,Screwy Lightbulb
10981,Pixleaves
10982,Treon Games
10983,Studio Gamaii
10984,"Flying Fire, Llc"
10985,Fogbound
10986,Vox Studios
10987,Jade Ciderquist
10988,Vertex Pop
10989,Iamrece
10990,Enigma Studio
10991,Thirdpixel Interactive
10992,Thorrnet Publishing
10993,Rablo Games
10994,"Actually A Game Company, L.L.C"
10995,Tinyatomgames
10996,Sinsisters Studios
10997,Dogpet
10998,Imagit Games
10999,"Wish Fang, Indienova"
11000,Eastasiasoft Limited
11001,Arcadesindo
11002,Rentaka
11003,Gilded Rune Games
11004,Bigzur Games
11005,"Literallyeveryone Games, Indieark"
11006,Puuba
11007,Ef Universe Games Llc
11008,Moonlighter Games
11009,Gafafres Studio
11010,Gluten Free Games
11011,Rainmade Games
11012,Cjgames
11013,Astonia Reborn
11014,New Jerty Publisher
11015,Synter Games
11016,Cat-Astrophe Games
11017,70:30
11018,Drago Software
11019,Whitesquare Game Studio
11020,The Light Of Science
11021,Talentless Person Games
11022,Mage Studioz
11023,Flower_Official
11024,Far Side Of North Studio
11025,Beat-Fu Studio
11026,Green Sun Studios
11027,D1One
11028,Glaucus Games
11029,"Barunson Co., Ltd"
11030,Kaverini Korp
11031,Timberfilms
11032,Boss Baddie
11033,Don Pachi
11034,Antler Interactive
11035,"Deck13, Mayflower Entertainment, Whispergames"
11036,3Di Llc
11037,Aeon Dream Studios
11038,Gatling Goat Studios
11039,Wizbyte Games
11040,1337 Game Design
11041,Brainbox Software
11042,Shadow Blade Productions
11043,Avelar Studios
11044,Tankcatgames
11045,Cybertron Design Studios
11046,Wave Light Games Inc.
11047,Room Games
11048,"Devnari, Whitethorn Games"
11049,Cubic Survivor Developer
11050,Martin Bartsch
11051,青灯独酌
11052,Normerse
11053,Lambdadev
11054,Click Games
11055,Poala Productions
11056,Magic
11057,Black Alchemy Games
11058,Castleabra Studios
11059,Elderstone Studios
11060,Absurdponcho
11061,Dremgames
11062,Legendarylegion
11063,Prots Andrii
11064,Studio Nisse Llc
11065,Boxfox Studios
11066,Cyborn B.V.
11067,Bomb Sequitur Games
11068,Vladimir Pliashkun
11069,Fern Nigro
11070,Miskatonic Studio
11071,Last Quarter Studios
11072,Pardelworks
11073,Appsir Games
11074,Illyriad Games
11075,Ask_Games
11076,"Kagura Games, Mangagamer"
11077,Chicken In The Corn
11078,Mateusz Kulis
11079,"Metric Empire, Kepler Ghost"
11080,Motiviti
11081,Cwh Entertainment
11082,Leaf Boat Studio
11083,喵法自然
11084,Joe Renwick
11085,崔资坦独立游戏Triztan Indiegame
11086,武儒小生
11087,"Xingguo Youyu Fangyuan Network Technology Co., Ltd."
11088,Monkey.Joyful
11089,Puzzled_Squid
11090,"Apogee Entertainment, New Blood Interactive, Nightdive Studios, Atari"
11091,Tecmiba
11092,Dave Studio
11093,Andy Howard Games
11094,Appnori Inc.
11095,Spacepiano Games
11096,Ideation Games
11097,Humany
11098,Dreamatrix
11099,Hitgrab
11100,Quest_Games
11101,"琉璃花糖制作组, Lovestoryproject, Windfield Games"
11102,Alfa Dynasty
11103,Andrew Heymann
11104,"Cartoon Network Games, Moonlight Kids"
11105,Cow Corp.
11106,Neon Pink Software Llc
11107,1/2Ofoctahedron
11108,Elite Lords Studios
11109,"Newgen Interactive Software, Corp"
11110,Light Road Games
11111,Intragames
11112,Calvin Weibel
11113,Bloodbrothers Studios
11114,Hanoi Studios
11115,Nightowls
11116,Desync Donkeys
11117,Flossdorfgames
11118,凝冰剑斩
11119,Icehead Studio
11120,"Wormhole Entertainment, Peripheral Labs"
11121,Blossomsoft
11122,"Newcore Games, Astrolabe Games"
11123,Beach Interactive
11124,Playfirst
11125,Çınar'S Art
11126,Firebase Industries Ltd.
11127,Kymera Games
11128,Reija Meriläinen
11129,Bug-Meister Production
11130,Lockpickle
11131,Circyn Software
11132,Ricardo Rodrigues Games
11133,Indievision
11134,Evil Boobs Cult
11135,Hazardous Software Inc.
11136,确实是起名苦手
11137,"Unreliable Narrators, Indie Asylum"
11138,Redgate Entertainment
11139,"Crim Co., Ltd., Gamirror Games"
11140,Polaris(붙박이별)
11141,Artem Vodoriz
11142,"Piko Interactive, Bleem!"
11143,Dmnt
11144,Red Abyss Software
11145,Jeffgamedev
11146,Vtree Llc
11147,Cake Collective Games
11148,Boombit
11149,Brutal Studio
11150,Little Maxima Llc
11151,Thial
11152,Hurrycat Studios
11153,October Games
11154,Pocket Moon Games
11155,Seyloj
11156,Playemotionstudios
11157,Class-2
11158,Tap By Tap
11159,"Gn Studios, Gn Studios"
11160,Citadel Studios Inc
11161,N94Games
11162,Ironzog Llc
11163,Sealdev
11164,Studio Lintex
11165,Graverobber Foundation
11166,Vision Reelle
11167,Include0
11168,Cybexlab
11169,Team Redshift
11170,Greeb Games
11171,N-Alt Lab
11172,Rpics Studio
11173,Cold Light Games
11174,Chris Holtshouser
11175,Dupeyron
11176,Sean Tann
11177,Spokdev
11178,Last Lotus
11179,Ut Studio
11180,Magicfoxg
11181,Akky-06'S Lab
11182,"9 Eyes Game Studio, Stately Snail"
11183,"Mtb Design Works, Inc."
11184,Sand Sailor Studio
11185,Just Amusing Myself Studios
11186,Nawia Games
11187,Nube Inc Games
11188,Grubby Monster Games
11189,Hoi 4 Deu
11190,Mayuns Games
11191,Blue Hawk Studio
11192,星愿游戏制作组
11193,Despodev
11194,Marcos Raoi
11195,Silver Machine Studios
11196,Jmn
11197,Mindark Pe Ab
11198,Riddle Fox Games
11199,Latif Güngör
11200,"Fun4Family, Plug In Digital"
11201,Bigitec Studio
11202,Skagogames
11203,Mehmet Barış Yıldız
11204,Arcade Injection
11205,The Diamondstorm
11206,Spire Interactive
11207,"Mingyu Information Technology Shanghai Co., Ltd."
11208,Ani4Bio Animated
11209,"Talos Studios, Llc"
11210,Hathos Interactive
11211,Lolcow Games
11212,Dark Star Data
11213,Rubilaxe
11214,Emblematic Group
11215,New Dawn Game Studio
11216,Goathaus Games
11217,Gameloom Studio
11218,Racingo
11219,Wakeskater Studio
11220,Nekotokage Games
11221,Cotswold Games Ltd
11222,"Bitfinity, Sunken Treasure Games"
11223,Voler Creative
11224,"Cape Cosmic, Flyhigh Works"
11225,Yebbes Gamestudio
11226,Trash Eyes
11227,Spooky House Studios Ug Haftungschraenkt
11228,Fate Game Studio
11229,Team Zom Nom
11230,Significant Steak
11231,Verdlife Games
11232,"Creativeforge Games S.A., Playway S.A."
11233,Achimostawinan Games
11234,Calumnius
11235,Nek-Orb Studios
11236,Sqgame
11237,Yggdrasil
11238,Epoching
11239,Joseph Distler
11240,Berksavi
11241,广州希普网络科技有限公司
11242,Miya
11243,Null Exception Studios
11244,Www.Volkgam.Ru
11245,Alexander Bogdanov
11246,Dynamite Horse
11247,Bulathard
11248,Zmakesgames
11249,Ragna Maya
11250,Pixel Blitz Studios
11251,Victorian Studio
11252,Who Am I Studio
11253,Sekushi Usagi Games
11254,Beonin
11255,Deen Games
11256,"Mythos Makers, John Coday"
11257,Na3_Anykey
11258,Darkwind Media
11259,R4Ptor Studios
11260,Lewis Spalato
11261,D.Virus
11262,Dig
11263,Airborne Games
11264,Mergen Games
11265,Suncats
11266,The Wild Gentlemen
11267,Gy Games
11268,"Glossware Studios, Dosane Games"
11269,Applebomb Games
11270,Pionierwerk
11271,Universal Everything
11272,Emperor
11273,Arttrace
11274,Harsh Khatri
11275,Alkemi
11276,Aleksander Ciesielski
11277,Thierry Brim
11278,Well Played Studios
11279,"Redkar Devs, Creativeforge Games"
11280,Cozy Village
11281,Justin K. Touchstone
11282,Slice Bar Games
11283,Code Bell
11284,Reality Gameware
11285,Bugra Ozden
11286,Gattacaca
11287,Ian Delaune
11288,Dmitry
11289,Leaf Team Games
11290,Michail Ostrowski
11291,Ks Studio
11292,Machine Nun
11293,Gammera Nest
11294,Revizorgamestudio
11295,D.N.S.S.
11296,"Nfb - Onf, Library Of Parliament - Bibliothèque Du Parlement"
11297,A Small Game Ab
11298,Jether
11299,Tribexr Inc.
11300,"The Dead Pixel Society, Llc"
11301,Uvarov Andrei
11302,Brett Rogers
11303,Five Mind Creations
11304,Lightworker Games
11305,Colnelius
11306,Raidoks Games
11307,Alex Luna
11308,Simon Says: Play!
11309,The Random Generator Expert
11310,Ingamemechanics
11311,Ti-Max
11312,Indy Lion Studios
11313,Trapstar Games
11314,Winged Pixel Inc.
11315,Grab Games
11316,Avix Games
11317,Creartoria
11318,Luciano Pino Games
11319,Matt Sayer
11320,Phantom Studio
11321,Fasold Publishing
11322,Newproject
11323,"Trebuchet, Creature Label"
11324,Galen Games
11325,Defrost Games
11326,Huang Mei Zhao
11327,Spire Studio
11328,Orangegames
11329,Thatcarrotfella
11330,Mana Wings
11331,Sensei Games
11332,Wayward Thoughts Interactive
11333,Pink Rabbit
11334,Point & Pixel Adventures
11335,Kicksome Entertainment
11336,Windforce
11337,Sevin.Games
11338,Hoverkitty Games
11339,Iskra
11340,Gundes
11341,Shanghai Xunxin
11342,Metalmana Games Ltd.
11343,Play Wireless
11344,Larkylabs
11345,Matt Lloyd
11346,Eko Software
11347,Ievo
11348,Undercoders
11349,Jestercraft
11350,Kwakwagames
11351,Nichita Ciuprin
11352,Tinycorp
11353,Pathos Interactive
11354,Fluxjin
11355,Chehraz
11356,Dust Scratch Games
11357,Lonhong Media
11358,Kyonbu
11359,Outlands
11360,"Aagh Games, Llc"
11361,Izyan
11362,Landmark Digital Productions
11363,Ozan Sen
11364,Virtualage
11365,Всж
11366,Spaghetti Code Ltd
11367,"Miltonius Arts, Llc"
11368,Picselica Ltd
11369,修仙传
11370,Two Void Studios
11371,Wildsphere
11372,Odencat
11373,Casey Clyde
11374,Red Fox Studios
11375,Blue Commands
11376,Cyberconnect2
11377,Fujicubesoft
11378,Www.Dev-Zoo.Net
11379,Hunter Huynh
11380,Recall Studios
11381,Dan_D
11382,The Light Sword Team
11383,Nonfictional Games
11384,Kuno Interactive
11385,Solohack3R Studios
11386,Brenton Wildes
11387,Nicholas Hiller
11388,"4Tale Production, Zeno Broadcasting Network"
11389,Wasatch Games
11390,Kakehashi Games
11391,Kristopher Poulin-Thibault
11392,Independentart
11393,Buffalo Buffalo Buffalo
11394,Magnetic Realms
11395,Juan Jose Garrido Gomez
11396,Wantgamestudio
11397,Dbloke Sprl
11398,Jans Dev Team
11399,河南火马文化传媒有限公司
11400,Viva  Media Inc
11401,Axis Studios
11402,Aoca Game Lab
11403,Wisecat
11404,Twen
11405,Morningstar Studios
11406,Davioware And Quazi
11407,Dafu Studio
11408,Neko Cloud
11409,Otaku
11410,Katatema
11411,Ikimasho
11412,Iscreamdye
11413,火云战神
11414,Rymentz
11415,Autumn Pioneer
11416,Lastcall Studio
11417,Hinge Games Ltd.
11418,Lxxii
11419,Tinzone Games
11420,Gromov Studio
11421,Sumo Studio
11422,Lumatap Llc
11423,Svsdgames
11424,Smart Systems Technology Incorporated
11425,"Somoga, Inc."
11426,Disillusion Dev
11427,Hosthood Studio
11428,光鸽
11429,Origamihero Games
11430,Wastelands Interactive
11431,Fivedead Interactive Inc.
11432,Mksm Design Llc
11433,摸鱼猫工作室
11434,Artii Games Llc
11435,Fly & Wing Studio
11436,"Wired Productions, Couchplay Interactive (Greater China)"
11437,Gray Mantis
11438,Mujo Games
11439,Ackosmic Games
11440,开翼网络
11441,Balaber1Yl
11442,Jarze Games
11443,Peace
11444,"Indieark, Firepillar2"
11445,Leimonya
11446,Xp
11447,Drowsy Whale
11448,Alternative Reality Games 2015
11449,Floodcore Team
11450,Maverickmatryoshka
11451,Guts United
11452,Fluffy Bunny Studios
11453,D.W.S.
11454,Mikayden Gutierrez
11455,"Talha Kaya, Nakana.Io, Kayabros"
11456,Luca Favano
11457,上海宏境启博科技有限公司
11458,Golden Era Games
11459,Denys Rudyi Games
11460,Dolores Entertainment
11461,Danieldavisgames
11462,Woofoo Games
11463,Soliloquy Games
11464,La\Va
11465,大雪原工作室
11466,Recontact Games
11467,Lonely Boy Studio Inc.
11468,Huindie
11469,Delapaix
11470,Inciti Games
11471,Blackturn Ltd
11472,Elephant Arts
11473,Antoine Aubin
11474,Happy Art Club
11475,Bada Games
11476,Insect.Christmas
11477,Aotmgufhcmrigudnoe
11478,Ice And Fire Isle Studio
11479,Chudsoft
11480,Duxomnia
11481,Zaxtorgames
11482,星环互娱
11483,5Th Planet Games Development Aps
11484,Thejamiryu Inc.
11485,"Rockin Android, Rockin' Android"
11486,Jaklub
11487,Kenisoft Game Studio
11488,Korion Interactive
11489,Giorgio Groom
11490,Summitsphere
11491,Dhood Productions
11492,Animicgame
11493,Docksonwedge
11494,Black Sun Games Inc.
11495,Big Inc. Co. Llc.
11496,Tense Games
11497,"Neon Doctrine, Samurai Punk, Raw Fury"
11498,Nerd Kingdom Inc.
11499,Quasardeep
11500,Md Studio
11501,That'S A Bug Studios
11502,Goodzeit Ug
11503,99Gamers Digital
11504,Fizzostia
11505,Ryan Boc
11506,Griffin G. Salazar
11507,Erdos Xuelian Future Technology
11508,"Orangegames, Youdagames"
11509,Xefier Games Inc.
11510,Flightless Squid Studios
11511,Back To Games
11512,Igarashi
11513,Two More Games
11514,Twindrills
11515,Mamor Games
11516,Waytoyaatra Company
11517,Bizi Games
11518,Devious Technologies
11519,Old Keyboard
11520,Asylum Square
11521,Vittorio Romeo
11522,199 Cents Studio
11523,Figure Fantasy
11524,Arcane Bay Labs
11525,Lost Bazaar Developers
11526,Gral
11527,Oriolus Software Gmbh
11528,Soraki
11529,Pitigamedev
11530,Guilherme Giacomini
11531,Cubetype
11532,"Cotton Game, Asmik Ace, Inc."
11533,Rr Productions
11534,Frontline: Games Series
11535,飞麦菌
11536,Gravity Shenanigans
11537,Fuzzy Pixel Game Studio
11538,Tea Leaf Studios
11539,Anotherworld Gmbh
11540,Draw Games Developers
11541,Upsilongames
11542,Sergiopoverony
11543,Lionbite Games
11544,Cavebrave
11545,Nonsense Arts
11546,Silver
11547,"Dinko, Superhot Presents"
11548,Meekrab Games
11549,William Wofford
11550,Gwe Games
11551,"Rolling Cat Studio, Gklkk"
11552,Chaogames
11553,Sascha Hartleb
11554,Pinta Studios
11555,Puzzle Lab
11556,Jiwoo Lee
11557,"Cxcy Co.,Ltd"
11558,Rob Ager
11559,Gamedia
11560,Markt+Technik Verlag Gmbh
11561,Ludact
11562,Rubén Arranz
11563,Christoph Frey
11564,Dark Arc Games
11565,Nikola Bulj
11566,Radikate
11567,"Meridiem Games, Astrolabe Games"
11568,Nelset
11569,Nalu Zou
11570,Metal Fox
11571,Eternity Games
11572,Funny Face Games
11573,Shenzhen Beanvr Technology Co.Ltd
11574,Archive Entertainment
11575,Rafal Grabos
11576,Mammorize
11577,Jakob Vidal
11578,Flux Games
11579,Misteryjay89
11580,Epiphany Games
11581,"Meteorwing, Meteorsakito"
11582,Frosted Wings Studio
11583,Mc Game
11584,Void Knight Games
11585,Pleasingfungus Games
11586,"Astrolabe Interactive Inc., Hawthorn Games"
11587,Fang'S Lab
11588,Pyrodactyl
11589,Long Wing Studio
11590,Saintxi
11591,Jox Studio
11592,Bew Games
11593,Ultimate Walrus
11594,Gkeylab
11595,"Retroism, Doyodo"
11596,20 Watt Games
11597,"Propilgames, Vd Games"
11598,Spartanbloodgames
11599,Wahler Digital
11600,Narrative Nine Ltd
11601,Spacedaisy Studio
11602,Ithaqua Labs
11603,蝴蝶互动信息技术有限公司
11604,Niles Sankey
11605,Spacemyfriend
11606,"Remtairy, Kagura Games"
11607,Ironcode Gaming
11608,Nekomata Games Llc
11609,Benedict Ide
11610,Hyper'Sthene
11611,Wily Pumpkin
11612,Patron Ibrahim
11613,"Darts Games, Hawthorn Games"
11614,Karsten Todnem
11615,Skycat Games
11616,Mosaic Mask Studio
11617,Anti-Bully Inc.
11618,Magic Cube
11619,.Gravity
11620,Maker.Gg
11621,Room122
11622,Indiedevdan
11623,Shadowink Designs
11624,Aspih Dev
11625,R8 Games Ltd
11626,Dober&Rex Games
11627,Itamu
11628,Nekotofuurin
11629,Alex V
11630,Dying.Fun
11631,Ridgeline Studios Llc
11632,Roger Kaffer
11633,Wmgames
11634,Fabian Jarrett
11635,Pinhead Games
11636,Hera Games
11637,Foxloaf Games
11638,Softwool
11639,Epsilon Games
11640,Blockcode Games
11641,Connor Ullmann
11642,Dogwood Gaming
11643,Beliberda Games
11644,Drierwhisper Games
11645,Osarisgames
11646,"Talesshop Co., Ltd., Digicon, Smilegate"
11647,Made In Mavis
11648,"Grabthegames, Gamersky Games"
11649,Breaking Dimensions
11650,Tsn Entertainment
11651,Games For May
11652,Spektor
11653,Syberstudio
11654,"Studio Don Quixote, Minotaur Production"
11655,热区网络
11656,Blue Entropy Studios
11657,Stephan Birkl
11658,Dillyframe
11659,Bilge
11660,Simpals Llc
11661,Superlou
11662,路
11663,Shiningcloud Studio
11664,"Silent S Studios, Llc"
11665,Vilar Ingeniería De Software S.L.
11666,Rakesh Malik
11667,Shell Productions
11668,Studio Sterneck
11669,Cowboy Studio
11670,Sofa Mauve Studio Inc.
11671,Sunray Games
11672,Studio Burning Eyes
11673,Odious Studios Llc
11674,Stolen Universe Games
11675,Katelyst
11676,Rock Nano Global
11677,3D Avenue
11678,Fremmed
11679,Cm Softworks
11680,Superstruct
11681,"Birchtree, Iiichi Llc, Buraeu Office Of Birchian Sector"
11682,Krz
11683,Borkoboks Studio
11684,Hommer Games
11685,Team Monad
11686,Kite &Amp; Lightning
11687,Verenigde Producties.Vzw
11688,Quite Good
11689,Pixyul
11690,Sk Games
11691,Addonius Productions
11692,"Ultimate Games S.A., Ultimate Publishing"
11693,"River Twice Co., Ltd."
11694,Lino Rabolini
11695,Fixer Games
11696,Roman Shuvalov
11697,Lightondevs
11698,"Ars Goetia, Plug In Digital, Maple Whispering Limited"
11699,Arika
11700,一只零零发工作室
11701,"Lion Castle Entertainment, Current Games"
11702,Redsen Game
11703,Dwall Games
11704,Zhang Lidong
11705,Joe Sullivan
11706,Alejandro Moreno
11707,Pimpgamestudio
11708,Xxaloserxx
11709,Automatongroup
11710,Dotoyou Games
11711,Peevasseeq Games
11712,Paper Cult
11713,Realm Of Cubes Creations
11714,Kelkk
11715,Linkup
11716,Blumhouse Games
11717,Vulgat
11718,Adventuresity
11719,Delicious Software
11720,Magory.Net
11721,Stone Lnternational
11722,Azafoxy Software
11723,Surprised Hotdog Limited
11724,Neofid Studios
11725,Philippe Schober
11726,Properbostin Interactive
11727,Dancing Developers
11728,Dlsite
11729,Coal Valley Games
11730,"Windfield Games, 琉璃花糖制作组, Garakowa Marshmallow"
11731,Erroneouscreationist
11732,Empyrean
11733,"Gaming At Work, Cinetique"
11734,Ben Fredericks [Collaborations]
11735,"Atomic Breath, Frazack"
11736,Meadow Studios
11737,General Script Studio
11738,Icopad
11739,Mrgold
11740,Engage Pixel
11741,Bored Brothers Gaming
11742,Arcticfox223
11743,Z. Bill
11744,Smoodlez
11745,Focus Code Ltd
11746,"Hangzhou Wookart Technology Co.,Ltd."
11747,Big Sky Software Llc
11748,Fengfeng
11749,凯撒工作室
11750,Mariluzaria
11751,Rouhana
11752,Microïds Indie
11753,易远游戏
11754,Calenture Remedy Ltd
11755,Mauris Games Ou
11756,Immersion
11757,Redox Entertainment Inc
11758,Phoenix Interactive Studio
11759,"Negspect, Inc."
11760,Idleclick Games
11761,Konotoko
11762,Space Bear Games
11763,Joynowstudio
11764,Alexander Mirdzveli
11765,Stop-Tussin
11766,Kaloyan Kaludov
11767,Second Variety Games
11768,Eudaimon Games
11769,Blooming Buds Studio
11770,Section Studios
11771,Cowboy Color
11772,"Termeno, S.R.O."
11773,Grey Gods
11774,"Retrelon Games, Llc"
11775,"Flashpoint Games, Llc"
11776,Dawenyu
11777,Shalini Deb
11778,Thomas Höfer
11779,Klode
11780,Sage Games
11781,Epic Byte Studios
11782,"Shandong Jerei Digital Technology Co.,Ltd."
11783,Bear In The Night
11784,Voxeled Studios
11785,James Earl Cox Iii
11786,Stdio_934
11787,Sushi_Soft
11788,Rose Arcana Games
11789,Clay Peterson
11790,Dilui
11791,Cookielegends
11792,"Alterstaff Inc., Neverland Entertainment"
11793,Swizzgamess
11794,Cody Penn
11795,Joymania Development
11796,Yellow Dot
11797,Phantom 8 Studio
11798,Brandon Weeks
11799,Paintedreality
11800,Oceandeep Network
11801,Casual Arts
11802,Team Zandarkan
11803,Luke Toons
11804,Vision Games Publishing Ltd
11805,Odeum
11806,Fullbrik Games
11807,Digital Crafter
11808,Schlawutzco Extreme Gaming
11809,Sumalab
11810,Tingthing
11811,Megapop
11812,Spark5
11813,Mario Papadopoulos
11814,Yeyinggame
11815,のっぽ
11816,Falcon Production
11817,Space Dog
11818,Alimolistudio
11819,Gc Games
11820,Wizard Dudes
11821,Warped Tales
11822,Ab Studio
11823,Josep Monzonis Hernandez
11824,"Punx Studios, Pergunta Fixar"
11825,Moustache Cabal
11826,Ariah Studios
11827,Impawsible Games
11828,Hhgame
11829,Man Up Time
11830,Mankind
11831,"Spark Plug Games, Llc"
11832,Virtual Rabbit Studio
11833,Ask Games
11834,Red Cattus
11835,Isaaczhang
11836,Funcybear
11837,Elbencraft
11838,David Pateti
11839,Infinitus Studios
11840,Cloudy Games Llc
11841,Cybershoes
11842,Discocargames
11843,Silden
11844,Simonschreibt
11845,Deanforge
11846,Aguspr
11847,Nps努力
11848,Lemondo Entertainment
11849,Cien Studio
11850,Piotr Kowalski
11851,Music Breath
11852,Crazyrrroc
11853,"Ponywolf, Llc"
11854,Nomnomstudio
11855,Technolomics
11856,Crania Games
11857,Crazysoft Limited
11858,Atd
11859,"Synapticswitch, Llc, Leadtech, Llc"
11860,Advanced Interactive Gaming Ltd.
11861,Baked Games S.A.
11862,Storm Man Games
11863,Thorium Games
11864,Pawstream Games
11865,"Vodkademo?, Room6, Yokaze"
11866,Vimes Entertainment
11867,Evgiz
11868,Heydeck Games
11869,Actpng
11870,Antti Mannisto
11871,"Whispergames, Assemble Entertainment"
11872,Vain Media Llc
11873,Blindsight Games Llc
11874,Lepioid Llc
11875,"Rising Win Tech. Co., Ltd"
11876,Bonnate
11877,Titouan Millet
11878,Gachisoft
11879,Potato10
11880,Papertip Studio
11881,Vision Interactive
11882,Jzps Games
11883,桑尼游戏(Sunny Game)
11884,Mike Wigen
11885,Ladder Games
11886,Bommi Produktion
11887,Levall Games Ab
11888,Alternative Software Ltd.
11889,Anawiki Games
11890,Skuhataagyall Dev
11891,Swarog Games
11892,Hat Games
11893,"Jon Lamont, Jon Braun"
11894,Monkeyfactory Media
11895,Wooshido
11896,You Will Get There
11897,Ttlcic
11898,Gabriel Lopez
11899,Connoradever
11900,Pugsley Llc
11901,Drashvr Llc
11902,Heldenlied
11903,Ramrisk
11904,Turbo Button
11905,武汉幻狮科技有限公司
11906,Veatryzlon-Zegod
11907,Bottled Games Interactive
11908,Princesseuh
11909,Indie/Anon Games
11910,Vision Forge Team
11911,Xingchunfang
11912,Electric Falcon Llc
11913,热泉 Redspring
11914,Datura Games
11915,"Nacon, Plug In Digital"
11916,Alexey Suslin
11917,Penguinet
11918,Studio215
11919,Girl Software
11920,Marion Surgical Inc
11921,Lemon Curd Games
11922,Next Level Video Games Llc
11923,Mathieu Pronovost
11924,Lizardwish
11925,"Alawar Casual, Emay Games"
11926,Odd Comet Games
11927,Hellyeah!
11928,"Victoria And Albert Museum , Vive Arts"
11929,Mrzapps
11930,Alaska
11931,Coffee Puck Games
11932,Signsine
11933,Ofer Rubinstein
11934,"Unk Games, Ali"
11935,Wrf Studios
11936,Novaerc
11937,Fred Grant Studios
11938,Tuesday Quest
11939,炎黄工作室
11940,Logan Timelierg Eberly
11941,Game For Games
11942,Verediana Games
11943,Davide Sassoli
11944,League Factory
11945,Heroic Fantasy Games Dot Com
11946,Tower Up Studios
11947,Hayo Van Reek
11948,Ielectric
11949,Arquoia
11950,Thunder Perfect Witchcraft
11951,Asbo Interactive
11952,White_Rabbit_Games
11953,J
11954,"Seedgames Co., Ltd."
11955,Cuijiacheng
11956,Boat Anchor Games
11957,Schwan Og
11958,Nsc Creative
11959,Igor Litvinsky
11960,Metal Heart Game Studios
11961,Zaphop Games
11962,Mediocrity Interactive
11963,Amstad Digital
11964,白日梦
11965,Neron Tech Games
11966,Nomina Games
11967,Epic Llama
11968,Bitslo
11969,Marwin Studios
11970,Contraddiction Games
11971,Horizon Studio
11972,Futurevisionsgames
11973,"Frozen Way, Frozen District"
11974,Cabbusoft
11975,788 Garage Studio
11976,S.R.S Interactive
11977,Byking Inc.
11978,Desync Studios
11979,Studio Eris
11980,Hatrabbit Entertainment
11981,Aberrator
11982,Hoguru Games!
11983,Play Native Entertainment
11984,Borrowed Light Studios
11985,Digital Bento
11986,Halva Studio
11987,Adam Tarnowski
11988,"Mg Publishing, Tagstar Games"
11989,The Sun Will Rise Team
11990,Cubical Drift
11991,Pixel Prophecy
11992,Rsupport Inc.
11993,Dog Theory
11994,Fun Cradle
11995,Acidicduck
11996,Himalaya Studios
11997,"龍之咲, Windfield Games"
11998,Thug Rabbit Games
11999,A To Play Ltd
12000,Kokogame
12001,Garapa Studio
12002,Espale Studios
12003,Score Studios Llc
12004,Zerpfa
12005,Nyabingi Studio
12006,Hunter Tintera
12007,Rj Workshop
12008,Corjn
12009,"Maoucat Studio / 魔王貓工作室, Rmasia, Light Of Creators"
12010,Food Dream Factory
12011,Runelight Owl
12012,Space Plunge
12013,Peregrin Developers
12014,Deerriver
12015,Aaron Saluk
12016,Puzzleword
12017,Gibbous Pig Games
12018,Blackmouth Games
12019,"Double Coconut, Whispergames"
12020,Mr.Valik
12021,Doublecherry Ltd
12022,"Mcon, Lc"
12023,Blast Programming
12024,冰凌
12025,Oleksandr Savostianov
12026,3D Factory
12027,Sandorhq
12028,Lndfrr
12029,Powerburger
12030,Subtle Blend Software
12031,Reddot Games
12032,Claws Up Games
12033,Adrian Ubiorski
12034,Cosmic Edge Gaming
12035,Nations Software
12036,宁夏华夏西部影视城有限公司
12037,Cankut Keskin
12038,Abn Studio Inc.
12039,"Familyplay, Markt+Technik Verlag"
12040,Sb Games World
12041,Sirius Games
12042,Alander Studio
12043,Jacksongamestudios
12044,Kenny Sun
12045,Underdoor
12046,Da Bongo Studio
12047,Andorf Games
12048,Hound Picked Games
12049,Exquisite Games
12050,Goobers Secret
12051,Illo Games
12052,Al-Game
12053,Suminell Studios
12054,Neon Flamingo Games
12055,Kény Bigny
12056,Muzt Die Studios
12057,Acram Digital
12058,Goblinagerie
12059,Frutgames
12060,Gameportal.Co
12061,Gosha Games
12062,Marginal Act
12063,Doorway Mountain Studios
12064,Antarctic Heritage Trust
12065,Pixelcircuit
12066,Plagen Shiki
12067,Whamgames
12068,Critical Games
12069,Jumpcore Productions
12070,Jl Apps
12071,Kurayami Yume Games
12072,Vespertine Digital
12073,Cinétévé Experience
12074,Mellowstudios
12075,Origo Games
12076,Oi Games
12077,No Sleep Software Ltd.
12078,Iskonsko Studio
12079,Nyakuza Games
12080,Ben 'Yahtzee' Croshaw
12081,"Chris Johnson, Chris Larkin"
12082,Ruairi
12083,Yangyang Mobile
12084,Interabang Entertainment
12085,Isotope 244 Llc
12086,Fold Up Studios
12087,Mini It
12088,Mixingammosstudio
12089,"Riff Studios, Indieark"
12090,Rudefrog Studios
12091,Apple Cider
12092,Tang Ganlin
12093,Mareffy
12094,Bugman
12095,Zestyts
12096,"Silverware Games, Inc."
12097,Borisoft
12098,Swiftkraft
12099,Plaguenurse
12100,Floating Brain Limited
12101,Red Vibe Studio
12102,Endless Games
12103,Cube Games
12104,Black Knife Games
12105,Ecoshooter
12106,The Tambourine
12107,Spacetronaut Ltd Co
12108,Fridge
12109,Intaglyph
12110,Ender里特莫
12111,Resting Relic
12112,Dynamite Games
12113,Strong Cube
12114,Hannes Breuer
12115,Necronomicon Games
12116,Mebius.
12117,Gnarvana Studios
12118,Livinskii Aleksandr
12119,Indigoware
12120,Slug Disco
12121,Gray Flamingo
12122,Fenix Studios Pty Ltd
12123,Horo Games
12124,Zen Labs
12125,くそいサイト
12126,Rigler Digital Llc
12127,Jack Boylan
12128,Hinawajin
12129,Aaron Mcdevitt
12130,Ob3
12131,Jbs
12132,Jesus E Ruiz
12133,"Mb, Frank"
12134,Gamer Plan
12135,Psycho
12136,Truefx Games
12137,Flying Panjandrum / ふらいんぐパンジャンドラム
12138,Macao Science Center Limited
12139,Picola Inc.
12140,Base0
12141,Boatmeal Brothers
12142,Mgp Studios
12143,Blacktale Games
12144,Boneyard Crew
12145,Barkeygames
12146,Useless Arts
12147,Buck Studios
12148,W
12149,Team Vivat
12150,Cgevo
12151,Woolhig
12152,Afrobeast Pty. Ltd.
12153,Guang Zhou Xi Pu Wang Luo Ke Ji You Xian Gong Si
12154,Kaan Özgül
12155,Bitsmith Games
12156,Bravecat'Studios
12157,"Blackburne Games Studio Fz Llc, Indienext"
12158,Ferran Pla
12159,Nekomura Games
12160,Trite Games
12161,Magec
12162,Tcr
12163,Endesga
12164,100Hr Games Inc
12165,Accolade
12166,Wise Dad Games
12167,Heartcoredev
12168,Pixelsdesign Vr Dev
12169,Sanuk Games
12170,Ndout
12171,Tega Studio
12172,Uab Kinelija
12173,Plexus Team
12174,"D20Studios, Whispergames"
12175,Hamsters
12176,Wooden Shoes Games
12177,Tom Kitchen
12178,Atric Games
12179,Abi.Dos.Software
12180,Emre Tanirgan
12181,Mapachexstudio
12182,Storyline Team.
12183,Art-Kar
12184,Pigeoncube Studios
12185,Phyzixmind
12186,Copokbl
12187,David Strachan
12188,Redrockgs
12189,The Streets Network
12190,Vedev
12191,Codeparade
12192,Hephaestus Games
12193,"Starlike Inc., Smilegate"
12194,Max Ritters
12195,Gray Fin Studios
12196,Rmasia
12197,Request Logic As (Ltd)
12198,Woodenwolf
12199,Daniil Titner
12200,Yamate
12201,Aqe
12202,Jungwoo Yom
12203,Starmaster Studio
12204,Cold Pressed Games
12205,Zerotris
12206,Zooptek
12207,Liminaldepths
12208,Unamedia
12209,Shallowstomach
12210,Bedtime Phobias
12211,Firesprite Ltd
12212,"Tbjbu2, Playway S.A."
12213,Ivent Games
12214,Graytower
12215,Lovheim Studios
12216,Pixel Rice
12217,Game River
12218,Patriot Game Studio
12219,Onur Doğan
12220,Cute Hannah'S Games
12221,War Frogs Studio
12222,Moju Games
12223,Naiad Entertainment Llc
12224,Serafini Productions
12225,"Image Power S.A., Playway S.A., Heartbeat Games"
12226,"Half Human Games, Electronic Sheep Games"
12227,Dev_Lyh
12228,Ham Goblin
12229,"Kaleido, Inc."
12230,Cro Game Developers
12231,Vr Triber
12232,Jacob Allen
12233,Dreaming Wizard Games
12234,Brain Blinks
12235,"Girls On Campus, From Freshmen To Faculty, All Fall For Me!"
12236,Mutant Entertainment Studios
12237,Simplexgamestudio
12238,Fallen Penguin Studios
12239,左宗棠
12240,"Caffeine, Inc"
12241,"Suncrash, Gamirror Games"
12242,Zero Directive
12243,"Grabthegames, Indieark"
12244,Geod Studio
12245,Simoncreative
12246,Naytics
12247,Empty Assembly
12248,Michael Callaghan
12249,Pine Drake Games
12250,"Mad Capacity, Lrevg"
12251,Stormcube Games
12252,Deep Field
12253,M
12254,Dio Alias Games
12255,Faris Mohammed
12256,Ironic Title Studio
12257,Supertry Studios
12258,Syndicate Atomic Llc.
12259,Vectura Games
12260,"Miikka Åsnabrygg, Tyler Brucato"
12261,Field Game Studio
12262,"Throwback Entertainment, Majesco Entertainment"
12263,Wobbly Tooth
12264,"Shanghai Huihuan Network Technology Co.,Ltd."
12265,"Moonroof Studios, Electronic Sheep Games"
12266,Nothorian
12267,Warner Bros.
12268,Wilkins_Micawber_Games
12269,Creepy Pixel Studio
12270,深圳市灵境互娱科技有限公司
12271,"Viva Media, Inc"
12272,Mad-Mantra Games
12273,Lunarhellgames
12274,Apeirogon Games
12275,Jackson Stock
12276,图之未来
12277,Pinkpeach
12278,"Present Day Media, Llc"
12279,Salsawi Games
12280,Dhamster
12281,Hearty Soup Studio
12282,Dark Slope
12283,Thinking Of Cremation?
12284,Bwi Games
12285,Leviathanimation
12286,Suspension Games
12287,Wk
12288,Fluik Entertainment Inc
12289,Mystery Crown
12290,Beehive Games
12291,Zonex Entertainment Studios
12292,Vanargand Games
12293,Critix Studios
12294,"Groovy Milk, Grabthegames"
12295,Heat Wave Games
12296,Warma Corp
12297,Interactive Gaming Studios
12298,La Cosa
12299,Pixel Beef Games
12300,Igry.Ru
12301,Kraken Empire
12302,Australian Broadcasting Corporation
12303,Bandit Games
12304,Qrnch Tech Ab
12305,3M0 Studio
12306,Studio Don Quixote
12307,Dreamory
12308,Metasla
12309,Relvasdev
12310,Guara Digital
12311,Blake Garner
12312,Deion Mobile
12313,Aigul Aubanova
12314,Maya'S Learning Games
12315,Zorki
12316,Five Percents
12317,"Iconicartsllp, Nejcraft"
12318,天局
12319,O'Stinky Lab.
12320,Joshua Roland
12321,Mind Crew
12322,Construct Studio Inc.
12323,Cybernetik Design
12324,Wonderbox Games
12325,Encore Inc.
12326,Mastertapp
12327,"Xylem Studios, Hawthorn Games"
12328,Thelaba
12329,Bread Machine Games
12330,E-Snail Studio
12331,Smithsonian American Art Museum
12332,Lolof
12333,Spaghetti Yeti Studios
12334,Moonman Games
12335,Big Fat Cat Studio
12336,Jollyco
12337,Golden Epoch Media
12338,Mobiuscode
12339,Cortex Code
12340,Daniel Graves
12341,Oblix Llc
12342,Gillian Yue
12343,Gentlegear Games
12344,"Tsukiakari Studios, Kamingames"
12345,June Studio
12346,Pixelplex
12347,"Dan Schumacher, Schubox Games"
12348,5Th Cell
12349,Mehmet Uluç Şahin
12350,The Pulse
12351,Warlock Arts
12352,"Trial By Fire Games, Vidas Salavejus"
12353,Lol
12354,Porchman Games
12355,Brosslab
12356,Uğur Çeli̇k
12357,Omb Media
12358,Funday Games
12359,Joymoon Tech Ltd.
12360,Svero Forge
12361,As-Key
12362,Var Live International Ltd
12363,Captain Edge Studios
12364,Zut Games
12365,Uniquegames Publishing Gmbh
12366,Oneiric Entertainment Llc
12367,Knicker Twister Games
12368,Binary Charm
12369,Nielsdev
12370,Kithervkev
12371,Ivan Sukhanov
12372,"Animation Arts, Assemble Entertainment"
12373,Sinergia Studios
12374,Gokiburigeemu
12375,Wip Studios
12376,Technocat Games
12377,Nekoromorph
12378,Peaksel D.O.O. Nis
12379,Funflashstudio
12380,Sogoal
12381,Junction Games
12382,Fulby Technologies
12383,33Paradox&Igstore
12384,Awaceb
12385,Omegan'S Domain
12386,Gamemaker
12387,Fuming
12388,猕猴桃游戏
12389,Goldenevolution
12390,Shattered Moon Games
12391,Juhbee
12392,Cutlass Boardgames
12393,Higgs Games Gmbh
12394,Sanya Laneev
12395,Xiangji Software Studio
12396,Pita Game
12397,Thegamemill
12398,Neki4 Electronics
12399,Storm Wizard Studios
12400,Glitch Games Ltd
12401,Fungameco Ltd
12402,Element Tale
12403,Team Shuriken
12404,"Girls Make Games, Learndistrict Inc."
12405,Philippe Pelchat
12406,Spilevoi Bogdan
12407,Duckbearlab
12408,Frederik Holst
12409,Hero Studio
12410,Matt Glanville
12411,Zilby
12412,Fred Sauer
12413,Totally Normal Creature
12414,Oasis Games
12415,Woodsy Studio
12416,Iphigenia Games
12417,Fabian Esteban
12418,Jaguar Land Rover Limited
12419,Dima Fyuriy
12420,Nkmr Appworks
12421,Steelkrill Studio
12422,Jack Lance
12423,Amhardcore
12424,Michael Seaholm
12425,Tygames Llc
12426,Theoneo Games
12427,Groove Jones Llc
12428,El Demso
12429,Digital Continue
12430,Ritual Interactive
12431,Kbjgames
12432,Albin Bernhardsson
12433,Ravinia
12434,Astra Playroom
12435,Hexware Studio
12436,Jonas Herfindal
12437,Gestmorph Games
12438,Tubby Turtle Studios
12439,Vreal Inc
12440,"Marwin Studios, Throughview"
12441,Swipe Claw Games
12442,Niji Games
12443,Future Proof
12444,The Octo Mind
12445,Walker & Volf
12446,Grejuva
12447,"Warner Bros. Interactive Entertainment, Hbo"
12448,Bunny Berry
12449,Steve Welz
12450,Badbit Games
12451,Parisii
12452,Provodnik Games
12453,Xian'Yu
12454,Traviteam Games
12455,"Call Your Vegetables, Zoom Platform Media"
12456,Senile Team
12457,Azathorn Game Studio
12458,神心飘游堂
12459,The Acceleration Agency
12460,"Playmeow, Acg Creator, Playmeow News"
12461,Artemisa Software
12462,Pink Pad Productions
12463,Squawkybird Games
12464,Magic Tavern
12465,Albertus Prince Aexp
12466,Cosmic Train
12467,乔元成
12468,Roman Kozhukhov
12469,Firevector
12470,Jfxgames
12471,Wrg
12472,Tunermaxx Media Gmbh
12473,Clément Salotti
12474,Drone Garden Studios
12475,Tracer Interactive
12476,Rd'S Gaming Studio
12477,"Korea Vocational College Of Information And Technology, 한국It전문학교"
12478,Scika
12479,Underlight
12480,Shangkostudio
12481,Robot Legs Games
12482,Lydgamestudio
12483,Kanipro Games
12484,"Dev It With Cat, Electronic Sheep Games"
12485,Olivango
12486,Aza Game Studio
12487,赚大钱工作室
12488,Bernhard Potuzak
12489,幻想理戈游戏开发工作室
12490,Hyper Thetical Games
12491,Animas Games
12492,Tentcoding
12493,Starfield Gaming
12494,Maika Games
12495,Farom Studio
12496,Blue Sunset Games
12497,Soulven Games
12498,恒睿游戏
12499,Ccm
12500,Remtairy
12501,Fasnep
12502,"Igame, Iyou"
12503,Black Centauri
12504,Behrmann Studios
12505,Indie Ninjas
12506,Octillion Entertainment
12507,Lion Castle Entertainment
12508,Inca Games
12509,上海姚际信息科技有限公司
12510,Mayoninja Games
12511,Vitruviusvr
12512,Sunrealm Studios
12513,Zerobit
12514,Outerdawn
12515,Mustard Friendly
12516,Venturous
12517,Patrick Murrell
12518,Smithandcherryapps
12519,Harmony Corp Central Committee
12520,Studio Pakira
12521,Stratton Studios
12522,Decumanus Games
12523,Aeiowu
12524,Dincicode
12525,Studio Vyrsar Games
12526,Lunarex Games
12527,Red Dragon Interactive
12528,Ghost Productions
12529,Uniiao Game
12530,Tead
12531,Red Basket Games
12532,"Tizona Interactive, Zerouno Games"
12533,Smiling Dragon Rpg Studios
12534,Shinu Real Arts
12535,Tasty Delicious Games
12536,Shokizm Interactive
12537,Noodle Games
12538,Donderbos Games
12539,Digital Berzerk
12540,Pixel Hero Games
12541,Morgana A.T.
12542,Oddbird
12543,Ultra Runaway Games
12544,掘墓人Zero
12545,Sensual Harvest
12546,Ray-Trace Interactive
12547,Redlightsstudio
12548,Ave
12549,Tchow
12550,Studio Teamshuriken
12551,Night Steed Games
12552,Bar Interactive
12553,Vlaarsan Studio
12554,Toblue
12555,Schickmair Games
12556,Prime8 International Limited
12557,Critical Miss Games
12558,Witte Studio
12559,Cavylabs
12560,为了共和发行团队
12561,Ruthenium Entertainment
12562,作場金属製作所 Sakuba Metal Works
12563,Tk Studio
12564,Twobros
12565,Virtual Space Inc.
12566,"Galactic Crows, Asylum Games"
12567,Luckshot Games
12568,Mag
12569,Tony Wang
12570,Volcanic Games
12571,Dev4Play
12572,Medievalnexus
12573,Lilugames
12574,Drepublic Labs Ltd
12575,Team B
12576,Zotnip
12577,Tesseract Games
12578,Hv
12579,Munted Finger
12580,Oleg Antipov
12581,Dot.Dear
12582,One Man Band Games
12583,Mellow Armadillo
12584,犟游社
12585,Odooh Games
12586,Dream Harvest
12587,Yuri Kissaten
12588,Admiral Games
12589,"Rmasia, Light Of Creators, Maker製造機"
12590,"The Secret Pie, Kurki.Games"
12591,Dreamtree Studio Sdn. Bhd.
12592,Madant Games
12593,Timeslip Softworks
12594,"Area 34, Inc."
12595,Themiddlegray
12596,Art Of Adventures
12597,Connor Sherlock
12598,奶貓
12599,Wasper Games
12600,Impiresoft
12601,"Alex Suber, Breton Schwarzenbach"
12602,Etherlight
12603,Студия Ф
12604,Sisusieni
12605,Wide Right Interactive
12606,Sesisoft
12607,Dimitri Kozma
12608,Craft Game Studio
12609,Romain Bourbon
12610,Gonzovr
12611,House Of Secrets
12612,Steel Thunder
12613,Ddd Wares
12614,Stay Small Studios
12615,Axel Games
12616,Palfrey Games
12617,226Gamestudio
12618,Bulbideas
12619,Anarchy Softworks Llc
12620,Team Soletude
12621,Mohammad Ali
12622,Neokosmos Technologies Ltd.
12623,"The Unconditional Love Of 400,000 Little Birds"
12624,Visper Games
12625,Roll Mops Interactive
12626,Gamesoft Studios
12627,Arrible
12628,7Gizmo Ltd
12629,Demimonde
12630,酷呐网络科技
12631,Narp
12632,Dawnblaze Entertainment
12633,Wsg Entertainment
12634,4Tins Studios
12635,Devon
12636,Lightea Fish Studio
12637,Flying Color Bear
12638,90% Studios
12639,Saluie Studios Llc
12640,Massive Galaxy Studios
12641,Out Of The Box Games Ug
12642,Faber Interactive
12643,Blusped
12644,Robbie And James Games
12645,全能侦探社
12646,Sylvie Sweet
12647,Esturia Games
12648,Nuclear Caveman
12649,Endrew
12650,Pixel Lantern
12651,Cygnus Entertainment
12652,Iconoclast Operations
12653,Betaking Studios
12654,Baltoro Games
12655,Ultimate Studio
12656,Palfreygames
12657,Jimjams Games
12658,Ooblies
12659,Lexip Games
12660,Jay'N'Son
12661,Lussels
12662,Apphic Games
12663,Ex Compute
12664,Robert Williams
12665,Jeff Trier
12666,Abomination Games
12667,Blackthornprod
12668,Software Geezers
12669,Tomas Daugela
12670,Cat Nigiri
12671,Corey Martin
12672,Grumpy Guppy Games
12673,Madcow S.R.L.
12674,Silver Cat Studios
12675,"Eeproduct,Inc."
12676,Nekki Limited
12677,"糕薯科技, Seventeen Horns"
12678,Levienze Games
12679,Lines Media Corp.
12680,"Fishing Cactus, Pid Games"
12681,Lovely Games Hentai Club
12682,Neoretro Realms Interactive Llc
12683,Vellichor Games
12684,Play Sp. Z O. O.
12685,"Deathbulge, Five Houses Llc"
12686,おこめたべたべず
12687,Crossred
12688,"Necrosoft Games, Mystic Systems"
12689,Inga Harutyunyan
12690,Wunarg
12691,Mechanical Brain
12692,Eerie Bear Games
12693,Raphael Chaoui
12694,Chris
12695,Panache Studios
12696,David Bryant
12697,Aesir Interactive
12698,Solidplasma Studios Llc
12699,Duckmath
12700,Bvrgames
12701,Mechadonk Media
12702,Seen In A Dream
12703,Przemysław Hadała
12704,A:Troy
12705,Dr. Ing. H.C.F. Porsche Ag
12706,Bonadies
12707,Mercier Games
12708,Rogerty
12709,"Indiana-Jonas, Jasper Oprel, Popagenda"
12710,Sps
12711,Flaming Firefly
12712,Fullset Gaming
12713,Efnsoft
12714,Rock Interactive
12715,Arcforged
12716,Fairypeople
12717,A_Coneish_One
12718,Digimoss
12719,"Jackson Wood, Lewis Spalato"
12720,Julian Henley
12721,The Rat Zone
12722,Onhit Developments
12723,Starmatrix Labs
12724,The Three Windmills
12725,Nikutreat
12726,Wax Lyrical Games
12727,Solarlance
12728,Priory Games
12729,Sinkhole Studio
12730,Masterbun
12731,箱社
12732,Triority Interactive Novels
12733,Forelone
12734,Pantrakx
12735,Unpronounceable Studios
12736,Fareed Bhagwansingh
12737,Kelkafa Studios
12738,Siliköln Valley Games
12739,Hammerspace Games
12740,"Acoustica, Inc."
12741,Greengasgames
12742,Gentleman Rat Studios
12743,Mind Leak
12744,Power Surge
12745,"Madit Entertainment, Daring Touch"
12746,Veewo Games
12747,Your Gg Project
12748,Oakley Blade Games
12749,Liqut
12750,Orube Game Studio
12751,Prismmedia
12752,Growfall Games
12753,Red Star Games
12754,Bad Panda Games
12755,Raconteur Games
12756,Team Phijkchu
12757,Numskull Games
12758,Luuk Van Eck
12759,Mega Game Studios
12760,Renkon
12761,"Dusklight Co., Ltd., 2P Games"
12762,Helyees
12763,Nipobox Publishing
12764,Maru Vr
12765,Adham Jaber
12766,Gentlemen Studio
12767,"Clover Bite, Indie.Io"
12768,Elknight
12769,Parabox
12770,Forepawsoft
12771,Dr. Cyril Splutterworth
12772,Sgstudio Games
12773,老猫数字 Oldcat Digital
12774,Xudawang
12775,"东方祈华梦制作组, 东游鉴"
12776,Double Dash Studios
12777,Ant Workshop Ltd
12778,Likegames
12779,Orbcreation
12780,Complex Rabbit
12781,Logeiv
12782,"Daihua.K, Rmasia"
12783,Interactive Wave Studios
12784,"Sf Studios, Shen Feng"
12785,Cookie Games Club
12786,Peпtacle
12787,K. N. Factory
12788,Kaleidogames
12789,Grambo Games L.L.P
12790,Soyadaizu
12791,Chameleon Games
12792,H-Production
12793,Pinel Games
12794,Yvelrevo
12795,Waifumada Games
12796,Wathitdew Record
12797,"Plug, Windfield Games"
12798,Lazy Ram
12799,Orbis Studio
12800,Brucegalaxy
12801,Casual Brothers Ltd.
12802,Loohhoo
12803,"Modern Wolf, Fractale, Whispergames"
12804,Simpleplan Studio
12805,D4Rkst0Rm Studios
12806,Barspin Studios
12807,No Scope Studios
12808,Mark Luttrell
12809,Torchlight Games
12810,Smellymoo
12811,Adisoft Company
12812,Conifer Games
12813,Smoothbrain Industries
12814,Triple Eh? Ltd
12815,Big Blaze Games
12816,Tealdev
12817,Shinjo Games
12818,Praenaris
12819,Pixoala
12820,独立摇滚
12821,Large Visible Machine
12822,Drahcir
12823,Spike Studio
12824,"Battle Geek Plus, L.L.C."
12825,Ace Velazquez
12826,Hejiu
12827,Eternal Studio
12828,Mk Creations
12829,Bourbontank
12830,Dmt
12831,Tylerist.Es
12832,Bluesky
12833,Bo3B Johnson
12834,"612 Games, Flying Tiger Entertainment"
12835,Pureworks Japan 株式会社
12836,Memahertz
12837,Adaptive Realms
12838,Rare Camel Studios
12839,"Orbital Speed Studio Co.,Ltd."
12840,Netdragon
12841,Vrgal.Net
12842,Mr.Lordy
12843,Klastor Games
12844,Niema Moshiri
12845,Status Void Interactive
12846,Cache Of Bones
12847,Publisher
12848,Bearwaves
12849,Tundra Games Ltd
12850,Elzai Games
12851,Chx125Ck
12852,Campincarlstudios
12853,Dgs
12854,Khor Chin Heong
12855,"オートリ電子, Gamirror Games"
12856,Pixel Harmony Studio
12857,Luan Prates De Souza
12858,Recnil
12859,Gurcan Games
12860,Steelysam
12861,Blackrose Arts
12862,Long Nguyen
12863,"Quadrivo Software, Llc"
12864,Tly
12865,Rionix
12866,Tawstudio Entertainment
12867,Jaffajam
12868,Marius Popa
12869,Xtase Studios
12870,Arcade Distillery
12871,William Weinberger
12872,Alex Carpenter
12873,Spelkollektivet
12874,Lem Games
12875,Rav3 Interactive
12876,A Bonfire Of Souls
12877,Thieving Pixels
12878,Pavel Kutejnikov
12879,1C Company
12880,筠悦游戏
12881,Steel Symphony Development Team
12882,Volha
12883,Boncho Games
12884,Gateway
12885,Michael Porter
12886,境界游戏股份有限公司
12887,Round Toast Studios
12888,迟到的南雨亭
12889,Mework
12890,Centre For Longitudinal Studies
12891,Igor Galochkin
12892,Phoebus76
12893,Bustation
12894,Vulpis Yazilim
12895,Gil Lawson
12896,Lemorion_1224
12897,Banjihagames
12898,Juanwuwu Games
12899,Lovebird Game Studios
12900,Squid Related Games
12901,"Phobetor, Plug In Digital"
12902,Theshelfman
12903,Mauve Gaming
12904,Nimos Games
12905,Hole In The Sleeve Game Studios
12906,Sleepy Vampire Games
12907,Kraftix Games
12908,The Flow Studio
12909,Onaemo Studio
12910,룰루랄라
12911,Interactive Wave Studio
12912,Haven Made
12913,Kucki
12914,Chronic Vagrant
12915,Business Mouse Studios
12916,Impact Inked
12917,Sijawa Production
12918,Dystopia Interactive
12919,Lonestone Studio
12920,Headway Games
12921,Sokolov Yaroslav Vladimirovich
12922,"18Light Game Ltd., Cheese Games"
12923,Fennec Game Studio
12924,Dnzy Games
12925,Big Shield Games
12926,Gamagame
12927,Loris Studio
12928,3Didgame
12929,"Hucang Studio, Silkeygames"
12930,Day Art'S Games
12931,Guy Godin
12932,Cube Factory
12933,Eurovideo Medien
12934,Type B Negative
12935,雨天工作室
12936,Antique Gear Games
12937,Atomik Games
12938,Quadratron Games
12939,Cuddle Monster Games
12940,"Return To Adventure Mountain, Llc"
12941,Dragoon Entertainment Ltd.
12942,Final Offer
12943,Sketchynonsense
12944,Hex Keep
12945,Handelsblatt Gmbh – Ein Unternehmen Der Handelsblatt Media Group Gmbh & Co. Kg
12946,Rakun Games
12947,Phthalogold
12948,Staristudios
12949,Punchbutton Studios
12950,Moonshine Games
12951,Graphic Line Games
12952,Paleozoic
12953,Geelix
12954,Djokagames
12955,Atom Void
12956,Games++
12957,Mocove Studio
12958,Pureportal
12959,"Exaheva, Plug In Digital"
12960,Cubic Planet Studio
12961,Rick Noiman
12962,Hope
12963,2Ev1L
12964,Leonid Bazhanov
12965,Poisson Rouge Interactica Ltd
12966,Goose Ladder Games
12967,Alix
12968,Troglobytes Games
12969,Massive Crystal Studios
12970,Octopi Is Not A Word
12971,La Compagnie Des Projets Secondaires
12972,Steefmakesgames
12973,Raba Games
12974,Voxowl Inc
12975,Xexai
12976,Little Black Book Entertainment
12977,Timothy Findling
12978,Xbit S.A.C
12979,The Indie Forge
12980,Infinity Score Games
12981,Mmh Studio
12982,Shk Interactive
12983,"Netherware Ent., Don Aitor"
12984,Indie Imprint
12985,Phaser Cat Games Llc
12986,Tradosoft
12987,Jiyutorisei
12988,"Game Tsukuru Kun, Vivid Dream"
12989,Thunderbox Entertainment
12990,Kaykay工作室
12991,"Nuntius Games, Vsoo Games"
12992,Dig Publishing
12993,Mounpeak Games
12994,Kodama Catarina Design
12995,"Beamz Interactive, Inc., Vive Studios"
12996,Pierre Nury
12997,Sibcat Team
12998,10Mg
12999,Adaptive Game
13000,Laplace
13001,Blinkmoon Games
13002,Cks Tactical
13003,Supernova Games
13004,"Creativeforge Games, Playway S.A."
13005,Beaglegames
13006,Patria Games®
13007,Dechu Games
13008,Fallen Publishing
13009,Prime Bit Games Sa
13010,Nicholas O'Brien
13011,Poysky Productions
13012,Zero Sun Games
13013,Space Raccoon Game Studio
13014,"Toei Animation Co.,Ltd, Toydium"
13015,Kubrick
13016,Lionant
13017,Unicore Games Studio
13018,Lathon Gaming
13019,Tekitown
13020,"Mammossix Co., Ltd."
13021,Victim Cache
13022,Jordan Rott
13023,Maker Interactive
13024,Kochkin Dmitry
13025,1Bgame
13026,Graphium Studio
13027,Dan Young
13028,Joshua Cutting
13029,彩虹工坊
13030,Skull Box Games
13031,Mv Games
13032,"L＆K Co., Ltd"
13033,"Love Lab, Inc."
13034,Cashcowgames
13035,"Javier Federico Goldschmidt, Matias Juvé, Tomas Peters"
13036,66Games
13037,2Brains Games
13038,Starmyth
13039,"Atomic Wolf, Games Operators"
13040,2024-Ngame
13041,オートリ電子
13042,Good Day Studio
13043,"Redkar Devs, Hawthorn Games"
13044,Av Media Lab
13045,Floor Chicken
13046,Frogshark
13047,Hanaji Games
13048,Nekokujiralab
13049,"Duang! Games, Llc"
13050,Fuzzylogicgames
13051,Truethought
13052,Dnva
13053,_Trackc Interactive Llc
13054,Free08Games
13055,"Lewdloco, Mango Party, Mango Party News"
13056,Top Secret Studios Llc
13057,Okami Studio
13058,Pretty Bad Studios
13059,Bexide Inc.
13060,Frosti  Aestech
13061,Pix Arts
13062,One Up Plus
13063,Twoody Productions
13064,Stefan Pulfer
13065,Yondray
13066,趣品堂(Hardcore Studio)
13067,Evrim.Zone
13068,多巴胺军火商
13069,Ignis Sanat
13070,Beşinci Kural A.Ş.
13071,Atgames
13072,Kfriske Studios
13073,"Tiny Bull Studios, 2P Games"
13074,Coty Getzelman
13075,Light Game
13076,Micro Wars
13077,Patente Des Games
13078,Bigbear Games
13079,Inside Universe
13080,Keenan Evans
13081,Bloodbath Studios
13082,江湖侠客令
13083,Soloweb Studios
13084,Mastertech
13085,Binary Cocoa
13086,孔隆誕
13087,Windfield Games
13088,Robin Nicolet
13089,Yuisy
13090,Projectorgames
13091,Kastriot Sulejmani
13092,Prince Game Studio
13093,Electronic Sheep Games
13094,Unbossed Games
13095,Gal Hajaj
13096,E-Funsoft Games
13097,Aleksey Izimov
13098,"Lorke Records, Inh. Anne Baumann"
13099,Nichevo Games
13100,Beancanstudios
13101,Meokigame
13102,Bulletproof Outlaws
13103,Goblintech
13104,Sprovieri Games
13105,Evolutionary Games
13106,Funcraft Games
13107,Rpg Maker Mv
13108,Avalon Digital
13109,Saarse
13110,Erlend Kirkeboe
13111,Globiss Interactive
13112,Dynf/X Digital Llc
13113,Eis Interactive
13114,Milord Softworks
13115,Alex94I60
13116,Fibrum Limited
13117,Dragolite Studio
13118,Beta
13119,Eren Aydin
13120,A-Blast Games
13121,Strudio Company
13122,Ir Studio
13123,Mechead Games
13124,Darkshot Studios
13125,Astrobot
13126,Izmir Games Collective
13127,Taichi Games
13128,Sang Hendrix
13129,"Dawdling Dog, Ltd."
13130,Arcane Input
13131,Enes Eryilmaz
13132,Diaz Pepper
13133,Hollywood Suite Inc.
13134,Climbing Goat Games
13135,Torumees.Games
13136,Dadtax
13137,Poler Studio
13138,Ba Productions Llc
13139,Joe Strout
13140,Foxwright Productions
13141,Wormpod
13142,白信鸽工作室
13143,Vector Games
13144,Onep
13145,Watercress
13146,Askalot Games
13147,Dovetail Games - Fishing
13148,Beautifulbee
13149,Elixir Games
13150,Artificer Creator
13151,D4 Laboratory
13152,Lapys Games
13153,Pegnio Ltd
13154,Wolfi
13155,Sunny Days
13156,"Solidgames, Big Cheese Studio, Light Up Games"
13157,Elder Leaf Studio
13158,Blue Sky Games
13159,Demonlabs Interactive
13160,Off1C1Al
13161,Llamasoft Ltd.
13162,Phil Fortier
13163,Stephen Long
13164,Indispensable Studios
13165,Mikori Games
13166,Obgames
13167,Jobi'S Adventure Development Club
13168,Utopos Games
13169,Knifish Studio
13170,Mozmesh
13171,Vainture Studio
13172,Innerspacevr
13173,"Notex, A1Esska, Admia"
13174,Moonradish Inc.
13175,"100 Games, Gamersky Games"
13176,Tad Cordle
13177,Takayakata
13178,"Poshen Co., Ltd."
13179,Loomus Games
13180,"Lekker Spelen, Kud"
13181,"Untold Tales, Hyperstrange"
13182,Tn Games
13183,Throwback Entertainment
13184,Mecrew Games
13185,Smokeyajax
13186,Hypnotic Owl
13187,Youdagames
13188,Tempest Digital Ltd.  暴風數位服務有限公司
13189,Timer Games
13190,Qianmo Interact
13191,Revvalution Studio
13192,Orbi Universo Team
13193,Steamberry Studio
13194,Lionspoon Dream
13195,Meggic
13196,Pyros263
13197,Alikart Studio
13198,Ch-Gaming Studio
13199,Overjoyedgamedevs
13200,Dev Kacper
13201,Mini Fun Games
13202,Unrealuniverse
13203,Designated Play Space
13204,Gryphox Studios
13205,Cosmic Key
13206,Causa Creations
13207,Umeshu Lovers
13208,Comfycozy
13209,Garden Of Dreams
13210,Blamcam Interactive
13211,Bumblebee Studios
13212,Mb Studios
13213,Mythic Machine Software Llc
13214,Bryan Tabor
13215,"致意, 傅真"
13216,Mark Wortmann
13217,Goshfather
13218,Ginger Bear Games
13219,Agt - Almost Game Things
13220,"Silver Lining Interactive, Maple Whispering Limited"
13221,A Maze In - Live Escape Game
13222,Authogin
13223,Psychoseel
13224,Phantomheadache
13225,Verran
13226,Ikucrea
13227,Bepansrad Studio
13228,Endrealm
13229,Nateception Studios Llc
13230,Wizbane
13231,Witchgrove Games
13232,Rlty Chk
13233,Pumancz
13234,Erik Reis
13235,Hongshou Studio
13236,Znq.
13237,Dfrgames
13238,Okcity
13239,My Next Games
13240,Favour Toys Studios
13241,Hexascale Games
13242,Stormborn Studio
13243,Moist Dog Studio
13244,Redtigerpro
13245,Too Production
13246,Shkilla 89
13247,26K
13248,Tamno
13249,Gamer Bear
13250,"Galavalomka Games, Aslan Game Studio"
13251,Gamechuck
13252,Keer&Deem Creations
13253,Uaa Software
13254,Fifteen Feet
13255,Jayden Everest
13256,Kovik Studios
13257,Zelder
13258,Cool Games Studio
13259,Pavrek Games
13260,Arcadestyle
13261,X-Space
13262,Sgriu Soft
13263,Nohoho
13264,New Audio Technology
13265,Horrid Vision Llc
13266,Dev Team
13267,Aruma Studios
13268,Side Group
13269,Brownmonster Limited
13270,Right Games
13271,Luper
13272,New State
13273,Donislawdev
13274,98 Interactive
13275,Kakaos
13276,Amin Adukov
13277,Vn Devs
13278,Snci Studios
13279,"Laser Beams & Particle Streams Software, Inc."
13280,茄猫
13281,Guara Studios
13282,Uy Studios
13283,Win Or Learn
13284,The Jaywalk Ceo
13285,"Rockwell Studios, Llc"
13286,Mango X2
13287,Zeeentify
13288,Comic Shake
13289,Bigredb.
13290,Silver Cloud Games
13291,Little Bat Games
13292,Houndpicked Games
13293,Kabuk Games
13294,Itandfeel
13295,Undergrad Studios
13296,Neuroticfly Games
13297,Simplemole
13298,Justplaynow
13299,Futuretown
13300,Battlecare Inc
13301,Wurd Industries
13302,Subdream Studios
13303,Sixnails
13304,Draconia Dev Team
13305,Dungeoneering Studios
13306,Repatrick21
13307,Moshow Games
13308,Liam Clift
13309,"Kiloo, Qubyte Interactive"
13310,Synchrocollective
13311,New Games Corporation
13312,Otter Otter Game
13313,"Bloomz, Inc."
13314,Leslie Phillips
13315,Edenic Era Llc
13316,"Viridian Software, Soft Source Pte"
13317,Zit_X_Us
13318,Foundry
13319,Tim Murich
13320,Another Yeti
13321,Happyhorse Studio
13322,Holgersson Entertainment
13323,Bigben Interactive
13324,Twisted Brainz
13325,The Bueno Interactive
13326,Rhombico Games
13327,Owl Studio
13328,Achimphang Studio
13329,Wildgamesnet
13330,H7 Games
13331,Trapped Studios
13332,Mag B.
13333,Emilex Gaming
13334,傲雪小组
13335,Ulab Games
13336,Doky
13337,Sndo
13338,"Imcgames Co., Ltd."
13339,Blaze
13340,Idc Games
13341,Isaac Cohen
13342,Aerial Game Studios
13343,Juste Publishing
13344,Yugamesplay
13345,Kaijyu-09
13346,Yumero The Taleteller
13347,The Truthtellers
13348,Riqplay
13349,Hecthoor Entertainment
13350,One Digital Nation
13351,Oldground Software Oy
13352,The Psychiartist
13353,Dreland Enterprises
13354,Passageway Games
13355,Freestewdios
13356,Good Steward Games
13357,Multi-Form
13358,Nicolas Pierre-Loti-Viaud
13359,Pickysource
13360,Impartial Studios
13361,Untrustedlife
13362,Pelmeni Games
13363,Gamedevsg
13364,Shushanmao
13365,天河(Th Game)
13366,Lanstrash
13367,Meaty Ore Games
13368,Brainroot Studio
13369,Floofy Feather Studios
13370,Singular Works
13371,Ashina Games
13372,Mazehd
13373,"Rex Games, Indienova"
13374,Poroshin Develop
13375,Mccollum Games
13376,Mkaatr
13377,Ssstudio
13378,"Pixelsplit, Pixelsplit Simulations"
13379,Byte Sized Creations
13380,Casual Dev Aus
13381,Paulart
13382,Aidangig
13383,Joyfulstar
13384,Abstraction Games
13385,Grave Danger Games
13386,Warka Development
13387,Club Foxhole
13388,"Syphono4, Pretty Soon"
13389,Stopshut
13390,Velite Games
13391,Omar Chapa Hernandez
13392,"Unleash The Giraffe, Gamersky Games"
13393,月出之时
13394,Tanks2.De
13395,Pishah Llc
13396,Ape Apps
13397,Manydev Studio
13398,Studio Hex
13399,Myaosoft
13400,Infinadeck Studios
13401,Ica Games
13402,Barkers Crest Studio Llc
13403,Monomyth
13404,Jubstudio
13405,Falcon Interactive
13406,Rabid Troll Studios Llc
13407,Team Tapas
13408,Vesite
13409,Potgames
13410,From The Bard
13411,Exponential Games Inc.
13412,Primarch Interactive
13413,"Dystopian, Gamersky Games"
13414,Dronami
13415,Lazer Genu
13416,Alexander Taylor
13417,Alterego Games
13418,Turtlefox Games
13419,Gametotop
13420,O-Two Inc.
13421,Umbress
13422,Gunnar Games
13423,Keng7
13424,Dimitek
13425,Jon Aegis
13426,Halfmule
13427,Hidden Palm Interactive
13428,Notdeadluna Studio
13429,Cult Games
13430,2Xmilk
13431,Rtfm It Llc
13432,Slick Entertainment Inc.
13433,Beetlefish Studios
13434,Bkdove Studios
13435,Futurelovegame
13436,Letmedwight
13437,Graven Visual Novels
13438,Somov Kirill
13439,Teleopsia Games
13440,"Element Games, Llc"
13441,Ovenproof Games
13442,Airerror
13443,Four Eyes Productions
13444,Poppy Works
13445,Plasterbrain
13446,First Time Games
13447,Place2Start Studio
13448,Kultured Dev
13449,Retro Warp Gaming
13450,"Impact Gameworks, Doyoyo Games"
13451,乐谷游戏
13452,Borington
13453,Goethe Institute In Croatia And French Institute In Croatia And Gamechuck
13454,Exordium Games
13455,Mebiusu.
13456,Diggidy.Net
13457,Boardgameprogramplan
13458,俊哥哥
13459,Standby
13460,One Wheel Studio
13461,64K
13462,Duckman Army Games
13463,Synodic Arc
13464,"An Otter Team, Kabi Jedhagen"
13465,Ab Developer
13466,Thetobias
13467,Boringkate
13468,Cjs
13469,Sektan
13470,理工互助会
13471,Studioathome
13472,Daytime Devs
13473,Framelinenetwork
13474,Juezhu
13475,Roxiano Creations
13476,Joel-157
13477,Pinpoint Interactive
13478,Alperen Torun
13479,"Horizon'S End, Inc."
13480,Byulbram Studio
13481,Pansolo
13482,Odania Gmbh
13483,Aleph Null Ltd.
13484,Tom Simpson
13485,Bazaar Games
13486,Remix Games
13487,Ed Findlay
13488,Guilemus
13489,Green Cheese Games
13490,Sichris Productions
13491,"Fantastic, Yes"
13492,Game Ever Studio
13493,Mike Prosser
13494,Ravelin Games
13495,Mykel Flynn
13496,Hot Pizza Games
13497,Intern Pursuit Llc
13498,Basement Dweller Games
13499,Johan Aronsson
13500,"Eternal Dream, 林檎树"
13501,Modii Games Int.
13502,Emergence
13503,Toruko Games
13504,Dumbfounded
13505,Kodextra Solutions Opc Pvt Ltd
13506,Tormentor Games
13507,"Headbang Club, Hound Picked Games, Whispergames, Kakehashi"
13508,Retrowax Games
13509,Gmo Free Games
13510,Locomotivah
13511,The Covert Sheep Example
13512,Lapioware
13513,Manufacture 43
13514,Brnlg
13515,Imagination Station
13516,Real Game Machine
13517,"Move Games. Co., Ltd"
13518,Icad/Visionlab Puc-Rio
13519,Iiida Interactive
13520,Yeongho Kim
13521,Sinomod Studios
13522,Tsunamigames
13523,"Gamesforfarm, Andreev Worlds"
13524,Koodilab
13525,Jeff Sinasac
13526,"Poleaxe Games Llc, Forthright Entertainment"
13527,One Slice Of Pizza Games
13528,North Modding Company
13529,逃跑灵羊工作室
13530,Martin Mauersics
13531,Dead Genre Studios
13532,Tudou Game
13533,Vdapps
13534,Fun Asylum Studio
13535,Notus Games Ltd
13536,Gamehunt
13537,Xingcaistudio
13538,Sonera Game Studio
13539,咕咕工作室
13540,Daniella G. Games
13541,Chaikefushiji Studio
13542,Chosen Interactive
13543,Rabie Haddad
13544,Subreffiy
13545,Padsoft
13546,Szeiner
13547,Medic-Games
13548,Benn Powell
13549,Hippo Rider Games
13550,Crying Booth
13551,Spaceowl Games
13552,Bartłomiej Sapalski
13553,Gamefirst
13554,Pixel Bones Studio
13555,Stellar Oasis
13556,10Ft Games
13557,Faberludum
13558,Jjgames
13559,Ebstar
13560,Breadwork Games
13561,Magic Notion Ltd
13562,Integer Overflow
13563,Karlo Pavlovic
13564,Redratic
13565,A9
13566,Chris Folea
13567,Jaime Scribbles Games
13568,Alin Lucian
13569,Manatea Entertainment
13570,30 Matches
13571,"That Other Fish, That Fish"
13572,Blazewing
13573,"Reality Diversions, Llc."
13574,Dancegirl-Swimwear
13575,Ellada Games
13576,Phoenix Cockroach Studio
13577,Elvenneko
13578,Dev Arc
13579,Tyborggames
13580,Cloudnovel Llc
13581,Triplot Studio
13582,Alcedo Games
13583,Oa Game Studio
13584,Intersol Ooo
13585,Pandora Technology
13586,Spark Games
13587,"The Only Way Out, Milltower Studio"
13588,Rob Jinman
13589,Luja Studio
13590,Block 211
13591,Reset Game Studio
13592,Kz Games
13593,"Miwu Studio, Windfield Games"
13594,Geek Fried Maters Studio
13595,Silent Parrot Studio
13596,Panix
13597,John Kevin Corcoran
13598,Litang
13599,Bgnaturetrip
13600,Grudge Studio
13601,Crisan Andrei Alexandru
13602,Cronostase
13603,Kayac Inc.
13604,Alien Octopus Studio
13605,"Gamirror Games, Yiti Games"
13606,"Krillbite Studio, Iterco"
13607,Mgtd Games
13608,Cafe Empty
13609,Kurisu No Patto
13610,Musik Games
13611,Raffaele Picca
13612,Bon Studio
13613,"Sleepteam, Zima Software"
13614,Arrowsoftgames
13615,Xiaodongma
13616,3000White
13617,Urban Goose Games
13618,"Hh-Games, Shaman Games Studio"
13619,Psr Outdoors
13620,The Original Jöges & Affiliates
13621,Crow Interactive
13622,Gillis Llc
13623,Tru Or Die Inc
13624,Team Monumental
13625,Rainmaker Productions
13626,Michael Derek
13627,Startupgames
13628,Granola Studios
13629,Pixelynt
13630,Bluenothing Games
13631,Dreambox
13632,Bifrost Cloud Pte. Ltd.
13633,Idiot? Limited
13634,Cactus Island
13635,Worldgame Entertainment
13636,Nic3Ntertainment
13637,"Aequalis Studio, Antelus Games"
13638,Alex Meng
13639,Darktiger Developments
13640,Nightmare Phoenix
13641,Coldbones
13642,Eager Unknown
13643,A Winter'S Night Games
13644,Peter Hann
13645,Raven Sword Industries
13646,Matero Games
13647,Simdevs
13648,Iron Stag Games
13649,The Evergloom Team
13650,Oleg Kobzarev
13651,Veritable Joy Studios
13652,Warp Dynamics Limited
13653,Avrod Technologies Inc.
13654,Catalope Games
13655,Ogre Games Ltd
13656,Stairfall Institute
13657,Fierce Fun
13658,Wytchlight
13659,Nukearts Studio
13660,Shoor Games
13661,Aweswan
13662,Narrow Monolith
13663,Broken Helm Studio
13664,Shadowmatic Labs
13665,Gotoyourgame
13666,Hooting Banana Studios
13667,Ul
13668,Colossus Game Studio
13669,Fx Barcelona Games School
13670,Gameland
13671,Kyler
13672,Volcanolordgames
13673,Faceless Bear Games
13674,Studio Syndicat
13675,Maskner
13676,Sau Game Lab
13677,Mango Council
13678,Null Pointer Studio
13679,Adventure Islands
13680,Seeksick6
13681,Caprizant Games
13682,Psyop
13683,Noetic Games
13684,Radiance Star
13685,One Life Games
13686,Li Changchun
13687,Unbalanced Equations
13688,Cunum Games
13689,Rocket Monster Games
13690,Eightyeight Games
13691,Revmatek
13692,崔资坦独立游戏工作室
13693,Jonathan.S
13694,Cyphen Inc.
13695,Grumpy Rock Studios
13696,Mind Power
13697,Fire Panda Ltd.
13698,Perverse Games
13699,Xenoamess
13700,Lt
13701,Kevinthewolfy
13702,个人
13703,Udx Interactive Inc.
13704,Under The Stairs
13705,Tomatenquark Team
13706,V-Rshop
13707,Black Shell Media
13708,"Beijing Flydream Interactive Co.,Ltd"
13709,Games From The Abyss
13710,Megalithic Mainframe
13711,Zoozobra Studios
13712,And Gear
13713,"Fighter Base Publishing, Inc."
13714,Yann Annaert
13715,Keo R. Bun
13716,Greangame
13717,Chessgames
13718,Perfoon
13719,Dr. Kucho! Games
13720,Brain Lab Studio
13721,Ideonic
13722,Radiostatic
13723,"The Moon Pirates, Wings"
13724,Hra Interactive
13725,Dreamteck
13726,Throw The Project
13727,Petter Malmehed
13728,Vogelsap
13729,Honey Pie
13730,Meow Meow Meadows
13731,Cleril Calamity Studios
13732,Sawney Arnett
13733,Torreng Labs
13734,Penumbra.Tech
13735,Unikotoast
13736,Nimavoha Interactive
13737,Neox Games
13738,Gaia
13739,Evilized Productions
13740,Doubleton Game Studio
13741,"Bulkypix, Plug In Digital"
13742,Heroes Dev Team
13743,Commodore Industries
13744,Egg Inc.
13745,Anatola Howard
13746,Divr Labs
13747,Inasa Fujio
13748,Devbeef
13749,Lunar Madcap
13750,"Superhot Presents, Dejobaan Games, Grey Alien Games"
13751,Tf Studios
13752,Aleson
13753,Bossco Games
13754,Pixelfactor Ltd.
13755,Soiree Games
13756,Italic Pig Limited
13757,Shoujo City Developer
13758,Artists Entertainment
13759,"Divilusion, Smudge Coin"
13760,Pencilkids Ltd.
13761,Matti Kuehl
13762,Hitreg Studios
13763,Dalakoala Games
13764,Upandq
13765,Anchor Reality
13766,Bluebirdstory
13767,Not The Best Games
13768,Sungame Studio
13769,Nerdybird Studios
13770,Caleb Foss
13771,Doveinsky
13772,Artemis Computer Technologies
13773,巴豆肥工作室
13774,Ozber Cin
13775,Irusu Studios
13776,Kieffer Bros.
13777,Team Frizz
13778,三六零
13779,Naku Kinoko
13780,Sunland Estudios De Entretenimento Ltda
13781,Gramm Gmbh
13782,Glazed And Confused
13783,Crunchy Sushi
13784,Switchback Studio
13785,The Planar Danse
13786,Cross Game Studio
13787,Heartdreamers
13788,Oakgames
13789,Auer Media & Entertainment Corp.
13790,Ludovic Lafferayrie
13791,Spacesalad Studios
13792,We Are Huanxiangjin
13793,Thronelab
13794,Alex Grim
13795,Zakharchenko Sergey Alexandrovich
13796,Zaru
13797,In Secret Places
13798,Bongfish Gmbh
13799,Betomorrow
13800,Torch60
13801,Eros Game Studio 79
13802,Urban Meadows
13803,古德模型
13804,"Days Of Wonder, Asmodee Digital"
13805,Endrit Special Poductions
13806,Mibli
13807,Istanbul Simulator
13808,Huhi Games
13809,Studio Daimon
13810,Puntigames
13811,Ultrashock Gaming
13812,"Wired Productions, Gamersky Games"
13813,Prm Games
13814,Vchiban
13815,Whitesponge
13816,"Operaludica, Power Up Publishing"
13817,Joseph Griggs
13818,Evil Bunneh
13819,Ciel45
13820,Overidon Omnimedia
13821,Namoviot
13822,Flystar
13823,Drazorstudio
13824,William Sigurdsson
13825,Baleyc Studios
13826,Source Studio Ltd.
13827,Brighter3D Software Development Ltd
13828,David Teruel
13829,"Anvil-Soft, Plug In Digital"
13830,Polar Night Games
13831,Glitchy Pixel
13832,Mascot Entertainment
13833,Actual Humans
13834,Creative Mobile
13835,Team Recharge
13836,Hernan Perez
13837,Visigames
13838,"Bluemont Technology & Research, Inc."
13839,Gamestorm Ltd
13840,Kajinoyu
13841,Robson Paiva
13842,Aquadiun
13843,Finnsoft
13844,Axias
13845,Spawn Point Osk
13846,Otorakobo Inc.
13847,Jasmine Osler
13848,Sandbar3D
13849,Notyranny
13850,Retrofied Games
13851,Thomas Dhaussy
13852,Tuga Studios
13853,Quinetime
13854,Darewise Entertainment
13855,Idyllsend Studios
13856,Kid
13857,Gamenastica Studios
13858,Dark Royalty Studios
13859,Orb Square Studio
13860,Quantum Drop Studio
13861,Maxi
13862,Shrimple Studio
13863,Agaming+
13864,Dual Heights Software
13865,Infernal Interactive
13866,2Tainment Gmbh
13867,Noiseminded
13868,2S Games
13869,Cys20 Studio
13870,Greensky Games
13871,Witchy Cat Studios
13872,Hernán Smicht
13873,Me
13874,Carlos Cañizares Garcia
13875,Bluetreegames
13876,Michael Shoots
13877,Misfire Studios
13878,Cacti Council
13879,Otaku'S Industry
13880,Gigantumgames
13881,"Gameplaysmix, Thesirfm"
13882,Engin Baştürk
13883,Evil Games
13884,Thomas K. Young
13885,Richard Haraším
13886,ぽけそう
13887,伊泽悦耳
13888,Ondori Games
13889,Sky Bear Games
13890,灵思Ai工作室
13891,Lemoon Pie Games
13892,Up Down Play Studio
13893,Return First Games
13894,Reality Reflection
13895,Fusion Studios
13896,Cubicorn Games
13897,Vector Game
13898,Harentius
13899,Emergency Exit
13900,Helmi Bastami (Flyborg.Net)
13901,Helios Production
13902,Léo-Games
13903,Tchagata Games
13904,Advance Garde
13905,Semjon Uglev
13906,Rawr X3 Games
13907,Spacefish Games
13908,Mildbeast
13909,Seudo Nimm
13910,Grade 9 Games
13911,Uncorporeal Systems
13912,"Gwizz, Brex Studios"
13913,Rate My Funeral
13914,Nyfarious
13915,Sureai
13916,Silver Dice Games Inc.
13917,Im Games
13918,Rpg Ajans
13919,Upside Down Games
13920,Onebrainindiegames
13921,Tzar Games Studio
13922,Green Stream Studio
13923,Mythic Arc Llc
13924,Distinctivepixels
13925,Charred Games
13926,Nacro9 Game
13927,Jferreira
13928,"Cancan, Inc"
13929,Gorestation
13930,Foriero S.R.O.
13931,Aimino
13932,雨叶
13933,Caolei
13934,Buster4
13935,Maze Theory Ltd
13936,Malignant Potato
13937,Code Avarice
13938,James Korin
13939,Mihanikus Games
13940,Tenklabs
13941,Greyish Games
13942,Perspektik
13943,Sag
13944,Nami Tentou
13945,Lightning Rod Games
13946,Best Friend Games
13947,Mater
13948,Volfson Inc.
13949,Robotizar Games
13950,M3M Games
13951,Cockpitseeker
13952,Moon Snack Games
13953,Alien Finger
13954,Nuwenu Studio
13955,Qrostar
13956,Quantum Gear Studios
13957,Dahku
13958,Moonbear
13959,Spheroom
13960,Lead Games
13961,Nipsapp Gaming Software Pvt Ltd
13962,Spacebot Interactive
13963,The Wilburnness
13964,Serhii Vitukhin
13965,Qi Shan Shan
13966,"Voxelstorm, Armchair Software"
13967,Tocadovision
13968,Flamy Frog Interactive
13969,Flying Oak Games
13970,Ice-Cold Shivering Studios
13971,Whoisthis
13972,Darkcross Games
13973,Austin Boucher
13974,Ready Wolf
13975,E.Mert
13976,Starspell Studio
13977,"Waffle Iron Studios, Hellforge Studios"
13978,Tobias Arlt
13979,Lucian Hardner
13980,Shortstackstudio
13981,"You42, Inc."
13982,D.P.L.D.S
13983,Tree
13984,Scream Game
13985,94 Games
13986,Watu
13987,Heroes Productions
13988,Slava Bushuev
13989,"Exokit Inc, Pluto Vr"
13990,A.M. Team
13991,Jmj Interactive
13992,Syinewave
13993,Lordmartin101
13994,Pentavera
13995,Yuko Software
13996,Grannus Games
13997,Göksan Güner
13998,四元方程
13999,Organic Humans
14000,On The Wall Entertainment
14001,Witchcraft Video Game Ltd.
14002,"Anshar Publishing, Surefire.Games"
14003,Nordville Technology Ltd
14004,Irregulars
14005,Konstantinos Katsoris
14006,白醋零卡
14007,Zombie Transmitted Disease
14008,Takethem.Games (Creative)
14009,Aux-In Games
14010,"Nobody Studio, Rmasia"
14011,Illusoryworldentertainment
14012,Emergeworlds
14013,Agger Interactive
14014,Luke Gayson
14015,Curlee Fro
14016,Undermax Games
14017,多极网络
14018,Dragonseye Limited
14019,House House
14020,"Phoenixx Inc., 2P Games"
14021,Ubisoft®
14022,Makka Studios
14023,Loquendero Dev
14024,Incinious
14025,Outofthebit Ltd
14026,Persona Theory Games
14027,"2Gt, Dexter.Co"
14028,"Jast Blue, Jast"
14029,Your Story Interactive
14030,Simplicity Games
14031,Guangzhou Hezhi Co.Ltd
14032,43Dm Software
14033,Srd Team
14034,Lt Games
14035,Alman
14036,Silengames
14037,Alfred Lam
14038,Great Conspiracy Theory
14039,Retroepic Software
14040,Dragon'S Games
14041,Mímir Studio
14042,Grandpa Pixel
14043,Burning Pick Entertainment
14044,Klikscene
14045,Cynosure Studios
14046,Hardcore Studio
14047,Allugic Llc
14048,Bondos
14049,Sig (Kn1053)
14050,"Aleksander Vargas, True Nightmare"
14051,Matthew Ryan
14052,Rocket Rat Games
14053,Corva Nocta
14054,"Srg工作室, Rmasia"
14055,Team Karpetti
14056,Dvdvideomedia
14057,Larsonsoft
14058,Pixelvex Llc
14059,Ara Interactive
14060,Njb Design Llc
14061,Seedbolt Studios Llc
14062,"Gamirror Games, Idealcat"
14063,Patrikwet
14064,浙江宣逸网络科技有限公司
14065,Valkeala Software
14066,Petite Fleur Productions
14067,"X-Climb, Inc."
14068,Shinkuro Valley
14069,Tobop Productions
14070,"Akupara Games, Surefire.Games"
14071,Smashhammer Games
14072,Light Orb
14073,Heart Shaped Games Llc
14074,Undersupernovagroup
14075,"Ravenage Games, Doyoyo Games"
14076,"Team 21 Studio, Inc."
14077,"Digital Crafter, Nekolyst, Light Of Creators"
14078,Lightup
14079,Masshive Media
14080,Oliver Steizinger
14081,Dawn Fades
14082,Meta Games
14083,Arkraptor
14084,Max Neet Games
14085,Unsweet
14086,Bitethebytes Gmbh
14087,Orbital Knight
14088,Aidan Garvey
14089,百恩互娱
14090,Outerlynx
14091,Manuel Moos
14092,Crystalia Games
14093,Grade
14094,Little Worlds Interactive
14095,Yetibytes
14096,Teneke Kafalar Spotlight
14097,Stickmen Studios
14098,Dragon Snack Productions
14099,Brotir Ab
14100,Kayac Akiba Studio Inc.
14101,4Bit Games
14102,Petushock Production
14103,Offworld Systems Llc
14104,Convict Games
14105,Cinegame Interactive
14106,Ejoy Games
14107,"2D Boy, Tomorrow Corporation"
14108,Thin Line
14109,"Perelesoq, Hawthorn Games"
14110,Le Louvre
14111,Shenzheng
14112,Julian Lewis
14113,Midori Games / みどりげーむず
14114,"Balor Games, Whispergames"
14115,Happy Home Company
14116,Ragecure Games
14117,"深渊标记 Tag:Hadal, 攻壳游戏 Gamker Studio"
14118,Cfg Studios
14119,星零工作室
14120,Funtyx
14121,游韵游戏网络公司
14122,Quentin Edel
14123,Zjf
14124,Meshm
14125,Jwiky
14126,Durultay Games
14127,Oldyacht
14128,Relevant Games
14129,Beyotek Inc
14130,Monocool
14131,Adventure Hat
14132,森の中の猫の小屋
14133,Radical Dreamland
14134,Sunlight Studio
14135,Videjagames
14136,Jonathan Moye
14137,Dragos Pusca
14138,Lun
14139,Spacerex Games
14140,Chrisbsm
14141,Mooncat Games
14142,Ping Group
14143,Vrani Inc.
14144,Witching Hour Entertainment Llc
14145,Ecogoth Games
14146,Cquark Studio
14147,Azowyl
14148,Gbae
14149,Chris Hopkin
14150,"Artificial Disasters, Surefire.Games, Better. Publishing"
14151,"Late Summer Studio, Windfield Games"
14152,Dylan Gray
14153,Roomsforrockets
14154,西安乐趣软件科技有限公司
14155,Anxious Software Inc
14156,Jonathan Law
14157,Garage Arts
14158,Orico Interactive
14159,人鱼工作室
14160,Madgoat Studio
14161,1Up Games
14162,Yumeville Inc.
14163,Sae Games
14164,熊窝Dodox
14165,Taiga Nishimura
14166,Staticspring
14167,Sliphtrex
14168,Brushfire Games
14169,Jol Studios
14170,Arctic Theory
14171,Jerome Bodin
14172,杭州悦动互娱科技有限公司
14173,Solo Game Marker
14174,Frozen Flame
14175,Clickbuildgames
14176,A Stranger Gravity
14177,Enaayah Software Development And Services Private Limited
14178,B1Stable
14179,Cybernetic Walrus
14180,Flight Systems Llc
14181,Sting
14182,Finifugal Games
14183,Infinite Loop Games
14184,Kadokawa Corporation
14185,Escape Pod
14186,Smokey Moose Games
14187,Dnt Games
14188,Istotex
14189,"Hitcents, Moonshark"
14190,Studio Semitorus
14191,Blue Creazione
14192,Grenarc Llc
14193,Sdf Games
14194,Astral Candle
14195,Orfeas Game Studio
14196,Beepsoft Industries
14197,Turtle Game
14198,Garage51
14199,Fresh Af
14200,Snowysierra
14201,Gamuzumi
14202,Flanker43
14203,Matthew Kelley
14204,"Firas Belhedi, Moemen Belleh Hafsi"
14205,Space Dog Xr
14206,Kr Games
14207,Jean-François Geyelin
14208,Cube Overflow
14209,Monacrea
14210,Otherworld Interactive
14211,Woksonstudios
14212,Bleank
14213,Jibragames
14214,Tena-Vision
14215,Henrik Pira
14216,Phenomena
14217,危途旅行团Travellersonhazard
14218,Anti Crunch Studios
14219,Hammer Vise Studios
14220,Pinkrecordgames
14221,Silly Squid Games
14222,David J. Macias
14223,Wild Wolf Std
14224,Tim Cornish
14225,Shevchenko Technology
14226,Play One
14227,80Arcade
14228,Kantal Collective
14229,Team.Balance
14230,Team Navigator
14231,Qumaron
14232,Rima Studio
14233,Valravn Games
14234,"Hangzhou Yongman Network Technology Co., Ltd."
14235,Mad Dev Studio
14236,Onion Games
14237,Overdrift Crew
14238,"Ibol, Ibology"
14239,Rainbowstudio
14240,"Crestruction, Sakuragaming Studio Shanghai"
14241,Michael Brough
14242,One Man Left Studios
14243,Studio Whip
14244,Gamex Studio
14245,Unikware
14246,Tni Multimedia
14247,Propulsive Games
14248,Arcanum Team
14249,Matthieu Gouby
14250,Chamomile Software
14251,Ephemeral Entertainment
14252,Daserge
14253,Lightning6Kidnap
14254,Australian War Memorial
14255,Toxic Studio
14256,上海泼泼猫文化传媒有限公司
14257,Hubiao
14258,Lyon Beckers
14259,Strategy Labs
14260,北京水思维科技发展有限公司
14261,Welcome Back Entertainment Llc
14262,Secta
14263,Umnyasha Games
14264,Bdt Digital
14265,Lw Games
14266,Luma Play
14267,Crewxaa
14268,Always & Forever Computer Entertainment
14269,Flying Whale
14270,Wending Studio
14271,Wafflecat Developments
14272,佳哥Rpg工作室
14273,Mlb
14274,Hbunny
14275,Aiocane
14276,Eoin Flanagan
14277,Exa_Inc
14278,Rudzki
14279,Ezalbot
14280,Valkyrie Games
14281,Shotgun With Glitters
14282,Inoa Games
14283,Lessermore
14284,Grave Hammer Games
14285,Jxgs
14286,Dionysoft
14287,Echtnice Gmbh
14288,Gametoria
14289,H.T.Project Games
14290,Wreck Tangle Games
14291,Vr Pirates Game Studio
14292,Hellorabbitstudio
14293,"Forever Entertainment , Plug In Digital"
14294,"Shiro Unlimited, East2West Games(Greater China)"
14295,Full Sail Game Studios - Gdbs
14296,Roker Games Studio
14297,Bears &Amp; Guts
14298,Matthew Kania
14299,Space Lizard Studio Ltd
14300,Cryhades
14301,Brain Sprout
14302,Cosy Computer
14303,Day-To-Day Management
14304,Randall Fulton
14305,Blissful Beryl
14306,Konrul Game
14307,Lightyear
14308,Stubbird Games
14309,Phobetor
14310,Justin Sawchuk
14311,"Jingtustudio, 乌鸦大仙"
14312,Wolves Interactive
14313,Vacation Game Studio
14314,Player
14315,Limits Free
14316,Galdra Studios
14317,Gromvongrond
14318,Muccygames
14319,Scott Howarth
14320,Tusky Games
14321,Arcadius Entertainment
14322,Tackle Boy
14323,Ominous Horizon Studios
14324,B38B38B
14325,Jason Oda
14326,Nkvn Games
14327,Big Wood Games
14328,Axiabridge
14329,Hate Free Heroes
14330,Luis G. Bento
14331,Arctos Games
14332,Monkeymaw
14333,Awesome Stuff Software
14334,Sodacan
14335,Pengjilin
14336,Randalyn Rage Ug (Haftungsbeschränkt)
14337,Pirasa Studios
14338,Whitevault Studio
14339,Franck Games
14340,Fedya Clapton Inc.
14341,Hand Up Digital Llc
14342,Sapphire Comics
14343,Ael Entertainment
14344,Atomic Age Culture
14345,Flow
14346,Outlaw Wars
14347,Action Portal
14348,Sjr Team
14349,The Brothers Bourque
14350,曲波
14351,Julia Minamata
14352,Harley Phoenix
14353,Arrebol Studio
14354,"Yelsewgamestudio, Sunlight Studio"
14355,Steelcore Games
14356,Beonin Studios
14357,Liber Primus Games
14358,Ganbarukun_Soft
14359,"Relu Games, Inc., Krafton, Inc."
14360,Divine Light Games
14361,Quackpond Games
14362,Zhangguanru
14363,Pbs Designs
14364,Space Heater Games
14365,Colin Eump
14366,Skyward Digital
14367,Jaime Paz Lopes
14368,Morte Accendere
14369,Claw Mark Productions
14370,Marginalact
14371,-Yodasaurus- Games
14372,Bars Studios
14373,Earthborn Interactive
14374,Redream Studio
14375,Cosmiccrystal Games
14376,K'Sg
14377,Boss Crab Games
14378,Second Avenue Learning
14379,Altitude Interactive Studio
14380,"All Nippon Airways, World Innovation Lab"
14381,Captain Fluffy
14382,Pro Wrestling Sim
14383,Shoreline Games
14384,Biscuit Placebo
14385,Simulatedfantasy
14386,Totogames
14387,Skip32
14388,Agile Softworks Ab
14389,Guanglun
14390,Like A Boss Llc
14391,指尖游道
14392,Neurosaur
14393,Reporter Zero
14394,Broken Dinosaur Studios
14395,Duo Games
14396,Open Sorcery Games
14397,Pushforward
14398,Keslem Oy
14399,Chihro
14400,Cirilxd
14401,Impulse Games
14402,Gruffers Studio
14403,$Mite
14404,Funfant
14405,Sillikone
14406,Projectalive
14407,Lucerna Studio
14408,Inner World Games
14409,James Wolf
14410,Breadnbuttercult
14411,Ghost In The Cartridge
14412,Made In House
14413,Brimstone Brothers Inc.
14414,Vrmonkey
14415,Sport1 Gmbh
14416,Richard Edwards
14417,Kevin Dunn
14418,Indiegames3000
14419,Mathangames
14420,Del
14421,"2P Games, Gamersky Games"
14422,Not_Bigm
14423,Take Toad
14424,Xenoaisam Studio
14425,Manerai Llc
14426,Ssassy
14427,Original Power
14428,Normal
14429,Chris Antoni
14430,Hifight
14431,Gamelab
14432,Proc Spine
14433,Dpa Studios
14434,Stove Powered Games
14435,Sparsevector
14436,Xbgzs
14437,Cc_Games
14438,Stumbling Cat
14439,戏幻言制作组
14440,Gametroleum
14441,Gentome
14442,Leg N Dairy Games
14443,Derpy Dinos
14444,Lime Blossom Studio
14445,Playzilla.Tk
14446,Strange Creatures Studio Llc
14447,Leonardo Alexandrino
14448,Sammy
14449,Cinnamancer Studios
14450,Notthistime
14451,Aghayeva And Ko S.R.O.
14452,Simple Game
14453,Team8 Studio
14454,Liquid Static Studio
14455,Sat-Box
14456,Bat Byte
14457,Studio Eres
14458,Loopnova Studio
14459,Visual Light
14460,Fire Cycle Games
14461,Devdan Games
14462,Opal Games
14463,Azzunyan
14464,Bigger Boat
14465,Total Eclipse
14466,Voidcompiler
14467,Axelzer0
14468,Dan Zaidan
14469,Keiby
14470,Luke O'Connor
14471,Team Train Frontier
14472,Lached Up Games
14473,Paulo Lopes
14474,Creative Bytes Studios
14475,Twelve Tiles
14476,Sergey Bobrov
14477,Focus Entertainmen
14478,Wicksley Games
14479,Bancogames
14480,Picorinne Soft
14481,"L4S Games, Kappire"
14482,Caleb Wood
14483,Newco Entertainment
14484,Funk Fizz
14485,Daniel Siqueira Abdelnur
14486,Devespresso Games
14487,Pixel Fox
14488,Ngv Studio
14489,Dascumaru
14490,Anderson Marques
14491,Two Glass Hams
14492,Hazier Studio
14493,Vrx
14494,Silverforge
14495,Enzi
14496,Nada Studio
14497,Orsam Information Technologies
14498,Great Gretuski Studios
14499,Ch.Zbk
14500,Marcelo Aparecido De Almeida Junior
14501,Dark-1
14502,Christopher Juerges
14503,Draft Games
14504,Hippocube
14505,Javeah Interactive
14506,100 Cozy Games
14507,"Emlise, Nostalgiatree"
14508,Nuberu Games
14509,Perfect Games
14510,Ear Llc (Horrorgamedev)
14511,Uridium
14512,Ballista Studios Ivs
14513,Inlet Pipe Productions
14514,Henchman &Amp; Goon
14515,Brotherwood Games
14516,"Triggered Studios, Nhtv Breda University Of Applied Sciences"
14517,Daylight Studio
14518,Zhongzhengqiang
14519,Yggdrasill Interactive
14520,Newfa Games
14521,Torgomind
14522,Palass Games
14523,Indigoblue Game Studio
14524,Wolfray Entertainment
14525,Magnolia Games
14526,Mimangqi
14527,Retcon Games
14528,Firescale Studios
14529,Grahamoflegend
14530,Primary Cells Studio
14531,Doomsday Studio
14532,Nuttery Entertainment
14533,Sugarhyped
14534,Megatent Inc.
14535,Netmancer
14536,Alex Hanson-White
14537,Ddreams Games
14538,"Extra Nice, Playism"
14539,Alliance Digital Media
14540,Mashmashu Studio
14541,Undead Wrld
14542,Resnijars
14543,"Abiding Bridge, Indieark"
14544,Grimesoft
14545,3Dcafe
14546,Shatter Wing Studios
14547,Devotid Media
14548,Trywelyn Productions
14549,Dream Studio
14550,Gamestudionoogic
14551,Aeromir
14552,むつむつプロジェクト（Mutsu'Pro）
14553,Meteo Games Inc.
14554,Retrosouls
14555,"Beijing Lanxii Play Technology Co., Ltd"
14556,Madhoundgames
14557,Nekoday
14558,4-Cube Games
14559,Energy Crystal
14560,Dbh
14561,Ken Davis
14562,Safikik
14563,Tom Johnson
14564,Myroid-Type Comics
14565,Triple-A Studio
14566,Ball Bounce Partnership
14567,Paralune Llc
14568,"Applaud Productions, Onteca Ltd"
14569,Screaming Bee
14570,Goldencrab Studios
14571,"Windfield Games, Lovestoryproject"
14572,Oukaein
14573,Binary Cabin
14574,Gugames Development
14575,Long Qi  Software Technology
14576,Elefantopia
14577,Puca Games
14578,"Girls Make Games, Learndistrict, Inc."
14579,"Qingdao Huichengsen Network Technology Co.,Ltd."
14580,Trash Vomit Studios
14581,A17 Games
14582,Salmi Games
14583,Medvedur
14584,Banefire Games
14585,"Dejobaan Games, Llc, Humble Bundle"
14586,.Ez Games
14587,Mochi Mode Ltd
14588,Tungsten Games
14589,Artoonu
14590,Changdongsoftware
14591,"Gamecoder Studios, Render Farm Studios"
14592,Vrena
14593,Ays Code Yazilim
14594,Easy Grind Games
14595,Chromatic Dream
14596,Volker Elzner
14597,Corumdev
14598,Echodog Games
14599,Biodrone Studios
14600,Hoshi
14601,"Life Zero, Hiberus Games"
14602,Stone/Spark Games
14603,Zealwind
14604,Duty Over
14605,Veloneer Games
14606,Pixeltrip Studios
14607,Silly Little Games
14608,"Lightspeed Design, Inc."
14609,Koneko
14610,Geta Games Team
14611,8:95Games
14612,Ravenhome Studios
14613,Michael Cosio Old Games
14614,Mastermind
14615,Fooya Games
14616,"白袍恐懼症, Light Of Creators"
14617,Cornthea
14618,Pixel Edge Games
14619,Marvelous Europe
14620,Cosmocat
14621,Studio Fg934
14622,Making Delightful Fiction
14623,Supertype
14624,Infinite Production
14625,Anigtas
14626,Interaction Ideas Gmbh
14627,Silver Monkey Games
14628,Fishbump Games
14629,Tyche'S Bookshelf
14630,"Hoit, Mizza"
14631,陈文龙
14632,Srn Game Studio
14633,Webyilmaz
14634,Grassblade Entertainment
14635,路过的骑士皇
14636,Fathom Film Group
14637,Bricchi Games
14638,"市松製化, Itimatuseika"
14639,Sewohayami
14640,Ossified Games
14641,Planeshift Interactive
14642,Redsungames
14643,Lightbox Academy
14644,Tech Skull Studios
14645,Jesper Bergman
14646,Shin Tomura
14647,Igolito Arts Studios
14648,Mercysoft
14649,土猫重工
14650,Quixotic Software
14651,Spoon Network
14652,Nole
14653,"Drinkingnails, Llc"
14654,Poleacov Grigorii
14655,The Spiteful Games
14656,A Little More Games
14657,藍茶高校 Blue Tea College
14658,1Monkey2Brains
14659,爱芙尔
14660,Samuel Manier
14661,Neem Game Studios
14662,Baerenbytes
14663,Punto Clave
14664,Atthus Games
14665,Cosmos
14666,Diamond Productions
14667,Penguin Tower Studios
14668,Yukiostudio
14669,Firelight Studios
14670,Umix Studios
14671,Skybox Labs
14672,"U-Play Online,"
14673,Jonni The Dodger
14674,Vikingwarrior
14675,Thunder Games
14676,Zenplay
14677,Goop Lord
14678,Stone Monkey Studios
14679,Joitri Games
14680,Bee Legacy Publishing
14681,Rdna Games
14682,Thought Ops Llc
14683,Solidfrogllc
14684,Luftwaffel
14685,C.T. Matthews
14686,Gritstudios
14687,Shiver Eye Development
14688,Nethersoft Interactive
14689,Circlegames
14690,Grin Igor
14691,Charminggirl
14692,Body Code Games
14693,Push Forward Media
14694,Darkshark Games
14695,Potion Junkies
14696,罗小熊工作室
14697,Cagri Gecin
14698,Glanderco
14699,"Bottlenose Bits, Llc"
14700,Lovergame Studio
14701,M07Games
14702,"Mono Software, Inc."
14703,Runesoft Gmbh
14704,Anything Nose Productions
14705,Appchu Indie Games
14706,Goodboy Galaxy Ltd.
14707,Uroboros Studio
14708,Lv Yannan
14709,Undying Joy
14710,Religious Studios
14711,Cilithocal Game Studios Llc
14712,Emmycron
14713,知音动漫
14714,Silly Tiger
14715,"Familyplay, Markt+Technik"
14716,Redwinegames Studio
14717,Zd Yazilim
14718,Sebastian Groll
14719,Joynow Studio
14720,Suri
14721,Qinghe Studio
14722,"Miki Squadron Project, 幻爵工作室"
14723,Sam Murray
14724,Ie Kilin Aleksandr Evgenyevich
14725,Hopecho
14726,Lori Vornoy
14727,Second Order
14728,Tma Games Llc
14729,Dimestudios
14730,Blueturtle
14731,Canalside Studios
14732,Ctu
14733,Rel Games
14734,"Scheme Street, Llc"
14735,Horizonity
14736,Joe Daywalt
14737,Red Squirrel Tribute Games
14738,"Welovebot Co., Ltd."
14739,Drix Studios
14740,John Xu
14741,Carolinemlhrs
14742,Zweitausendeins Gmbh & Co. Kg
14743,Jkgames
14744,Jumb-O-Fun Games Inc
14745,Pixelartgames
14746,Studio Loregard
14747,Manuecheveste
14748,2-Volt Games
14749,Ogo Play
14750,Subpixel Studios
14751,Apparition Games
14752,Pretty Fly Games
14753,Mischka Kamener
14754,Birdmask Studio Ltd
14755,Made Of Bits
14756,Odisi Games
14757,"Acechariot, Acechariot"
14758,Arglefumph
14759,Bonereaders
14760,Project Anthem
14761,Tabee Networking Limited
14762,Ktulhu Solutions
14763,Ingozi Games
14764,地航者
14765,Ops Game Studio
14766,Strange Journey
14767,Bormak Studio
14768,Levi Ramirez
14769,墨元素
14770,Pex Entertainment
14771,Gachi Master Games
14772,"Red Limb Studio, Destructive Creations"
14773,Impetus Games
14774,Peach
14775,Flashman Games
14776,Dex Games Studio
14777,True Nightmare
14778,Picklehouse
14779,Donley Time Foundation
14780,Calligram Studio
14781,Carlplay
14782,"7Talez, 100 Creepy Tales"
14783,El Virus 3D
14784,Fs
14785,Zillion Whales
14786,Genaticstudio
14787,Ravegamedev
14788,Erepon
14789,Coffeeserpent
14790,Cryogen Labs Llc
14791,Pumpkin Head Studio
14792,Ken Langella
14793,Lama Glama Game Company
14794,Caztellary Studio
14795,Scared Stupid Inc
14796,怪侠一枝梅工作室
14797,Daring Cat Studio
14798,Nick Page!
14799,Cotobito Games
14800,Aboogoost
14801,Ryan Mcquiston
14802,Kara Stone
14803,Eli Daddio
14804,Lucid Layers
14805,Whensoft
14806,God Test
14807,Damian3K
14808,Simpra Org
14809,Heaven Bot
14810,Zrign 地霊研究院
14811,Galvanic Games
14812,Steel Wool Studios
14813,Infocom Remakes
14814,Pixelnadja
14815,Sui Arts
14816,Big Niche Games
14817,Mobilefusion Apps Ltd
14818,Christopher &Amp; Max
14819,Rowan Future
14820,Amonesus Games
14821,Mumin Bayar
14822,Play Publishing
14823,Ptyron
14824,Asger Heinricy
14825,Horizon Lab
14826,Francis Vace
14827,Rebuff Reality
14828,Bread Vision Studios Llc.
14829,"The Knights Of Unity, Surefire.Games"
14830,Hammer Glass Studio Inc.
14831,Oy Kin
14832,Phantasma Digital
14833,Danalpha
14834,Trebuchet Entertainment Llc
14835,Golden Sand Games
14836,Jim Studio
14837,One Must Imagine Games
14838,One Leaf Games
14839,Elastic Sea
14840,Lucid Games Ltd
14841,Cosmicpulsarstudio
14842,Polygon Art Publishing
14843,Newgrange Games
14844,Mental Drink
14845,Bastienre4
14846,Cbc Games
14847,Diamond Tao
14848,True Legacy Games
14849,"Studio Imugi, 2P Games"
14850,Lonch.Me
14851,Rubdoff Games
14852,Mandegames
14853,Grimtalin
14854,"Within Unlimited, Inc."
14855,The Overall Angle
14856,"Romilio Games, Lonely Toilet Productions, Macattack"
14857,Olivier De Rop
14858,Handsome Dragon Games
14859,Delum Studios
14860,Just Two Ltd.
14861,Sketchy Ceviche
14862,Queen
14863,Carbon & Kay
14864,Totally Not Aliens
14865,Fionn Hodgson
14866,Milton Game
14867,Ggidk
14868,Leonardo Zufi
14869,Gamedevstories
14870,Lucas Baldi Aragão
14871,Laplacian
14872,Hidden Achievement Llc
14873,Uniday Studio
14874,Grendel Games
14875,Ovos
14876,Light Studio | نقش الضوء
14877,Bs Studios
14878,Benmakesgames.Com
14879,Coke_Deer
14880,Jamhammer Games Inc.
14881,Steam
14882,Orrery Games
14883,Frank Hampus Weslien
14884,Max Manos
14885,20Th Century Games
14886,Vr-Connected
14887,Falling State Inc.
14888,"凌望游戏工作室, 花蕊游戏工作室"
14889,"Element Games, Llc, Gamersky Games"
14890,Gingersoup Studio
14891,Nanoshrine
14892,"Silver Moon Internet, 银月网络"
14893,Gianni Laschi
14894,"Tero Lunkka, Raciebug"
14895,Sususu
14896,"西梅树工作室, Anotherindie"
14897,Codespace
14898,Moondolino
14899,Lemon Seed Studio
14900,Y-Square Games G.K.
14901,Wispfire
14902,Dsw Games
14903,Reflektsoft
14904,Civil Savages
14905,Stein Bock Games
14906,Gadan Digital
14907,Nathan Montgomery
14908,Built In A Day Games
14909,Kubunautilus
14910,Fring Frang Games
14911,"Vrni Ltd, Kainos"
14912,Lab132
14913,"Liujiajun, Gamirror Games"
14914,Onizuka
14915,Studio Incognito
14916,David Nguyen
14917,Galactic Crows
14918,"Fusion.Robot & Co, Kunzthebeat"
14919,Team Reset
14920,Nobones
14921,Igor Neiman
14922,Yuyang
14923,Pureheart
14924,Cykyria
14925,Tronusgames
14926,"Pearflower, Lovestoryproject"
14927,Luftmensch
14928,Zoblin Multimedia
14929,Noodlegames
14930,Surrealist As
14931,Sushi Studio
14932,Shmoesoft
14933,Endless Endeavor Llc
14934,José Antonio De Los Ángeles Rodríguez
14935,Nightcall
14936,Robproductions
14937,Sn!Somos Nerds
14938,Tenitinygames
14939,Puzzle Gx
14940,Simionescu Mihnea
14941,Bhelpuri Boyz
14942,Redseed Game Studio
14943,埋月山枯
14944,Hellhound Studios
14945,Amino Acid Studios
14946,"市松寿ゞ謡, Https://Www.Youtube.Com/Channel/Ucwcek7K9Uwt_Fyrpwxtgjmw?View_As=Subscriber"
14947,Upside Down Fox
14948,"Crynex, Crytechgames"
14949,Kdanss Llc
14950,Misc.261
14951,Crabeater Games
14952,Aimersoft Studio
14953,抖音-小六热游
14954,Coding Duck
14955,Fish Tank Studio
14956,Yahart
14957,Tastebuds
14958,Mescaline'S Wings
14959,Wolfiesoft
14960,Leguas Intrepidas
14961,Flying Penguin Productions
14962,Egghead Interactive Llc.
14963,Render
14964,Wander_Rabbits
14965,Mickey_418
14966,Thomas Horne
14967,Chillx Ltd
14968,Turtle Ship Studio
14969,Banana Spilt
14970,Giant Gourami
14971,Rosehoodgames
14972,Cavelight Llc
14973,Chaoticway
14974,Nboxgames.Inc
14975,Lucky Adams
14976,Qourfour
14977,Terribly Delightful Entertainment
14978,Amyberyl
14979,Refract Games
14980,Innominatum Digital
14981,"2,000 Damage"
14982,Tivola
14983,Eurus Games
14984,All-Seeing Eye
14985,Somnambulist Games
14986,豆干叠叠木
14987,Turbo Pelvis 3000 Inc.
14988,Feas
14989,"Saikey Studios, Bbq大好き"
14990,Megaeggz
14991,Andy Jurko
14992,Kuetaro (くえたろう)
14993,The Pixel Mine Ltd
14994,Rushandev1
14995,"Saurus Digital, Console Labs S.A."
14996,Sarper Şoher
14997,"Gamemaker8Yt, Nicsa Studios"
14998,Carnival Pepper
14999,Karayolu Games
15000,4H
15001,Tianyu Studio
15002,Tanuki Creative Studio
15003,Hippomancer
15004,The Last Pilot
15005,老K666 Studio
15006,Denyingproduct
15007,Frozen Way
15008,Off The Deck Games
15009,Anonymous
15010,Two Mammoths
15011,"Direfang, Smuttlewerk Interactive"
15012,Thanatos
15013,Haimio
15014,Bbo
15015,Avake
15016,Sacriface Studio
15017,"Tulpar Games, Grabthegames, Thegamesfortress"
15018,Gcn
15019,Rac7
15020,Swallowed Sun Games Pty Ltd
15021,凌望游戏工作室
15022,Cagri Burak Demir
15023,Smileboom Co.Ltd.
15024,Vr Storm Studio
15025,James C Gray
15026,Partial Reality
15027,Prologue Games
15028,Ananki Game Studio
15029,Bajastorm
15030,Rr Games
15031,Animabox
15032,Recotechnology S.L.
15033,Ozna Studio
15034,Zeenoh Inc.
15035,Magic And Mirrors
15036,{Company_Name_Goes_Here}
15037,Ergosphere Game Studio
15038,Smart Flix
15039,Ceospet Games
15040,Racing Thought Studios
15041,Adamdubigames
15042,Eleftheriadis Savvas
15043,Tomorrow Games
15044,Strawberrytail
15045,"Mirai Works, Otaku Plan"
15046,Cnsgames
15047,Vikingvrstudio
15048,Doug B.
15049,Ippo Games
15050,Starsystemstudios
15051,Default Interactive
15052,Solare Games
15053,Sandman
15054,Choc Abyss
15055,Bruce Brown Films
15056,Connor O.R.T. Linning
15057,Kyrel
15058,Fork Particle Games
15059,Volokitin Andrey
15060,Tibet Games
15061,The Game Institute
15062,Team Frameland
15063,Never Games Limited
15064,Dilmer Games
15065,Bad Grin Company
15066,Wise Box Studios
15067,Raya Games
15068,Long Shift Games
15069,Skeleton Star Game
15070,Emence Gaming
15071,Yunus Berk Kaynak
15072,W Makes Games
15073,Tan Yu
15074,Sonomio Games
15075,Little Ricebowl
15076,Mredziński
15077,Ogame Games
15078,1564 Studio
15079,Old Formulas
15080,Adato Games
15081,Modus Interactive Games
15082,Zenisport
15083,Ardyn
15084,Rgcd.Dev
15085,Team Tripleslash
15086,Forgotten Code
15087,Not Me Rpg Games
15088,"Liujiajun, Gamera Games, Yls Program"
15089,Giggle Games
15090,Braniacs2100
15091,Top3Line
15092,"Studio Hodgepodge, Tizby"
15093,Switchpilot
15094,Milk Bottle Studio
15095,Chillcash
15096,Workbench Entertainment
15097,Jakob Hild
15098,Peter Klauser
15099,Blot Interactive
15100,Autumn Knight
15101,Modus Interactive
15102,"Unistellar Industries, Llc"
15103,"Space Mouse, Llc"
15104,废材炼金术士
15105,Andreas Georgiou
15106,Second Morning Works
15107,Snap Finger Click
15108,Wvv-Games.Com
15109,Arktisweiss
15110,Gcrh
15111,Chronova
15112,"Hitcents, Playism"
15113,Happy Daram (Happy Chipmunk)
15114,Noctiluca Studio
15115,Winged Sakura Games
15116,Progress Programme
15117,Noraperikaproject
15118,Frogbert
15119,Paper Castle Games
15120,Myoubouh Corp
15121,Tiny Rts
15122,Arctic Anteater
15123,Motivation Game Studio
15124,Jeffrey Nordin
15125,Games
15126,Insilico Uk
15127,Tga Company Llc
15128,Dmu Software
15129,Taggrin
15130,Ryan Pace
15131,Skymap Games
15132,Alfina World Game Publishing
15133,Bright At Midnight: A Game Studio
15134,Lethal Raptor Games
15135,Voigon
15136,Espervisions
15137,Membraine Studios
15138,Megaslow Studio
15139,Grandmini Studios
15140,Helicopter Simulator
15141,Powpit
15142,Seraphim Creations
15143,Wondersoft Studio
15144,Lof Studios
15145,Faithy Games
15146,"Rocket-Engine Co.,Ltd."
15147,Omegabyte
15148,Hatinh Interactive
15149,Hocwar
15150,Grip Games
15151,Noone
15152,Retrobot
15153,Glacier Ltd
15154,Just A Gamer
15155,Gidazgames
15156,Eutechnyx
15157,Rampant Games
15158,Super16Bits
15159,Aerolito
15160,Mateussdev
15161,Purplegrape Studios Inc.
15162,Philipp Lehner
15163,Exertion Studio
15164,Furgoldgames
15165,Wegame
15166,Jet Set Games
15167,Sol Bot Studios
15168,Netmin Games
15169,Bekoshi
15170,Helsinki Noir
15171,Xxxgames
15172,Super Retro Duck
15173,Evil Turtle Productions
15174,Trypara
15175,Neex Games
15176,Rocket Adrift
15177,The Retro Room Games
15178,Nevsram
15179,Scanix
15180,Amayadori Development
15181,Pacifism
15182,Punkballstudio
15183,Blue Monarch Games
15184,Harbinger Beard
15185,Muli Game
15186,Memengin
15187,Marix
15188,Yellowbound
15189,Maxbytes
15190,Ilya Gubin
15191,Project Artiliris
15192,"Strata Mixed Reality, Inc."
15193,Whalewhistle
15194,Tiny Colossus
15195,炼气期
15196,Redgrit Games
15197,Red Fly Studio
15198,Late Light Studio
15199,Roach Team
15200,Naps Team
15201,Vhornet Games
15202,Inchoate Elk
15203,Metaphor
15204,Arkhouse Telegnosis
15205,Iliad Works
15206,Green Retroman Games
15207,Creative Cog Llc
15208,Ironbellys Crew
15209,Devil'S Cider Games
15210,4E Publisher
15211,Project Whitecard Studios Inc.
15212,Korean Linguistics Lab
15213,Triple E Games
15214,Tall James Games
15215,Cubus Games
15216,三角形游戏工作室
15217,Guerrilla Bandit
15218,Biggest Streams
15219,Rileyrift
15220,Flipswitchx
15221,Yash Future Tech Solutions Pvt Ltd
15222,Cascadia Games
15223,Equanimity Studios
15224,Liithos
15225,Gamesoft
15226,Aura Mystica
15227,Dragon'S Layer Productions
15228,Whykev
15229,Stiftelsen Bohusläns Museum
15230,Cerebraljam
15231,Rhine Games
15232,High-End Games
15233,Booblyc Ou
15234,Jean Groenewald
15235,Flat Voxel
15236,"J Wonder Co.,Ltd."
15237,Bixense Game Studios
15238,Sticky Rice Games
15239,Holy Cow Productions
15240,Pillow Fight
15241,Gooby Games
15242,"ストロングツリー(Hushuchuライス), Strong Tree (Hushuchu Rice)"
15243,Self-Publishing
15244,Sj Games
15245,High Level
15246,Eckgames
15247,Rainbite Ltd
15248,Strongbox3D
15249,No Sleep Till Monday
15250,Inferiorworks
15251,7Tpgames
15252,Teamsupport
15253,Slater Chae
15254,Abiding Bridge
15255,Ahsin Memon
15256,Wooden Monkeys
15257,Legendex Games
15258,Single-Minded Ryan
15259,Sulton
15260,Dreamfire Studios
15261,"30 Parallel, Languagenation"
15262,Eh
15263,Byval Games
15264,Level 126
15265,Double Barreled Herald
15266,Jts Development
15267,"Qureate, Dlsite"
15268,歐津津教團
15269,"Neumont Game Studios, Neumont College Of Computer Science"
15270,Troglodyte Studio
15271,Pla Studios
15272,Cheddaninja Games
15273,"Varkian Empire, Deck13"
15274,Eiloware
15275,Pixelmaker-2016 Pltd
15276,Brinemedia
15277,Omega Games
15278,Ian Martin
15279,Bullwaresoft
15280,Buttonsoft
15281,ラルカス
15282,"Unwonted Studios, Zetsubou"
15283,Craft Theory
15284,Darkarts Studios
15285,Coincidence
15286,Voided Pixels
15287,Christopher Rodgers
15288,1Classydude
15289,"Vladimir Slav, Coldwild Games"
15290,Yibaili Software
15291,Pika'S Game
15292,Senatis
15293,Z4Z
15294,Artepi Corporation
15295,Micky_Games
15296,Nighthouse Games
15297,Jta Games
15298,40Rs
15299,Dovii Games
15300,人肉馒头
15301,Noirware
15302,Heallios Studio
15303,Superacid
15304,Liu Zeren
15305,Fantastico Studio
15306,"Glitchless, Llc"
15307,Victor Games
15308,Arafkan Games
15309,Knackelibang Productions
15310,Il Lit Studio
15311,Kyuppin
15312,"Zoom Platform Media, Wanderful Interactive Storybooks, Marc Brown Studios"
15313,"Dumb Duck Games, Inner Realm Studios"
15314,Virtue Enforcer
15315,Crusader'S Fellowship
15316,Black Banshee Studios
15317,Iterco
15318,"Smiling Cat Entertainment, Ltd"
15319,Shy Pixel
15320,Chilltimegames
15321,Gugila
15322,Annabell
15323,Hellomeow
15324,Igelanium Games
15325,Lonely Frontier Studio
15326,Avi Games
15327,赛博风
15328,I See 3D
15329,Meaning Machine
15330,Bionic Pony
15331,3D Visualisation Aesthetics Lab
15332,Adjective Noun
15333,Tezcatek
15334,Pedro Henrique Baretta
15335,Chicken Waffle
15336,Ultranet.Org
15337,Louka Lemire
15338,Loftgames Studio
15339,Txk Gaming Studios
15340,Paper Pirates
15341,Sixkilla Gaming
15342,Oose
15343,Remaginarium
15344,Emangame
15345,Minerva Interactive
15346,K148
15347,Team Neetbytes
15348,Moonlight Studio
15349,炀艺科技
15350,Wilderness Journal Games
15351,Bakemono Studio
15352,Shadebob Games
15353,Lugumivi
15354,Terafall: Survival
15355,Appsolutely Studios
15356,Patchwork Games
15357,Performance Artist
15358,Mario Murkl
15359,Blocktopus
15360,Midnight Factory Games
15361,Tcp Studios
15362,Geoff Nagy
15363,The 25Th Studio
15364,Altope Interactive
15365,Rkd.Zone
15366,Deanthedev
15367,Jonathon Baroi
15368,Reew Games
15369,"Azure Mountain, Kurki.Games"
15370,Tristan
15371,Hlf Studio
15372,Dreamveloper Studio
15373,Nathan Lin
15374,"Lee Jacobson, Zoom Platform Media"
15375,Rokit Control
15376,Solkitte
15377,Daggasoft
15378,G8Bird
15379,Kwaussie Studios
15380,Landonia Rpg
15381,无意义工作室
15382,Dk Liao
15383,Flame-Dragons
15384,Zekgame
15385,Kaka Ku Games Inc.
15386,Kamilsky Games
15387,Gianty Inc.
15388,Dongxujuan
15389,Some Sugar Studio
15390,Newatlantisgamestudio
15391,李小鹏的发行商
15392,Mellow Day Games
15393,Ferullo Gaming
15394,Hidden Tower Studios
15395,Playalley
15396,Magic Dragon Games
15397,Codingquests
15398,Soft Paw Studio
15399,Battle Fire Studio
15400,Rollingbreadgames
15401,小W的游戏开发互助组
15402,Impeyron Games
15403,33 Games
15404,For Fun Games
15405,Zachary Hodges
15406,Pentabit
15407,Lucas Fernandez
15408,Aggroblakh
15409,Roberto Serrano López
15410,Nyxtales
15411,Erec Schneizel
15412,Exploding Cable Productions
15413,Pixelplant
15414,Obligenet
15415,Stunbyte
15416,Xi Zhang
15417,Escapeware
15418,Mindfog Games
15419,Malte Glade
15420,"Devster, Llc"
15421,Rimlight Studios
15422,Lost Dutchman Games
15423,Vexxusarts
15424,Jazzcharles Games
15425,Emir Kandemir
15426,Shmurdik Games
15427,Explosion Group
15428,Unnatural Freaks
15429,Hammerheart
15430,Skulfio
